{"type":"FeatureCollection","name":"Tokyo mainland ADM2 boundary","features":[{"type":"Feature","properties":{"shapeName":"Suginami","shapeISO":"","shapeID":"22064153B27378883096087","shapeGroup":"JPN","shapeType":"ADM2"},"geometry":{"type":"Polygon","coordinates":[[[139.624542,35.730146],[139.621777,35.730449],[139.615991,35.729831],[139.615391,35.730285],[139.609549,35.728708],[139.601945,35.726008],[139.599794,35.723914],[139.59565,35.721545],[139.593843,35.718292],[139.58945,35.720281],[139.586809,35.719759],[139.585091,35.718018],[139.585084,35.716102],[139.586442,35.714086],[139.586648,35.711912],[139.59145,35.708773],[139.59547,35.705435],[139.594056,35.703312],[139.590252,35.694819],[139.588284,35.695617],[139.586713,35.693963],[139.591891,35.690881],[139.594052,35.688997],[139.590561,35.687001],[139.593609,35.684128],[139.594176,35.682141],[139.597941,35.681817],[139.603261,35.680649],[139.608781,35.67592],[139.608776,35.671502],[139.610986,35.670087],[139.616184,35.669901],[139.616556,35.67264],[139.612097,35.674629],[139.612568,35.676169],[139.621779,35.672543],[139.625029,35.670133],[139.625044,35.669134],[139.632592,35.668085],[139.639109,35.665844],[139.641276,35.667195],[139.647728,35.668431],[139.650327,35.669902],[139.655114,35.670552],[139.661753,35.672523],[139.661592,35.674751],[139.664118,35.676348],[139.664996,35.679015],[139.662577,35.679434],[139.659268,35.681903],[139.660542,35.684287],[139.660932,35.686774],[139.667543,35.691751],[139.667213,35.693304],[139.664371,35.695488],[139.661164,35.695196],[139.660693,35.696202],[139.662534,35.699241],[139.661082,35.701427],[139.660906,35.704678],[139.658196,35.705038],[139.658218,35.709221],[139.651564,35.708989],[139.642838,35.711503],[139.641659,35.712812],[139.641785,35.714757],[139.636964,35.716497],[139.632186,35.716947],[139.63187,35.719719],[139.628992,35.72101],[139.624329,35.729412],[139.624542,35.730146]]]}},{"type":"Feature","properties":{"shapeName":"Nakano","shapeISO":"","shapeID":"22064153B6874249672824","shapeGroup":"JPN","shapeType":"ADM2"},"geometry":{"type":"Polygon","coordinates":[[[139.664118,35.676348],[139.665388,35.676984],[139.667962,35.680019],[139.671299,35.681493],[139.675057,35.684511],[139.675829,35.685861],[139.680332,35.689797],[139.6837482,35.69209559999997],[139.6855145,35.69418790000003],[139.68842080000007,35.69945430000001],[139.68745090000007,35.701824099999975],[139.6883135,35.7069284],[139.6942877,35.71102610000002],[139.68797130000002,35.71113469999998],[139.68279880000006,35.71001219999999],[139.68055489999995,35.7114358],[139.680959,35.713247399999965],[139.6790663,35.71508650000002],[139.6795,35.716440100000014],[139.6772393,35.71933949999998],[139.67378339999996,35.7192684],[139.67577519999992,35.725861],[139.6775273,35.7295566],[139.6779911,35.730619499999975],[139.674676,35.733059],[139.671452,35.733541],[139.670389,35.732331],[139.664697,35.730971],[139.662247,35.726924],[139.656449,35.726364],[139.651778,35.726327],[139.647432,35.726745],[139.647394,35.725489],[139.64357,35.725308],[139.639931,35.72631],[139.638268,35.728027],[139.636427,35.732278],[139.63507,35.732304],[139.63354,35.735284],[139.628332,35.735289],[139.624542,35.730146],[139.624329,35.729412],[139.628992,35.72101],[139.63187,35.719719],[139.632186,35.716947],[139.636964,35.716497],[139.641785,35.714757],[139.641659,35.712812],[139.642838,35.711503],[139.651564,35.708989],[139.658218,35.709221],[139.658196,35.705038],[139.660906,35.704678],[139.661082,35.701427],[139.662534,35.699241],[139.660693,35.696202],[139.661164,35.695196],[139.664371,35.695488],[139.667213,35.693304],[139.667543,35.691751],[139.660932,35.686774],[139.660542,35.684287],[139.659268,35.681903],[139.662577,35.679434],[139.664996,35.679015],[139.664118,35.676348]]]}},{"type":"Feature","properties":{"shapeName":"Shinjuku","shapeISO":"","shapeID":"22064153B68061345904698","shapeGroup":"JPN","shapeType":"ADM2"},"geometry":{"type":"Polygon","coordinates":[[[139.6837482,35.69209559999997],[139.68487620000002,35.69143469999999],[139.68317769999996,35.68861140000001],[139.68582919999997,35.6835174],[139.6874409,35.6817221],[139.69460730000003,35.686642500000026],[139.69972730000003,35.68877360000001],[139.7028226,35.687871],[139.7050715,35.6880511],[139.70680529999998,35.68618229999996],[139.70700569999997,35.68464139999998],[139.7112711,35.683338500000026],[139.71449980000003,35.68074749999999],[139.7127222,35.67636310000001],[139.716199,35.6732877],[139.7180973,35.67399939999998],[139.72007669999996,35.6764794],[139.7189369,35.678881299999986],[139.7239079,35.67895080000001],[139.726286,35.6796062],[139.72817710000004,35.6826516],[139.73176549999997,35.6814442],[139.73013469999998,35.68501709999996],[139.73130950000004,35.688759900000015],[139.7323985,35.69000589999999],[139.73742790000003,35.69308339999997],[139.74514150000002,35.70252859999998],[139.74335179999994,35.70772160000001],[139.74276249999994,35.70816890000001],[139.7355472,35.7092327],[139.73300709999995,35.70748389999998],[139.73162549999998,35.7091462],[139.72617850000003,35.7092695],[139.72354019999997,35.710203],[139.7220992,35.71261939999998],[139.71986469999996,35.712304300000014],[139.71535339999997,35.71380220000001],[139.71381829999996,35.7134656],[139.7114835,35.714791199999986],[139.70640730000002,35.71353019999998],[139.7041741,35.7147231],[139.705624,35.7167083],[139.70578469999995,35.71866919999997],[139.704539,35.72013869999997],[139.70582369999994,35.721493],[139.7047074,35.7227946],[139.69989439999998,35.72351190000001],[139.6985172,35.7223129],[139.6960629,35.722233],[139.68944620000002,35.722857699999985],[139.6843975,35.7226969],[139.68225289999998,35.723900599999986],[139.6813632,35.7272568],[139.6775273,35.7295566],[139.67577519999992,35.725861],[139.67378339999996,35.7192684],[139.6772393,35.71933949999998],[139.6795,35.716440100000014],[139.6790663,35.71508650000002],[139.680959,35.713247399999965],[139.68055489999995,35.7114358],[139.68279880000006,35.71001219999999],[139.68797130000002,35.71113469999998],[139.6942877,35.71102610000002],[139.6883135,35.7069284],[139.68745090000007,35.701824099999975],[139.68842080000007,35.69945430000001],[139.6855145,35.69418790000003],[139.6837482,35.69209559999997]]]}},{"type":"Feature","properties":{"shapeName":"Bunkyo","shapeISO":"","shapeID":"22064153B65236790677801","shapeGroup":"JPN","shapeType":"ADM2"},"geometry":{"type":"Polygon","coordinates":[[[139.74514150000002,35.70252859999998],[139.74911109999994,35.7029264],[139.75744230000004,35.701602],[139.76216880000004,35.70131370000002],[139.76345730000003,35.700263],[139.76643320000002,35.699530500000016],[139.7686685,35.70051139999997],[139.7661836,35.7018184],[139.76976309999998,35.7036865],[139.76985419999994,35.70522360000001],[139.7699977,35.707409],[139.771468,35.709130500000015],[139.76805990000003,35.710268200000016],[139.767722,35.7127822],[139.7656341,35.7135451],[139.7659663,35.71649230000003],[139.76800950000003,35.717169799999986],[139.76360529999997,35.72149970000001],[139.76484620000002,35.727597],[139.76226739999998,35.731601199999986],[139.76135250000002,35.73239179999999],[139.759933,35.731578],[139.75261730000003,35.7352521],[139.750305,35.734374300000034],[139.74925749999997,35.7328575],[139.74688519999998,35.73517409999997],[139.744558,35.735755],[139.742443,35.733787],[139.743407,35.732835],[139.740853,35.73036],[139.738867,35.731622],[139.735964,35.729354],[139.737386,35.726897],[139.731963,35.724104],[139.726483,35.727052],[139.722746,35.725149],[139.724721,35.720009],[139.7221182,35.718680599999985],[139.71825659999996,35.7179505],[139.71728589999998,35.7146055],[139.7220992,35.71261939999998],[139.72354019999997,35.710203],[139.72617850000003,35.7092695],[139.73162549999998,35.7091462],[139.73300709999995,35.70748389999998],[139.7355472,35.7092327],[139.74276249999994,35.70816890000001],[139.74335179999994,35.70772160000001],[139.74514150000002,35.70252859999998]]]}},{"type":"Feature","properties":{"shapeName":"Taito","shapeISO":"","shapeID":"22064153B51627476063203","shapeGroup":"JPN","shapeType":"ADM2"},"geometry":{"type":"Polygon","coordinates":[[[139.76985419999994,35.70522360000001],[139.7732591,35.70499659999997],[139.77333090000002,35.7017187],[139.77551319999998,35.7006005],[139.78055759999998,35.700145600000035],[139.78016289999997,35.69784119999998],[139.7827326,35.6966151],[139.78889650000002,35.694802899999985],[139.7937273,35.7013475],[139.79658959999998,35.7071244],[139.80071260000003,35.7119227],[139.807328,35.7181298],[139.80936369999998,35.7240035],[139.8098024,35.7280163],[139.8014185,35.7291532],[139.79517469999996,35.72892130000004],[139.7942975,35.7303354],[139.791541,35.7313289],[139.7896058,35.7286354],[139.7878707,35.727801],[139.78377760000004,35.72760579999998],[139.78054380000003,35.7247767],[139.77690059999998,35.72509680000003],[139.7741165,35.72658830000002],[139.77322829999997,35.72576],[139.7699678,35.728150899999974],[139.76721229999998,35.727313100000046],[139.76560249999997,35.7294869],[139.76226739999998,35.731601199999986],[139.76484620000002,35.727597],[139.76360529999997,35.72149970000001],[139.76800950000003,35.717169799999986],[139.7659663,35.71649230000003],[139.7656341,35.7135451],[139.767722,35.7127822],[139.76805990000003,35.710268200000016],[139.771468,35.709130500000015],[139.7699977,35.707409],[139.76985419999994,35.70522360000001]]]}},{"type":"Feature","properties":{"shapeName":"Sumida","shapeISO":"","shapeID":"22064153B9474359651692","shapeGroup":"JPN","shapeType":"ADM2"},"geometry":{"type":"Polygon","coordinates":[[[139.78889650000002,35.694802899999985],[139.789047,35.6914124],[139.790471,35.68921260000001],[139.79345579999995,35.6907117],[139.79639950000004,35.68991609999997],[139.79700419999998,35.688688900000024],[139.79956669999999,35.68991910000002],[139.80057890000003,35.68813560000001],[139.8047189,35.6883481],[139.80485819999998,35.68669029999998],[139.80955819999997,35.68694420000001],[139.80941510000002,35.68858750000002],[139.8117426,35.6887788],[139.8113802,35.69206419999998],[139.8132568,35.6929726],[139.81964610000003,35.69332620000002],[139.81864010000004,35.70809210000002],[139.8295555,35.70377860000002],[139.8309954,35.702955199999984],[139.83545250000003,35.70318179999998],[139.834872,35.70589570000001],[139.83977569999993,35.709896],[139.83939480000004,35.710904699999986],[139.8362849,35.7120034],[139.833661,35.7139631],[139.83318630000005,35.715809599999986],[139.83476969999998,35.7176606],[139.836572,35.7180784],[139.83963880000005,35.71692459999997],[139.842841,35.7190151],[139.82537150000002,35.73545069999999],[139.8203015,35.743505],[139.81789750000002,35.7425686],[139.8144644,35.739453600000026],[139.81448070000002,35.7365202],[139.81167209999998,35.7333908],[139.81005239999996,35.7302823],[139.8098024,35.7280163],[139.80936369999998,35.7240035],[139.807328,35.7181298],[139.80071260000003,35.7119227],[139.79658959999998,35.7071244],[139.7937273,35.7013475],[139.78889650000002,35.694802899999985]]]}},{"type":"Feature","properties":{"shapeName":"Chuo","shapeISO":"","shapeID":"22064153B17150931610065","shapeGroup":"JPN","shapeType":"ADM2"},"geometry":{"type":"Polygon","coordinates":[[[139.7827326,35.6966151],[139.78276820000002,35.69463589999997],[139.78031110000003,35.6928413],[139.76793669999995,35.6885931],[139.7703882,35.68624579999998],[139.77116030000002,35.68433660000003],[139.7661032,35.676006],[139.76363409999996,35.673232200000044],[139.76043059999998,35.67207720000002],[139.758555,35.66862960000002],[139.76220369999993,35.666975],[139.76323490000001,35.66522],[139.76291039999998,35.6635646],[139.7595206,35.658997099999986],[139.76596780000003,35.655475199999984],[139.76463239999998,35.65155089999998],[139.76764340000003,35.65107119999998],[139.7744703,35.6442123],[139.7895862,35.65404009999997],[139.78847380000002,35.66628810000002],[139.787973,35.66921360000003],[139.7865749,35.672863599999985],[139.7877977,35.67692370000001],[139.78937079999997,35.679499700000015],[139.79267910000002,35.6835414],[139.79315329999997,35.68502590000002],[139.79199760000003,35.6877896],[139.790471,35.68921260000001],[139.789047,35.6914124],[139.78889650000002,35.694802899999985],[139.7827326,35.6966151]]]}},{"type":"Feature","properties":{"shapeName":"Meguro","shapeISO":"","shapeID":"22064153B10136144710667","shapeGroup":"JPN","shapeType":"ADM2"},"geometry":{"type":"Polygon","coordinates":[[[139.7177594,35.64158049999997],[139.715233,35.642623],[139.708621,35.642007],[139.698693,35.648855],[139.692888,35.653958],[139.687328,35.661571],[139.685268,35.662594],[139.679656,35.663815],[139.675,35.663879],[139.676232,35.661486],[139.679494,35.657329],[139.683155,35.653725],[139.684584,35.65135],[139.683906,35.649204],[139.684712,35.645778],[139.684299,35.643766],[139.686078,35.640538],[139.686091,35.638045],[139.684237,35.634251],[139.682034,35.631131],[139.679831,35.626216],[139.677967,35.625347],[139.676397,35.627247],[139.671991,35.629708],[139.663842,35.631942],[139.662253,35.630228],[139.661806,35.627484],[139.663489,35.626702],[139.663819,35.624319],[139.665618,35.62176],[139.666493,35.618525],[139.663218,35.615662],[139.663406,35.608527],[139.667491,35.606586],[139.673246,35.608148],[139.677255,35.607939],[139.679295,35.60558],[139.680349,35.600605899999984],[139.680809,35.6028224],[139.6826131,35.6056571],[139.68474809999998,35.60530820000002],[139.6843726,35.61309090000002],[139.68622760000005,35.6116679],[139.69141650000003,35.6110877],[139.69519419999995,35.608107199999985],[139.6963806,35.614361899999984],[139.69832570000003,35.615232699999986],[139.69960179999995,35.61720319999998],[139.70397889999995,35.622027],[139.70106809999996,35.623585],[139.6962216,35.6249531],[139.700534,35.62611],[139.70246550000002,35.62485879999998],[139.7073411,35.62554730000002],[139.71451739999995,35.629194],[139.71457439999998,35.63411329999999],[139.71340750000005,35.63552830000003],[139.7133311,35.6375215],[139.71558959999996,35.640640799999986],[139.7177594,35.64158049999997]]]}},{"type":"Feature","properties":{"shapeName":"Ota","shapeISO":"","shapeID":"22064153B39270708607806","shapeGroup":"JPN","shapeType":"ADM2"},"geometry":{"type":"MultiPolygon","coordinates":[[[[139.7717374,35.5750832],[139.765204,35.574879],[139.763764,35.574445],[139.75766,35.574448],[139.757191,35.571436],[139.758465,35.568435],[139.7656125,35.5648861],[139.77383939999999,35.57455639999996],[139.7717374,35.5750832]]],[[[139.680349,35.600605899999984],[139.68081550000002,35.5948469],[139.6760341,35.5917606],[139.67422890000003,35.5943107],[139.66990929999997,35.5992306],[139.66909389999998,35.59858579999999],[139.66415589999997,35.59977519999998],[139.66268369999995,35.59858770000003],[139.65931290000003,35.60000020000002],[139.6575084,35.59905330000003],[139.65532690000003,35.5965605],[139.65282620000002,35.59597410000002],[139.65698810000004,35.593188],[139.655494,35.589977],[139.657002,35.589683],[139.663327,35.589866],[139.667288,35.587182],[139.669306,35.584719],[139.671256,35.578521],[139.676404,35.566038],[139.678787,35.562987],[139.681548,35.561194],[139.686089,35.559372],[139.689615,35.557287],[139.692064,35.556648],[139.697781,35.556129],[139.703073,35.553322],[139.704176,35.551826],[139.703531,35.549411],[139.698443,35.545401],[139.69794,35.541451],[139.69993,35.538362],[139.702224,35.537027],[139.70574,35.536246],[139.710749,35.536543],[139.7173,35.538004],[139.722369,35.541507],[139.726109,35.54347],[139.730738,35.542765],[139.732734,35.541203],[139.734946,35.541219],[139.737665,35.544391],[139.739404,35.545124],[139.746774,35.543828],[139.750081,35.544584],[139.756484,35.544553],[139.768076,35.539339],[139.79577068409634,35.52335543325281],[139.79488789999996,35.532039199999986],[139.8007094,35.53488950000001],[139.80422790000003,35.53004829999997],[139.80046990000002,35.5264182],[139.80169589999997,35.52469239999998],[139.79976140000005,35.52295729999999],[139.802471,35.520916],[139.81072930000002,35.52821929999998],[139.8110282,35.52805210000002],[139.82626970000004,35.541583],[139.8230371,35.543948],[139.81961129999996,35.54249360000002],[139.811818,35.53539830000002],[139.8068372,35.5311542],[139.80324930000003,35.536075],[139.809292,35.538669],[139.8039572,35.54602850000002],[139.80218849999997,35.5474899],[139.799529,35.550859],[139.785839,35.570276],[139.783969,35.570689],[139.779918,35.569938],[139.77101940000003,35.568986199999976],[139.76369580000002,35.56051020000001],[139.76101860000003,35.56316159999998],[139.7585902,35.56435719999998],[139.7556474,35.56273649999997],[139.7534156,35.5622471],[139.751406,35.56517],[139.742831,35.572276],[139.74292159999996,35.575748699999984],[139.745996,35.575061],[139.749873,35.576169],[139.7541163,35.57833339999995],[139.7558995,35.577070099999965],[139.76248849999996,35.57714179999998],[139.76751920000004,35.58146280000002],[139.76934470000003,35.5800819],[139.76667410000002,35.577135900000016],[139.7829993,35.5770951],[139.78491850000003,35.57739379999998],[139.78748820000004,35.58007379999999],[139.7818282,35.5844255],[139.77853760000002,35.5864689],[139.7763444,35.5858199],[139.7724111,35.58235370000001],[139.77042810000003,35.58113010000001],[139.7690329,35.5830438],[139.77679139999998,35.5902764],[139.77297069999997,35.5953956],[139.76710449999996,35.59252160000002],[139.76533590000003,35.5948862],[139.7623211,35.59494439999999],[139.7627623,35.5846614],[139.75542240000001,35.5844906],[139.75525589999998,35.589717100000016],[139.75056739999997,35.5898742],[139.74796559999996,35.59059440000003],[139.73826409999995,35.58772920000001],[139.7357669,35.58724270000002],[139.72991649999997,35.58726839999998],[139.729168,35.5927177],[139.72807550000002,35.594539],[139.7209829,35.59442590000002],[139.71925549999997,35.592609499999966],[139.71728090000002,35.595852300000026],[139.71504449999998,35.59711940000002],[139.7119466,35.60081180000002],[139.70089019999998,35.601607],[139.6973285,35.60463039999996],[139.69519419999995,35.608107199999985],[139.69141650000003,35.6110877],[139.68622760000005,35.6116679],[139.6843726,35.61309090000002],[139.68474809999998,35.60530820000002],[139.6826131,35.6056571],[139.680809,35.6028224],[139.680349,35.600605899999984]]]]}},{"type":"Feature","properties":{"shapeName":"Setagaya","shapeISO":"","shapeID":"22064153B95018112275614","shapeGroup":"JPN","shapeType":"ADM2"},"geometry":{"type":"Polygon","coordinates":[[[139.594176,35.682141],[139.587729,35.681749],[139.587086,35.680555],[139.588335,35.67893],[139.586779,35.677808],[139.586634,35.673979],[139.582671,35.673775],[139.584536,35.672163],[139.588498,35.670514],[139.588886,35.66941],[139.589957,35.666633],[139.587706,35.664366],[139.589749,35.660931],[139.589885,35.65725],[139.592331,35.655432],[139.593081,35.651524],[139.591958,35.651359],[139.592059,35.64591],[139.589563,35.645141],[139.587635,35.646167],[139.586583,35.642647],[139.584502,35.640936],[139.585594,35.638156],[139.587788,35.634972],[139.591404,35.633062],[139.591268,35.631054],[139.593546,35.626555],[139.592021,35.623627],[139.589937,35.624461],[139.589338,35.621266],[139.590233,35.618431],[139.593098,35.61757],[139.59662,35.618499],[139.600065,35.618398],[139.605873,35.615451],[139.609668,35.616411],[139.612189,35.615853],[139.615579,35.613327],[139.617938,35.613877],[139.62397,35.610948],[139.624869,35.609764],[139.631164,35.607238],[139.631796,35.605791],[139.634872,35.603627],[139.637288,35.602824],[139.639885,35.60013],[139.64892,35.594875],[139.65043,35.592584],[139.655494,35.589977],[139.65698810000004,35.593188],[139.65282620000002,35.59597410000002],[139.65532690000003,35.5965605],[139.6575084,35.59905330000003],[139.65931290000003,35.60000020000002],[139.66268369999995,35.59858770000003],[139.66415589999997,35.59977519999998],[139.66909389999998,35.59858579999999],[139.66990929999997,35.5992306],[139.67422890000003,35.5943107],[139.6760341,35.5917606],[139.68081550000002,35.5948469],[139.680349,35.600605899999984],[139.679295,35.60558],[139.677255,35.607939],[139.673246,35.608148],[139.667491,35.606586],[139.663406,35.608527],[139.663218,35.615662],[139.666493,35.618525],[139.665618,35.62176],[139.663819,35.624319],[139.663489,35.626702],[139.661806,35.627484],[139.662253,35.630228],[139.663842,35.631942],[139.671991,35.629708],[139.676397,35.627247],[139.677967,35.625347],[139.679831,35.626216],[139.682034,35.631131],[139.684237,35.634251],[139.686091,35.638045],[139.686078,35.640538],[139.684299,35.643766],[139.684712,35.645778],[139.683906,35.649204],[139.684584,35.65135],[139.683155,35.653725],[139.679494,35.657329],[139.676232,35.661486],[139.675,35.663879],[139.672823,35.6674],[139.672701,35.672296],[139.662056,35.671443],[139.661753,35.672523],[139.655114,35.670552],[139.650327,35.669902],[139.647728,35.668431],[139.641276,35.667195],[139.639109,35.665844],[139.632592,35.668085],[139.625044,35.669134],[139.625029,35.670133],[139.621779,35.672543],[139.612568,35.676169],[139.612097,35.674629],[139.616556,35.67264],[139.616184,35.669901],[139.610986,35.670087],[139.608776,35.671502],[139.608781,35.67592],[139.603261,35.680649],[139.597941,35.681817],[139.594176,35.682141]]]}},{"type":"Feature","properties":{"shapeName":"Komae","shapeISO":"","shapeID":"22064153B47306424439203","shapeGroup":"JPN","shapeType":"ADM2"},"geometry":{"type":"Polygon","coordinates":[[[139.587635,35.646167],[139.585576,35.645511],[139.583838,35.648497],[139.580626,35.647306],[139.574317,35.650744],[139.571927,35.649441],[139.569467,35.649031],[139.568775,35.647477],[139.566735,35.647592],[139.563365,35.641371],[139.563203,35.63739],[139.561968,35.632591],[139.562857,35.631313],[139.566173,35.629451],[139.565627,35.627202],[139.567705,35.626938],[139.571115,35.624411],[139.577343,35.621821],[139.580041,35.62202],[139.586384,35.620455],[139.590233,35.618431],[139.589338,35.621266],[139.589937,35.624461],[139.592021,35.623627],[139.593546,35.626555],[139.591268,35.631054],[139.591404,35.633062],[139.587788,35.634972],[139.585594,35.638156],[139.584502,35.640936],[139.586583,35.642647],[139.587635,35.646167]]]}},{"type":"Feature","properties":{"shapeName":"Shibuya","shapeISO":"","shapeID":"22064153B21585833160132","shapeGroup":"JPN","shapeType":"ADM2"},"geometry":{"type":"Polygon","coordinates":[[[139.661753,35.672523],[139.662056,35.671443],[139.672701,35.672296],[139.672823,35.6674],[139.675,35.663879],[139.679656,35.663815],[139.685268,35.662594],[139.687328,35.661571],[139.692888,35.653958],[139.698693,35.648855],[139.708621,35.642007],[139.715233,35.642623],[139.7177594,35.64158049999997],[139.71925289999993,35.641492400000025],[139.722737,35.64464489999995],[139.72307039999995,35.64739559999998],[139.7217016,35.6539181],[139.72204120000004,35.655748199999984],[139.71824759999998,35.6570609],[139.7146068,35.6572002],[139.7122463,35.66077510000004],[139.7087504,35.66418380000002],[139.71392549999996,35.669420500000015],[139.71482429999998,35.6729082],[139.716199,35.6732877],[139.7127222,35.67636310000001],[139.71449980000003,35.68074749999999],[139.7112711,35.683338500000026],[139.70700569999997,35.68464139999998],[139.70680529999998,35.68618229999996],[139.7050715,35.6880511],[139.7028226,35.687871],[139.69972730000003,35.68877360000001],[139.69460730000003,35.686642500000026],[139.6874409,35.6817221],[139.68582919999997,35.6835174],[139.68317769999996,35.68861140000001],[139.68487620000002,35.69143469999999],[139.6837482,35.69209559999997],[139.680332,35.689797],[139.675829,35.685861],[139.675057,35.684511],[139.671299,35.681493],[139.667962,35.680019],[139.665388,35.676984],[139.664118,35.676348],[139.661592,35.674751],[139.661753,35.672523]]]}},{"type":"Feature","properties":{"shapeName":"Toshima","shapeISO":"","shapeID":"22064153B29202371584226","shapeGroup":"JPN","shapeType":"ADM2"},"geometry":{"type":"Polygon","coordinates":[[[139.6775273,35.7295566],[139.6813632,35.7272568],[139.68225289999998,35.723900599999986],[139.6843975,35.7226969],[139.68944620000002,35.722857699999985],[139.6960629,35.722233],[139.6985172,35.7223129],[139.69989439999998,35.72351190000001],[139.7047074,35.7227946],[139.70582369999994,35.721493],[139.704539,35.72013869999997],[139.70578469999995,35.71866919999997],[139.705624,35.7167083],[139.7041741,35.7147231],[139.70640730000002,35.71353019999998],[139.7114835,35.714791199999986],[139.71381829999996,35.7134656],[139.71535339999997,35.71380220000001],[139.71986469999996,35.712304300000014],[139.7220992,35.71261939999998],[139.71728589999998,35.7146055],[139.71825659999996,35.7179505],[139.7221182,35.718680599999985],[139.724721,35.720009],[139.722746,35.725149],[139.726483,35.727052],[139.731963,35.724104],[139.737386,35.726897],[139.735964,35.729354],[139.738867,35.731622],[139.740853,35.73036],[139.743407,35.732835],[139.742443,35.733787],[139.744558,35.735755],[139.74688519999998,35.73517409999997],[139.74925749999997,35.7328575],[139.750305,35.734374300000034],[139.75261730000003,35.7352521],[139.74971,35.7365861],[139.7484327,35.738846899999984],[139.74677769999994,35.73988059999997],[139.744081,35.73913390000003],[139.74427,35.74112749999996],[139.7411275,35.74234809999997],[139.7354583,35.74054180000001],[139.7329199,35.742878199999986],[139.73293180000002,35.744637499999975],[139.72790120000002,35.7450635],[139.7275214,35.74376979999999],[139.7245971,35.7406408],[139.72029369999998,35.741805599999985],[139.71977649999994,35.7451255],[139.71056439999995,35.74598119999999],[139.70903769999998,35.74434220000001],[139.7083724,35.742055100000016],[139.7039643,35.7374669],[139.70210740000002,35.73725430000001],[139.7007836,35.7400456],[139.69907189999998,35.739884],[139.6987006,35.7423057],[139.6946583,35.742127],[139.6927197,35.7434753],[139.6895357,35.7412015],[139.68108610000002,35.7387524],[139.67865319999999,35.73414909999999],[139.6791205,35.732593500000014],[139.6779911,35.730619499999975],[139.6775273,35.7295566]]]}},{"type":"Feature","properties":{"shapeName":"Kita","shapeISO":"","shapeID":"22064153B54270882779278","shapeGroup":"JPN","shapeType":"ADM2"},"geometry":{"type":"Polygon","coordinates":[[[139.76135250000002,35.73239179999999],[139.76327529999998,35.73355950000003],[139.76529760000003,35.7360311],[139.77056259999995,35.7378331],[139.76868810000002,35.7392343],[139.76823750000005,35.7413981],[139.76571159999995,35.741602600000014],[139.76409469999996,35.74409529999997],[139.76012980000004,35.74342359999997],[139.75719009999997,35.74521689999998],[139.7579769,35.74746659999996],[139.7553565,35.74748489999999],[139.75525359999997,35.749154],[139.75103930000006,35.7495206],[139.74959759999993,35.75147279999999],[139.75180579999997,35.753765],[139.75726190000003,35.753158499999984],[139.7577484,35.7547809],[139.75129930000006,35.7560558],[139.7487366,35.757417],[139.74882730000004,35.75987389999997],[139.76015890000002,35.7655974],[139.75852180000004,35.769051300000015],[139.75066239999998,35.7673136],[139.7463871,35.767058],[139.7405164,35.7692664],[139.73632240000003,35.7704619],[139.73596449999997,35.77369409999998],[139.7381133,35.77744220000002],[139.73803890000005,35.78017689999999],[139.73908739999996,35.78685849999999],[139.7342165,35.78981309999998],[139.73264469999998,35.7898305],[139.7265674,35.78721009999997],[139.72304830000004,35.7881239],[139.722474,35.790635],[139.71892,35.79198],[139.709221,35.792296],[139.704743,35.793729],[139.69765519999996,35.79841060000003],[139.69466459999995,35.79598760000001],[139.690633,35.790573],[139.689465,35.786797],[139.691275,35.784409],[139.694975,35.782622],[139.699071,35.78227],[139.702148,35.784077],[139.703074,35.782608],[139.702389,35.781076],[139.70636589999998,35.7688148],[139.7066248,35.76675020000001],[139.710277,35.765018],[139.710891,35.763622],[139.713256,35.763083],[139.716292,35.760724],[139.721717,35.753857],[139.722698,35.753228],[139.721406,35.746311],[139.71977649999994,35.7451255],[139.72029369999998,35.741805599999985],[139.7245971,35.7406408],[139.7275214,35.74376979999999],[139.72790120000002,35.7450635],[139.73293180000002,35.744637499999975],[139.7329199,35.742878199999986],[139.7354583,35.74054180000001],[139.7411275,35.74234809999997],[139.74427,35.74112749999996],[139.744081,35.73913390000003],[139.74677769999994,35.73988059999997],[139.7484327,35.738846899999984],[139.74971,35.7365861],[139.75261730000003,35.7352521],[139.759933,35.731578],[139.76135250000002,35.73239179999999]]]}},{"type":"Feature","properties":{"shapeName":"Arakawa","shapeISO":"","shapeID":"22064153B63835909795908","shapeGroup":"JPN","shapeType":"ADM2"},"geometry":{"type":"Polygon","coordinates":[[[139.76226739999998,35.731601199999986],[139.76560249999997,35.7294869],[139.76721229999998,35.727313100000046],[139.7699678,35.728150899999974],[139.77322829999997,35.72576],[139.7741165,35.72658830000002],[139.77690059999998,35.72509680000003],[139.78054380000003,35.7247767],[139.78377760000004,35.72760579999998],[139.7878707,35.727801],[139.7896058,35.7286354],[139.791541,35.7313289],[139.7942975,35.7303354],[139.79517469999996,35.72892130000004],[139.8014185,35.7291532],[139.8098024,35.7280163],[139.81005239999996,35.7302823],[139.81167209999998,35.7333908],[139.81448070000002,35.7365202],[139.8144644,35.739453600000026],[139.81301380000002,35.740857099999985],[139.80906819999996,35.740869899999986],[139.80376769999995,35.7389471],[139.8008684,35.73873360000003],[139.79471880000003,35.73986949999998],[139.7926562,35.74060019999998],[139.7894098,35.7435915],[139.78833720000006,35.7461531],[139.79117869999996,35.74898080000001],[139.79113110000003,35.75052270000001],[139.7895706,35.7523353],[139.78230630000004,35.7540743],[139.76952819999997,35.7535758],[139.7577484,35.7547809],[139.75726190000003,35.753158499999984],[139.75180579999997,35.753765],[139.74959759999993,35.75147279999999],[139.75103930000006,35.7495206],[139.75525359999997,35.749154],[139.7553565,35.74748489999999],[139.7579769,35.74746659999996],[139.75719009999997,35.74521689999998],[139.76012980000004,35.74342359999997],[139.76409469999996,35.74409529999997],[139.76571159999995,35.741602600000014],[139.76823750000005,35.7413981],[139.76868810000002,35.7392343],[139.77056259999995,35.7378331],[139.76529760000003,35.7360311],[139.76327529999998,35.73355950000003],[139.76135250000002,35.73239179999999],[139.76226739999998,35.731601199999986]]]}},{"type":"Feature","properties":{"shapeName":"Itabashi","shapeISO":"","shapeID":"22064153B23017512967810","shapeGroup":"JPN","shapeType":"ADM2"},"geometry":{"type":"Polygon","coordinates":[[[139.71977649999994,35.7451255],[139.721406,35.746311],[139.722698,35.753228],[139.721717,35.753857],[139.716292,35.760724],[139.713256,35.763083],[139.710891,35.763622],[139.710277,35.765018],[139.7066248,35.76675020000001],[139.70636589999998,35.7688148],[139.702389,35.781076],[139.703074,35.782608],[139.702148,35.784077],[139.699071,35.78227],[139.694975,35.782622],[139.691275,35.784409],[139.689465,35.786797],[139.690633,35.790573],[139.69466459999995,35.79598760000001],[139.69519559999995,35.7997492],[139.69242340000002,35.800624],[139.68905559999996,35.80060570000001],[139.67994469999996,35.79892890000005],[139.67436569999992,35.79912030000001],[139.66882959999998,35.8004256],[139.66464539999998,35.80056479999998],[139.65338440000002,35.80017610000003],[139.64803230000004,35.79715719999999],[139.646307,35.79777849999997],[139.64435339999997,35.798865],[139.6409914,35.797653],[139.6398441,35.79385],[139.637094,35.790619],[139.6342873,35.79052190000002],[139.631563,35.788203],[139.631688,35.786336],[139.627871,35.784658],[139.627733,35.783129],[139.624523,35.780811],[139.62471,35.779826],[139.625186,35.777934],[139.629392,35.776881],[139.630205,35.772337],[139.634726,35.769875],[139.634826,35.768797],[139.640515,35.769109],[139.64296,35.770926],[139.64791,35.768616],[139.65112,35.769174],[139.661129,35.768669],[139.667236,35.767291],[139.669011,35.766539],[139.670691,35.762045],[139.673693,35.758405],[139.673191,35.755389],[139.675021,35.751887],[139.67207,35.74522],[139.675875,35.745395],[139.680837,35.743817],[139.679193,35.740185],[139.68108610000002,35.7387524],[139.6895357,35.7412015],[139.6927197,35.7434753],[139.6946583,35.742127],[139.6987006,35.7423057],[139.69907189999998,35.739884],[139.7007836,35.7400456],[139.70210740000002,35.73725430000001],[139.7039643,35.7374669],[139.7083724,35.742055100000016],[139.70903769999998,35.74434220000001],[139.71056439999995,35.74598119999999],[139.71977649999994,35.7451255]]]}},{"type":"Feature","properties":{"shapeName":"Nerima","shapeISO":"","shapeID":"22064153B26660671620175","shapeGroup":"JPN","shapeType":"ADM2"},"geometry":{"type":"Polygon","coordinates":[[[139.624542,35.730146],[139.628332,35.735289],[139.63354,35.735284],[139.63507,35.732304],[139.636427,35.732278],[139.638268,35.728027],[139.639931,35.72631],[139.64357,35.725308],[139.647394,35.725489],[139.647432,35.726745],[139.651778,35.726327],[139.656449,35.726364],[139.662247,35.726924],[139.664697,35.730971],[139.670389,35.732331],[139.671452,35.733541],[139.674676,35.733059],[139.6779911,35.730619499999975],[139.6791205,35.732593500000014],[139.67865319999999,35.73414909999999],[139.68108610000002,35.7387524],[139.679193,35.740185],[139.680837,35.743817],[139.675875,35.745395],[139.67207,35.74522],[139.675021,35.751887],[139.673191,35.755389],[139.673693,35.758405],[139.670691,35.762045],[139.669011,35.766539],[139.667236,35.767291],[139.661129,35.768669],[139.65112,35.769174],[139.64791,35.768616],[139.64296,35.770926],[139.640515,35.769109],[139.634826,35.768797],[139.634726,35.769875],[139.630205,35.772337],[139.629392,35.776881],[139.625186,35.777934],[139.62471,35.779826],[139.624281,35.77413],[139.625598,35.773016],[139.624079,35.771253],[139.622988,35.766872],[139.617725,35.766648],[139.616814,35.768437],[139.617229,35.770348],[139.614852,35.770874],[139.610204,35.770571],[139.608745,35.768837],[139.606353,35.77095],[139.603163,35.77086],[139.598641,35.769096],[139.597386,35.770976],[139.598436,35.772142],[139.60438,35.775017],[139.596935,35.776412],[139.597197,35.778366],[139.59414,35.778704],[139.59341,35.777188],[139.588757,35.778529],[139.586534,35.775182],[139.583981,35.774832],[139.583683,35.772781],[139.582239,35.771207],[139.578161,35.770851],[139.576886,35.768074],[139.574333,35.768191],[139.574587,35.766228],[139.569992,35.765368],[139.571072,35.763343],[139.568234,35.763508],[139.565157,35.761861],[139.562782,35.761595],[139.567767,35.755066],[139.567693,35.753224],[139.569007,35.751922],[139.567792,35.750061],[139.568827,35.747589],[139.566762,35.747431],[139.568161,35.742759],[139.568249,35.73808],[139.567327,35.736361],[139.56942,35.734156],[139.565996,35.727048],[139.565254,35.724268],[139.565636,35.721657],[139.573951,35.719429],[139.576317,35.718228],[139.582028,35.713944],[139.586648,35.711912],[139.586442,35.714086],[139.585084,35.716102],[139.585091,35.718018],[139.586809,35.719759],[139.58945,35.720281],[139.593843,35.718292],[139.59565,35.721545],[139.599794,35.723914],[139.601945,35.726008],[139.609549,35.728708],[139.615391,35.730285],[139.615991,35.729831],[139.621777,35.730449],[139.624542,35.730146]]]}},{"type":"Feature","properties":{"shapeName":"Adachi","shapeISO":"","shapeID":"22064153B34439901226362","shapeGroup":"JPN","shapeType":"ADM2"},"geometry":{"type":"Polygon","coordinates":[[[139.8203015,35.743505],[139.81748380000002,35.7485213],[139.81301770000002,35.7539054],[139.81348530000002,35.75945579999998],[139.81690050000003,35.760487],[139.8198315,35.760502200000026],[139.8202757,35.75594279999998],[139.82341190000002,35.75581939999997],[139.82415989999998,35.76185890000002],[139.82601920000002,35.7617421],[139.8255657,35.7580039],[139.82777740000003,35.757382700000015],[139.83093050000002,35.758832300000016],[139.83069730000003,35.76196940000002],[139.832355,35.7638962],[139.835496,35.763047799999974],[139.83757119999999,35.763290799999965],[139.83777980000008,35.7658315],[139.8418513,35.76633120000001],[139.84537350000002,35.7693214],[139.85136,35.769637],[139.8522297,35.7656251],[139.856307,35.764169600000024],[139.85819670000006,35.76609469999998],[139.85862860000006,35.7690252],[139.8578007,35.7706315],[139.85204130000005,35.777280499999975],[139.8495695999999,35.7797627],[139.84713390000002,35.78352],[139.84526209999996,35.7877833],[139.84441269999996,35.790894],[139.84443790000006,35.7942517],[139.84661019999996,35.7962107],[139.84406009999998,35.79937260000002],[139.83834820000004,35.800821899999974],[139.83670480000004,35.800254299999985],[139.8325576,35.79548620000001],[139.82737620000006,35.793792],[139.822844,35.795465300000025],[139.82100169999998,35.796984],[139.81959289999998,35.79946829999998],[139.82061910000004,35.805211499999984],[139.8226835,35.8087691],[139.8250891,35.8103644],[139.82501230000005,35.8120994],[139.82319,35.814245899999975],[139.82121440000006,35.81493049999997],[139.819476,35.81171840000001],[139.81738140000002,35.8099742],[139.81385729999997,35.80834449999998],[139.81158249999996,35.80813419999998],[139.805218,35.808785],[139.80214310000002,35.80846139999996],[139.80035469999996,35.80676989999997],[139.79456259999995,35.80519380000002],[139.79225050000002,35.80529559999998],[139.78661620000003,35.80658989999997],[139.78147710000005,35.8069466],[139.77940709999996,35.80824029999999],[139.77270009999998,35.815602900000016],[139.77081569999996,35.817193299999985],[139.76759140000004,35.8174778],[139.765907,35.81585970000001],[139.75988339999998,35.8121134],[139.757085,35.8118417],[139.7550459,35.81046279999996],[139.75204290000002,35.8111629],[139.75084929999997,35.8103744],[139.75073009999997,35.8062552],[139.7537376,35.8043587],[139.76058469999992,35.797523300000016],[139.75997159999997,35.7948424],[139.75523920000003,35.790030899999984],[139.75612790000005,35.7885949],[139.7536616,35.7862973],[139.7496084,35.785908700000014],[139.74674419999997,35.78672810000001],[139.74646940000002,35.784346700000015],[139.74534280000003,35.78311950000003],[139.73803890000005,35.78017689999999],[139.7381133,35.77744220000002],[139.73596449999997,35.77369409999998],[139.73632240000003,35.7704619],[139.7405164,35.7692664],[139.7463871,35.767058],[139.75066239999998,35.7673136],[139.75852180000004,35.769051300000015],[139.76015890000002,35.7655974],[139.74882730000004,35.75987389999997],[139.7487366,35.757417],[139.75129930000006,35.7560558],[139.7577484,35.7547809],[139.76952819999997,35.7535758],[139.78230630000004,35.7540743],[139.7895706,35.7523353],[139.79113110000003,35.75052270000001],[139.79117869999996,35.74898080000001],[139.78833720000006,35.7461531],[139.7894098,35.7435915],[139.7926562,35.74060019999998],[139.79471880000003,35.73986949999998],[139.8008684,35.73873360000003],[139.80376769999995,35.7389471],[139.80906819999996,35.740869899999986],[139.81301380000002,35.740857099999985],[139.8144644,35.739453600000026],[139.81789750000002,35.7425686],[139.8203015,35.743505]]]}},{"type":"Feature","properties":{"shapeName":"Minato","shapeISO":"","shapeID":"22064153B53244281721356","shapeGroup":"JPN","shapeType":"ADM2"},"geometry":{"type":"MultiPolygon","coordinates":[[[[139.78198459999996,35.62999210000003],[139.77700989999997,35.63609939999998],[139.7746367,35.6347531],[139.77696210000002,35.63228139999998],[139.7739958,35.62934250000003],[139.768718,35.62645],[139.7711371,35.62348420000002],[139.77500179999998,35.626176300000026],[139.78198459999996,35.62999210000003]]],[[[139.716199,35.6732877],[139.71482429999998,35.6729082],[139.71392549999996,35.669420500000015],[139.7087504,35.66418380000002],[139.7122463,35.66077510000004],[139.7146068,35.6572002],[139.71824759999998,35.6570609],[139.72204120000004,35.655748199999984],[139.7217016,35.6539181],[139.72307039999995,35.64739559999998],[139.722737,35.64464489999995],[139.71925289999993,35.641492400000025],[139.71703960000002,35.639675],[139.71798330000001,35.63523679999999],[139.7204992,35.634621],[139.72207259999996,35.6358192],[139.72621589999997,35.6348916],[139.72674290000003,35.63203960000001],[139.729348,35.631500299999985],[139.73108569999994,35.629971099999985],[139.7318526,35.625982],[139.733793,35.625975],[139.7353049,35.62302949999997],[139.7434743,35.6251149],[139.74428489999997,35.62338619999998],[139.74644050000003,35.6231343],[139.75121959999998,35.625274199999986],[139.7526592,35.624319299999975],[139.7577181,35.62429890000003],[139.7575828,35.62772420000001],[139.7594328,35.62777320000002],[139.75920379999997,35.63359880000002],[139.7552798,35.63361109999998],[139.7526359,35.634422600000015],[139.7548147,35.6388751],[139.7555435,35.6390446],[139.76043960000004,35.63677119999997],[139.76036769999996,35.644984],[139.7590938,35.6449699],[139.76100240000002,35.6518712],[139.76463239999998,35.65155089999998],[139.76596780000003,35.655475199999984],[139.7595206,35.658997099999986],[139.76291039999998,35.6635646],[139.76323490000001,35.66522],[139.76220369999993,35.666975],[139.758555,35.66862960000002],[139.75204560000003,35.67059370000001],[139.74947640000002,35.67093290000002],[139.74762539999995,35.669611],[139.74487769999996,35.6704739],[139.7388623,35.6739841],[139.73656419999992,35.6788094],[139.73322759999996,35.6793149],[139.73176549999997,35.6814442],[139.72817710000004,35.6826516],[139.726286,35.6796062],[139.7239079,35.67895080000001],[139.7189369,35.678881299999986],[139.72007669999996,35.6764794],[139.7180973,35.67399939999998],[139.716199,35.6732877]]]]}},{"type":"Feature","properties":{"shapeName":"Katsushika","shapeISO":"","shapeID":"22064153B26379129013913","shapeGroup":"JPN","shapeType":"ADM2"},"geometry":{"type":"Polygon","coordinates":[[[139.842841,35.7190151],[139.85097890000003,35.7108702],[139.8547192,35.7127069],[139.85544150000004,35.7139534],[139.8608422,35.71445329999997],[139.86358109999998,35.7133367],[139.86832260000006,35.7127955],[139.86839660000007,35.7146166],[139.86624010000003,35.71855609999999],[139.8686954,35.72405340000001],[139.8709248,35.72475090000002],[139.86990419999995,35.7289124],[139.871711,35.72932830000003],[139.8722056,35.73322730000003],[139.87324060000003,35.7354486],[139.87727710000001,35.73867830000004],[139.8767711,35.74103150000001],[139.87973680000002,35.74153619999997],[139.88491119999998,35.745524499999966],[139.881344,35.74868990000002],[139.88336679999998,35.75007059999998],[139.88968640000004,35.75121319999999],[139.883204,35.758624],[139.882662,35.762006],[139.879457,35.767525],[139.880755,35.771666],[139.882843,35.773535],[139.888479,35.775786],[139.893413,35.778316],[139.894538,35.780908],[139.89338469999998,35.78346079999997],[139.88772770000003,35.784166],[139.882308,35.782413400000024],[139.8768849,35.78107969999997],[139.873912,35.7815022],[139.8711595,35.784651],[139.87112160000007,35.7878425],[139.8735666,35.790727300000015],[139.8761572,35.79219060000004],[139.8772395,35.79435420000002],[139.87528269999999,35.79603],[139.87133450000002,35.7971072],[139.86820720000006,35.79632880000002],[139.86364609999998,35.7945073],[139.86007340000003,35.79558869999999],[139.85881220000002,35.7943947],[139.85784840000005,35.792108],[139.85606819999998,35.7908206],[139.852392,35.792342],[139.84661019999996,35.7962107],[139.84443790000006,35.7942517],[139.84441269999996,35.790894],[139.84526209999996,35.7877833],[139.84713390000002,35.78352],[139.8495695999999,35.7797627],[139.85204130000005,35.777280499999975],[139.8578007,35.7706315],[139.85862860000006,35.7690252],[139.85819670000006,35.76609469999998],[139.856307,35.764169600000024],[139.8522297,35.7656251],[139.85136,35.769637],[139.84537350000002,35.7693214],[139.8418513,35.76633120000001],[139.83777980000008,35.7658315],[139.83757119999999,35.763290799999965],[139.835496,35.763047799999974],[139.832355,35.7638962],[139.83069730000003,35.76196940000002],[139.83093050000002,35.758832300000016],[139.82777740000003,35.757382700000015],[139.8255657,35.7580039],[139.82601920000002,35.7617421],[139.82415989999998,35.76185890000002],[139.82341190000002,35.75581939999997],[139.8202757,35.75594279999998],[139.8198315,35.760502200000026],[139.81690050000003,35.760487],[139.81348530000002,35.75945579999998],[139.81301770000002,35.7539054],[139.81748380000002,35.7485213],[139.8203015,35.743505],[139.82537150000002,35.73545069999999],[139.842841,35.7190151]]]}},{"type":"Feature","properties":{"shapeName":"Chiyoda","shapeISO":"","shapeID":"22064153B4211596098450","shapeGroup":"JPN","shapeType":"ADM2"},"geometry":{"type":"Polygon","coordinates":[[[139.73176549999997,35.6814442],[139.73322759999996,35.6793149],[139.73656419999992,35.6788094],[139.7388623,35.6739841],[139.74487769999996,35.6704739],[139.74762539999995,35.669611],[139.74947640000002,35.67093290000002],[139.75204560000003,35.67059370000001],[139.758555,35.66862960000002],[139.76043059999998,35.67207720000002],[139.76363409999996,35.673232200000044],[139.7661032,35.676006],[139.77116030000002,35.68433660000003],[139.7703882,35.68624579999998],[139.76793669999995,35.6885931],[139.78031110000003,35.6928413],[139.78276820000002,35.69463589999997],[139.7827326,35.6966151],[139.78016289999997,35.69784119999998],[139.78055759999998,35.700145600000035],[139.77551319999998,35.7006005],[139.77333090000002,35.7017187],[139.7732591,35.70499659999997],[139.76985419999994,35.70522360000001],[139.76976309999998,35.7036865],[139.7661836,35.7018184],[139.7686685,35.70051139999997],[139.76643320000002,35.699530500000016],[139.76345730000003,35.700263],[139.76216880000004,35.70131370000002],[139.75744230000004,35.701602],[139.74911109999994,35.7029264],[139.74514150000002,35.70252859999998],[139.73742790000003,35.69308339999997],[139.7323985,35.69000589999999],[139.73130950000004,35.688759900000015],[139.73013469999998,35.68501709999996],[139.73176549999997,35.6814442]]]}},{"type":"Feature","properties":{"shapeName":"Edogawa","shapeISO":"","shapeID":"22064153B6350784980137","shapeGroup":"JPN","shapeType":"ADM2"},"geometry":{"type":"Polygon","coordinates":[[[139.83545250000003,35.70318179999998],[139.8419391,35.700452300000016],[139.84590469999995,35.6977167],[139.84780080000002,35.694697],[139.84768140000003,35.6885902],[139.84616909999997,35.68458649999997],[139.84676630000004,35.6829861],[139.8457893,35.680722399999986],[139.84854580000007,35.6796536],[139.84701870000004,35.675049099999974],[139.84627290000003,35.65902530000002],[139.84633740000004,35.65215519999999],[139.84590544511394,35.64648840747705],[139.84966340000003,35.6462709],[139.84942270000002,35.642927],[139.85192909999998,35.64209819999998],[139.8550257,35.6402204],[139.8581591,35.63910139999999],[139.86226709999997,35.63846160000002],[139.87079829999996,35.63885710000001],[139.87239647799584,35.63731819442118],[139.873781,35.639834],[139.882625,35.644378],[139.883491,35.645119],[139.8869,35.653734],[139.887385,35.656166],[139.887106,35.664514],[139.887229,35.668791],[139.886067,35.671137],[139.885619,35.674862],[139.886428,35.678566],[139.887941,35.679994],[139.893554,35.682003],[139.903784,35.683116],[139.905933,35.683672],[139.908642,35.685506],[139.913848,35.69093],[139.918731,35.69771],[139.91878870000002,35.700283600000034],[139.9167693,35.7047561],[139.916207,35.708002],[139.913433,35.710508],[139.908119,35.713862],[139.905694,35.717839],[139.903978,35.71959],[139.89865,35.723451],[139.897204,35.726751],[139.897934,35.731872],[139.900881,35.737458],[139.900962,35.740063],[139.899446,35.744386],[139.896657,35.746706],[139.892874,35.748082],[139.88968640000004,35.75121319999999],[139.88336679999998,35.75007059999998],[139.881344,35.74868990000002],[139.88491119999998,35.745524499999966],[139.87973680000002,35.74153619999997],[139.8767711,35.74103150000001],[139.87727710000001,35.73867830000004],[139.87324060000003,35.7354486],[139.8722056,35.73322730000003],[139.871711,35.72932830000003],[139.86990419999995,35.7289124],[139.8709248,35.72475090000002],[139.8686954,35.72405340000001],[139.86624010000003,35.71855609999999],[139.86839660000007,35.7146166],[139.86832260000006,35.7127955],[139.86358109999998,35.7133367],[139.8608422,35.71445329999997],[139.85544150000004,35.7139534],[139.8547192,35.7127069],[139.85097890000003,35.7108702],[139.842841,35.7190151],[139.83963880000005,35.71692459999997],[139.836572,35.7180784],[139.83476969999998,35.7176606],[139.83318630000005,35.715809599999986],[139.833661,35.7139631],[139.8362849,35.7120034],[139.83939480000004,35.710904699999986],[139.83977569999993,35.709896],[139.834872,35.70589570000001],[139.83545250000003,35.70318179999998]]]}},{"type":"Feature","properties":{"shapeName":"Tachikawa","shapeISO":"","shapeID":"22064153B71281946459031","shapeGroup":"JPN","shapeType":"ADM2"},"geometry":{"type":"Polygon","coordinates":[[[139.414413,35.733028],[139.409475,35.732632],[139.408645,35.733703],[139.402628,35.734224],[139.400274,35.733764],[139.39827,35.734936],[139.395307,35.733503],[139.388065,35.739382],[139.387068,35.741205],[139.384898,35.741515],[139.385083,35.73764],[139.387286,35.737046],[139.391127,35.733659],[139.388524,35.733666],[139.383857,35.735523],[139.383493,35.733034],[139.381159,35.734863],[139.378475,35.733515],[139.377959,35.735093],[139.374046,35.736666],[139.370271,35.737356],[139.369446,35.735888],[139.36546,35.739064],[139.359873,35.739579],[139.359004,35.737331],[139.352912,35.73606],[139.352488,35.732856],[139.353347,35.727959],[139.355352,35.725299],[139.358184,35.725345],[139.361618,35.724326],[139.361863,35.726292],[139.366805,35.725117],[139.369835,35.725778],[139.370045,35.724509],[139.376357,35.725452],[139.377706,35.724212],[139.380089,35.72559],[139.381788,35.723116],[139.379312,35.721722],[139.385499,35.720457],[139.388842,35.717896],[139.387094,35.716672],[139.388985,35.714393],[139.391036,35.715333],[139.394573,35.711634],[139.395697,35.712887],[139.398398,35.711083],[139.395608,35.706681],[139.39451,35.706155],[139.392948,35.699076],[139.390233,35.698791],[139.388527,35.695155],[139.388586,35.69307],[139.385086,35.691282],[139.387691,35.690382],[139.395133,35.689179],[139.405636,35.6856],[139.413147,35.68345],[139.417566,35.682761],[139.421497,35.688582],[139.424701,35.686712],[139.427044,35.688832],[139.428409,35.69112],[139.431213,35.690281],[139.431048,35.693574],[139.429897,35.693933],[139.431644,35.696937],[139.427516,35.698362],[139.425591,35.701883],[139.42727,35.703629],[139.430315,35.703543],[139.435626,35.703729],[139.431706,35.711649],[139.428262,35.717359],[139.433337,35.718403],[139.436549,35.714772],[139.441609,35.715827],[139.444157,35.712855],[139.446119,35.722875],[139.435625,35.724756],[139.43358,35.727084],[139.424446,35.72968],[139.426435,35.73017],[139.425799,35.731044],[139.416222,35.732084],[139.414413,35.733028]]]}},{"type":"Feature","properties":{"shapeName":"Musashino","shapeISO":"","shapeID":"22064153B55990340820977","shapeGroup":"JPN","shapeType":"ADM2"},"geometry":{"type":"Polygon","coordinates":[[[139.586648,35.711912],[139.582028,35.713944],[139.576317,35.718228],[139.573951,35.719429],[139.565636,35.721657],[139.561895,35.721973],[139.557219,35.721728],[139.55458,35.720777],[139.549403,35.716919],[139.540866,35.713152],[139.537358,35.71132],[139.531885,35.712596],[139.529419,35.712792],[139.529997,35.717501],[139.52691,35.718514],[139.526448,35.717283],[139.525214,35.71306],[139.527385,35.712816],[139.527157,35.709909],[139.532539,35.709109],[139.53219,35.702916],[139.533554,35.701082],[139.533931,35.698973],[139.536414,35.698291],[139.536516,35.695331],[139.542187,35.695294],[139.542269,35.696703],[139.549013,35.69505],[139.550692,35.695183],[139.550164,35.706781],[139.56243,35.701933],[139.57066,35.698851],[139.571671,35.698154],[139.57617439999999,35.70158819999998],[139.580415,35.698671],[139.584824,35.697249],[139.586713,35.693963],[139.588284,35.695617],[139.590252,35.694819],[139.594056,35.703312],[139.59547,35.705435],[139.59145,35.708773],[139.586648,35.711912]]]}},{"type":"Feature","properties":{"shapeName":"Mitaka","shapeISO":"","shapeID":"22064153B53114788196581","shapeGroup":"JPN","shapeType":"ADM2"},"geometry":{"type":"Polygon","coordinates":[[[139.586713,35.693963],[139.584824,35.697249],[139.580415,35.698671],[139.57617439999999,35.70158819999998],[139.571671,35.698154],[139.57066,35.698851],[139.56243,35.701933],[139.550164,35.706781],[139.550692,35.695183],[139.549013,35.69505],[139.542269,35.696703],[139.542187,35.695294],[139.536516,35.695331],[139.536414,35.698291],[139.533931,35.698973],[139.534195,35.694881],[139.531366,35.694614],[139.532144,35.689342],[139.528538,35.690672],[139.524466,35.688414],[139.526254,35.686941],[139.526914,35.684216],[139.52884,35.682859],[139.528677,35.681197],[139.525386,35.6809],[139.526592,35.679138],[139.526256,35.677243],[139.530489,35.670952],[139.532433,35.669899],[139.531367,35.667699],[139.534399,35.667539],[139.535586,35.669292],[139.537471,35.667029],[139.537448,35.665474],[139.541596,35.664273],[139.544383,35.666647],[139.541942,35.667964],[139.541393,35.669899],[139.542243,35.677239],[139.542936,35.680461],[139.544706,35.680324],[139.545436,35.682063],[139.552159,35.680841],[139.554582,35.682123],[139.560867,35.682842],[139.562268,35.678006],[139.564451,35.672263],[139.564332,35.669031],[139.566141,35.664254],[139.568853,35.663502],[139.573011,35.664144],[139.574891,35.662254],[139.575499,35.660041],[139.577731,35.661054],[139.578333,35.662474],[139.582138,35.665026],[139.579802,35.665537],[139.578087,35.670232],[139.580451,35.670715],[139.586016,35.670689],[139.588886,35.66941],[139.588498,35.670514],[139.584536,35.672163],[139.582671,35.673775],[139.586634,35.673979],[139.586779,35.677808],[139.588335,35.67893],[139.587086,35.680555],[139.587729,35.681749],[139.594176,35.682141],[139.593609,35.684128],[139.590561,35.687001],[139.594052,35.688997],[139.591891,35.690881],[139.586713,35.693963]]]}},{"type":"Feature","properties":{"shapeName":"Ome","shapeISO":"","shapeID":"22064153B12049663471572","shapeGroup":"JPN","shapeType":"ADM2"},"geometry":{"type":"Polygon","coordinates":[[[139.316102,35.818766],[139.3161555,35.82366769999998],[139.3149181,35.825245],[139.31146890000002,35.825278900000015],[139.3067739,35.82302939999998],[139.3025883,35.82405029999999],[139.3026877,35.8260139],[139.301182,35.8297711],[139.301737,35.831483099999986],[139.30094030000006,35.835021399999974],[139.297143,35.835272],[139.295225,35.833661],[139.292755,35.83654],[139.290576,35.837888],[139.286491,35.836944],[139.284919,35.835861],[139.283013,35.836785],[139.281675,35.839672],[139.27970169999995,35.83924780000001],[139.27188840000002,35.839688299999985],[139.26823690000006,35.838242],[139.2636594,35.8374192],[139.26050080000002,35.8360013],[139.25880110000003,35.83727159999998],[139.252252,35.8382492],[139.2468067,35.83689309999998],[139.24252439999995,35.83678729999998],[139.24095749999998,35.840155],[139.23721,35.840210900000024],[139.23567109999996,35.8383353],[139.23253139999997,35.8366361],[139.23066,35.836741899999986],[139.22774090000001,35.83904579999999],[139.22454359999995,35.8404992],[139.2200895,35.8413611],[139.21932919999998,35.84252110000002],[139.21394,35.845438600000016],[139.21264589999998,35.846611400000015],[139.20746409999995,35.84642],[139.2048975,35.8445667],[139.2047989,35.843028099999984],[139.20313439999998,35.8411992],[139.19930780000004,35.8412431],[139.1958061,35.8400461],[139.19243810000003,35.84027159999997],[139.1868828,35.8428653],[139.18362469999997,35.8435748],[139.17435419999998,35.84831219999999],[139.17099189999996,35.84865],[139.16908980000002,35.8499847],[139.1661633,35.84996769999997],[139.163527,35.850868],[139.162573,35.849551],[139.166415,35.844569],[139.166115,35.842972],[139.171717,35.840025],[139.175333,35.836066],[139.177347,35.83515],[139.176897,35.833058],[139.178427,35.830589],[139.175239,35.826828],[139.177389,35.820549],[139.174206,35.812827],[139.175512,35.806842],[139.173642,35.806794],[139.171662,35.805094],[139.171451,35.803472],[139.167318,35.801725],[139.164812,35.8016],[139.16093,35.799201],[139.158255,35.798287],[139.156302,35.798626],[139.154639,35.797695],[139.149817,35.796379],[139.14692,35.793032],[139.147567,35.789013],[139.146876,35.785063],[139.147806,35.782025],[139.142809,35.78105],[139.140482,35.778995],[139.137157,35.778039],[139.137636,35.772432],[139.139499,35.772198],[139.142818,35.776345],[139.144458,35.776952],[139.146556,35.775304],[139.148239,35.775291],[139.14824,35.777885],[139.149132,35.778836],[139.152337,35.77595],[139.152973,35.774142],[139.154601,35.773236],[139.157491,35.773538],[139.159044,35.77773],[139.161212,35.777064],[139.163041,35.778245],[139.167237,35.781117],[139.172131,35.782209],[139.175616,35.784863],[139.18195,35.787632],[139.186181,35.787784],[139.188786,35.789076],[139.191197,35.788679],[139.195527,35.786833],[139.198242,35.786436],[139.198892,35.784451],[139.202131,35.78248],[139.203569,35.780158],[139.206436,35.778435],[139.210527,35.773178],[139.214381,35.774072],[139.217901,35.772929],[139.220772,35.773997],[139.222581,35.772446],[139.22389,35.772844],[139.233741,35.768618],[139.235271,35.769372],[139.238163,35.768581],[139.238361,35.767],[139.242638,35.766808],[139.244814,35.767402],[139.250765,35.765998],[139.25191,35.764482],[139.254955,35.762931],[139.256862,35.760708],[139.261524,35.759832],[139.264272,35.760552],[139.267188,35.760041],[139.26932,35.76113],[139.274204,35.760892],[139.276109,35.761619],[139.287724,35.760919],[139.290088,35.760073],[139.294333,35.755361],[139.296539,35.754545],[139.297439,35.760081],[139.296545,35.763152],[139.296633,35.766282],[139.295204,35.769799],[139.293091,35.772037],[139.292129,35.775342],[139.29513,35.777462],[139.29736619999997,35.780076900000026],[139.29973449999997,35.78104730000001],[139.3016926,35.779878799999985],[139.30242750000002,35.7780227],[139.30782680000004,35.7771936],[139.308897,35.775761799999984],[139.31137270000002,35.776932500000015],[139.31242940000004,35.775526699999986],[139.318437,35.778411],[139.32107,35.77722],[139.324117,35.781084],[139.320657,35.783363],[139.32085730000006,35.78980319999998],[139.32273680000006,35.7862088],[139.32375650000003,35.78759750000001],[139.326261,35.787031],[139.330067,35.790612],[139.328479,35.791769],[139.330362,35.793617],[139.330357,35.794339],[139.325726,35.795212],[139.322242,35.799608],[139.321468,35.802059],[139.316749,35.812689],[139.315021,35.814269],[139.315026,35.816809],[139.316102,35.818766]]]}},{"type":"Feature","properties":{"shapeName":"Koto","shapeISO":"","shapeID":"22064153B52887999669387","shapeGroup":"JPN","shapeType":"ADM2"},"geometry":{"type":"MultiPolygon","coordinates":[[[[139.826957,35.596969],[139.820337,35.607352],[139.8055776,35.599398],[139.807402,35.597141599999965],[139.805629,35.596224],[139.8038,35.598463],[139.793355,35.5927694],[139.80584720000002,35.58542929999997],[139.81352369999996,35.5896111],[139.819383,35.582221],[139.832152,35.588921],[139.826957,35.596969]]],[[[139.8190281,35.608834700000024],[139.810581,35.613158],[139.798956,35.606846],[139.7941303,35.60113620000001],[139.79026969999998,35.5954508],[139.79159980000003,35.593948599999976],[139.812616,35.605262],[139.8190281,35.608834700000024]]],[[[139.7711371,35.62348420000002],[139.77345319999998,35.62026150000001],[139.773179,35.618505],[139.78673909999998,35.6018351],[139.79263880000002,35.6095715],[139.7809998,35.6238772],[139.78495440000003,35.62635],[139.78198459999996,35.62999210000003],[139.77500179999998,35.626176300000026],[139.7711371,35.62348420000002]]],[[[139.8401121,35.6320678],[139.8258515,35.6307042],[139.8274155,35.61979580000001],[139.83170720000004,35.621237499999985],[139.832929,35.61973829999999],[139.83063350000003,35.618488100000015],[139.8355254,35.6124868],[139.838602,35.61415789999999],[139.8401121,35.6320678]]],[[[139.790471,35.68921260000001],[139.79199760000003,35.6877896],[139.79315329999997,35.68502590000002],[139.79267910000002,35.6835414],[139.78937079999997,35.679499700000015],[139.7877977,35.67692370000001],[139.7865749,35.672863599999985],[139.787973,35.66921360000003],[139.78847380000002,35.66628810000002],[139.7895862,35.65404009999997],[139.7744703,35.6442123],[139.7787551,35.6393922],[139.778851,35.63708509999998],[139.78493769999997,35.62961179999998],[139.7873042,35.6272263],[139.79203140000007,35.629867],[139.798588,35.621805],[139.802207,35.626197],[139.80033960000003,35.6310771],[139.80146509999997,35.632817],[139.80136679999998,35.63635650000001],[139.80699030000002,35.63689090000002],[139.80653819999998,35.640338],[139.8204245,35.64162839999999],[139.82277619999996,35.64294449999996],[139.8344868,35.6440661],[139.8336765,35.6346362],[139.82125,35.633442699999975],[139.82167079999996,35.6319724],[139.8360409,35.63339629999997],[139.8402351,35.63360179999997],[139.8412735,35.64675650000002],[139.84590544511394,35.64648840747705],[139.84633740000004,35.65215519999999],[139.84627290000003,35.65902530000002],[139.84701870000004,35.675049099999974],[139.84854580000007,35.6796536],[139.8457893,35.680722399999986],[139.84676630000004,35.6829861],[139.84616909999997,35.68458649999997],[139.84768140000003,35.6885902],[139.84780080000002,35.694697],[139.84590469999995,35.6977167],[139.8419391,35.700452300000016],[139.83545250000003,35.70318179999998],[139.8309954,35.702955199999984],[139.8295555,35.70377860000002],[139.81864010000004,35.70809210000002],[139.81964610000003,35.69332620000002],[139.8132568,35.6929726],[139.8113802,35.69206419999998],[139.8117426,35.6887788],[139.80941510000002,35.68858750000002],[139.80955819999997,35.68694420000001],[139.80485819999998,35.68669029999998],[139.8047189,35.6883481],[139.80057890000003,35.68813560000001],[139.79956669999999,35.68991910000002],[139.79700419999998,35.688688900000024],[139.79639950000004,35.68991609999997],[139.79345579999995,35.6907117],[139.790471,35.68921260000001]]]]}},{"type":"Feature","properties":{"shapeName":"Shinagawa","shapeISO":"","shapeID":"22064153B77106068491412","shapeGroup":"JPN","shapeType":"ADM2"},"geometry":{"type":"MultiPolygon","coordinates":[[[[139.768718,35.62645],[139.76759340000004,35.625772499999975],[139.76767049999998,35.62206659999998],[139.77063180000002,35.61873649999998],[139.77345319999998,35.62026150000001],[139.7711371,35.62348420000002],[139.768718,35.62645]]],[[[139.69519419999995,35.608107199999985],[139.6973285,35.60463039999996],[139.70089019999998,35.601607],[139.7119466,35.60081180000002],[139.71504449999998,35.59711940000002],[139.71728090000002,35.595852300000026],[139.71925549999997,35.592609499999966],[139.7209829,35.59442590000002],[139.72807550000002,35.594539],[139.729168,35.5927177],[139.72991649999997,35.58726839999998],[139.7357669,35.58724270000002],[139.73826409999995,35.58772920000001],[139.74796559999996,35.59059440000003],[139.75056739999997,35.5898742],[139.75525589999998,35.589717100000016],[139.75542240000001,35.5844906],[139.7627623,35.5846614],[139.7623211,35.59494439999999],[139.76533590000003,35.5948862],[139.76710449999996,35.59252160000002],[139.77297069999997,35.5953956],[139.7732142,35.59566829999998],[139.7634839,35.608702500000014],[139.76195360000003,35.614653],[139.7603001,35.61578390000001],[139.7597661,35.6193502],[139.7594328,35.62777320000002],[139.7575828,35.62772420000001],[139.7577181,35.62429890000003],[139.7526592,35.624319299999975],[139.75121959999998,35.625274199999986],[139.74644050000003,35.6231343],[139.74428489999997,35.62338619999998],[139.7434743,35.6251149],[139.7353049,35.62302949999997],[139.733793,35.625975],[139.7318526,35.625982],[139.73108569999994,35.629971099999985],[139.729348,35.631500299999985],[139.72674290000003,35.63203960000001],[139.72621589999997,35.6348916],[139.72207259999996,35.6358192],[139.7204992,35.634621],[139.71798330000001,35.63523679999999],[139.71703960000002,35.639675],[139.71925289999993,35.641492400000025],[139.7177594,35.64158049999997],[139.71558959999996,35.640640799999986],[139.7133311,35.6375215],[139.71340750000005,35.63552830000003],[139.71457439999998,35.63411329999999],[139.71451739999995,35.629194],[139.7073411,35.62554730000002],[139.70246550000002,35.62485879999998],[139.700534,35.62611],[139.6962216,35.6249531],[139.70106809999996,35.623585],[139.70397889999995,35.622027],[139.69960179999995,35.61720319999998],[139.69832570000003,35.615232699999986],[139.6963806,35.614361899999984],[139.69519419999995,35.608107199999985]]]]}},{"type":"Feature","properties":{"shapeName":"Inagi","shapeISO":"","shapeID":"22064153B51725743038941","shapeGroup":"JPN","shapeType":"ADM2"},"geometry":{"type":"Polygon","coordinates":[[[139.525386,35.642647],[139.52083980000003,35.6461792],[139.516228,35.649624299999964],[139.5113035,35.651272],[139.5083547,35.65116389999997],[139.503237,35.65016139999998],[139.49719510000003,35.651891],[139.49014780000007,35.65195729999998],[139.48908569999995,35.65148649999998],[139.48555589999998,35.65259370000002],[139.47963359999994,35.652027],[139.47378469999998,35.650592],[139.473804,35.649333],[139.4738668,35.6468353],[139.4721019,35.64649089999997],[139.46884040000006,35.64455539999998],[139.46897980000003,35.6402918],[139.4716674,35.63350790000001],[139.467514,35.63092610000002],[139.4656968,35.63067390000001],[139.46400240000003,35.62434369999998],[139.467859,35.620521],[139.474136,35.619668],[139.476234,35.618887],[139.476709,35.615328],[139.479656,35.613264],[139.481266,35.610056],[139.483505,35.608619],[139.486549,35.608434],[139.488266,35.607157],[139.489066,35.604667],[139.494037,35.605784],[139.497572,35.604869],[139.499762,35.605467],[139.500021,35.60728],[139.495778,35.612358],[139.494413,35.615462],[139.494879,35.617391],[139.498031,35.618428],[139.4994,35.620399],[139.503416,35.622861],[139.506075,35.622824],[139.509287,35.624104],[139.510401,35.623349],[139.516148,35.625703],[139.517453,35.630661],[139.523257,35.63217],[139.52118,35.63677],[139.523389,35.63882],[139.525386,35.642647]]]}},{"type":"Feature","properties":{"shapeName":"Machida","shapeISO":"","shapeID":"22064153B75299838191887","shapeGroup":"JPN","shapeType":"ADM2"},"geometry":{"type":"Polygon","coordinates":[[[139.467721,35.502373],[139.471427,35.502059],[139.473812,35.501252],[139.476381,35.501353],[139.48035,35.50297],[139.484862,35.504047],[139.481129,35.505311],[139.476985,35.511214],[139.480349,35.514734],[139.483281,35.519153],[139.4847026,35.5191879],[139.48553640000006,35.5223249],[139.48728590000002,35.52413209999999],[139.486534,35.526576],[139.487796,35.527882],[139.485771,35.531352],[139.486711,35.535606],[139.484838,35.535963],[139.484955,35.538059],[139.481635,35.539946],[139.48033,35.543146],[139.480881,35.545958],[139.482391,35.547416],[139.481988,35.555629],[139.479761,35.559344],[139.477783,35.560585],[139.475221,35.559748],[139.470407,35.560405],[139.468289,35.563296],[139.469018,35.564877],[139.469924,35.569893],[139.471531,35.57086],[139.473249,35.573851],[139.473238,35.576673],[139.476004,35.580731],[139.478108,35.580686],[139.482201,35.58172],[139.484981,35.584609],[139.486835,35.584696],[139.489867,35.583578],[139.488299,35.578419],[139.486128,35.578452],[139.484781,35.575646],[139.483746,35.571957],[139.482866,35.571384],[139.486411,35.568946],[139.489077,35.563204],[139.491029,35.561426],[139.492889,35.562526],[139.494667,35.564855],[139.496265,35.56464],[139.498056,35.5679],[139.500826,35.568534],[139.500599,35.570442],[139.504335,35.571607],[139.506572,35.571716],[139.507347,35.573765],[139.507011,35.575822],[139.505455,35.574787],[139.499214,35.58097],[139.497403,35.582095],[139.493924,35.582781],[139.493104,35.584356],[139.494457,35.586307],[139.491969,35.588466],[139.486311,35.591653],[139.481883,35.595368],[139.479292,35.595743],[139.478387,35.598399],[139.476881,35.599544],[139.47397,35.599697],[139.47119,35.60106],[139.470272,35.603486],[139.46658,35.606581],[139.466662,35.608632],[139.463796,35.609161],[139.463187,35.608084],[139.460631,35.608412],[139.457375,35.607212],[139.455149,35.60516],[139.453371,35.604585],[139.452869,35.607448],[139.449278,35.611776],[139.445932,35.608705],[139.442139,35.609453],[139.438165,35.609588],[139.436271,35.606741],[139.433864,35.605866],[139.428228,35.608048],[139.428271,35.60639],[139.42585,35.605875],[139.423108,35.606634],[139.420534,35.609781],[139.418319,35.610223],[139.415757,35.612163],[139.412747,35.61228],[139.410183,35.610062],[139.407932,35.612044],[139.40331,35.609421],[139.39858,35.610437],[139.39574,35.608273],[139.393498,35.608204],[139.392174,35.606883],[139.389827,35.606687],[139.387637,35.605012],[139.388347,35.602407],[139.386271,35.598772],[139.381872,35.602274],[139.3799,35.602499],[139.375964,35.604395],[139.373109,35.604301],[139.370496,35.606146],[139.368113,35.607006],[139.365429,35.609046],[139.362609,35.606656],[139.358176,35.606604],[139.353504,35.60735],[139.351759,35.608814],[139.349891,35.608074],[139.347754,35.608756],[139.343603,35.611801],[139.339513,35.617078],[139.341565,35.619749],[139.33805,35.623367],[139.337392,35.621044],[139.33857,35.619581],[139.337373,35.614208],[139.335754,35.614888],[139.32847230000004,35.61516529999997],[139.32602060000002,35.615889399999965],[139.32246090000007,35.6148405],[139.31846190000005,35.61512719999998],[139.31487380000002,35.61367410000001],[139.30764740000004,35.6162383],[139.30242720000007,35.6152343],[139.2996359,35.61617409999996],[139.29557589999993,35.61582240000001],[139.29375119999995,35.61846009999997],[139.29338079999997,35.6207611],[139.2907404,35.62046119999999],[139.28838690000003,35.62154170000002],[139.28223370000003,35.6200553],[139.279953,35.620048699999984],[139.27707469999996,35.618773],[139.2766443,35.616721499999976],[139.27410149999997,35.61396530000001],[139.27146219999997,35.61388680000001],[139.26881740000002,35.6124018],[139.2689207,35.60935889999999],[139.274271,35.611047],[139.279263,35.611391],[139.28288,35.613157],[139.286302,35.612347],[139.292331,35.611648],[139.296581,35.609632],[139.297071,35.607768],[139.299097,35.606195],[139.301702,35.605592],[139.303551,35.604352],[139.306266,35.605168],[139.309284,35.603857],[139.314271,35.603997],[139.315809,35.605],[139.321228,35.60564],[139.323862,35.604564],[139.329536,35.60364889999999],[139.3333823,35.60371],[139.33575869999999,35.60450820000001],[139.338539,35.60437],[139.339887,35.605256],[139.343986,35.602366],[139.348193,35.601702],[139.349994,35.600808],[139.354828,35.600192],[139.356579,35.598591],[139.363197,35.598714],[139.372141,35.594148],[139.375256,35.594295],[139.378995,35.590017],[139.380664,35.590468],[139.385537,35.588463],[139.388616,35.588533],[139.391082,35.585259],[139.394215,35.585599],[139.394823,35.584117],[139.398946,35.584659],[139.400752,35.578836],[139.402942,35.575366],[139.409231,35.575505],[139.4105389,35.5709439],[139.41220180000005,35.569579300000036],[139.413862,35.566046],[139.416265,35.564232],[139.416179,35.561971],[139.423005,35.559717],[139.423909,35.555892],[139.426757,35.554236],[139.428087,35.551259],[139.431827,35.549037],[139.433424,35.546332],[139.436331,35.546627],[139.438938,35.544938],[139.440946,35.542492],[139.444694,35.54236],[139.445057,35.54091],[139.447854,35.537988],[139.448059,35.535842],[139.452476,35.532517],[139.454641,35.531422],[139.455648,35.529404],[139.458331,35.527853],[139.457607,35.525844],[139.45454,35.522706],[139.455502,35.519984],[139.460816,35.519379],[139.463283,35.517838],[139.464846,35.510901],[139.468266,35.506205],[139.467721,35.502373]]]}},{"type":"Feature","properties":{"shapeName":"Akiruno","shapeISO":"","shapeID":"22064153B3280524188858","shapeGroup":"JPN","shapeType":"ADM2"},"geometry":{"type":"Polygon","coordinates":[[[139.256862,35.760708],[139.255856,35.759387],[139.261847,35.755588],[139.264589,35.755461],[139.268546,35.754455],[139.270292,35.753408],[139.275461,35.753626],[139.277611,35.752291],[139.278499,35.749774],[139.279891,35.749346],[139.280627,35.747314],[139.280469,35.744376],[139.279302,35.742069],[139.282427,35.74054],[139.284651,35.740589],[139.283644,35.737693],[139.284431,35.731711],[139.283645,35.731356],[139.278775,35.733303],[139.269924,35.733258],[139.262945,35.732333],[139.261471,35.733656],[139.258022,35.734494],[139.257338,35.7354],[139.252942,35.736356],[139.24538,35.736659],[139.244048,35.738795],[139.239437,35.739763],[139.23262,35.738895],[139.22873,35.739992],[139.226113,35.740053],[139.218583,35.744438],[139.215669,35.744413],[139.214772,35.746676],[139.212369,35.748539],[139.212757,35.752048],[139.211003,35.751793],[139.205129,35.753777],[139.204327,35.755793],[139.201404,35.757531],[139.198102,35.757704],[139.195883,35.75966],[139.189184,35.76225],[139.186296,35.762192],[139.18148,35.762896],[139.180597,35.764071],[139.180682,35.768577],[139.179378,35.770012],[139.177052,35.770771],[139.163041,35.778245],[139.161212,35.777064],[139.159044,35.77773],[139.157491,35.773538],[139.154601,35.773236],[139.152973,35.774142],[139.152337,35.77595],[139.149132,35.778836],[139.14824,35.777885],[139.148239,35.775291],[139.146556,35.775304],[139.144458,35.776952],[139.142818,35.776345],[139.139499,35.772198],[139.137636,35.772432],[139.136092,35.770256],[139.139137,35.768005],[139.143492,35.766321],[139.147209,35.762132],[139.144644,35.760207],[139.142181,35.759979],[139.139926,35.757637],[139.14073,35.755448],[139.144827,35.755203],[139.147394,35.754029],[139.149341,35.754247],[139.15398,35.7501],[139.154205,35.748282],[139.155977,35.746618],[139.156572,35.744697],[139.161177,35.743038],[139.164099,35.741327],[139.164519,35.73776],[139.165842,35.736177],[139.164317,35.732492],[139.166192,35.729397],[139.165344,35.727105],[139.165551,35.724555],[139.166811,35.724002],[139.167222,35.721766],[139.165729,35.71843],[139.166438,35.714057],[139.165216,35.711547],[139.165321,35.70624],[139.167956,35.704065],[139.170317,35.703236],[139.172109,35.701689],[139.172613,35.697186],[139.171824,35.692638],[139.169678,35.690873],[139.171412,35.688743],[139.173989,35.689233],[139.178949,35.689218],[139.181984,35.688059],[139.184067,35.689053],[139.186889,35.688026],[139.191369,35.687829],[139.193264,35.689058],[139.199387,35.688246],[139.200159,35.690134],[139.200404,35.698978],[139.204805,35.699729],[139.205345,35.703202],[139.204337,35.704957],[139.204493,35.707389],[139.206911,35.71276],[139.210126,35.713619],[139.214817,35.716497],[139.217242,35.718868],[139.219038,35.716835],[139.223947,35.716608],[139.226283,35.715923],[139.228854,35.716284],[139.230049,35.71537],[139.233123,35.715315],[139.237342,35.713306],[139.241089,35.714046],[139.243319,35.712479],[139.245058,35.713355],[139.246356,35.710944],[139.249627,35.710493],[139.251943,35.712262],[139.255096,35.71269],[139.258104,35.712243],[139.260721,35.710492],[139.268972,35.710028],[139.270747,35.710695],[139.272213,35.712646],[139.271981,35.714525],[139.27432,35.714975],[139.276804,35.713971],[139.281849,35.713644],[139.283177,35.712781],[139.285377,35.713352],[139.288771,35.713142],[139.291412,35.713651],[139.294257,35.713376],[139.295847,35.711465],[139.303497,35.712554],[139.304933,35.711549],[139.308402,35.714993],[139.308494,35.715886],[139.31359,35.713951],[139.315895,35.714247],[139.319234,35.719062],[139.322677,35.716737],[139.324061,35.71335],[139.328739,35.711243],[139.329405,35.712069],[139.329413,35.719635],[139.328414,35.723376],[139.328737,35.727497],[139.321985,35.732727],[139.320109,35.733303],[139.316703,35.743316],[139.313865,35.747124],[139.311047,35.750629],[139.306697,35.75262],[139.302603,35.755198],[139.296539,35.754545],[139.294333,35.755361],[139.290088,35.760073],[139.287724,35.760919],[139.276109,35.761619],[139.274204,35.760892],[139.26932,35.76113],[139.267188,35.760041],[139.264272,35.760552],[139.261524,35.759832],[139.256862,35.760708]]]}},{"type":"Feature","properties":{"shapeName":"Hamura","shapeISO":"","shapeID":"22064153B91537954314769","shapeGroup":"JPN","shapeType":"ADM2"},"geometry":{"type":"Polygon","coordinates":[[[139.296539,35.754545],[139.302603,35.755198],[139.306697,35.75262],[139.311047,35.750629],[139.313865,35.747124],[139.317478,35.749085],[139.318797,35.7507],[139.320938,35.750049],[139.322055,35.753599],[139.324924,35.754845],[139.327334,35.752946],[139.331291,35.753039],[139.334167,35.750855],[139.342635,35.749844],[139.343076,35.753218],[139.3422,35.754217],[139.339139,35.754579],[139.338451,35.75687],[139.335841,35.759294],[139.335979,35.761394],[139.335009,35.765985],[139.333189,35.767603],[139.333638,35.770951],[139.331514,35.77292],[139.328783,35.771338],[139.32107,35.77722],[139.318437,35.778411],[139.31242940000004,35.775526699999986],[139.31137270000002,35.776932500000015],[139.308897,35.775761799999984],[139.30782680000004,35.7771936],[139.30242750000002,35.7780227],[139.3016926,35.779878799999985],[139.29973449999997,35.78104730000001],[139.29736619999997,35.780076900000026],[139.29513,35.777462],[139.292129,35.775342],[139.293091,35.772037],[139.295204,35.769799],[139.296633,35.766282],[139.296545,35.763152],[139.297439,35.760081],[139.296539,35.754545]]]}},{"type":"Feature","properties":{"shapeName":"Hachioji","shapeISO":"","shapeID":"22064153B34443868046446","shapeGroup":"JPN","shapeType":"ADM2"},"geometry":{"type":"Polygon","coordinates":[[[139.2689207,35.60935889999999],[139.26881740000002,35.6124018],[139.27146219999997,35.61388680000001],[139.27410149999997,35.61396530000001],[139.2766443,35.616721499999976],[139.27707469999996,35.618773],[139.279953,35.620048699999984],[139.28223370000003,35.6200553],[139.28838690000003,35.62154170000002],[139.2907404,35.62046119999999],[139.29338079999997,35.6207611],[139.29375119999995,35.61846009999997],[139.29557589999993,35.61582240000001],[139.2996359,35.61617409999996],[139.30242720000007,35.6152343],[139.30764740000004,35.6162383],[139.31487380000002,35.61367410000001],[139.31846190000005,35.61512719999998],[139.32246090000007,35.6148405],[139.32602060000002,35.615889399999965],[139.32847230000004,35.61516529999997],[139.335754,35.614888],[139.337373,35.614208],[139.33857,35.619581],[139.337392,35.621044],[139.33805,35.623367],[139.341565,35.619749],[139.339513,35.617078],[139.343603,35.611801],[139.347754,35.608756],[139.349891,35.608074],[139.351759,35.608814],[139.353504,35.60735],[139.358176,35.606604],[139.362609,35.606656],[139.365429,35.609046],[139.368113,35.607006],[139.370496,35.606146],[139.373109,35.604301],[139.375964,35.604395],[139.3799,35.602499],[139.381872,35.602274],[139.386271,35.598772],[139.388347,35.602407],[139.387637,35.605012],[139.389827,35.606687],[139.392174,35.606883],[139.393498,35.608204],[139.395888,35.611755],[139.399557,35.613363],[139.401275,35.615424],[139.404705,35.620773],[139.407385,35.621344],[139.407866,35.622604],[139.411789,35.62435],[139.412906,35.625602],[139.415535,35.625907],[139.418627,35.627356],[139.420399,35.628954],[139.422446,35.628474],[139.42493,35.630274],[139.430281,35.632272],[139.429076,35.635025],[139.426986,35.63669],[139.426794,35.637979],[139.423835,35.639567],[139.422737,35.64114],[139.41772,35.643117],[139.41556,35.645213],[139.415001,35.647034],[139.409065,35.644679],[139.406401,35.645257],[139.399359,35.64119],[139.398228,35.639773],[139.396282,35.640452],[139.39201,35.639592],[139.390869,35.640924],[139.387372,35.64072],[139.382019,35.641316],[139.378082,35.639322],[139.378824,35.642272],[139.378562,35.6441],[139.37638,35.645409],[139.373012,35.643814],[139.368772,35.644328],[139.365439,35.646406],[139.358146,35.654112],[139.357351,35.655808],[139.359402,35.656816],[139.358887,35.659359],[139.360844,35.660016],[139.372422,35.665752],[139.370467,35.668562],[139.373161,35.673453],[139.376499,35.676454],[139.376709,35.678383],[139.375113,35.682187],[139.376011,35.683591],[139.375198,35.685782],[139.378774,35.688481],[139.376264,35.691631],[139.368752,35.691951],[139.363324,35.693744],[139.353849,35.693126],[139.352195,35.692486],[139.346482,35.691979],[139.340384,35.693653],[139.336031,35.696105],[139.335666,35.699221],[139.336819,35.701511],[139.333001,35.705116],[139.33153,35.7097],[139.331631,35.71237],[139.332589,35.712879],[139.329405,35.712069],[139.328739,35.711243],[139.324061,35.71335],[139.322677,35.716737],[139.319234,35.719062],[139.315895,35.714247],[139.31359,35.713951],[139.308494,35.715886],[139.308402,35.714993],[139.304933,35.711549],[139.303497,35.712554],[139.295847,35.711465],[139.294257,35.713376],[139.291412,35.713651],[139.288771,35.713142],[139.285377,35.713352],[139.283177,35.712781],[139.281849,35.713644],[139.276804,35.713971],[139.27432,35.714975],[139.271981,35.714525],[139.272213,35.712646],[139.270747,35.710695],[139.268972,35.710028],[139.260721,35.710492],[139.258104,35.712243],[139.255096,35.71269],[139.251943,35.712262],[139.249627,35.710493],[139.246356,35.710944],[139.245058,35.713355],[139.243319,35.712479],[139.241089,35.714046],[139.237342,35.713306],[139.233123,35.715315],[139.230049,35.71537],[139.228854,35.716284],[139.226283,35.715923],[139.223947,35.716608],[139.219038,35.716835],[139.217242,35.718868],[139.214817,35.716497],[139.210126,35.713619],[139.206911,35.71276],[139.204493,35.707389],[139.204337,35.704957],[139.205345,35.703202],[139.204805,35.699729],[139.200404,35.698978],[139.200159,35.690134],[139.199387,35.688246],[139.193264,35.689058],[139.191369,35.687829],[139.186889,35.688026],[139.184067,35.689053],[139.181984,35.688059],[139.178949,35.689218],[139.173989,35.689233],[139.171412,35.688743],[139.170796,35.683474],[139.169997,35.680167],[139.168044,35.676994],[139.165982,35.674995],[139.164771,35.670447],[139.161601,35.667907],[139.165141,35.66496],[139.165132,35.663337],[139.167166,35.661832],[139.166928,35.659618],[139.168358,35.658556],[139.168582,35.656695],[139.167019,35.651013],[139.169335,35.651475],[139.171789,35.650341],[139.175244,35.649732],[139.176115,35.648188],[139.17916,35.645568],[139.184054,35.645089],[139.191531,35.647398],[139.192556,35.650374],[139.194122,35.651824],[139.195727,35.651287],[139.198027,35.652949],[139.205263,35.651578],[139.206942,35.649877],[139.211459,35.649117],[139.214788,35.646938],[139.215732,35.64556],[139.214461,35.641397],[139.21553,35.639137],[139.215457,35.636943],[139.216647,35.634735],[139.218539,35.633651],[139.219157,35.631972],[139.221431,35.629466],[139.219476,35.626677],[139.22023,35.625572],[139.225447,35.623753],[139.227207,35.621104],[139.228872,35.620226],[139.230382,35.617128],[139.229879,35.614567],[139.237977,35.60935],[139.238635,35.606977],[139.24264,35.606286],[139.248345,35.604548],[139.252221,35.601667],[139.257703,35.604231],[139.261298,35.602853],[139.264772,35.602459],[139.266132,35.605627],[139.265839,35.607351],[139.2689207,35.60935889999999]]]}},{"type":"Feature","properties":{"shapeName":"Akishima","shapeISO":"","shapeID":"22064153B52085994320923","shapeGroup":"JPN","shapeType":"ADM2"},"geometry":{"type":"Polygon","coordinates":[[[139.355352,35.725299],[139.353121,35.725012],[139.35268,35.722178],[139.350221,35.72232],[139.346635,35.721658],[139.345518,35.720581],[139.343067,35.721562],[139.338873,35.719641],[139.338868,35.715947],[139.332589,35.712879],[139.331631,35.71237],[139.33153,35.7097],[139.333001,35.705116],[139.336819,35.701511],[139.335666,35.699221],[139.336031,35.696105],[139.340384,35.693653],[139.346482,35.691979],[139.352195,35.692486],[139.353849,35.693126],[139.363324,35.693744],[139.368752,35.691951],[139.376264,35.691631],[139.385086,35.691282],[139.388586,35.69307],[139.388527,35.695155],[139.390233,35.698791],[139.392948,35.699076],[139.39451,35.706155],[139.395608,35.706681],[139.398398,35.711083],[139.395697,35.712887],[139.394573,35.711634],[139.391036,35.715333],[139.388985,35.714393],[139.387094,35.716672],[139.388842,35.717896],[139.385499,35.720457],[139.379312,35.721722],[139.381788,35.723116],[139.380089,35.72559],[139.377706,35.724212],[139.376357,35.725452],[139.370045,35.724509],[139.369835,35.725778],[139.366805,35.725117],[139.361863,35.726292],[139.361618,35.724326],[139.358184,35.725345],[139.355352,35.725299]]]}},{"type":"Feature","properties":{"shapeName":"Musashimurayama","shapeISO":"","shapeID":"22064153B31828477920697","shapeGroup":"JPN","shapeType":"ADM2"},"geometry":{"type":"Polygon","coordinates":[[[139.414413,35.733028],[139.413603,35.735261],[139.411194,35.737258],[139.412079,35.739094],[139.411009,35.740894],[139.410644,35.747502],[139.407447,35.748631],[139.407262,35.752232],[139.409022,35.755227],[139.409268,35.758231],[139.407536,35.760849],[139.405141,35.762039],[139.402604,35.761081],[139.400534,35.76196],[139.391681,35.763354],[139.390455,35.764076],[139.391813,35.766831],[139.389598,35.767136],[139.384841,35.765218],[139.38022,35.766375],[139.379022,35.771197],[139.37432,35.769022],[139.372547,35.771125],[139.367816,35.772923],[139.368519,35.771055],[139.367117,35.769255],[139.367379,35.767799],[139.365597,35.766215],[139.362987,35.762524],[139.362621,35.760229],[139.360868,35.760241],[139.357509,35.755532],[139.358116,35.75076],[139.356551,35.750711],[139.355885,35.748557],[139.356401,35.746615],[139.354662,35.745599],[139.356043,35.745086],[139.354907,35.742769],[139.358515,35.741234],[139.359873,35.739579],[139.36546,35.739064],[139.369446,35.735888],[139.370271,35.737356],[139.374046,35.736666],[139.377959,35.735093],[139.378475,35.733515],[139.381159,35.734863],[139.383493,35.733034],[139.383857,35.735523],[139.388524,35.733666],[139.391127,35.733659],[139.387286,35.737046],[139.385083,35.73764],[139.384898,35.741515],[139.387068,35.741205],[139.388065,35.739382],[139.395307,35.733503],[139.39827,35.734936],[139.400274,35.733764],[139.402628,35.734224],[139.408645,35.733703],[139.409475,35.732632],[139.414413,35.733028]]]}},{"type":"Feature","properties":{"shapeName":"Fussa","shapeISO":"","shapeID":"22064153B11481996196295","shapeGroup":"JPN","shapeType":"ADM2"},"geometry":{"type":"Polygon","coordinates":[[[139.359873,35.739579],[139.358515,35.741234],[139.354907,35.742769],[139.356043,35.745086],[139.354662,35.745599],[139.350962,35.747013],[139.350428,35.745141],[139.353332,35.742534],[139.35207,35.74124],[139.345519,35.747073],[139.342327,35.746162],[139.342635,35.749844],[139.334167,35.750855],[139.331291,35.753039],[139.327334,35.752946],[139.324924,35.754845],[139.322055,35.753599],[139.320938,35.750049],[139.318797,35.7507],[139.317478,35.749085],[139.313865,35.747124],[139.316703,35.743316],[139.320109,35.733303],[139.321985,35.732727],[139.328737,35.727497],[139.328414,35.723376],[139.329413,35.719635],[139.329405,35.712069],[139.332589,35.712879],[139.338868,35.715947],[139.338873,35.719641],[139.343067,35.721562],[139.345518,35.720581],[139.346635,35.721658],[139.350221,35.72232],[139.35268,35.722178],[139.353121,35.725012],[139.355352,35.725299],[139.353347,35.727959],[139.352488,35.732856],[139.352912,35.73606],[139.359004,35.737331],[139.359873,35.739579]]]}},{"type":"Feature","properties":{"shapeName":"Tama","shapeISO":"","shapeID":"22064153B5719123813817","shapeGroup":"JPN","shapeType":"ADM2"},"geometry":{"type":"Polygon","coordinates":[[[139.46400240000003,35.62434369999998],[139.4656968,35.63067390000001],[139.467514,35.63092610000002],[139.4716674,35.63350790000001],[139.46897980000003,35.6402918],[139.46884040000006,35.64455539999998],[139.4721019,35.64649089999997],[139.4738668,35.6468353],[139.473804,35.649333],[139.472547,35.649281],[139.467879,35.651208],[139.455269,35.654328],[139.442012,35.657961],[139.439196,35.657139],[139.438337,35.654579],[139.437695,35.650037],[139.434047,35.650856],[139.43309,35.648276],[139.430358,35.647138],[139.426761,35.643833],[139.425608,35.644825],[139.421412,35.646262],[139.416807,35.649051],[139.415001,35.647034],[139.41556,35.645213],[139.41772,35.643117],[139.422737,35.64114],[139.423835,35.639567],[139.426794,35.637979],[139.426986,35.63669],[139.429076,35.635025],[139.430281,35.632272],[139.42493,35.630274],[139.422446,35.628474],[139.420399,35.628954],[139.418627,35.627356],[139.415535,35.625907],[139.412906,35.625602],[139.411789,35.62435],[139.407866,35.622604],[139.407385,35.621344],[139.404705,35.620773],[139.401275,35.615424],[139.399557,35.613363],[139.395888,35.611755],[139.393498,35.608204],[139.39574,35.608273],[139.39858,35.610437],[139.40331,35.609421],[139.407932,35.612044],[139.410183,35.610062],[139.412747,35.61228],[139.415757,35.612163],[139.418319,35.610223],[139.420534,35.609781],[139.423108,35.606634],[139.42585,35.605875],[139.428271,35.60639],[139.428228,35.608048],[139.433864,35.605866],[139.436271,35.606741],[139.438165,35.609588],[139.442139,35.609453],[139.445932,35.608705],[139.449278,35.611776],[139.450717,35.613184],[139.452299,35.616663],[139.453565,35.618089],[139.457037,35.619105],[139.460733,35.622161],[139.46249860000006,35.6247939],[139.46400240000003,35.62434369999998]]]}},{"type":"Feature","properties":{"shapeName":"Hino","shapeISO":"","shapeID":"22064153B74315697961644","shapeGroup":"JPN","shapeType":"ADM2"},"geometry":{"type":"Polygon","coordinates":[[[139.385086,35.691282],[139.376264,35.691631],[139.378774,35.688481],[139.375198,35.685782],[139.376011,35.683591],[139.375113,35.682187],[139.376709,35.678383],[139.376499,35.676454],[139.373161,35.673453],[139.370467,35.668562],[139.372422,35.665752],[139.360844,35.660016],[139.358887,35.659359],[139.359402,35.656816],[139.357351,35.655808],[139.358146,35.654112],[139.365439,35.646406],[139.368772,35.644328],[139.373012,35.643814],[139.37638,35.645409],[139.378562,35.6441],[139.378824,35.642272],[139.378082,35.639322],[139.382019,35.641316],[139.387372,35.64072],[139.390869,35.640924],[139.39201,35.639592],[139.396282,35.640452],[139.398228,35.639773],[139.399359,35.64119],[139.406401,35.645257],[139.409065,35.644679],[139.415001,35.647034],[139.416807,35.649051],[139.421412,35.646262],[139.425608,35.644825],[139.426761,35.643833],[139.430358,35.647138],[139.43309,35.648276],[139.434047,35.650856],[139.437695,35.650037],[139.438337,35.654579],[139.439196,35.657139],[139.442012,35.657961],[139.440698,35.660187],[139.429825,35.670818],[139.427789,35.672721],[139.422404,35.679142],[139.418999,35.682167],[139.417566,35.682761],[139.413147,35.68345],[139.405636,35.6856],[139.395133,35.689179],[139.387691,35.690382],[139.385086,35.691282]]]}},{"type":"Feature","properties":{"shapeName":"Kokubunji","shapeISO":"","shapeID":"22064153B7677868990473","shapeGroup":"JPN","shapeType":"ADM2"},"geometry":{"type":"Polygon","coordinates":[[[139.430315,35.703543],[139.432001,35.701656],[139.440999,35.701322],[139.441613,35.700365],[139.445873,35.700298],[139.448542,35.700952],[139.455604,35.694736],[139.459402,35.692387],[139.460246,35.699849],[139.462969,35.699873],[139.464017,35.69705],[139.46377,35.695431],[139.466813,35.695335],[139.467788,35.692497],[139.465888,35.691564],[139.46558,35.688782],[139.467838,35.68835],[139.47737,35.68934],[139.478214,35.690372],[139.483523,35.691255],[139.486456,35.692166],[139.488081,35.694974],[139.489584,35.695451],[139.490921,35.697094],[139.491438,35.700249],[139.484455,35.702255],[139.487429,35.706456],[139.485716,35.708375],[139.480235,35.714364],[139.478491,35.708701],[139.476583,35.708929],[139.471935,35.711028],[139.472018,35.715384],[139.458663,35.71789],[139.45789,35.720814],[139.446119,35.722875],[139.444157,35.712855],[139.441609,35.715827],[139.436549,35.714772],[139.433337,35.718403],[139.428262,35.717359],[139.431706,35.711649],[139.435626,35.703729],[139.430315,35.703543]]]}},{"type":"Feature","properties":{"shapeName":"Kunitachi","shapeISO":"","shapeID":"22064153B48033226915297","shapeGroup":"JPN","shapeType":"ADM2"},"geometry":{"type":"Polygon","coordinates":[[[139.417566,35.682761],[139.418999,35.682167],[139.422404,35.679142],[139.427789,35.672721],[139.429825,35.670818],[139.431726,35.672677],[139.436067,35.671521],[139.437006,35.672184],[139.441474,35.670715],[139.441909,35.672095],[139.446833,35.673105],[139.450802,35.671555],[139.450724,35.67665],[139.451357,35.68066],[139.452927,35.683557],[139.453581,35.687664],[139.456034,35.691276],[139.459402,35.692387],[139.455604,35.694736],[139.448542,35.700952],[139.445873,35.700298],[139.441613,35.700365],[139.440999,35.701322],[139.432001,35.701656],[139.430315,35.703543],[139.42727,35.703629],[139.425591,35.701883],[139.427516,35.698362],[139.431644,35.696937],[139.429897,35.693933],[139.431048,35.693574],[139.431213,35.690281],[139.428409,35.69112],[139.427044,35.688832],[139.424701,35.686712],[139.421497,35.688582],[139.417566,35.682761]]]}},{"type":"Feature","properties":{"shapeName":"Kodaira","shapeISO":"","shapeID":"22064153B85897991709250","shapeGroup":"JPN","shapeType":"ADM2"},"geometry":{"type":"Polygon","coordinates":[[[139.446119,35.722875],[139.45789,35.720814],[139.458663,35.71789],[139.472018,35.715384],[139.471935,35.711028],[139.476583,35.708929],[139.478491,35.708701],[139.480235,35.714364],[139.485716,35.708375],[139.491617,35.708069],[139.492332,35.709962],[139.495394,35.709637],[139.495897,35.713164],[139.500574,35.712327],[139.507818,35.712218],[139.508588,35.716364],[139.514757,35.717213],[139.523144,35.719066],[139.524668,35.719405],[139.523328,35.723249],[139.517674,35.727445],[139.516703,35.730585],[139.520165,35.733443],[139.521104,35.738952],[139.515103,35.739117],[139.512633,35.737976],[139.50817,35.738392],[139.505947,35.736271],[139.505602,35.732056],[139.504437,35.732201],[139.504775,35.736654],[139.503792,35.742846],[139.498102,35.745858],[139.498166,35.744341],[139.491329,35.74151],[139.489859,35.744475],[139.48573,35.743874],[139.485152,35.740887],[139.487136,35.740986],[139.486219,35.734506],[139.478824,35.735222],[139.478774,35.737208],[139.477129,35.737506],[139.47726,35.739901],[139.471002,35.742758],[139.466388,35.744082],[139.450985,35.736995],[139.44553,35.735034],[139.44247,35.736353],[139.428674,35.730059],[139.426435,35.73017],[139.424446,35.72968],[139.43358,35.727084],[139.435625,35.724756],[139.446119,35.722875]]]}},{"type":"Feature","properties":{"shapeName":"Higashiyamato","shapeISO":"","shapeID":"22064153B21572106271359","shapeGroup":"JPN","shapeType":"ADM2"},"geometry":{"type":"Polygon","coordinates":[[[139.426435,35.73017],[139.428674,35.730059],[139.44247,35.736353],[139.44553,35.735034],[139.450985,35.736995],[139.450137,35.738893],[139.451514,35.739974],[139.450691,35.741993],[139.451173,35.746489],[139.447539,35.749245],[139.447522,35.752601],[139.446196,35.755657],[139.44415,35.755747],[139.440545,35.760224],[139.440903,35.762203],[139.440001,35.763741],[139.440769,35.767002],[139.438266,35.767956],[139.435454,35.767121],[139.433217,35.767346],[139.43155,35.766344],[139.42762,35.766446],[139.422209,35.767803],[139.419557,35.765905],[139.4159,35.766275],[139.409506,35.768689],[139.404882,35.76916],[139.400278,35.767751],[139.398447,35.764405],[139.391681,35.763354],[139.400534,35.76196],[139.402604,35.761081],[139.405141,35.762039],[139.407536,35.760849],[139.409268,35.758231],[139.409022,35.755227],[139.407262,35.752232],[139.407447,35.748631],[139.410644,35.747502],[139.411009,35.740894],[139.412079,35.739094],[139.411194,35.737258],[139.413603,35.735261],[139.414413,35.733028],[139.416222,35.732084],[139.425799,35.731044],[139.426435,35.73017]]]}},{"type":"Feature","properties":{"shapeName":"Higashimurayama","shapeISO":"","shapeID":"22064153B20548004874718","shapeGroup":"JPN","shapeType":"ADM2"},"geometry":{"type":"Polygon","coordinates":[[[139.440769,35.767002],[139.440001,35.763741],[139.440903,35.762203],[139.440545,35.760224],[139.44415,35.755747],[139.446196,35.755657],[139.447522,35.752601],[139.447539,35.749245],[139.451173,35.746489],[139.450691,35.741993],[139.451514,35.739974],[139.450137,35.738893],[139.450985,35.736995],[139.466388,35.744082],[139.471002,35.742758],[139.47726,35.739901],[139.477129,35.737506],[139.478774,35.737208],[139.478824,35.735222],[139.486219,35.734506],[139.487136,35.740986],[139.485152,35.740887],[139.48573,35.743874],[139.487024,35.747374],[139.486348,35.748457],[139.488834,35.750781],[139.493875,35.753824],[139.49476,35.758286],[139.497081,35.759302],[139.504787,35.761102],[139.497198,35.762434],[139.501206,35.765629],[139.500287,35.769537],[139.499251,35.771675],[139.497681,35.772147],[139.496505,35.776925],[139.496802,35.77820559999998],[139.49611680000007,35.78111769999998],[139.49361009999998,35.78143929999998],[139.49265610000006,35.780149],[139.4889444,35.7807724],[139.4875818,35.77985159999998],[139.484605,35.781006],[139.48022860000006,35.77998689999998],[139.47547630000005,35.776638],[139.47490969999998,35.775409899999985],[139.471152,35.773404],[139.469843,35.774207],[139.464928,35.773756],[139.463191,35.772874],[139.461249,35.773382],[139.458914,35.771665],[139.458558,35.769677],[139.451346,35.769327],[139.446205,35.767945],[139.444965,35.76666],[139.440769,35.767002]]]}},{"type":"Feature","properties":{"shapeName":"Koganei","shapeISO":"","shapeID":"22064153B82071564709193","shapeGroup":"JPN","shapeType":"ADM2"},"geometry":{"type":"Polygon","coordinates":[[[139.526448,35.717283],[139.522923,35.717806],[139.523144,35.719066],[139.514757,35.717213],[139.508588,35.716364],[139.507818,35.712218],[139.500574,35.712327],[139.495897,35.713164],[139.495394,35.709637],[139.492332,35.709962],[139.491617,35.708069],[139.485716,35.708375],[139.487429,35.706456],[139.484455,35.702255],[139.491438,35.700249],[139.490921,35.697094],[139.489584,35.695451],[139.488406,35.692917],[139.489032,35.690956],[139.495784,35.688643],[139.496318,35.686737],[139.498707,35.68563],[139.499891,35.687176],[139.502945,35.687272],[139.503026,35.684684],[139.505883,35.686561],[139.513585,35.685861],[139.514568,35.686091],[139.514752,35.689146],[139.516205,35.69071],[139.518266,35.691252],[139.522266,35.687362],[139.524509,35.687939],[139.525154,35.686016],[139.526914,35.684216],[139.526254,35.686941],[139.524466,35.688414],[139.528538,35.690672],[139.532144,35.689342],[139.531366,35.694614],[139.534195,35.694881],[139.533931,35.698973],[139.533554,35.701082],[139.53219,35.702916],[139.532539,35.709109],[139.527157,35.709909],[139.527385,35.712816],[139.525214,35.71306],[139.526448,35.717283]]]}},{"type":"Feature","properties":{"shapeName":"Fuchu","shapeISO":"","shapeID":"22064153B27247213696549","shapeGroup":"JPN","shapeType":"ADM2"},"geometry":{"type":"Polygon","coordinates":[[[139.52083980000003,35.6461792],[139.52071,35.653737],[139.517587,35.656403],[139.517458,35.658385],[139.519434,35.660442],[139.523215,35.667789],[139.525503,35.669357],[139.526454,35.672385],[139.52509,35.676009],[139.524284,35.679715],[139.520932,35.680532],[139.520496,35.681634],[139.522266,35.687362],[139.518266,35.691252],[139.516205,35.69071],[139.514752,35.689146],[139.514568,35.686091],[139.513585,35.685861],[139.505883,35.686561],[139.503026,35.684684],[139.502945,35.687272],[139.499891,35.687176],[139.498707,35.68563],[139.496318,35.686737],[139.495784,35.688643],[139.489032,35.690956],[139.488406,35.692917],[139.489584,35.695451],[139.488081,35.694974],[139.486456,35.692166],[139.483523,35.691255],[139.478214,35.690372],[139.47737,35.68934],[139.467838,35.68835],[139.46558,35.688782],[139.465888,35.691564],[139.467788,35.692497],[139.466813,35.695335],[139.46377,35.695431],[139.464017,35.69705],[139.462969,35.699873],[139.460246,35.699849],[139.459402,35.692387],[139.456034,35.691276],[139.453581,35.687664],[139.452927,35.683557],[139.451357,35.68066],[139.450724,35.67665],[139.450802,35.671555],[139.446833,35.673105],[139.441909,35.672095],[139.441474,35.670715],[139.437006,35.672184],[139.436067,35.671521],[139.431726,35.672677],[139.429825,35.670818],[139.440698,35.660187],[139.442012,35.657961],[139.455269,35.654328],[139.467879,35.651208],[139.472547,35.649281],[139.473804,35.649333],[139.47378469999998,35.650592],[139.47963359999994,35.652027],[139.48555589999998,35.65259370000002],[139.48908569999995,35.65148649999998],[139.49014780000007,35.65195729999998],[139.49719510000003,35.651891],[139.503237,35.65016139999998],[139.5083547,35.65116389999997],[139.5113035,35.651272],[139.516228,35.649624299999964],[139.52083980000003,35.6461792]]]}},{"type":"Feature","properties":{"shapeName":"Higashikurume","shapeISO":"","shapeID":"22064153B33757504335053","shapeGroup":"JPN","shapeType":"ADM2"},"geometry":{"type":"Polygon","coordinates":[[[139.516371,35.765573],[139.508584,35.762047],[139.504787,35.761102],[139.497081,35.759302],[139.49476,35.758286],[139.493875,35.753824],[139.488834,35.750781],[139.486348,35.748457],[139.487024,35.747374],[139.48573,35.743874],[139.489859,35.744475],[139.491329,35.74151],[139.498166,35.744341],[139.498102,35.745858],[139.503792,35.742846],[139.504775,35.736654],[139.504437,35.732201],[139.505602,35.732056],[139.505947,35.736271],[139.50817,35.738392],[139.512633,35.737976],[139.515103,35.739117],[139.521104,35.738952],[139.520165,35.733443],[139.531163,35.740472],[139.527168,35.743653],[139.528417,35.744724],[139.533523,35.744905],[139.537196,35.748444],[139.544581,35.754761],[139.54512,35.757582],[139.546976,35.760303],[139.546684,35.762692],[139.547632,35.766172],[139.54702,35.768008],[139.547834,35.773981],[139.546565,35.774141],[139.541664,35.771999],[139.536604,35.77026],[139.532782,35.769444],[139.530298,35.768349],[139.521375,35.76757],[139.516371,35.765573]]]}},{"type":"Feature","properties":{"shapeName":"Kiyose","shapeISO":"","shapeID":"22064153B99270011132036","shapeGroup":"JPN","shapeType":"ADM2"},"geometry":{"type":"Polygon","coordinates":[[[139.496802,35.77820559999998],[139.496505,35.776925],[139.497681,35.772147],[139.499251,35.771675],[139.500287,35.769537],[139.501206,35.765629],[139.497198,35.762434],[139.504787,35.761102],[139.508584,35.762047],[139.516371,35.765573],[139.520551,35.770028],[139.523046,35.771936],[139.525948,35.772141],[139.528442,35.773044],[139.532231,35.773415],[139.535951,35.775178],[139.53749,35.776879],[139.542975,35.779807],[139.543793,35.782836],[139.543789,35.788194],[139.54077,35.789856],[139.53732509999998,35.790845200000035],[139.540092,35.794162],[139.54468889999995,35.79695329999997],[139.54654650000003,35.79919830000002],[139.54752660000005,35.8019024],[139.545255,35.804576],[139.544288,35.806636],[139.541729,35.807302],[139.53817419999996,35.804856],[139.53486,35.801065],[139.532916,35.798049],[139.529279,35.794143],[139.52366629999995,35.79052810000001],[139.52275169999996,35.7893445],[139.518837,35.788035],[139.51659940000002,35.78871040000002],[139.51365229999993,35.788321],[139.51276559999994,35.785626599999986],[139.5090442,35.7847845],[139.506902,35.783002],[139.504604,35.78333],[139.49815690000003,35.7814],[139.496802,35.77820559999998]]]}},{"type":"Feature","properties":{"shapeName":"Nishitokyo","shapeISO":"","shapeID":"22064153B37992746393477","shapeGroup":"JPN","shapeType":"ADM2"},"geometry":{"type":"Polygon","coordinates":[[[139.562782,35.761595],[139.561831,35.759603],[139.557781,35.759583],[139.555389,35.757747],[139.555243,35.755736],[139.552041,35.755964],[139.550057,35.754375],[139.547155,35.753384],[139.546776,35.755089],[139.544581,35.754761],[139.537196,35.748444],[139.533523,35.744905],[139.528417,35.744724],[139.527168,35.743653],[139.531163,35.740472],[139.520165,35.733443],[139.516703,35.730585],[139.517674,35.727445],[139.523328,35.723249],[139.524668,35.719405],[139.523144,35.719066],[139.522923,35.717806],[139.526448,35.717283],[139.52691,35.718514],[139.529997,35.717501],[139.529419,35.712792],[139.531885,35.712596],[139.537358,35.71132],[139.540866,35.713152],[139.549403,35.716919],[139.55458,35.720777],[139.557219,35.721728],[139.561895,35.721973],[139.565636,35.721657],[139.565254,35.724268],[139.565996,35.727048],[139.56942,35.734156],[139.567327,35.736361],[139.568249,35.73808],[139.568161,35.742759],[139.566762,35.747431],[139.568827,35.747589],[139.567792,35.750061],[139.569007,35.751922],[139.567693,35.753224],[139.567767,35.755066],[139.562782,35.761595]]]}},{"type":"Feature","properties":{"shapeName":"Chofu","shapeISO":"","shapeID":"22064153B24375638846800","shapeGroup":"JPN","shapeType":"ADM2"},"geometry":{"type":"Polygon","coordinates":[[[139.588886,35.66941],[139.586016,35.670689],[139.580451,35.670715],[139.578087,35.670232],[139.579802,35.665537],[139.582138,35.665026],[139.578333,35.662474],[139.577731,35.661054],[139.575499,35.660041],[139.574891,35.662254],[139.573011,35.664144],[139.568853,35.663502],[139.566141,35.664254],[139.564332,35.669031],[139.564451,35.672263],[139.562268,35.678006],[139.560867,35.682842],[139.554582,35.682123],[139.552159,35.680841],[139.545436,35.682063],[139.544706,35.680324],[139.542936,35.680461],[139.542243,35.677239],[139.541393,35.669899],[139.541942,35.667964],[139.544383,35.666647],[139.541596,35.664273],[139.537448,35.665474],[139.537471,35.667029],[139.535586,35.669292],[139.534399,35.667539],[139.531367,35.667699],[139.532433,35.669899],[139.530489,35.670952],[139.526256,35.677243],[139.526592,35.679138],[139.525386,35.6809],[139.528677,35.681197],[139.52884,35.682859],[139.526914,35.684216],[139.525154,35.686016],[139.524509,35.687939],[139.522266,35.687362],[139.520496,35.681634],[139.520932,35.680532],[139.524284,35.679715],[139.52509,35.676009],[139.526454,35.672385],[139.525503,35.669357],[139.523215,35.667789],[139.519434,35.660442],[139.517458,35.658385],[139.517587,35.656403],[139.52071,35.653737],[139.52083980000003,35.6461792],[139.525386,35.642647],[139.530885,35.641958],[139.535948,35.639482],[139.547718,35.636693],[139.549425,35.634374],[139.557422,35.633995],[139.561968,35.632591],[139.563203,35.63739],[139.563365,35.641371],[139.566735,35.647592],[139.568775,35.647477],[139.569467,35.649031],[139.571927,35.649441],[139.574317,35.650744],[139.580626,35.647306],[139.583838,35.648497],[139.585576,35.645511],[139.587635,35.646167],[139.589563,35.645141],[139.592059,35.64591],[139.591958,35.651359],[139.593081,35.651524],[139.592331,35.655432],[139.589885,35.65725],[139.589749,35.660931],[139.587706,35.664366],[139.589957,35.666633],[139.588886,35.66941]]]}}]}