{
  "type": "FeatureCollection",
  "name": "Kochi",
  "crs": {
    "type": "name",
    "properties": {
      "name": "urn:ogc:def:crs:OGC:1.3:CRS84"
    }
  },
  "features": [
    {
      "type": "Feature",
      "properties": {
        "requestedCity": "Kochi",
        "sourceShapeName": "Ernakulam",
        "shapeName": "Ernakulam",
        "shapeISO": "",
        "shapeID": "76128533B75519739609062",
        "shapeGroup": "IND",
        "shapeType": "ADM2"
      },
      "geometry": {
        "type": "Polygon",
        "coordinates": [
          [
            [
              76.37422,
              9.83697
            ],
            [
              76.3755,
              9.83748
            ],
            [
              76.37633,
              9.8378
            ],
            [
              76.3765,
              9.83787
            ],
            [
              76.37679,
              9.83798
            ],
            [
              76.37803,
              9.83952
            ],
            [
              76.37813,
              9.83964
            ],
            [
              76.37832,
              9.83988
            ],
            [
              76.37924,
              9.84052
            ],
            [
              76.37991,
              9.84099
            ],
            [
              76.37998,
              9.84106
            ],
            [
              76.38073,
              9.84189
            ],
            [
              76.3808,
              9.84197
            ],
            [
              76.38186,
              9.84334
            ],
            [
              76.3845,
              9.84403
            ],
            [
              76.38693,
              9.84446
            ],
            [
              76.38707,
              9.8445
            ],
            [
              76.38827,
              9.84446
            ],
            [
              76.38912,
              9.84462
            ],
            [
              76.38926,
              9.84465
            ],
            [
              76.38998,
              9.84445
            ],
            [
              76.39019,
              9.84406
            ],
            [
              76.39067,
              9.84319
            ],
            [
              76.39113,
              9.84236
            ],
            [
              76.39147,
              9.84175
            ],
            [
              76.39256,
              9.838
            ],
            [
              76.39365,
              9.83552
            ],
            [
              76.39442,
              9.8336
            ],
            [
              76.39503,
              9.83198
            ],
            [
              76.3964,
              9.83079
            ],
            [
              76.39792,
              9.83026
            ],
            [
              76.40139,
              9.83027
            ],
            [
              76.40249,
              9.83098
            ],
            [
              76.40576,
              9.83114
            ],
            [
              76.40765,
              9.83041
            ],
            [
              76.40869,
              9.8287
            ],
            [
              76.41001,
              9.82855
            ],
            [
              76.4107,
              9.82832
            ],
            [
              76.41286,
              9.82859
            ],
            [
              76.41353,
              9.82843
            ],
            [
              76.41419,
              9.82544
            ],
            [
              76.41513,
              9.82351
            ],
            [
              76.41535,
              9.82279
            ],
            [
              76.41813,
              9.82315
            ],
            [
              76.41828,
              9.82317
            ],
            [
              76.42017,
              9.82349
            ],
            [
              76.42025,
              9.82362
            ],
            [
              76.42067,
              9.82428
            ],
            [
              76.42112,
              9.82444
            ],
            [
              76.42172,
              9.8243
            ],
            [
              76.42248,
              9.82347
            ],
            [
              76.42445,
              9.82395
            ],
            [
              76.42615,
              9.82435
            ],
            [
              76.42749,
              9.82432
            ],
            [
              76.42896,
              9.82445
            ],
            [
              76.4294,
              9.82465
            ],
            [
              76.42959,
              9.82474
            ],
            [
              76.43004,
              9.82494
            ],
            [
              76.43082,
              9.82529
            ],
            [
              76.43158,
              9.82563
            ],
            [
              76.4339,
              9.82708
            ],
            [
              76.43581,
              9.82835
            ],
            [
              76.43756,
              9.82968
            ],
            [
              76.43996,
              9.83068
            ],
            [
              76.44126,
              9.8314
            ],
            [
              76.44165,
              9.8316
            ],
            [
              76.44206,
              9.83177
            ],
            [
              76.4443,
              9.83286
            ],
            [
              76.44561,
              9.8335
            ],
            [
              76.4484,
              9.835
            ],
            [
              76.44894,
              9.83547
            ],
            [
              76.44958,
              9.83602
            ],
            [
              76.45021,
              9.83881
            ],
            [
              76.45094,
              9.84029
            ],
            [
              76.45134,
              9.84091
            ],
            [
              76.45144,
              9.84106
            ],
            [
              76.45224,
              9.84111
            ],
            [
              76.45331,
              9.84118
            ],
            [
              76.45493,
              9.84129
            ],
            [
              76.45563,
              9.84119
            ],
            [
              76.45638,
              9.84255
            ],
            [
              76.45731,
              9.84424
            ],
            [
              76.45866,
              9.84651
            ],
            [
              76.45884,
              9.84681
            ],
            [
              76.46005,
              9.84848
            ],
            [
              76.4602,
              9.84844
            ],
            [
              76.45977,
              9.84793
            ],
            [
              76.4659,
              9.84666
            ],
            [
              76.46626,
              9.84659
            ],
            [
              76.46753,
              9.84633
            ],
            [
              76.46847,
              9.84613
            ],
            [
              76.47407,
              9.84448
            ],
            [
              76.47537,
              9.8441
            ],
            [
              76.47582,
              9.84401
            ],
            [
              76.47587,
              9.84392
            ],
            [
              76.47587,
              9.84282
            ],
            [
              76.47586,
              9.84256
            ],
            [
              76.47587,
              9.84246
            ],
            [
              76.47701,
              9.84266
            ],
            [
              76.47836,
              9.8429
            ],
            [
              76.47888,
              9.84299
            ],
            [
              76.47947,
              9.84345
            ],
            [
              76.47979,
              9.8437
            ],
            [
              76.48041,
              9.84419
            ],
            [
              76.48174,
              9.84517
            ],
            [
              76.48267,
              9.84573
            ],
            [
              76.4833,
              9.84614
            ],
            [
              76.48345,
              9.84542
            ],
            [
              76.48373,
              9.84426
            ],
            [
              76.48413,
              9.84325
            ],
            [
              76.48497,
              9.84361
            ],
            [
              76.48564,
              9.8439
            ],
            [
              76.48727,
              9.84623
            ],
            [
              76.48733,
              9.84624
            ],
            [
              76.48765,
              9.84626
            ],
            [
              76.48784,
              9.84629
            ],
            [
              76.48802,
              9.84632
            ],
            [
              76.48836,
              9.84639
            ],
            [
              76.48854,
              9.84643
            ],
            [
              76.48865,
              9.84646
            ],
            [
              76.4888,
              9.84649
            ],
            [
              76.48934,
              9.84658
            ],
            [
              76.48945,
              9.8466
            ],
            [
              76.48956,
              9.84664
            ],
            [
              76.48967,
              9.84667
            ],
            [
              76.48976,
              9.84671
            ],
            [
              76.48986,
              9.84677
            ],
            [
              76.48995,
              9.84683
            ],
            [
              76.49004,
              9.8469
            ],
            [
              76.49025,
              9.84709
            ],
            [
              76.49034,
              9.84717
            ],
            [
              76.49048,
              9.84725
            ],
            [
              76.49059,
              9.84731
            ],
            [
              76.49077,
              9.84737
            ],
            [
              76.49093,
              9.84739
            ],
            [
              76.49106,
              9.84741
            ],
            [
              76.49122,
              9.84743
            ],
            [
              76.49135,
              9.84744
            ],
            [
              76.49152,
              9.84747
            ],
            [
              76.49172,
              9.84759
            ],
            [
              76.49179,
              9.84775
            ],
            [
              76.4918,
              9.84778
            ],
            [
              76.49182,
              9.84795
            ],
            [
              76.49187,
              9.84805
            ],
            [
              76.49195,
              9.84815
            ],
            [
              76.49208,
              9.84823
            ],
            [
              76.49228,
              9.84826
            ],
            [
              76.4926,
              9.84833
            ],
            [
              76.49273,
              9.84836
            ],
            [
              76.49289,
              9.84842
            ],
            [
              76.49303,
              9.8485
            ],
            [
              76.49312,
              9.84859
            ],
            [
              76.49318,
              9.84866
            ],
            [
              76.49333,
              9.84884
            ],
            [
              76.49343,
              9.84897
            ],
            [
              76.49353,
              9.84914
            ],
            [
              76.49364,
              9.84923
            ],
            [
              76.49378,
              9.84932
            ],
            [
              76.49388,
              9.84936
            ],
            [
              76.49405,
              9.84939
            ],
            [
              76.49423,
              9.84939
            ],
            [
              76.49438,
              9.84937
            ],
            [
              76.49481,
              9.84928
            ],
            [
              76.49505,
              9.84925
            ],
            [
              76.49528,
              9.84927
            ],
            [
              76.49538,
              9.8493
            ],
            [
              76.49566,
              9.84937
            ],
            [
              76.49601,
              9.84944
            ],
            [
              76.49618,
              9.84953
            ],
            [
              76.49633,
              9.84959
            ],
            [
              76.49649,
              9.84967
            ],
            [
              76.49659,
              9.84972
            ],
            [
              76.49668,
              9.84975
            ],
            [
              76.49683,
              9.84979
            ],
            [
              76.49694,
              9.84984
            ],
            [
              76.49704,
              9.84985
            ],
            [
              76.49719,
              9.84989
            ],
            [
              76.49733,
              9.84995
            ],
            [
              76.49745,
              9.84998
            ],
            [
              76.49757,
              9.85006
            ],
            [
              76.49767,
              9.85011
            ],
            [
              76.49785,
              9.85016
            ],
            [
              76.49807,
              9.85024
            ],
            [
              76.49819,
              9.85027
            ],
            [
              76.49831,
              9.85033
            ],
            [
              76.49859,
              9.85051
            ],
            [
              76.49868,
              9.85057
            ],
            [
              76.49881,
              9.85065
            ],
            [
              76.49899,
              9.85079
            ],
            [
              76.4991,
              9.8509
            ],
            [
              76.49921,
              9.85092
            ],
            [
              76.4994,
              9.85109
            ],
            [
              76.49952,
              9.85118
            ],
            [
              76.49965,
              9.85126
            ],
            [
              76.4998,
              9.8513
            ],
            [
              76.49994,
              9.85131
            ],
            [
              76.50009,
              9.85131
            ],
            [
              76.50028,
              9.85129
            ],
            [
              76.50045,
              9.85128
            ],
            [
              76.5006,
              9.85123
            ],
            [
              76.50071,
              9.85116
            ],
            [
              76.50204,
              9.8507
            ],
            [
              76.50272,
              9.85033
            ],
            [
              76.50318,
              9.85033
            ],
            [
              76.50355,
              9.85033
            ],
            [
              76.50423,
              9.85064
            ],
            [
              76.5047,
              9.85074
            ],
            [
              76.50569,
              9.85022
            ],
            [
              76.50636,
              9.85006
            ],
            [
              76.50678,
              9.85032
            ],
            [
              76.507,
              9.85094
            ],
            [
              76.507,
              9.85135
            ],
            [
              76.50737,
              9.8515
            ],
            [
              76.50783,
              9.8513
            ],
            [
              76.50898,
              9.85088
            ],
            [
              76.51002,
              9.85077
            ],
            [
              76.51075,
              9.85051
            ],
            [
              76.51121,
              9.84999
            ],
            [
              76.5121,
              9.84921
            ],
            [
              76.51293,
              9.8491
            ],
            [
              76.51311,
              9.84899
            ],
            [
              76.51428,
              9.84827
            ],
            [
              76.51491,
              9.84821
            ],
            [
              76.5159,
              9.84831
            ],
            [
              76.51621,
              9.84831
            ],
            [
              76.51637,
              9.84774
            ],
            [
              76.51642,
              9.84722
            ],
            [
              76.51673,
              9.84644
            ],
            [
              76.51667,
              9.84594
            ],
            [
              76.51652,
              9.84546
            ],
            [
              76.51607,
              9.84257
            ],
            [
              76.51613,
              9.84226
            ],
            [
              76.51627,
              9.84157
            ],
            [
              76.51694,
              9.84074
            ],
            [
              76.51746,
              9.84042
            ],
            [
              76.51788,
              9.83933
            ],
            [
              76.51918,
              9.83799
            ],
            [
              76.51943,
              9.83764
            ],
            [
              76.51948,
              9.83757
            ],
            [
              76.51943,
              9.83659
            ],
            [
              76.52036,
              9.83591
            ],
            [
              76.52073,
              9.83555
            ],
            [
              76.52077,
              9.83521
            ],
            [
              76.52088,
              9.83415
            ],
            [
              76.52009,
              9.83389
            ],
            [
              76.51967,
              9.83343
            ],
            [
              76.5206,
              9.83058
            ],
            [
              76.52136,
              9.82743
            ],
            [
              76.52198,
              9.82411
            ],
            [
              76.52207,
              9.82389
            ],
            [
              76.52218,
              9.8236
            ],
            [
              76.523,
              9.82356
            ],
            [
              76.52354,
              9.82354
            ],
            [
              76.52401,
              9.82447
            ],
            [
              76.52448,
              9.82524
            ],
            [
              76.5259,
              9.82647
            ],
            [
              76.52631,
              9.82657
            ],
            [
              76.52694,
              9.8258
            ],
            [
              76.52702,
              9.82578
            ],
            [
              76.52792,
              9.82553
            ],
            [
              76.52818,
              9.82552
            ],
            [
              76.53027,
              9.82542
            ],
            [
              76.53136,
              9.82515
            ],
            [
              76.53214,
              9.82479
            ],
            [
              76.53277,
              9.82484
            ],
            [
              76.53308,
              9.8251
            ],
            [
              76.53366,
              9.82504
            ],
            [
              76.53464,
              9.82431
            ],
            [
              76.53787,
              9.82292
            ],
            [
              76.53797,
              9.82288
            ],
            [
              76.53985,
              9.82207
            ],
            [
              76.54103,
              9.82145
            ],
            [
              76.54093,
              9.81997
            ],
            [
              76.54092,
              9.8198
            ],
            [
              76.54073,
              9.81401
            ],
            [
              76.54204,
              9.81384
            ],
            [
              76.54323,
              9.81333
            ],
            [
              76.546,
              9.81321
            ],
            [
              76.54615,
              9.81279
            ],
            [
              76.54505,
              9.81177
            ],
            [
              76.54436,
              9.81006
            ],
            [
              76.54363,
              9.80882
            ],
            [
              76.54388,
              9.80634
            ],
            [
              76.54471,
              9.80556
            ],
            [
              76.54528,
              9.80442
            ],
            [
              76.54621,
              9.80411
            ],
            [
              76.54752,
              9.8041
            ],
            [
              76.54798,
              9.80379
            ],
            [
              76.54755,
              9.80136
            ],
            [
              76.5476,
              9.80102
            ],
            [
              76.54766,
              9.80063
            ],
            [
              76.54844,
              9.80001
            ],
            [
              76.54874,
              9.79944
            ],
            [
              76.54916,
              9.79949
            ],
            [
              76.54918,
              9.79952
            ],
            [
              76.55005,
              9.80062
            ],
            [
              76.55042,
              9.80095
            ],
            [
              76.55052,
              9.80104
            ],
            [
              76.55115,
              9.80134
            ],
            [
              76.55214,
              9.80129
            ],
            [
              76.55235,
              9.80133
            ],
            [
              76.55272,
              9.80135
            ],
            [
              76.5557,
              9.8015
            ],
            [
              76.55604,
              9.80152
            ],
            [
              76.55657,
              9.80154
            ],
            [
              76.55726,
              9.80157
            ],
            [
              76.5579,
              9.80203
            ],
            [
              76.55797,
              9.80263
            ],
            [
              76.55874,
              9.80349
            ],
            [
              76.55871,
              9.80551
            ],
            [
              76.55826,
              9.80747
            ],
            [
              76.55839,
              9.80827
            ],
            [
              76.55893,
              9.80906
            ],
            [
              76.5594,
              9.80939
            ],
            [
              76.56004,
              9.80987
            ],
            [
              76.56051,
              9.81022
            ],
            [
              76.56075,
              9.81051
            ],
            [
              76.56028,
              9.81178
            ],
            [
              76.55976,
              9.81327
            ],
            [
              76.55983,
              9.8145
            ],
            [
              76.55997,
              9.81473
            ],
            [
              76.56101,
              9.81635
            ],
            [
              76.56116,
              9.81655
            ],
            [
              76.56212,
              9.81777
            ],
            [
              76.56254,
              9.81839
            ],
            [
              76.56259,
              9.81847
            ],
            [
              76.56236,
              9.8193
            ],
            [
              76.56233,
              9.81973
            ],
            [
              76.56236,
              9.81996
            ],
            [
              76.56293,
              9.82045
            ],
            [
              76.56333,
              9.82066
            ],
            [
              76.56477,
              9.82018
            ],
            [
              76.56507,
              9.82005
            ],
            [
              76.56524,
              9.82034
            ],
            [
              76.56535,
              9.82068
            ],
            [
              76.56571,
              9.8218
            ],
            [
              76.56606,
              9.82193
            ],
            [
              76.56624,
              9.82198
            ],
            [
              76.56669,
              9.82206
            ],
            [
              76.56729,
              9.8223
            ],
            [
              76.56739,
              9.82342
            ],
            [
              76.5697,
              9.82388
            ],
            [
              76.5703,
              9.82327
            ],
            [
              76.57093,
              9.82291
            ],
            [
              76.5729,
              9.82233
            ],
            [
              76.57367,
              9.82203
            ],
            [
              76.57434,
              9.82136
            ],
            [
              76.57607,
              9.8198
            ],
            [
              76.57704,
              9.81916
            ],
            [
              76.57814,
              9.81919
            ],
            [
              76.57875,
              9.81992
            ],
            [
              76.57976,
              9.82131
            ],
            [
              76.58023,
              9.82154
            ],
            [
              76.5817,
              9.82173
            ],
            [
              76.58193,
              9.82193
            ],
            [
              76.582,
              9.82199
            ],
            [
              76.58299,
              9.82511
            ],
            [
              76.5832,
              9.82614
            ],
            [
              76.58324,
              9.82636
            ],
            [
              76.58326,
              9.82653
            ],
            [
              76.58325,
              9.82661
            ],
            [
              76.58316,
              9.82739
            ],
            [
              76.58263,
              9.82863
            ],
            [
              76.58247,
              9.82919
            ],
            [
              76.58197,
              9.82995
            ],
            [
              76.58178,
              9.83152
            ],
            [
              76.5819,
              9.8354
            ],
            [
              76.58207,
              9.83599
            ],
            [
              76.58256,
              9.83644
            ],
            [
              76.58284,
              9.83669
            ],
            [
              76.58361,
              9.83708
            ],
            [
              76.58346,
              9.83754
            ],
            [
              76.58318,
              9.83843
            ],
            [
              76.58302,
              9.83894
            ],
            [
              76.58199,
              9.84144
            ],
            [
              76.58167,
              9.8431
            ],
            [
              76.58162,
              9.84319
            ],
            [
              76.58297,
              9.84299
            ],
            [
              76.58524,
              9.84222
            ],
            [
              76.58569,
              9.84219
            ],
            [
              76.58684,
              9.84211
            ],
            [
              76.58781,
              9.84207
            ],
            [
              76.58875,
              9.84203
            ],
            [
              76.59006,
              9.84351
            ],
            [
              76.59044,
              9.84348
            ],
            [
              76.59059,
              9.84326
            ],
            [
              76.59084,
              9.8426
            ],
            [
              76.59117,
              9.84198
            ],
            [
              76.5914,
              9.84183
            ],
            [
              76.59167,
              9.84177
            ],
            [
              76.592,
              9.84189
            ],
            [
              76.59272,
              9.84206
            ],
            [
              76.59306,
              9.84203
            ],
            [
              76.59305,
              9.8418
            ],
            [
              76.59313,
              9.84152
            ],
            [
              76.5934,
              9.84147
            ],
            [
              76.59315,
              9.84312
            ],
            [
              76.59292,
              9.84406
            ],
            [
              76.59343,
              9.84412
            ],
            [
              76.59347,
              9.8444
            ],
            [
              76.59357,
              9.84513
            ],
            [
              76.59477,
              9.84446
            ],
            [
              76.59495,
              9.84499
            ],
            [
              76.59428,
              9.84549
            ],
            [
              76.59445,
              9.84626
            ],
            [
              76.59559,
              9.84622
            ],
            [
              76.59565,
              9.84623
            ],
            [
              76.5967,
              9.84641
            ],
            [
              76.59776,
              9.84528
            ],
            [
              76.59795,
              9.84529
            ],
            [
              76.5986,
              9.84534
            ],
            [
              76.59957,
              9.8454
            ],
            [
              76.60023,
              9.84556
            ],
            [
              76.60087,
              9.84572
            ],
            [
              76.60141,
              9.84562
            ],
            [
              76.60177,
              9.84549
            ],
            [
              76.60278,
              9.84548
            ],
            [
              76.60361,
              9.84541
            ],
            [
              76.60385,
              9.84535
            ],
            [
              76.60419,
              9.84487
            ],
            [
              76.60431,
              9.84471
            ],
            [
              76.60603,
              9.84202
            ],
            [
              76.60611,
              9.84193
            ],
            [
              76.60634,
              9.84152
            ],
            [
              76.60757,
              9.84002
            ],
            [
              76.60841,
              9.84055
            ],
            [
              76.60877,
              9.84001
            ],
            [
              76.61004,
              9.84037
            ],
            [
              76.60988,
              9.842
            ],
            [
              76.61116,
              9.84249
            ],
            [
              76.61156,
              9.84242
            ],
            [
              76.61216,
              9.84159
            ],
            [
              76.61282,
              9.83999
            ],
            [
              76.61321,
              9.83867
            ],
            [
              76.61358,
              9.83867
            ],
            [
              76.61372,
              9.83922
            ],
            [
              76.61476,
              9.83922
            ],
            [
              76.61569,
              9.83799
            ],
            [
              76.61622,
              9.83765
            ],
            [
              76.61637,
              9.83766
            ],
            [
              76.61729,
              9.83772
            ],
            [
              76.61742,
              9.83772
            ],
            [
              76.61762,
              9.83732
            ],
            [
              76.61846,
              9.83744
            ],
            [
              76.61836,
              9.83798
            ],
            [
              76.61896,
              9.83811
            ],
            [
              76.6186,
              9.83937
            ],
            [
              76.61811,
              9.84067
            ],
            [
              76.61744,
              9.8414
            ],
            [
              76.61684,
              9.8421
            ],
            [
              76.61621,
              9.84333
            ],
            [
              76.61548,
              9.84416
            ],
            [
              76.61358,
              9.84603
            ],
            [
              76.61235,
              9.8476
            ],
            [
              76.61126,
              9.84883
            ],
            [
              76.61133,
              9.85032
            ],
            [
              76.61123,
              9.85135
            ],
            [
              76.61227,
              9.85161
            ],
            [
              76.6125,
              9.8533
            ],
            [
              76.61291,
              9.85416
            ],
            [
              76.6131,
              9.85396
            ],
            [
              76.61386,
              9.85319
            ],
            [
              76.61422,
              9.85283
            ],
            [
              76.61481,
              9.85276
            ],
            [
              76.61576,
              9.85266
            ],
            [
              76.61593,
              9.85263
            ],
            [
              76.61784,
              9.85235
            ],
            [
              76.61824,
              9.85327
            ],
            [
              76.61919,
              9.85513
            ],
            [
              76.6194,
              9.85563
            ],
            [
              76.61943,
              9.85632
            ],
            [
              76.62023,
              9.85658
            ],
            [
              76.62082,
              9.85643
            ],
            [
              76.62117,
              9.85658
            ],
            [
              76.62161,
              9.85711
            ],
            [
              76.62171,
              9.85711
            ],
            [
              76.62462,
              9.85716
            ],
            [
              76.62523,
              9.85739
            ],
            [
              76.62579,
              9.85805
            ],
            [
              76.62726,
              9.85718
            ],
            [
              76.62796,
              9.85693
            ],
            [
              76.6291,
              9.85651
            ],
            [
              76.63071,
              9.85587
            ],
            [
              76.63097,
              9.8564
            ],
            [
              76.6341,
              9.85749
            ],
            [
              76.63407,
              9.8576
            ],
            [
              76.63353,
              9.85983
            ],
            [
              76.63436,
              9.86268
            ],
            [
              76.63542,
              9.86309
            ],
            [
              76.63663,
              9.86443
            ],
            [
              76.63659,
              9.86525
            ],
            [
              76.63529,
              9.86499
            ],
            [
              76.63466,
              9.86513
            ],
            [
              76.63471,
              9.86539
            ],
            [
              76.63494,
              9.86664
            ],
            [
              76.63458,
              9.8671
            ],
            [
              76.63446,
              9.86936
            ],
            [
              76.63402,
              9.87057
            ],
            [
              76.63382,
              9.87266
            ],
            [
              76.63466,
              9.87396
            ],
            [
              76.63702,
              9.87421
            ],
            [
              76.63764,
              9.87428
            ],
            [
              76.63793,
              9.87467
            ],
            [
              76.63789,
              9.87524
            ],
            [
              76.6372,
              9.87858
            ],
            [
              76.63706,
              9.88145
            ],
            [
              76.63735,
              9.88242
            ],
            [
              76.6375,
              9.88287
            ],
            [
              76.63764,
              9.88331
            ],
            [
              76.63748,
              9.88448
            ],
            [
              76.63746,
              9.88464
            ],
            [
              76.63698,
              9.8846
            ],
            [
              76.63622,
              9.8849
            ],
            [
              76.63604,
              9.88497
            ],
            [
              76.63581,
              9.88506
            ],
            [
              76.63561,
              9.88504
            ],
            [
              76.63322,
              9.88475
            ],
            [
              76.63268,
              9.8862
            ],
            [
              76.63265,
              9.88628
            ],
            [
              76.63275,
              9.88714
            ],
            [
              76.63203,
              9.88845
            ],
            [
              76.63188,
              9.88967
            ],
            [
              76.63234,
              9.89148
            ],
            [
              76.63214,
              9.89224
            ],
            [
              76.63256,
              9.89274
            ],
            [
              76.63179,
              9.89557
            ],
            [
              76.63122,
              9.89796
            ],
            [
              76.62989,
              9.90006
            ],
            [
              76.62963,
              9.90102
            ],
            [
              76.63117,
              9.90154
            ],
            [
              76.63165,
              9.90301
            ],
            [
              76.63195,
              9.90392
            ],
            [
              76.63327,
              9.90512
            ],
            [
              76.63307,
              9.90646
            ],
            [
              76.63292,
              9.9075
            ],
            [
              76.63248,
              9.90836
            ],
            [
              76.63233,
              9.90866
            ],
            [
              76.63205,
              9.9105
            ],
            [
              76.63196,
              9.91111
            ],
            [
              76.63057,
              9.91195
            ],
            [
              76.63103,
              9.91325
            ],
            [
              76.63305,
              9.91514
            ],
            [
              76.63333,
              9.91573
            ],
            [
              76.63472,
              9.91597
            ],
            [
              76.63492,
              9.916
            ],
            [
              76.63592,
              9.91703
            ],
            [
              76.6372,
              9.9171
            ],
            [
              76.63801,
              9.91715
            ],
            [
              76.6384,
              9.91717
            ],
            [
              76.64113,
              9.91733
            ],
            [
              76.6416,
              9.9173
            ],
            [
              76.64228,
              9.91722
            ],
            [
              76.64243,
              9.91722
            ],
            [
              76.64257,
              9.91723
            ],
            [
              76.64274,
              9.91726
            ],
            [
              76.64284,
              9.91729
            ],
            [
              76.64293,
              9.91732
            ],
            [
              76.64308,
              9.91738
            ],
            [
              76.6432,
              9.91743
            ],
            [
              76.64354,
              9.9176
            ],
            [
              76.64366,
              9.91765
            ],
            [
              76.64379,
              9.91772
            ],
            [
              76.64393,
              9.9178
            ],
            [
              76.64405,
              9.91788
            ],
            [
              76.64415,
              9.91793
            ],
            [
              76.64428,
              9.91803
            ],
            [
              76.64434,
              9.91807
            ],
            [
              76.64441,
              9.91812
            ],
            [
              76.64453,
              9.91822
            ],
            [
              76.64461,
              9.91831
            ],
            [
              76.64474,
              9.91843
            ],
            [
              76.64481,
              9.9185
            ],
            [
              76.64488,
              9.91856
            ],
            [
              76.64505,
              9.91868
            ],
            [
              76.64519,
              9.91879
            ],
            [
              76.64533,
              9.91888
            ],
            [
              76.64556,
              9.91903
            ],
            [
              76.64574,
              9.91914
            ],
            [
              76.64601,
              9.9193
            ],
            [
              76.64629,
              9.91944
            ],
            [
              76.64643,
              9.91951
            ],
            [
              76.64657,
              9.91955
            ],
            [
              76.6467,
              9.91959
            ],
            [
              76.64682,
              9.91961
            ],
            [
              76.64706,
              9.91965
            ],
            [
              76.64738,
              9.91968
            ],
            [
              76.64749,
              9.91969
            ],
            [
              76.64781,
              9.91972
            ],
            [
              76.64805,
              9.91976
            ],
            [
              76.64822,
              9.9198
            ],
            [
              76.64834,
              9.91984
            ],
            [
              76.64842,
              9.91987
            ],
            [
              76.64857,
              9.91993
            ],
            [
              76.64869,
              9.92001
            ],
            [
              76.64881,
              9.9201
            ],
            [
              76.6489,
              9.92017
            ],
            [
              76.64907,
              9.92031
            ],
            [
              76.6492,
              9.92041
            ],
            [
              76.64938,
              9.92057
            ],
            [
              76.64956,
              9.92074
            ],
            [
              76.64966,
              9.92083
            ],
            [
              76.64995,
              9.9207
            ],
            [
              76.65006,
              9.92067
            ],
            [
              76.6502,
              9.92061
            ],
            [
              76.65029,
              9.92058
            ],
            [
              76.65038,
              9.92054
            ],
            [
              76.65083,
              9.92034
            ],
            [
              76.65103,
              9.92025
            ],
            [
              76.65125,
              9.92014
            ],
            [
              76.65137,
              9.92007
            ],
            [
              76.65148,
              9.91999
            ],
            [
              76.65155,
              9.91989
            ],
            [
              76.65161,
              9.91978
            ],
            [
              76.6516,
              9.9195
            ],
            [
              76.65165,
              9.9194
            ],
            [
              76.65178,
              9.91932
            ],
            [
              76.65187,
              9.91928
            ],
            [
              76.65196,
              9.91925
            ],
            [
              76.65211,
              9.91921
            ],
            [
              76.65224,
              9.91917
            ],
            [
              76.65236,
              9.91912
            ],
            [
              76.65247,
              9.91906
            ],
            [
              76.65258,
              9.91897
            ],
            [
              76.65265,
              9.91888
            ],
            [
              76.65269,
              9.91876
            ],
            [
              76.65278,
              9.91864
            ],
            [
              76.65269,
              9.91844
            ],
            [
              76.65268,
              9.91833
            ],
            [
              76.65277,
              9.91817
            ],
            [
              76.65286,
              9.91809
            ],
            [
              76.65311,
              9.91818
            ],
            [
              76.65323,
              9.91813
            ],
            [
              76.65335,
              9.9181
            ],
            [
              76.65351,
              9.91808
            ],
            [
              76.65372,
              9.91823
            ],
            [
              76.65387,
              9.91816
            ],
            [
              76.65411,
              9.91808
            ],
            [
              76.65443,
              9.91798
            ],
            [
              76.65467,
              9.91792
            ],
            [
              76.65503,
              9.91782
            ],
            [
              76.6554,
              9.91773
            ],
            [
              76.65556,
              9.91769
            ],
            [
              76.65571,
              9.91765
            ],
            [
              76.65583,
              9.91763
            ],
            [
              76.65595,
              9.91761
            ],
            [
              76.65605,
              9.91759
            ],
            [
              76.65621,
              9.91758
            ],
            [
              76.65634,
              9.91757
            ],
            [
              76.65645,
              9.91758
            ],
            [
              76.65662,
              9.9176
            ],
            [
              76.65674,
              9.91763
            ],
            [
              76.65684,
              9.91767
            ],
            [
              76.65693,
              9.91772
            ],
            [
              76.65704,
              9.9178
            ],
            [
              76.65715,
              9.91789
            ],
            [
              76.65726,
              9.91802
            ],
            [
              76.65739,
              9.91819
            ],
            [
              76.65744,
              9.91826
            ],
            [
              76.6575,
              9.91836
            ],
            [
              76.65757,
              9.91849
            ],
            [
              76.65763,
              9.9186
            ],
            [
              76.6577,
              9.91875
            ],
            [
              76.65775,
              9.91886
            ],
            [
              76.65779,
              9.91894
            ],
            [
              76.65781,
              9.91898
            ],
            [
              76.65787,
              9.91909
            ],
            [
              76.65793,
              9.91921
            ],
            [
              76.65798,
              9.9193
            ],
            [
              76.65806,
              9.91942
            ],
            [
              76.65812,
              9.9195
            ],
            [
              76.65818,
              9.91958
            ],
            [
              76.65827,
              9.91969
            ],
            [
              76.65839,
              9.9198
            ],
            [
              76.65843,
              9.91983
            ],
            [
              76.65847,
              9.91985
            ],
            [
              76.65859,
              9.91989
            ],
            [
              76.65871,
              9.91992
            ],
            [
              76.65879,
              9.91992
            ],
            [
              76.65883,
              9.91992
            ],
            [
              76.65893,
              9.9199
            ],
            [
              76.65902,
              9.91986
            ],
            [
              76.65913,
              9.91978
            ],
            [
              76.65922,
              9.91967
            ],
            [
              76.65929,
              9.91957
            ],
            [
              76.65957,
              9.91919
            ],
            [
              76.65982,
              9.91884
            ],
            [
              76.66001,
              9.91859
            ],
            [
              76.66009,
              9.91846
            ],
            [
              76.66018,
              9.91833
            ],
            [
              76.66023,
              9.91824
            ],
            [
              76.66033,
              9.91806
            ],
            [
              76.66061,
              9.91752
            ],
            [
              76.6607,
              9.91734
            ],
            [
              76.66076,
              9.91723
            ],
            [
              76.66077,
              9.91721
            ],
            [
              76.66083,
              9.91712
            ],
            [
              76.66088,
              9.91705
            ],
            [
              76.66097,
              9.91691
            ],
            [
              76.66104,
              9.91681
            ],
            [
              76.66114,
              9.91672
            ],
            [
              76.66126,
              9.91662
            ],
            [
              76.66138,
              9.91648
            ],
            [
              76.66149,
              9.91638
            ],
            [
              76.66159,
              9.91632
            ],
            [
              76.6617,
              9.91627
            ],
            [
              76.66208,
              9.91615
            ],
            [
              76.66222,
              9.91611
            ],
            [
              76.66234,
              9.91606
            ],
            [
              76.66243,
              9.91603
            ],
            [
              76.66255,
              9.91599
            ],
            [
              76.66271,
              9.91596
            ],
            [
              76.66298,
              9.91595
            ],
            [
              76.66315,
              9.91594
            ],
            [
              76.6632,
              9.91594
            ],
            [
              76.6637,
              9.91592
            ],
            [
              76.66402,
              9.91589
            ],
            [
              76.66406,
              9.91589
            ],
            [
              76.66419,
              9.91588
            ],
            [
              76.66436,
              9.91589
            ],
            [
              76.66455,
              9.9159
            ],
            [
              76.66466,
              9.9159
            ],
            [
              76.66487,
              9.91591
            ],
            [
              76.66503,
              9.91591
            ],
            [
              76.66516,
              9.91592
            ],
            [
              76.6653,
              9.91595
            ],
            [
              76.66546,
              9.91599
            ],
            [
              76.66575,
              9.91606
            ],
            [
              76.66594,
              9.91611
            ],
            [
              76.6661,
              9.91615
            ],
            [
              76.66619,
              9.91618
            ],
            [
              76.66648,
              9.91628
            ],
            [
              76.66675,
              9.91636
            ],
            [
              76.66701,
              9.91645
            ],
            [
              76.66714,
              9.91648
            ],
            [
              76.66726,
              9.91651
            ],
            [
              76.66757,
              9.91657
            ],
            [
              76.66777,
              9.91659
            ],
            [
              76.66797,
              9.91663
            ],
            [
              76.66829,
              9.91671
            ],
            [
              76.66839,
              9.91673
            ],
            [
              76.66856,
              9.91677
            ],
            [
              76.66871,
              9.91681
            ],
            [
              76.66913,
              9.91695
            ],
            [
              76.66947,
              9.91704
            ],
            [
              76.66962,
              9.91708
            ],
            [
              76.66974,
              9.91713
            ],
            [
              76.66989,
              9.91719
            ],
            [
              76.67043,
              9.91745
            ],
            [
              76.67064,
              9.91755
            ],
            [
              76.67078,
              9.91761
            ],
            [
              76.67093,
              9.91766
            ],
            [
              76.67121,
              9.91774
            ],
            [
              76.67161,
              9.91786
            ],
            [
              76.67174,
              9.91791
            ],
            [
              76.67187,
              9.91797
            ],
            [
              76.67201,
              9.91805
            ],
            [
              76.67211,
              9.91811
            ],
            [
              76.67238,
              9.91822
            ],
            [
              76.67266,
              9.91834
            ],
            [
              76.67288,
              9.91843
            ],
            [
              76.67298,
              9.91847
            ],
            [
              76.67311,
              9.91852
            ],
            [
              76.67322,
              9.91855
            ],
            [
              76.67336,
              9.91858
            ],
            [
              76.6735,
              9.91859
            ],
            [
              76.67367,
              9.9186
            ],
            [
              76.67381,
              9.9186
            ],
            [
              76.6739,
              9.9186
            ],
            [
              76.67405,
              9.91859
            ],
            [
              76.67427,
              9.91858
            ],
            [
              76.67439,
              9.91858
            ],
            [
              76.67451,
              9.91857
            ],
            [
              76.67518,
              9.9182
            ],
            [
              76.67529,
              9.91814
            ],
            [
              76.6754,
              9.91805
            ],
            [
              76.67583,
              9.91768
            ],
            [
              76.67605,
              9.91748
            ],
            [
              76.67617,
              9.91738
            ],
            [
              76.6763,
              9.91727
            ],
            [
              76.67658,
              9.9171
            ],
            [
              76.67685,
              9.91691
            ],
            [
              76.67697,
              9.91683
            ],
            [
              76.67707,
              9.91677
            ],
            [
              76.6772,
              9.9167
            ],
            [
              76.67731,
              9.91665
            ],
            [
              76.67743,
              9.91662
            ],
            [
              76.67793,
              9.91682
            ],
            [
              76.67804,
              9.91679
            ],
            [
              76.67816,
              9.91676
            ],
            [
              76.67829,
              9.9167
            ],
            [
              76.67838,
              9.91665
            ],
            [
              76.67848,
              9.91659
            ],
            [
              76.67858,
              9.91654
            ],
            [
              76.67872,
              9.91647
            ],
            [
              76.67884,
              9.91643
            ],
            [
              76.67895,
              9.91639
            ],
            [
              76.67908,
              9.91638
            ],
            [
              76.67924,
              9.91638
            ],
            [
              76.67938,
              9.91639
            ],
            [
              76.67951,
              9.9164
            ],
            [
              76.67965,
              9.91643
            ],
            [
              76.6798,
              9.91647
            ],
            [
              76.68008,
              9.91655
            ],
            [
              76.68018,
              9.91658
            ],
            [
              76.68029,
              9.91662
            ],
            [
              76.68084,
              9.91684
            ],
            [
              76.68131,
              9.91703
            ],
            [
              76.68142,
              9.91706
            ],
            [
              76.68155,
              9.91708
            ],
            [
              76.68174,
              9.91709
            ],
            [
              76.68193,
              9.9171
            ],
            [
              76.6822,
              9.91712
            ],
            [
              76.68248,
              9.91714
            ],
            [
              76.68253,
              9.91714
            ],
            [
              76.68259,
              9.91713
            ],
            [
              76.68271,
              9.9171
            ],
            [
              76.68279,
              9.91704
            ],
            [
              76.68285,
              9.91695
            ],
            [
              76.68289,
              9.91686
            ],
            [
              76.6829,
              9.91677
            ],
            [
              76.68287,
              9.91658
            ],
            [
              76.68284,
              9.9164
            ],
            [
              76.68278,
              9.9161
            ],
            [
              76.68267,
              9.91565
            ],
            [
              76.68263,
              9.91543
            ],
            [
              76.6826,
              9.9152
            ],
            [
              76.68258,
              9.91504
            ],
            [
              76.68256,
              9.91488
            ],
            [
              76.68256,
              9.91473
            ],
            [
              76.68255,
              9.91462
            ],
            [
              76.68255,
              9.91451
            ],
            [
              76.68256,
              9.91434
            ],
            [
              76.68256,
              9.91416
            ],
            [
              76.68252,
              9.91383
            ],
            [
              76.68252,
              9.91371
            ],
            [
              76.68252,
              9.91361
            ],
            [
              76.68255,
              9.91349
            ],
            [
              76.68259,
              9.9134
            ],
            [
              76.68266,
              9.91325
            ],
            [
              76.68271,
              9.91314
            ],
            [
              76.68273,
              9.91304
            ],
            [
              76.68274,
              9.91293
            ],
            [
              76.68276,
              9.91279
            ],
            [
              76.68278,
              9.91266
            ],
            [
              76.68282,
              9.91256
            ],
            [
              76.68288,
              9.91247
            ],
            [
              76.68295,
              9.91237
            ],
            [
              76.683,
              9.91226
            ],
            [
              76.68305,
              9.91213
            ],
            [
              76.68311,
              9.91199
            ],
            [
              76.68318,
              9.91184
            ],
            [
              76.68333,
              9.91162
            ],
            [
              76.68345,
              9.91146
            ],
            [
              76.68355,
              9.91134
            ],
            [
              76.68363,
              9.91118
            ],
            [
              76.68379,
              9.91109
            ],
            [
              76.68392,
              9.91092
            ],
            [
              76.68412,
              9.91072
            ],
            [
              76.68432,
              9.91055
            ],
            [
              76.68449,
              9.91043
            ],
            [
              76.68456,
              9.91038
            ],
            [
              76.68465,
              9.91031
            ],
            [
              76.68479,
              9.91022
            ],
            [
              76.68505,
              9.91008
            ],
            [
              76.68524,
              9.90999
            ],
            [
              76.68539,
              9.90993
            ],
            [
              76.68563,
              9.90986
            ],
            [
              76.68586,
              9.9098
            ],
            [
              76.68598,
              9.90978
            ],
            [
              76.68608,
              9.90978
            ],
            [
              76.68623,
              9.90977
            ],
            [
              76.68637,
              9.90976
            ],
            [
              76.68652,
              9.90974
            ],
            [
              76.68666,
              9.90971
            ],
            [
              76.68686,
              9.90967
            ],
            [
              76.68704,
              9.90963
            ],
            [
              76.6872,
              9.90959
            ],
            [
              76.68734,
              9.90955
            ],
            [
              76.68749,
              9.9095
            ],
            [
              76.68759,
              9.90947
            ],
            [
              76.68766,
              9.90944
            ],
            [
              76.68781,
              9.90938
            ],
            [
              76.68794,
              9.90932
            ],
            [
              76.68811,
              9.90922
            ],
            [
              76.68822,
              9.90914
            ],
            [
              76.68932,
              9.90831
            ],
            [
              76.68942,
              9.90824
            ],
            [
              76.69004,
              9.90792
            ],
            [
              76.69014,
              9.90788
            ],
            [
              76.69048,
              9.90775
            ],
            [
              76.69062,
              9.90769
            ],
            [
              76.69078,
              9.90762
            ],
            [
              76.69092,
              9.90756
            ],
            [
              76.69105,
              9.90751
            ],
            [
              76.69121,
              9.90747
            ],
            [
              76.69138,
              9.90743
            ],
            [
              76.6915,
              9.90741
            ],
            [
              76.69164,
              9.90739
            ],
            [
              76.69175,
              9.90738
            ],
            [
              76.69189,
              9.90739
            ],
            [
              76.69215,
              9.90746
            ],
            [
              76.69227,
              9.90747
            ],
            [
              76.69241,
              9.90745
            ],
            [
              76.69254,
              9.90741
            ],
            [
              76.69265,
              9.90738
            ],
            [
              76.6928,
              9.90732
            ],
            [
              76.69297,
              9.90727
            ],
            [
              76.69334,
              9.90718
            ],
            [
              76.69362,
              9.90711
            ],
            [
              76.69383,
              9.90706
            ],
            [
              76.69415,
              9.907
            ],
            [
              76.69424,
              9.90698
            ],
            [
              76.69431,
              9.90697
            ],
            [
              76.69448,
              9.90694
            ],
            [
              76.69461,
              9.90694
            ],
            [
              76.69472,
              9.90696
            ],
            [
              76.69485,
              9.907
            ],
            [
              76.69498,
              9.90706
            ],
            [
              76.6951,
              9.90713
            ],
            [
              76.69518,
              9.9072
            ],
            [
              76.69527,
              9.90725
            ],
            [
              76.69529,
              9.90726
            ],
            [
              76.69546,
              9.90729
            ],
            [
              76.69599,
              9.90751
            ],
            [
              76.69607,
              9.90756
            ],
            [
              76.69617,
              9.90761
            ],
            [
              76.69637,
              9.90767
            ],
            [
              76.69655,
              9.90772
            ],
            [
              76.69657,
              9.90773
            ],
            [
              76.69668,
              9.90778
            ],
            [
              76.69678,
              9.90782
            ],
            [
              76.69697,
              9.9079
            ],
            [
              76.69717,
              9.90798
            ],
            [
              76.69737,
              9.90808
            ],
            [
              76.69756,
              9.9082
            ],
            [
              76.69768,
              9.90829
            ],
            [
              76.69785,
              9.90843
            ],
            [
              76.69792,
              9.90851
            ],
            [
              76.69799,
              9.90861
            ],
            [
              76.69809,
              9.90879
            ],
            [
              76.69819,
              9.90898
            ],
            [
              76.69825,
              9.90909
            ],
            [
              76.69833,
              9.90921
            ],
            [
              76.69844,
              9.90932
            ],
            [
              76.69856,
              9.90938
            ],
            [
              76.69864,
              9.9094
            ],
            [
              76.69876,
              9.90944
            ],
            [
              76.69888,
              9.90948
            ],
            [
              76.69892,
              9.9095
            ],
            [
              76.69897,
              9.90952
            ],
            [
              76.699,
              9.90952
            ],
            [
              76.69909,
              9.90951
            ],
            [
              76.69934,
              9.90934
            ],
            [
              76.69954,
              9.90918
            ],
            [
              76.69978,
              9.909
            ],
            [
              76.70001,
              9.90883
            ],
            [
              76.70161,
              9.90946
            ],
            [
              76.70163,
              9.90947
            ],
            [
              76.70308,
              9.91004
            ],
            [
              76.70316,
              9.91007
            ],
            [
              76.70362,
              9.91025
            ],
            [
              76.70344,
              9.91086
            ],
            [
              76.70341,
              9.91096
            ],
            [
              76.7029,
              9.91117
            ],
            [
              76.70243,
              9.91104
            ],
            [
              76.7018,
              9.91086
            ],
            [
              76.70154,
              9.9109
            ],
            [
              76.7009,
              9.91098
            ],
            [
              76.701,
              9.91244
            ],
            [
              76.70054,
              9.91322
            ],
            [
              76.70032,
              9.91382
            ],
            [
              76.70021,
              9.91412
            ],
            [
              76.70008,
              9.91448
            ],
            [
              76.70016,
              9.915
            ],
            [
              76.70017,
              9.91511
            ],
            [
              76.7007,
              9.91571
            ],
            [
              76.70161,
              9.91575
            ],
            [
              76.70194,
              9.91576
            ],
            [
              76.70289,
              9.91561
            ],
            [
              76.70344,
              9.91586
            ],
            [
              76.7035,
              9.91647
            ],
            [
              76.70287,
              9.91682
            ],
            [
              76.70215,
              9.91716
            ],
            [
              76.70155,
              9.91851
            ],
            [
              76.70106,
              9.91912
            ],
            [
              76.70043,
              9.91921
            ],
            [
              76.69999,
              9.91895
            ],
            [
              76.69999,
              9.91838
            ],
            [
              76.7003,
              9.91775
            ],
            [
              76.69995,
              9.91729
            ],
            [
              76.69912,
              9.91697
            ],
            [
              76.69816,
              9.91618
            ],
            [
              76.69781,
              9.91546
            ],
            [
              76.69772,
              9.91518
            ],
            [
              76.69765,
              9.91517
            ],
            [
              76.69734,
              9.91512
            ],
            [
              76.69682,
              9.91573
            ],
            [
              76.69585,
              9.91714
            ],
            [
              76.69522,
              9.91837
            ],
            [
              76.69569,
              9.9192
            ],
            [
              76.69584,
              9.91969
            ],
            [
              76.69564,
              9.92069
            ],
            [
              76.69512,
              9.92112
            ],
            [
              76.69428,
              9.92147
            ],
            [
              76.69411,
              9.92133
            ],
            [
              76.69388,
              9.92113
            ],
            [
              76.69324,
              9.92116
            ],
            [
              76.69313,
              9.92174
            ],
            [
              76.69267,
              9.92212
            ],
            [
              76.691,
              9.92249
            ],
            [
              76.68935,
              9.92308
            ],
            [
              76.6877,
              9.92323
            ],
            [
              76.68682,
              9.92336
            ],
            [
              76.68667,
              9.92343
            ],
            [
              76.68667,
              9.92398
            ],
            [
              76.68772,
              9.92478
            ],
            [
              76.68841,
              9.92549
            ],
            [
              76.68879,
              9.92612
            ],
            [
              76.68963,
              9.92652
            ],
            [
              76.69128,
              9.92668
            ],
            [
              76.69214,
              9.92685
            ],
            [
              76.69255,
              9.92699
            ],
            [
              76.69281,
              9.92762
            ],
            [
              76.69288,
              9.92853
            ],
            [
              76.69326,
              9.92985
            ],
            [
              76.69396,
              9.93102
            ],
            [
              76.69417,
              9.93129
            ],
            [
              76.69506,
              9.93242
            ],
            [
              76.69573,
              9.93265
            ],
            [
              76.69616,
              9.93242
            ],
            [
              76.69633,
              9.93164
            ],
            [
              76.69685,
              9.93167
            ],
            [
              76.69734,
              9.93121
            ],
            [
              76.69809,
              9.93077
            ],
            [
              76.69899,
              9.93106
            ],
            [
              76.69994,
              9.93076
            ],
            [
              76.70032,
              9.93057
            ],
            [
              76.70074,
              9.93036
            ],
            [
              76.70086,
              9.92993
            ],
            [
              76.70097,
              9.92875
            ],
            [
              76.70117,
              9.92866
            ],
            [
              76.70146,
              9.92887
            ],
            [
              76.7018,
              9.92923
            ],
            [
              76.70198,
              9.92998
            ],
            [
              76.70245,
              9.93047
            ],
            [
              76.70251,
              9.9308
            ],
            [
              76.70265,
              9.93158
            ],
            [
              76.70309,
              9.93209
            ],
            [
              76.7031,
              9.93301
            ],
            [
              76.70391,
              9.93412
            ],
            [
              76.70492,
              9.93449
            ],
            [
              76.70536,
              9.93527
            ],
            [
              76.70554,
              9.93553
            ],
            [
              76.70592,
              9.93607
            ],
            [
              76.70588,
              9.9371
            ],
            [
              76.70603,
              9.93805
            ],
            [
              76.70668,
              9.93956
            ],
            [
              76.70752,
              9.93986
            ],
            [
              76.70772,
              9.93993
            ],
            [
              76.70856,
              9.94021
            ],
            [
              76.70887,
              9.94072
            ],
            [
              76.70894,
              9.94084
            ],
            [
              76.70955,
              9.94138
            ],
            [
              76.71117,
              9.94169
            ],
            [
              76.71168,
              9.94206
            ],
            [
              76.71201,
              9.94229
            ],
            [
              76.71244,
              9.94294
            ],
            [
              76.71271,
              9.94489
            ],
            [
              76.71295,
              9.94523
            ],
            [
              76.71375,
              9.94425
            ],
            [
              76.71468,
              9.94402
            ],
            [
              76.71522,
              9.94336
            ],
            [
              76.7158,
              9.94295
            ],
            [
              76.71617,
              9.94304
            ],
            [
              76.71623,
              9.94424
            ],
            [
              76.71685,
              9.94516
            ],
            [
              76.71695,
              9.94578
            ],
            [
              76.71696,
              9.94584
            ],
            [
              76.71703,
              9.94624
            ],
            [
              76.71619,
              9.947
            ],
            [
              76.71509,
              9.94757
            ],
            [
              76.71438,
              9.94855
            ],
            [
              76.71384,
              9.94949
            ],
            [
              76.71378,
              9.95009
            ],
            [
              76.71439,
              9.95081
            ],
            [
              76.71477,
              9.95144
            ],
            [
              76.71489,
              9.95247
            ],
            [
              76.71535,
              9.95278
            ],
            [
              76.71596,
              9.95341
            ],
            [
              76.71631,
              9.95341
            ],
            [
              76.717,
              9.9534
            ],
            [
              76.7177,
              9.95357
            ],
            [
              76.71805,
              9.95386
            ],
            [
              76.71836,
              9.9536
            ],
            [
              76.71879,
              9.95279
            ],
            [
              76.71931,
              9.95279
            ],
            [
              76.71946,
              9.9533
            ],
            [
              76.71975,
              9.95364
            ],
            [
              76.72001,
              9.95324
            ],
            [
              76.72073,
              9.95275
            ],
            [
              76.72087,
              9.95212
            ],
            [
              76.72064,
              9.95169
            ],
            [
              76.72058,
              9.95141
            ],
            [
              76.72127,
              9.9512
            ],
            [
              76.72159,
              9.9514
            ],
            [
              76.72185,
              9.95174
            ],
            [
              76.72217,
              9.952
            ],
            [
              76.72269,
              9.95283
            ],
            [
              76.72298,
              9.953
            ],
            [
              76.72339,
              9.953
            ],
            [
              76.7235,
              9.95286
            ],
            [
              76.72409,
              9.95294
            ],
            [
              76.72427,
              9.95419
            ],
            [
              76.72444,
              9.95443
            ],
            [
              76.72492,
              9.95511
            ],
            [
              76.72543,
              9.95584
            ],
            [
              76.72578,
              9.9563
            ],
            [
              76.72612,
              9.95677
            ],
            [
              76.72549,
              9.95694
            ],
            [
              76.72489,
              9.95723
            ],
            [
              76.7235,
              9.9579
            ],
            [
              76.72243,
              9.9585
            ],
            [
              76.72195,
              9.95934
            ],
            [
              76.7217,
              9.9595
            ],
            [
              76.72108,
              9.95989
            ],
            [
              76.72048,
              9.96055
            ],
            [
              76.71971,
              9.96246
            ],
            [
              76.7193,
              9.96321
            ],
            [
              76.71844,
              9.96428
            ],
            [
              76.7168,
              9.965
            ],
            [
              76.71674,
              9.96523
            ],
            [
              76.71666,
              9.96589
            ],
            [
              76.71785,
              9.96655
            ],
            [
              76.71796,
              9.96712
            ],
            [
              76.71782,
              9.96806
            ],
            [
              76.71778,
              9.96867
            ],
            [
              76.71775,
              9.96917
            ],
            [
              76.71774,
              9.96927
            ],
            [
              76.7174,
              9.97021
            ],
            [
              76.71628,
              9.97091
            ],
            [
              76.71547,
              9.97114
            ],
            [
              76.7141,
              9.97275
            ],
            [
              76.71381,
              9.9743
            ],
            [
              76.71347,
              9.9759
            ],
            [
              76.71357,
              9.97765
            ],
            [
              76.71372,
              9.97928
            ],
            [
              76.71381,
              9.97945
            ],
            [
              76.71436,
              9.98054
            ],
            [
              76.71556,
              9.98186
            ],
            [
              76.7157,
              9.98197
            ],
            [
              76.71594,
              9.98215
            ],
            [
              76.71684,
              9.98315
            ],
            [
              76.71741,
              9.98286
            ],
            [
              76.71805,
              9.98317
            ],
            [
              76.71811,
              9.98386
            ],
            [
              76.7181,
              9.98407
            ],
            [
              76.71808,
              9.98448
            ],
            [
              76.71806,
              9.98486
            ],
            [
              76.71873,
              9.98557
            ],
            [
              76.71861,
              9.98596
            ],
            [
              76.71841,
              9.98664
            ],
            [
              76.71837,
              9.98677
            ],
            [
              76.71988,
              9.98666
            ],
            [
              76.72056,
              9.98628
            ],
            [
              76.72103,
              9.98611
            ],
            [
              76.7214,
              9.98562
            ],
            [
              76.72226,
              9.98427
            ],
            [
              76.72269,
              9.98381
            ],
            [
              76.72304,
              9.98346
            ],
            [
              76.72335,
              9.98317
            ],
            [
              76.72361,
              9.98265
            ],
            [
              76.72399,
              9.98218
            ],
            [
              76.72438,
              9.98154
            ],
            [
              76.72458,
              9.9813
            ],
            [
              76.72471,
              9.98115
            ],
            [
              76.72688,
              9.9816
            ],
            [
              76.72741,
              9.98171
            ],
            [
              76.72758,
              9.98175
            ],
            [
              76.72832,
              9.98207
            ],
            [
              76.72856,
              9.98217
            ],
            [
              76.72982,
              9.98277
            ],
            [
              76.7303,
              9.98322
            ],
            [
              76.73105,
              9.98394
            ],
            [
              76.73125,
              9.98415
            ],
            [
              76.73148,
              9.98438
            ],
            [
              76.73189,
              9.98481
            ],
            [
              76.73198,
              9.9849
            ],
            [
              76.73252,
              9.98522
            ],
            [
              76.73316,
              9.98546
            ],
            [
              76.73387,
              9.98548
            ],
            [
              76.73447,
              9.9853
            ],
            [
              76.735,
              9.98524
            ],
            [
              76.73553,
              9.98524
            ],
            [
              76.73625,
              9.98517
            ],
            [
              76.73682,
              9.98529
            ],
            [
              76.73738,
              9.98544
            ],
            [
              76.73758,
              9.9855
            ],
            [
              76.738,
              9.98557
            ],
            [
              76.73808,
              9.98558
            ],
            [
              76.73913,
              9.98611
            ],
            [
              76.73957,
              9.98638
            ],
            [
              76.73968,
              9.98644
            ],
            [
              76.74005,
              9.98676
            ],
            [
              76.74019,
              9.98688
            ],
            [
              76.74049,
              9.98732
            ],
            [
              76.74103,
              9.98788
            ],
            [
              76.74145,
              9.98827
            ],
            [
              76.74196,
              9.98871
            ],
            [
              76.74237,
              9.98907
            ],
            [
              76.74283,
              9.98948
            ],
            [
              76.74365,
              9.99013
            ],
            [
              76.74437,
              9.99067
            ],
            [
              76.74479,
              9.99098
            ],
            [
              76.7453,
              9.99119
            ],
            [
              76.74602,
              9.99115
            ],
            [
              76.74653,
              9.991
            ],
            [
              76.7471,
              9.99091
            ],
            [
              76.74767,
              9.99061
            ],
            [
              76.74874,
              9.99007
            ],
            [
              76.74928,
              9.98977
            ],
            [
              76.74982,
              9.98947
            ],
            [
              76.75019,
              9.98926
            ],
            [
              76.75038,
              9.98916
            ],
            [
              76.75183,
              9.98899
            ],
            [
              76.75306,
              9.98893
            ],
            [
              76.75342,
              9.98887
            ],
            [
              76.75405,
              9.98865
            ],
            [
              76.75446,
              9.98838
            ],
            [
              76.75478,
              9.9882
            ],
            [
              76.75513,
              9.98818
            ],
            [
              76.75588,
              9.98836
            ],
            [
              76.7562,
              9.98837
            ],
            [
              76.75667,
              9.9883
            ],
            [
              76.75673,
              9.98829
            ],
            [
              76.75726,
              9.9881
            ],
            [
              76.75803,
              9.98754
            ],
            [
              76.75891,
              9.9868
            ],
            [
              76.75929,
              9.98651
            ],
            [
              76.75974,
              9.98629
            ],
            [
              76.7605,
              9.98601
            ],
            [
              76.76107,
              9.98561
            ],
            [
              76.7617,
              9.98514
            ],
            [
              76.76203,
              9.98468
            ],
            [
              76.76238,
              9.98411
            ],
            [
              76.76262,
              9.98384
            ],
            [
              76.76297,
              9.98356
            ],
            [
              76.76388,
              9.98316
            ],
            [
              76.7645,
              9.9828
            ],
            [
              76.76535,
              9.98213
            ],
            [
              76.76598,
              9.98173
            ],
            [
              76.76684,
              9.98138
            ],
            [
              76.76781,
              9.98135
            ],
            [
              76.7678,
              9.98165
            ],
            [
              76.76753,
              9.98242
            ],
            [
              76.76737,
              9.98318
            ],
            [
              76.76713,
              9.98433
            ],
            [
              76.76657,
              9.9851
            ],
            [
              76.76609,
              9.98571
            ],
            [
              76.76541,
              9.98649
            ],
            [
              76.76477,
              9.98715
            ],
            [
              76.7641,
              9.98788
            ],
            [
              76.76351,
              9.98868
            ],
            [
              76.76291,
              9.98955
            ],
            [
              76.76236,
              9.99052
            ],
            [
              76.76204,
              9.99098
            ],
            [
              76.76162,
              9.99167
            ],
            [
              76.76177,
              9.99167
            ],
            [
              76.76306,
              9.99109
            ],
            [
              76.76432,
              9.99057
            ],
            [
              76.76572,
              9.98991
            ],
            [
              76.76616,
              9.98954
            ],
            [
              76.7667,
              9.9894
            ],
            [
              76.76682,
              9.98965
            ],
            [
              76.76605,
              9.99017
            ],
            [
              76.76494,
              9.99085
            ],
            [
              76.76493,
              9.99156
            ],
            [
              76.76498,
              9.99178
            ],
            [
              76.76554,
              9.99233
            ],
            [
              76.76588,
              9.99233
            ],
            [
              76.76645,
              9.99232
            ],
            [
              76.76643,
              9.99322
            ],
            [
              76.76689,
              9.99333
            ],
            [
              76.76741,
              9.99338
            ],
            [
              76.76794,
              9.99322
            ],
            [
              76.76866,
              9.99311
            ],
            [
              76.76946,
              9.99329
            ],
            [
              76.76965,
              9.99327
            ],
            [
              76.76975,
              9.99264
            ],
            [
              76.76985,
              9.99235
            ],
            [
              76.77037,
              9.99247
            ],
            [
              76.77075,
              9.99268
            ],
            [
              76.7706,
              9.99345
            ],
            [
              76.77085,
              9.99345
            ],
            [
              76.77083,
              9.99376
            ],
            [
              76.77147,
              9.99383
            ],
            [
              76.77146,
              9.9943
            ],
            [
              76.77198,
              9.99448
            ],
            [
              76.7719,
              9.99485
            ],
            [
              76.77165,
              9.99493
            ],
            [
              76.77132,
              9.99482
            ],
            [
              76.77117,
              9.99504
            ],
            [
              76.77134,
              9.99538
            ],
            [
              76.7707,
              9.99587
            ],
            [
              76.77044,
              9.99549
            ],
            [
              76.76989,
              9.99547
            ],
            [
              76.76897,
              9.9955
            ],
            [
              76.76862,
              9.99596
            ],
            [
              76.76935,
              9.99665
            ],
            [
              76.76906,
              9.99685
            ],
            [
              76.7686,
              9.99694
            ],
            [
              76.76792,
              9.99679
            ],
            [
              76.76787,
              9.99704
            ],
            [
              76.7677,
              9.9973
            ],
            [
              76.76781,
              9.99754
            ],
            [
              76.76811,
              9.99817
            ],
            [
              76.7684,
              9.99819
            ],
            [
              76.76911,
              9.99901
            ],
            [
              76.7702,
              10.0004
            ],
            [
              76.76862,
              10.00137
            ],
            [
              76.76897,
              10.00309
            ],
            [
              76.769,
              10.00323
            ],
            [
              76.7693,
              10.00451
            ],
            [
              76.76849,
              10.00644
            ],
            [
              76.76744,
              10.00828
            ],
            [
              76.76617,
              10.01053
            ],
            [
              76.76646,
              10.01107
            ],
            [
              76.77002,
              10.01578
            ],
            [
              76.77029,
              10.01614
            ],
            [
              76.77111,
              10.01722
            ],
            [
              76.7715,
              10.01781
            ],
            [
              76.77188,
              10.01837
            ],
            [
              76.77576,
              10.02357
            ],
            [
              76.77628,
              10.02427
            ],
            [
              76.77702,
              10.02525
            ],
            [
              76.78509,
              10.03593
            ],
            [
              76.7868,
              10.03485
            ],
            [
              76.78782,
              10.03434
            ],
            [
              76.78964,
              10.03393
            ],
            [
              76.79123,
              10.03375
            ],
            [
              76.793,
              10.03352
            ],
            [
              76.79362,
              10.03301
            ],
            [
              76.79464,
              10.03176
            ],
            [
              76.79547,
              10.03066
            ],
            [
              76.79604,
              10.02976
            ],
            [
              76.79646,
              10.02978
            ],
            [
              76.79718,
              10.02972
            ],
            [
              76.7982,
              10.03
            ],
            [
              76.79923,
              10.02982
            ],
            [
              76.80005,
              10.0294
            ],
            [
              76.80158,
              10.02868
            ],
            [
              76.80292,
              10.02771
            ],
            [
              76.80391,
              10.02714
            ],
            [
              76.80576,
              10.02659
            ],
            [
              76.80693,
              10.02662
            ],
            [
              76.80758,
              10.02623
            ],
            [
              76.8086,
              10.02498
            ],
            [
              76.80937,
              10.02384
            ],
            [
              76.81217,
              10.0218
            ],
            [
              76.81365,
              10.021
            ],
            [
              76.81393,
              10.02087
            ],
            [
              76.81504,
              10.02037
            ],
            [
              76.81827,
              10.01803
            ],
            [
              76.82123,
              10.01655
            ],
            [
              76.82529,
              10.01413
            ],
            [
              76.82676,
              10.01353
            ],
            [
              76.82876,
              10.01318
            ],
            [
              76.83263,
              10.01293
            ],
            [
              76.83283,
              10.01328
            ],
            [
              76.83384,
              10.01509
            ],
            [
              76.83746,
              10.02043
            ],
            [
              76.83829,
              10.02199
            ],
            [
              76.83888,
              10.02309
            ],
            [
              76.84036,
              10.02441
            ],
            [
              76.84052,
              10.02455
            ],
            [
              76.84159,
              10.02471
            ],
            [
              76.84173,
              10.02473
            ],
            [
              76.84184,
              10.02512
            ],
            [
              76.84134,
              10.02538
            ],
            [
              76.8402,
              10.0258
            ],
            [
              76.83706,
              10.027
            ],
            [
              76.83594,
              10.0269
            ],
            [
              76.83486,
              10.02692
            ],
            [
              76.8342,
              10.02712
            ],
            [
              76.83292,
              10.02677
            ],
            [
              76.83211,
              10.02721
            ],
            [
              76.83117,
              10.02785
            ],
            [
              76.83078,
              10.02801
            ],
            [
              76.83003,
              10.02848
            ],
            [
              76.82931,
              10.02874
            ],
            [
              76.82843,
              10.02901
            ],
            [
              76.82788,
              10.0293
            ],
            [
              76.82707,
              10.02994
            ],
            [
              76.82527,
              10.03137
            ],
            [
              76.82397,
              10.03205
            ],
            [
              76.82298,
              10.03265
            ],
            [
              76.82241,
              10.03323
            ],
            [
              76.82048,
              10.03445
            ],
            [
              76.81956,
              10.03508
            ],
            [
              76.81929,
              10.03525
            ],
            [
              76.81914,
              10.03535
            ],
            [
              76.81783,
              10.03599
            ],
            [
              76.81635,
              10.03671
            ],
            [
              76.81545,
              10.03715
            ],
            [
              76.81523,
              10.03689
            ],
            [
              76.81503,
              10.0368
            ],
            [
              76.81492,
              10.03682
            ],
            [
              76.81472,
              10.03697
            ],
            [
              76.8144,
              10.03721
            ],
            [
              76.81416,
              10.0374
            ],
            [
              76.81396,
              10.03755
            ],
            [
              76.81371,
              10.0375
            ],
            [
              76.81367,
              10.03745
            ],
            [
              76.81354,
              10.0373
            ],
            [
              76.81332,
              10.03704
            ],
            [
              76.81317,
              10.03695
            ],
            [
              76.8126,
              10.03691
            ],
            [
              76.81187,
              10.03733
            ],
            [
              76.81179,
              10.03747
            ],
            [
              76.81167,
              10.03768
            ],
            [
              76.81157,
              10.03785
            ],
            [
              76.81118,
              10.03791
            ],
            [
              76.80974,
              10.03866
            ],
            [
              76.80909,
              10.03928
            ],
            [
              76.80832,
              10.04005
            ],
            [
              76.8064,
              10.04179
            ],
            [
              76.80474,
              10.04214
            ],
            [
              76.8031,
              10.04211
            ],
            [
              76.80098,
              10.04199
            ],
            [
              76.79892,
              10.04242
            ],
            [
              76.78868,
              10.05111
            ],
            [
              76.78868,
              10.0514
            ],
            [
              76.788,
              10.05242
            ],
            [
              76.78682,
              10.05395
            ],
            [
              76.78632,
              10.05498
            ],
            [
              76.78591,
              10.05582
            ],
            [
              76.78535,
              10.05668
            ],
            [
              76.78439,
              10.05811
            ],
            [
              76.78316,
              10.05913
            ],
            [
              76.78275,
              10.05947
            ],
            [
              76.78116,
              10.06016
            ],
            [
              76.779,
              10.06046
            ],
            [
              76.77795,
              10.06118
            ],
            [
              76.77778,
              10.06116
            ],
            [
              76.7774,
              10.06113
            ],
            [
              76.77684,
              10.06116
            ],
            [
              76.77612,
              10.06128
            ],
            [
              76.7759,
              10.06163
            ],
            [
              76.7749,
              10.06326
            ],
            [
              76.77487,
              10.06327
            ],
            [
              76.77276,
              10.06404
            ],
            [
              76.77228,
              10.06419
            ],
            [
              76.77096,
              10.06461
            ],
            [
              76.7708,
              10.06557
            ],
            [
              76.77104,
              10.06592
            ],
            [
              76.77108,
              10.06598
            ],
            [
              76.77112,
              10.06603
            ],
            [
              76.77126,
              10.06635
            ],
            [
              76.77163,
              10.0664
            ],
            [
              76.77227,
              10.06616
            ],
            [
              76.77326,
              10.0658
            ],
            [
              76.7756,
              10.0658
            ],
            [
              76.77595,
              10.06592
            ],
            [
              76.77804,
              10.06663
            ],
            [
              76.7781,
              10.06664
            ],
            [
              76.77954,
              10.06681
            ],
            [
              76.78032,
              10.06664
            ],
            [
              76.78074,
              10.06655
            ],
            [
              76.78162,
              10.06683
            ],
            [
              76.78217,
              10.06686
            ],
            [
              76.78246,
              10.06688
            ],
            [
              76.78287,
              10.06656
            ],
            [
              76.78389,
              10.06575
            ],
            [
              76.78412,
              10.06557
            ],
            [
              76.78414,
              10.06557
            ],
            [
              76.78489,
              10.06559
            ],
            [
              76.78626,
              10.06563
            ],
            [
              76.78769,
              10.06546
            ],
            [
              76.78888,
              10.06526
            ],
            [
              76.79089,
              10.06428
            ],
            [
              76.79133,
              10.06406
            ],
            [
              76.79218,
              10.06365
            ],
            [
              76.79267,
              10.06341
            ],
            [
              76.7932,
              10.06367
            ],
            [
              76.79448,
              10.06381
            ],
            [
              76.79484,
              10.06409
            ],
            [
              76.79515,
              10.06431
            ],
            [
              76.7955,
              10.06427
            ],
            [
              76.79575,
              10.06437
            ],
            [
              76.79594,
              10.06459
            ],
            [
              76.79644,
              10.06499
            ],
            [
              76.79651,
              10.06504
            ],
            [
              76.79682,
              10.06546
            ],
            [
              76.79721,
              10.0655
            ],
            [
              76.79795,
              10.06528
            ],
            [
              76.80013,
              10.06446
            ],
            [
              76.80086,
              10.06382
            ],
            [
              76.80092,
              10.06376
            ],
            [
              76.80141,
              10.06333
            ],
            [
              76.80184,
              10.06342
            ],
            [
              76.80238,
              10.06384
            ],
            [
              76.80285,
              10.06434
            ],
            [
              76.80396,
              10.06498
            ],
            [
              76.80522,
              10.06538
            ],
            [
              76.80665,
              10.06568
            ],
            [
              76.80746,
              10.06585
            ],
            [
              76.80862,
              10.0659
            ],
            [
              76.80907,
              10.06568
            ],
            [
              76.80902,
              10.06557
            ],
            [
              76.80872,
              10.06486
            ],
            [
              76.80762,
              10.06453
            ],
            [
              76.80708,
              10.0641
            ],
            [
              76.8061,
              10.06387
            ],
            [
              76.80586,
              10.06338
            ],
            [
              76.80503,
              10.06274
            ],
            [
              76.80443,
              10.06244
            ],
            [
              76.80419,
              10.06185
            ],
            [
              76.80354,
              10.06141
            ],
            [
              76.80282,
              10.06075
            ],
            [
              76.80254,
              10.06009
            ],
            [
              76.80283,
              10.05955
            ],
            [
              76.80342,
              10.05907
            ],
            [
              76.80358,
              10.05874
            ],
            [
              76.8038,
              10.05819
            ],
            [
              76.80478,
              10.05768
            ],
            [
              76.80589,
              10.05753
            ],
            [
              76.8066,
              10.05764
            ],
            [
              76.80662,
              10.05765
            ],
            [
              76.80668,
              10.05767
            ],
            [
              76.80709,
              10.05772
            ],
            [
              76.80829,
              10.05797
            ],
            [
              76.80899,
              10.0581
            ],
            [
              76.8092,
              10.05809
            ],
            [
              76.8102,
              10.05804
            ],
            [
              76.81065,
              10.05815
            ],
            [
              76.8111,
              10.05826
            ],
            [
              76.81144,
              10.05826
            ],
            [
              76.81281,
              10.05832
            ],
            [
              76.81307,
              10.05851
            ],
            [
              76.81292,
              10.05868
            ],
            [
              76.8126,
              10.05873
            ],
            [
              76.81193,
              10.05855
            ],
            [
              76.81172,
              10.05864
            ],
            [
              76.81123,
              10.05886
            ],
            [
              76.81107,
              10.05899
            ],
            [
              76.81093,
              10.05918
            ],
            [
              76.81093,
              10.05958
            ],
            [
              76.81193,
              10.0599
            ],
            [
              76.81344,
              10.06015
            ],
            [
              76.8129,
              10.0602
            ],
            [
              76.81209,
              10.06028
            ],
            [
              76.81155,
              10.06062
            ],
            [
              76.81072,
              10.06139
            ],
            [
              76.81019,
              10.0619
            ],
            [
              76.81017,
              10.06192
            ],
            [
              76.81037,
              10.0624
            ],
            [
              76.81048,
              10.06237
            ],
            [
              76.81081,
              10.06229
            ],
            [
              76.8117,
              10.06196
            ],
            [
              76.81166,
              10.06214
            ],
            [
              76.81147,
              10.06246
            ],
            [
              76.81148,
              10.0625
            ],
            [
              76.81151,
              10.06275
            ],
            [
              76.8121,
              10.06277
            ],
            [
              76.81287,
              10.06271
            ],
            [
              76.81419,
              10.06277
            ],
            [
              76.81667,
              10.0622
            ],
            [
              76.81757,
              10.06195
            ],
            [
              76.81901,
              10.06156
            ],
            [
              76.81937,
              10.06156
            ],
            [
              76.8187,
              10.06212
            ],
            [
              76.81871,
              10.06228
            ],
            [
              76.81902,
              10.0624
            ],
            [
              76.81972,
              10.06233
            ],
            [
              76.81983,
              10.06239
            ],
            [
              76.82052,
              10.06275
            ],
            [
              76.82126,
              10.06268
            ],
            [
              76.8221,
              10.06225
            ],
            [
              76.82287,
              10.06216
            ],
            [
              76.823,
              10.06215
            ],
            [
              76.8236,
              10.06223
            ],
            [
              76.82381,
              10.06226
            ],
            [
              76.8243,
              10.06232
            ],
            [
              76.82481,
              10.06218
            ],
            [
              76.82497,
              10.06213
            ],
            [
              76.82502,
              10.06212
            ],
            [
              76.82522,
              10.06226
            ],
            [
              76.82546,
              10.06226
            ],
            [
              76.82567,
              10.06217
            ],
            [
              76.82596,
              10.06237
            ],
            [
              76.82634,
              10.0624
            ],
            [
              76.82676,
              10.06236
            ],
            [
              76.82668,
              10.06249
            ],
            [
              76.82561,
              10.06307
            ],
            [
              76.82407,
              10.06416
            ],
            [
              76.82306,
              10.06459
            ],
            [
              76.82184,
              10.06503
            ],
            [
              76.82112,
              10.06576
            ],
            [
              76.82028,
              10.06684
            ],
            [
              76.81965,
              10.06737
            ],
            [
              76.81861,
              10.06823
            ],
            [
              76.81802,
              10.06881
            ],
            [
              76.81782,
              10.06941
            ],
            [
              76.81851,
              10.0705
            ],
            [
              76.81853,
              10.0708
            ],
            [
              76.81874,
              10.07114
            ],
            [
              76.8189,
              10.0716
            ],
            [
              76.81874,
              10.07186
            ],
            [
              76.81834,
              10.07196
            ],
            [
              76.81773,
              10.07224
            ],
            [
              76.81748,
              10.07276
            ],
            [
              76.81751,
              10.07362
            ],
            [
              76.81773,
              10.07482
            ],
            [
              76.81751,
              10.07546
            ],
            [
              76.81741,
              10.07604
            ],
            [
              76.81714,
              10.07632
            ],
            [
              76.81687,
              10.0765
            ],
            [
              76.81664,
              10.07704
            ],
            [
              76.81635,
              10.07763
            ],
            [
              76.81614,
              10.07815
            ],
            [
              76.81612,
              10.07831
            ],
            [
              76.816,
              10.07926
            ],
            [
              76.81593,
              10.07978
            ],
            [
              76.81558,
              10.08028
            ],
            [
              76.81556,
              10.08081
            ],
            [
              76.81618,
              10.08146
            ],
            [
              76.81672,
              10.08169
            ],
            [
              76.81759,
              10.08182
            ],
            [
              76.81754,
              10.082
            ],
            [
              76.8176,
              10.08234
            ],
            [
              76.81762,
              10.0828
            ],
            [
              76.81777,
              10.08342
            ],
            [
              76.81805,
              10.08378
            ],
            [
              76.81864,
              10.08421
            ],
            [
              76.81957,
              10.08453
            ],
            [
              76.82037,
              10.08452
            ],
            [
              76.82072,
              10.08477
            ],
            [
              76.82122,
              10.085
            ],
            [
              76.82164,
              10.08528
            ],
            [
              76.82209,
              10.08537
            ],
            [
              76.82247,
              10.08548
            ],
            [
              76.82337,
              10.08574
            ],
            [
              76.8235,
              10.08581
            ],
            [
              76.82352,
              10.08591
            ],
            [
              76.82356,
              10.08619
            ],
            [
              76.82394,
              10.08651
            ],
            [
              76.8245,
              10.08636
            ],
            [
              76.8247,
              10.08643
            ],
            [
              76.82432,
              10.08668
            ],
            [
              76.82399,
              10.08711
            ],
            [
              76.82422,
              10.08754
            ],
            [
              76.82441,
              10.08779
            ],
            [
              76.82505,
              10.08834
            ],
            [
              76.82557,
              10.0885
            ],
            [
              76.82574,
              10.0887
            ],
            [
              76.82639,
              10.08932
            ],
            [
              76.8267,
              10.08946
            ],
            [
              76.82733,
              10.08936
            ],
            [
              76.82781,
              10.08906
            ],
            [
              76.82885,
              10.08846
            ],
            [
              76.83028,
              10.08776
            ],
            [
              76.83046,
              10.08736
            ],
            [
              76.8306,
              10.08734
            ],
            [
              76.83075,
              10.0874
            ],
            [
              76.83109,
              10.08725
            ],
            [
              76.83136,
              10.08707
            ],
            [
              76.8316,
              10.08712
            ],
            [
              76.83187,
              10.08721
            ],
            [
              76.83223,
              10.08714
            ],
            [
              76.83253,
              10.08684
            ],
            [
              76.8329,
              10.08634
            ],
            [
              76.83319,
              10.08628
            ],
            [
              76.83362,
              10.08646
            ],
            [
              76.83398,
              10.08628
            ],
            [
              76.83427,
              10.08626
            ],
            [
              76.83461,
              10.08629
            ],
            [
              76.83513,
              10.08623
            ],
            [
              76.8367,
              10.08519
            ],
            [
              76.83754,
              10.08461
            ],
            [
              76.8384,
              10.08425
            ],
            [
              76.83884,
              10.0839
            ],
            [
              76.83897,
              10.08399
            ],
            [
              76.8394,
              10.08403
            ],
            [
              76.83956,
              10.084
            ],
            [
              76.83984,
              10.08395
            ],
            [
              76.84018,
              10.08367
            ],
            [
              76.84044,
              10.08336
            ],
            [
              76.84046,
              10.08333
            ],
            [
              76.8408,
              10.08262
            ],
            [
              76.84114,
              10.08253
            ],
            [
              76.84202,
              10.0817
            ],
            [
              76.84273,
              10.08151
            ],
            [
              76.8429,
              10.0815
            ],
            [
              76.84345,
              10.08145
            ],
            [
              76.84404,
              10.08121
            ],
            [
              76.84478,
              10.08074
            ],
            [
              76.84505,
              10.08024
            ],
            [
              76.84559,
              10.0799
            ],
            [
              76.84592,
              10.07972
            ],
            [
              76.84685,
              10.0792
            ],
            [
              76.84757,
              10.07904
            ],
            [
              76.84814,
              10.07889
            ],
            [
              76.84846,
              10.07862
            ],
            [
              76.84871,
              10.07851
            ],
            [
              76.84903,
              10.07867
            ],
            [
              76.84945,
              10.07854
            ],
            [
              76.85004,
              10.07847
            ],
            [
              76.85043,
              10.0782
            ],
            [
              76.85088,
              10.07803
            ],
            [
              76.85135,
              10.07799
            ],
            [
              76.85217,
              10.07789
            ],
            [
              76.85311,
              10.07761
            ],
            [
              76.85392,
              10.07723
            ],
            [
              76.8545,
              10.07724
            ],
            [
              76.85502,
              10.07717
            ],
            [
              76.85583,
              10.0767
            ],
            [
              76.85666,
              10.0763
            ],
            [
              76.85706,
              10.07639
            ],
            [
              76.85706,
              10.07659
            ],
            [
              76.85731,
              10.07689
            ],
            [
              76.85789,
              10.07689
            ],
            [
              76.85832,
              10.0766
            ],
            [
              76.85843,
              10.07604
            ],
            [
              76.8587,
              10.07595
            ],
            [
              76.86135,
              10.07508
            ],
            [
              76.86201,
              10.07459
            ],
            [
              76.86293,
              10.07423
            ],
            [
              76.86435,
              10.07374
            ],
            [
              76.86524,
              10.07358
            ],
            [
              76.8661,
              10.07342
            ],
            [
              76.86655,
              10.07358
            ],
            [
              76.86674,
              10.07412
            ],
            [
              76.86678,
              10.07482
            ],
            [
              76.86649,
              10.07624
            ],
            [
              76.86644,
              10.07815
            ],
            [
              76.86595,
              10.07836
            ],
            [
              76.86509,
              10.07919
            ],
            [
              76.86487,
              10.07998
            ],
            [
              76.86528,
              10.08128
            ],
            [
              76.86489,
              10.08231
            ],
            [
              76.86472,
              10.08328
            ],
            [
              76.86553,
              10.08559
            ],
            [
              76.86525,
              10.08684
            ],
            [
              76.86544,
              10.08866
            ],
            [
              76.86625,
              10.09035
            ],
            [
              76.86844,
              10.09455
            ],
            [
              76.86977,
              10.09602
            ],
            [
              76.87139,
              10.09828
            ],
            [
              76.87467,
              10.10258
            ],
            [
              76.87761,
              10.10659
            ],
            [
              76.87846,
              10.10784
            ],
            [
              76.87986,
              10.10987
            ],
            [
              76.88017,
              10.11019
            ],
            [
              76.88057,
              10.11032
            ],
            [
              76.88127,
              10.11145
            ],
            [
              76.88154,
              10.11182
            ],
            [
              76.88201,
              10.1126
            ],
            [
              76.8823,
              10.11302
            ],
            [
              76.88231,
              10.11312
            ],
            [
              76.88246,
              10.11344
            ],
            [
              76.88284,
              10.11415
            ],
            [
              76.88318,
              10.11479
            ],
            [
              76.88329,
              10.11495
            ],
            [
              76.88359,
              10.1153
            ],
            [
              76.88395,
              10.11573
            ],
            [
              76.8844,
              10.11644
            ],
            [
              76.88482,
              10.11712
            ],
            [
              76.88509,
              10.11758
            ],
            [
              76.88582,
              10.11759
            ],
            [
              76.88595,
              10.11768
            ],
            [
              76.88652,
              10.11766
            ],
            [
              76.88659,
              10.11788
            ],
            [
              76.88661,
              10.11801
            ],
            [
              76.88658,
              10.11831
            ],
            [
              76.88658,
              10.11841
            ],
            [
              76.88664,
              10.11858
            ],
            [
              76.88665,
              10.1187
            ],
            [
              76.8867,
              10.11883
            ],
            [
              76.88683,
              10.11895
            ],
            [
              76.88704,
              10.11905
            ],
            [
              76.88731,
              10.11913
            ],
            [
              76.88745,
              10.11921
            ],
            [
              76.88757,
              10.11934
            ],
            [
              76.88774,
              10.11964
            ],
            [
              76.88792,
              10.12027
            ],
            [
              76.88803,
              10.12076
            ],
            [
              76.88813,
              10.12102
            ],
            [
              76.88829,
              10.12138
            ],
            [
              76.88838,
              10.12165
            ],
            [
              76.88844,
              10.12228
            ],
            [
              76.88851,
              10.12247
            ],
            [
              76.88858,
              10.12259
            ],
            [
              76.8887,
              10.12268
            ],
            [
              76.8888,
              10.12272
            ],
            [
              76.88898,
              10.12274
            ],
            [
              76.88915,
              10.12274
            ],
            [
              76.88927,
              10.12272
            ],
            [
              76.88949,
              10.1226
            ],
            [
              76.88962,
              10.12255
            ],
            [
              76.88983,
              10.12259
            ],
            [
              76.88997,
              10.12267
            ],
            [
              76.89012,
              10.12281
            ],
            [
              76.8903,
              10.12301
            ],
            [
              76.89049,
              10.12327
            ],
            [
              76.89061,
              10.1235
            ],
            [
              76.8906,
              10.12442
            ],
            [
              76.89062,
              10.12474
            ],
            [
              76.89068,
              10.12502
            ],
            [
              76.89077,
              10.12534
            ],
            [
              76.89104,
              10.12588
            ],
            [
              76.89119,
              10.12618
            ],
            [
              76.89118,
              10.12628
            ],
            [
              76.89127,
              10.12635
            ],
            [
              76.89141,
              10.12641
            ],
            [
              76.89151,
              10.12642
            ],
            [
              76.89185,
              10.12638
            ],
            [
              76.89217,
              10.12639
            ],
            [
              76.89233,
              10.12645
            ],
            [
              76.89242,
              10.12655
            ],
            [
              76.89239,
              10.12672
            ],
            [
              76.89234,
              10.12686
            ],
            [
              76.89229,
              10.12724
            ],
            [
              76.89228,
              10.12768
            ],
            [
              76.89232,
              10.12777
            ],
            [
              76.89247,
              10.12802
            ],
            [
              76.8925,
              10.12806
            ],
            [
              76.89292,
              10.12865
            ],
            [
              76.8933,
              10.12939
            ],
            [
              76.89364,
              10.12998
            ],
            [
              76.89394,
              10.13071
            ],
            [
              76.89412,
              10.13126
            ],
            [
              76.89432,
              10.13162
            ],
            [
              76.89436,
              10.13183
            ],
            [
              76.89457,
              10.13229
            ],
            [
              76.89472,
              10.13249
            ],
            [
              76.89502,
              10.13273
            ],
            [
              76.89514,
              10.13315
            ],
            [
              76.89581,
              10.13374
            ],
            [
              76.89708,
              10.13462
            ],
            [
              76.89812,
              10.13526
            ],
            [
              76.89944,
              10.13624
            ],
            [
              76.90082,
              10.13708
            ],
            [
              76.90095,
              10.13716
            ],
            [
              76.90216,
              10.13773
            ],
            [
              76.90343,
              10.13781
            ],
            [
              76.90379,
              10.13927
            ],
            [
              76.90435,
              10.13982
            ],
            [
              76.90548,
              10.14002
            ],
            [
              76.90567,
              10.1405
            ],
            [
              76.90545,
              10.14129
            ],
            [
              76.90667,
              10.14249
            ],
            [
              76.90705,
              10.14287
            ],
            [
              76.90711,
              10.14354
            ],
            [
              76.90714,
              10.14389
            ],
            [
              76.90709,
              10.14421
            ],
            [
              76.90695,
              10.14522
            ],
            [
              76.90691,
              10.14552
            ],
            [
              76.90651,
              10.14601
            ],
            [
              76.90608,
              10.14654
            ],
            [
              76.9059,
              10.14663
            ],
            [
              76.90528,
              10.14695
            ],
            [
              76.90512,
              10.14738
            ],
            [
              76.90505,
              10.14836
            ],
            [
              76.90504,
              10.14845
            ],
            [
              76.90503,
              10.14868
            ],
            [
              76.90502,
              10.14882
            ],
            [
              76.90502,
              10.14898
            ],
            [
              76.90534,
              10.14964
            ],
            [
              76.907,
              10.15121
            ],
            [
              76.90739,
              10.15169
            ],
            [
              76.90759,
              10.15195
            ],
            [
              76.90779,
              10.15236
            ],
            [
              76.90776,
              10.15275
            ],
            [
              76.90773,
              10.1532
            ],
            [
              76.9076,
              10.15398
            ],
            [
              76.90744,
              10.15478
            ],
            [
              76.90758,
              10.1552
            ],
            [
              76.90784,
              10.15555
            ],
            [
              76.90823,
              10.15561
            ],
            [
              76.90934,
              10.15603
            ],
            [
              76.90989,
              10.15647
            ],
            [
              76.91064,
              10.15737
            ],
            [
              76.9114,
              10.15875
            ],
            [
              76.91228,
              10.16025
            ],
            [
              76.91277,
              10.16093
            ],
            [
              76.91356,
              10.16214
            ],
            [
              76.91412,
              10.16343
            ],
            [
              76.91412,
              10.1643
            ],
            [
              76.91422,
              10.16481
            ],
            [
              76.91421,
              10.16548
            ],
            [
              76.91432,
              10.16556
            ],
            [
              76.91465,
              10.16569
            ],
            [
              76.91492,
              10.16588
            ],
            [
              76.91508,
              10.16595
            ],
            [
              76.91595,
              10.16613
            ],
            [
              76.91755,
              10.16636
            ],
            [
              76.91819,
              10.16659
            ],
            [
              76.91841,
              10.16677
            ],
            [
              76.91851,
              10.16745
            ],
            [
              76.91861,
              10.16769
            ],
            [
              76.91876,
              10.16775
            ],
            [
              76.91921,
              10.1677
            ],
            [
              76.91949,
              10.16785
            ],
            [
              76.91971,
              10.16809
            ],
            [
              76.92,
              10.16891
            ],
            [
              76.92016,
              10.1695
            ],
            [
              76.92022,
              10.1699
            ],
            [
              76.92025,
              10.17037
            ],
            [
              76.92043,
              10.17127
            ],
            [
              76.92078,
              10.1722
            ],
            [
              76.92111,
              10.17283
            ],
            [
              76.92119,
              10.17299
            ],
            [
              76.92178,
              10.17374
            ],
            [
              76.922,
              10.17409
            ],
            [
              76.92211,
              10.17443
            ],
            [
              76.92221,
              10.17532
            ],
            [
              76.92234,
              10.17551
            ],
            [
              76.92261,
              10.17579
            ],
            [
              76.92308,
              10.17611
            ],
            [
              76.92353,
              10.1764
            ],
            [
              76.92377,
              10.17647
            ],
            [
              76.92391,
              10.17651
            ],
            [
              76.92408,
              10.1765
            ],
            [
              76.92464,
              10.17662
            ],
            [
              76.92523,
              10.17692
            ],
            [
              76.92609,
              10.17706
            ],
            [
              76.92665,
              10.17736
            ],
            [
              76.92785,
              10.17772
            ],
            [
              76.9287,
              10.17888
            ],
            [
              76.92958,
              10.17885
            ],
            [
              76.93249,
              10.17809
            ],
            [
              76.9346,
              10.17723
            ],
            [
              76.93533,
              10.17569
            ],
            [
              76.93636,
              10.175
            ],
            [
              76.93973,
              10.17414
            ],
            [
              76.94196,
              10.17305
            ],
            [
              76.94315,
              10.17213
            ],
            [
              76.94391,
              10.17195
            ],
            [
              76.94675,
              10.17126
            ],
            [
              76.95007,
              10.17118
            ],
            [
              76.95344,
              10.17037
            ],
            [
              76.95539,
              10.16955
            ],
            [
              76.95551,
              10.1695
            ],
            [
              76.95778,
              10.16648
            ],
            [
              76.96006,
              10.16517
            ],
            [
              76.96366,
              10.16515
            ],
            [
              76.96599,
              10.16303
            ],
            [
              76.9689,
              10.16029
            ],
            [
              76.97027,
              10.16175
            ],
            [
              76.97336,
              10.161
            ],
            [
              76.97587,
              10.16036
            ],
            [
              76.97696,
              10.16058
            ],
            [
              76.97863,
              10.16159
            ],
            [
              76.97891,
              10.16176
            ],
            [
              76.98075,
              10.16322
            ],
            [
              76.98213,
              10.16463
            ],
            [
              76.98311,
              10.16513
            ],
            [
              76.9847,
              10.16551
            ],
            [
              76.98494,
              10.16557
            ],
            [
              76.98531,
              10.16538
            ],
            [
              76.98777,
              10.16413
            ],
            [
              76.98942,
              10.1627
            ],
            [
              76.99063,
              10.16086
            ],
            [
              76.99282,
              10.16187
            ],
            [
              76.99554,
              10.16225
            ],
            [
              76.99824,
              10.16221
            ],
            [
              76.99962,
              10.16219
            ],
            [
              77.00027,
              10.1632
            ],
            [
              77.00067,
              10.16384
            ],
            [
              77.00148,
              10.16452
            ],
            [
              77.00252,
              10.16573
            ],
            [
              77.00255,
              10.16589
            ],
            [
              77.00266,
              10.16654
            ],
            [
              77.00285,
              10.16766
            ],
            [
              77.00286,
              10.16772
            ],
            [
              77.00434,
              10.1698
            ],
            [
              77.00562,
              10.17
            ],
            [
              77.00731,
              10.16962
            ],
            [
              77.008,
              10.1702
            ],
            [
              77.00908,
              10.17102
            ],
            [
              77.01031,
              10.17134
            ],
            [
              77.01226,
              10.17222
            ],
            [
              77.01346,
              10.17283
            ],
            [
              77.01603,
              10.17265
            ],
            [
              77.01721,
              10.17509
            ],
            [
              77.01844,
              10.17546
            ],
            [
              77.01948,
              10.17613
            ],
            [
              77.0219,
              10.17743
            ],
            [
              77.02231,
              10.17765
            ],
            [
              77.02511,
              10.1787
            ],
            [
              77.02542,
              10.17754
            ],
            [
              77.02591,
              10.17669
            ],
            [
              77.02732,
              10.17422
            ],
            [
              77.02842,
              10.17322
            ],
            [
              77.02945,
              10.17263
            ],
            [
              77.03046,
              10.17242
            ],
            [
              77.03087,
              10.17234
            ],
            [
              77.03249,
              10.17229
            ],
            [
              77.03375,
              10.17241
            ],
            [
              77.03622,
              10.17275
            ],
            [
              77.03703,
              10.17294
            ],
            [
              77.03717,
              10.17299
            ],
            [
              77.04093,
              10.17417
            ],
            [
              77.0431,
              10.17502
            ],
            [
              77.04343,
              10.17528
            ],
            [
              77.0445,
              10.17591
            ],
            [
              77.04542,
              10.17636
            ],
            [
              77.04606,
              10.1761
            ],
            [
              77.04774,
              10.1758
            ],
            [
              77.04855,
              10.17595
            ],
            [
              77.04923,
              10.17618
            ],
            [
              77.04933,
              10.17621
            ],
            [
              77.04967,
              10.17633
            ],
            [
              77.0509,
              10.17658
            ],
            [
              77.05323,
              10.1766
            ],
            [
              77.05463,
              10.17704
            ],
            [
              77.05559,
              10.17716
            ],
            [
              77.05651,
              10.17728
            ],
            [
              77.05875,
              10.17736
            ],
            [
              77.0593,
              10.17704
            ],
            [
              77.06272,
              10.17099
            ],
            [
              77.06356,
              10.1695
            ],
            [
              77.06632,
              10.17167
            ],
            [
              77.06929,
              10.17379
            ],
            [
              77.07153,
              10.17393
            ],
            [
              77.07302,
              10.1736
            ],
            [
              77.07486,
              10.17282
            ],
            [
              77.07612,
              10.17233
            ],
            [
              77.07754,
              10.17466
            ],
            [
              77.07828,
              10.17588
            ],
            [
              77.07877,
              10.17578
            ],
            [
              77.079,
              10.17559
            ],
            [
              77.08099,
              10.174
            ],
            [
              77.08215,
              10.17271
            ],
            [
              77.08293,
              10.17184
            ],
            [
              77.0856,
              10.17374
            ],
            [
              77.08732,
              10.17528
            ],
            [
              77.08808,
              10.17662
            ],
            [
              77.08815,
              10.17678
            ],
            [
              77.08858,
              10.17778
            ],
            [
              77.08902,
              10.17878
            ],
            [
              77.0891,
              10.17896
            ],
            [
              77.09012,
              10.18194
            ],
            [
              77.09018,
              10.18291
            ],
            [
              77.09023,
              10.1838
            ],
            [
              77.08923,
              10.18575
            ],
            [
              77.0877,
              10.18457
            ],
            [
              77.08641,
              10.18539
            ],
            [
              77.08403,
              10.18784
            ],
            [
              77.08281,
              10.18942
            ],
            [
              77.08097,
              10.19122
            ],
            [
              77.08121,
              10.19218
            ],
            [
              77.0813,
              10.19256
            ],
            [
              77.07994,
              10.19306
            ],
            [
              77.07674,
              10.19447
            ],
            [
              77.07734,
              10.19611
            ],
            [
              77.07491,
              10.1966
            ],
            [
              77.07396,
              10.19542
            ],
            [
              77.07196,
              10.19649
            ],
            [
              77.07084,
              10.19432
            ],
            [
              77.06981,
              10.19461
            ],
            [
              77.06794,
              10.19613
            ],
            [
              77.06734,
              10.19716
            ],
            [
              77.06708,
              10.19761
            ],
            [
              77.06708,
              10.19842
            ],
            [
              77.06747,
              10.19933
            ],
            [
              77.06873,
              10.20275
            ],
            [
              77.06943,
              10.20542
            ],
            [
              77.06898,
              10.2068
            ],
            [
              77.06751,
              10.20935
            ],
            [
              77.06567,
              10.21116
            ],
            [
              77.0643,
              10.20969
            ],
            [
              77.06243,
              10.21047
            ],
            [
              77.05977,
              10.21094
            ],
            [
              77.05806,
              10.21124
            ],
            [
              77.0562,
              10.21119
            ],
            [
              77.05623,
              10.21029
            ],
            [
              77.0555,
              10.21001
            ],
            [
              77.05538,
              10.20997
            ],
            [
              77.05402,
              10.20934
            ],
            [
              77.0536,
              10.20892
            ],
            [
              77.05271,
              10.20767
            ],
            [
              77.05186,
              10.20691
            ],
            [
              77.05089,
              10.2064
            ],
            [
              77.04984,
              10.20569
            ],
            [
              77.04893,
              10.20522
            ],
            [
              77.04812,
              10.20513
            ],
            [
              77.04696,
              10.20564
            ],
            [
              77.04588,
              10.20645
            ],
            [
              77.04522,
              10.20694
            ],
            [
              77.04394,
              10.20451
            ],
            [
              77.04385,
              10.20439
            ],
            [
              77.04289,
              10.20301
            ],
            [
              77.04145,
              10.20322
            ],
            [
              77.03996,
              10.204
            ],
            [
              77.03991,
              10.20404
            ],
            [
              77.03919,
              10.20471
            ],
            [
              77.03797,
              10.20632
            ],
            [
              77.03568,
              10.20703
            ],
            [
              77.03323,
              10.20713
            ],
            [
              77.03108,
              10.20722
            ],
            [
              77.03054,
              10.20822
            ],
            [
              77.02942,
              10.20999
            ],
            [
              77.02761,
              10.21155
            ],
            [
              77.02558,
              10.21231
            ],
            [
              77.02289,
              10.2129
            ],
            [
              77.02137,
              10.21352
            ],
            [
              77.02125,
              10.21439
            ],
            [
              77.02148,
              10.21487
            ],
            [
              77.02281,
              10.21525
            ],
            [
              77.02427,
              10.21585
            ],
            [
              77.02434,
              10.21623
            ],
            [
              77.02395,
              10.21698
            ],
            [
              77.02282,
              10.21743
            ],
            [
              77.02066,
              10.21828
            ],
            [
              77.01857,
              10.21944
            ],
            [
              77.01787,
              10.2215
            ],
            [
              77.01632,
              10.22151
            ],
            [
              77.01542,
              10.22248
            ],
            [
              77.01607,
              10.22389
            ],
            [
              77.01686,
              10.22407
            ],
            [
              77.01731,
              10.22491
            ],
            [
              77.01868,
              10.22612
            ],
            [
              77.02443,
              10.22912
            ],
            [
              77.02676,
              10.22878
            ],
            [
              77.02954,
              10.2287
            ],
            [
              77.03157,
              10.22896
            ],
            [
              77.0339,
              10.22955
            ],
            [
              77.03524,
              10.2296
            ],
            [
              77.03653,
              10.22964
            ],
            [
              77.03854,
              10.22975
            ],
            [
              77.04007,
              10.23073
            ],
            [
              77.04387,
              10.23254
            ],
            [
              77.04712,
              10.23352
            ],
            [
              77.04966,
              10.23061
            ],
            [
              77.05086,
              10.23083
            ],
            [
              77.05381,
              10.23177
            ],
            [
              77.05745,
              10.23365
            ],
            [
              77.05904,
              10.23392
            ],
            [
              77.05943,
              10.23469
            ],
            [
              77.06025,
              10.23529
            ],
            [
              77.062,
              10.23586
            ],
            [
              77.06191,
              10.2366
            ],
            [
              77.06228,
              10.23862
            ],
            [
              77.06381,
              10.24003
            ],
            [
              77.06352,
              10.24035
            ],
            [
              77.0633,
              10.24086
            ],
            [
              77.06363,
              10.24247
            ],
            [
              77.06355,
              10.24522
            ],
            [
              77.06325,
              10.24766
            ],
            [
              77.06238,
              10.24936
            ],
            [
              77.06026,
              10.2514
            ],
            [
              77.05793,
              10.25305
            ],
            [
              77.0565,
              10.25359
            ],
            [
              77.05706,
              10.25532
            ],
            [
              77.05672,
              10.25623
            ],
            [
              77.05604,
              10.25809
            ],
            [
              77.05574,
              10.25864
            ],
            [
              77.05545,
              10.25918
            ],
            [
              77.05532,
              10.25942
            ],
            [
              77.05453,
              10.26087
            ],
            [
              77.05358,
              10.26165
            ],
            [
              77.05255,
              10.25803
            ],
            [
              77.04425,
              10.25277
            ],
            [
              77.04388,
              10.25273
            ],
            [
              77.03254,
              10.25164
            ],
            [
              77.03135,
              10.25123
            ],
            [
              77.02999,
              10.25077
            ],
            [
              77.02988,
              10.25031
            ],
            [
              77.02918,
              10.2474
            ],
            [
              77.02405,
              10.24666
            ],
            [
              77.0206,
              10.24616
            ],
            [
              77.01494,
              10.24103
            ],
            [
              77.01332,
              10.23956
            ],
            [
              77.01142,
              10.23933
            ],
            [
              77.00968,
              10.23911
            ],
            [
              77.00844,
              10.23813
            ],
            [
              77.00762,
              10.23748
            ],
            [
              77.00534,
              10.23275
            ],
            [
              77.00118,
              10.22967
            ],
            [
              76.99535,
              10.22964
            ],
            [
              76.98847,
              10.22364
            ],
            [
              76.98702,
              10.22162
            ],
            [
              76.98527,
              10.21918
            ],
            [
              76.98468,
              10.21836
            ],
            [
              76.9835,
              10.2197
            ],
            [
              76.98122,
              10.22228
            ],
            [
              76.97653,
              10.22496
            ],
            [
              76.97561,
              10.22549
            ],
            [
              76.97262,
              10.2284
            ],
            [
              76.9679,
              10.22912
            ],
            [
              76.96607,
              10.2294
            ],
            [
              76.966,
              10.22943
            ],
            [
              76.96484,
              10.22998
            ],
            [
              76.96117,
              10.2317
            ],
            [
              76.96007,
              10.23222
            ],
            [
              76.95964,
              10.23242
            ],
            [
              76.95945,
              10.23237
            ],
            [
              76.9582,
              10.23205
            ],
            [
              76.95541,
              10.23135
            ],
            [
              76.95363,
              10.2309
            ],
            [
              76.9533,
              10.23082
            ],
            [
              76.95297,
              10.23074
            ],
            [
              76.95287,
              10.23081
            ],
            [
              76.94876,
              10.23383
            ],
            [
              76.94773,
              10.23459
            ],
            [
              76.94751,
              10.23475
            ],
            [
              76.94653,
              10.23547
            ],
            [
              76.94447,
              10.23698
            ],
            [
              76.94367,
              10.23757
            ],
            [
              76.94265,
              10.23832
            ],
            [
              76.94147,
              10.23919
            ],
            [
              76.93869,
              10.23936
            ],
            [
              76.9361,
              10.23698
            ],
            [
              76.93477,
              10.23576
            ],
            [
              76.93397,
              10.23502
            ],
            [
              76.93326,
              10.23487
            ],
            [
              76.93305,
              10.23483
            ],
            [
              76.93066,
              10.23433
            ],
            [
              76.92301,
              10.23275
            ],
            [
              76.9198,
              10.23403
            ],
            [
              76.91912,
              10.23429
            ],
            [
              76.91486,
              10.23734
            ],
            [
              76.91459,
              10.23784
            ],
            [
              76.91422,
              10.23853
            ],
            [
              76.91233,
              10.24208
            ],
            [
              76.90589,
              10.24218
            ],
            [
              76.90688,
              10.24599
            ],
            [
              76.90713,
              10.24695
            ],
            [
              76.90537,
              10.25258
            ],
            [
              76.90279,
              10.25192
            ],
            [
              76.9025,
              10.25187
            ],
            [
              76.90156,
              10.25245
            ],
            [
              76.90026,
              10.25295
            ],
            [
              76.89934,
              10.25318
            ],
            [
              76.89807,
              10.25371
            ],
            [
              76.89847,
              10.25583
            ],
            [
              76.89848,
              10.25585
            ],
            [
              76.89858,
              10.25626
            ],
            [
              76.89881,
              10.25721
            ],
            [
              76.89831,
              10.25782
            ],
            [
              76.89759,
              10.25834
            ],
            [
              76.89701,
              10.2584
            ],
            [
              76.89636,
              10.25839
            ],
            [
              76.8957,
              10.25838
            ],
            [
              76.89548,
              10.25835
            ],
            [
              76.89451,
              10.25821
            ],
            [
              76.89441,
              10.25819
            ],
            [
              76.89344,
              10.25799
            ],
            [
              76.89269,
              10.25769
            ],
            [
              76.89242,
              10.25735
            ],
            [
              76.89172,
              10.25648
            ],
            [
              76.89102,
              10.25566
            ],
            [
              76.89055,
              10.25743
            ],
            [
              76.88981,
              10.25768
            ],
            [
              76.88873,
              10.25803
            ],
            [
              76.88761,
              10.25831
            ],
            [
              76.88603,
              10.25879
            ],
            [
              76.88492,
              10.25918
            ],
            [
              76.88428,
              10.25962
            ],
            [
              76.88393,
              10.25996
            ],
            [
              76.88342,
              10.26004
            ],
            [
              76.88248,
              10.26008
            ],
            [
              76.88192,
              10.2601
            ],
            [
              76.88009,
              10.26014
            ],
            [
              76.8797,
              10.2602
            ],
            [
              76.87956,
              10.26045
            ],
            [
              76.87942,
              10.26045
            ],
            [
              76.8794,
              10.26075
            ],
            [
              76.87885,
              10.26231
            ],
            [
              76.87946,
              10.26225
            ],
            [
              76.8798,
              10.26255
            ],
            [
              76.88002,
              10.26315
            ],
            [
              76.88011,
              10.26329
            ],
            [
              76.88064,
              10.26409
            ],
            [
              76.88088,
              10.26444
            ],
            [
              76.8812,
              10.26491
            ],
            [
              76.88154,
              10.26565
            ],
            [
              76.88159,
              10.26676
            ],
            [
              76.8816,
              10.26706
            ],
            [
              76.88132,
              10.26804
            ],
            [
              76.88128,
              10.26819
            ],
            [
              76.881,
              10.26885
            ],
            [
              76.88067,
              10.26927
            ],
            [
              76.88052,
              10.26933
            ],
            [
              76.88017,
              10.26947
            ],
            [
              76.87986,
              10.26961
            ],
            [
              76.87934,
              10.26985
            ],
            [
              76.87909,
              10.26996
            ],
            [
              76.87829,
              10.2703
            ],
            [
              76.87723,
              10.27069
            ],
            [
              76.87695,
              10.27077
            ],
            [
              76.87575,
              10.27111
            ],
            [
              76.87464,
              10.27134
            ],
            [
              76.87386,
              10.27139
            ],
            [
              76.87308,
              10.27143
            ],
            [
              76.87266,
              10.2711
            ],
            [
              76.87205,
              10.27031
            ],
            [
              76.87132,
              10.26963
            ],
            [
              76.87046,
              10.26913
            ],
            [
              76.87035,
              10.26913
            ],
            [
              76.86945,
              10.26909
            ],
            [
              76.86868,
              10.2692
            ],
            [
              76.86798,
              10.26954
            ],
            [
              76.8673,
              10.27031
            ],
            [
              76.86733,
              10.2713
            ],
            [
              76.86752,
              10.27187
            ],
            [
              76.86756,
              10.27199
            ],
            [
              76.86764,
              10.27252
            ],
            [
              76.86739,
              10.27282
            ],
            [
              76.86698,
              10.27285
            ],
            [
              76.86692,
              10.27284
            ],
            [
              76.86642,
              10.2728
            ],
            [
              76.86597,
              10.27279
            ],
            [
              76.86543,
              10.27278
            ],
            [
              76.8652,
              10.27277
            ],
            [
              76.8644,
              10.27278
            ],
            [
              76.86336,
              10.27284
            ],
            [
              76.86233,
              10.27279
            ],
            [
              76.86153,
              10.27307
            ],
            [
              76.861,
              10.27365
            ],
            [
              76.86045,
              10.27448
            ],
            [
              76.86008,
              10.27488
            ],
            [
              76.8595,
              10.27505
            ],
            [
              76.859,
              10.27519
            ],
            [
              76.85844,
              10.27563
            ],
            [
              76.8578,
              10.2761
            ],
            [
              76.85711,
              10.27652
            ],
            [
              76.85639,
              10.27697
            ],
            [
              76.85575,
              10.277
            ],
            [
              76.85487,
              10.27687
            ],
            [
              76.85428,
              10.27684
            ],
            [
              76.8532,
              10.27742
            ],
            [
              76.85201,
              10.27829
            ],
            [
              76.8517,
              10.27852
            ],
            [
              76.85151,
              10.27865
            ],
            [
              76.85149,
              10.27867
            ],
            [
              76.85083,
              10.27918
            ],
            [
              76.85077,
              10.27923
            ],
            [
              76.85071,
              10.27928
            ],
            [
              76.85057,
              10.27939
            ],
            [
              76.85052,
              10.27942
            ],
            [
              76.85048,
              10.27946
            ],
            [
              76.85009,
              10.27985
            ],
            [
              76.84946,
              10.28043
            ],
            [
              76.84927,
              10.28059
            ],
            [
              76.84872,
              10.28084
            ],
            [
              76.84784,
              10.28094
            ],
            [
              76.84697,
              10.28104
            ],
            [
              76.84669,
              10.28082
            ],
            [
              76.84574,
              10.28011
            ],
            [
              76.84516,
              10.27987
            ],
            [
              76.84452,
              10.28001
            ],
            [
              76.84416,
              10.28012
            ],
            [
              76.84361,
              10.28081
            ],
            [
              76.84311,
              10.28175
            ],
            [
              76.84225,
              10.28286
            ],
            [
              76.84192,
              10.28314
            ],
            [
              76.84082,
              10.28325
            ],
            [
              76.84032,
              10.28331
            ],
            [
              76.83899,
              10.28348
            ],
            [
              76.83769,
              10.28352
            ],
            [
              76.83743,
              10.28289
            ],
            [
              76.83704,
              10.28198
            ],
            [
              76.83673,
              10.28107
            ],
            [
              76.83644,
              10.28011
            ],
            [
              76.83613,
              10.27915
            ],
            [
              76.83573,
              10.27829
            ],
            [
              76.83509,
              10.27725
            ],
            [
              76.83459,
              10.27657
            ],
            [
              76.834,
              10.27585
            ],
            [
              76.83325,
              10.27542
            ],
            [
              76.8323,
              10.2752
            ],
            [
              76.83212,
              10.27519
            ],
            [
              76.83136,
              10.27515
            ],
            [
              76.83091,
              10.27517
            ],
            [
              76.83066,
              10.27518
            ],
            [
              76.83055,
              10.27525
            ],
            [
              76.83005,
              10.2756
            ],
            [
              76.82942,
              10.27649
            ],
            [
              76.82939,
              10.27723
            ],
            [
              76.82931,
              10.27803
            ],
            [
              76.82929,
              10.27869
            ],
            [
              76.82902,
              10.27938
            ],
            [
              76.82869,
              10.2801
            ],
            [
              76.82792,
              10.28079
            ],
            [
              76.82705,
              10.2811
            ],
            [
              76.82666,
              10.28124
            ],
            [
              76.82625,
              10.28138
            ],
            [
              76.82514,
              10.28178
            ],
            [
              76.82328,
              10.28214
            ],
            [
              76.82198,
              10.28243
            ],
            [
              76.82056,
              10.28277
            ],
            [
              76.8197,
              10.28302
            ],
            [
              76.81848,
              10.2836
            ],
            [
              76.81745,
              10.28405
            ],
            [
              76.81533,
              10.28509
            ],
            [
              76.81356,
              10.28555
            ],
            [
              76.81122,
              10.28595
            ],
            [
              76.81061,
              10.28562
            ],
            [
              76.80953,
              10.28507
            ],
            [
              76.8091,
              10.28485
            ],
            [
              76.80884,
              10.28484
            ],
            [
              76.8081,
              10.28481
            ],
            [
              76.80722,
              10.28516
            ],
            [
              76.80627,
              10.28503
            ],
            [
              76.80533,
              10.2849
            ],
            [
              76.80453,
              10.28369
            ],
            [
              76.80415,
              10.28312
            ],
            [
              76.80219,
              10.28137
            ],
            [
              76.80039,
              10.27835
            ],
            [
              76.79983,
              10.27775
            ],
            [
              76.7986,
              10.2772
            ],
            [
              76.79771,
              10.27715
            ],
            [
              76.79682,
              10.27727
            ],
            [
              76.79671,
              10.27798
            ],
            [
              76.79664,
              10.27814
            ],
            [
              76.79594,
              10.27981
            ],
            [
              76.79566,
              10.27997
            ],
            [
              76.79511,
              10.28014
            ],
            [
              76.79467,
              10.28014
            ],
            [
              76.79411,
              10.27987
            ],
            [
              76.79339,
              10.27949
            ],
            [
              76.79266,
              10.27905
            ],
            [
              76.79241,
              10.27889
            ],
            [
              76.79154,
              10.27834
            ],
            [
              76.79009,
              10.27763
            ],
            [
              76.78811,
              10.27715
            ],
            [
              76.78717,
              10.27715
            ],
            [
              76.78583,
              10.27733
            ],
            [
              76.78495,
              10.27761
            ],
            [
              76.78458,
              10.27747
            ],
            [
              76.78422,
              10.27733
            ],
            [
              76.7835,
              10.27701
            ],
            [
              76.78272,
              10.27668
            ],
            [
              76.78211,
              10.27641
            ],
            [
              76.78132,
              10.27625
            ],
            [
              76.78054,
              10.2762
            ],
            [
              76.77954,
              10.27637
            ],
            [
              76.77849,
              10.27643
            ],
            [
              76.77755,
              10.27649
            ],
            [
              76.77666,
              10.27638
            ],
            [
              76.77604,
              10.27595
            ],
            [
              76.77593,
              10.27556
            ],
            [
              76.77587,
              10.27507
            ],
            [
              76.77581,
              10.27413
            ],
            [
              76.77608,
              10.27225
            ],
            [
              76.77602,
              10.27104
            ],
            [
              76.77429,
              10.27039
            ],
            [
              76.77267,
              10.26985
            ],
            [
              76.77128,
              10.26909
            ],
            [
              76.77034,
              10.26876
            ],
            [
              76.76933,
              10.26888
            ],
            [
              76.76783,
              10.26905
            ],
            [
              76.7665,
              10.26928
            ],
            [
              76.76544,
              10.26934
            ],
            [
              76.76462,
              10.26932
            ],
            [
              76.76383,
              10.26929
            ],
            [
              76.76194,
              10.26913
            ],
            [
              76.76111,
              10.26931
            ],
            [
              76.75978,
              10.26992
            ],
            [
              76.7585,
              10.27098
            ],
            [
              76.75734,
              10.27214
            ],
            [
              76.75573,
              10.27347
            ],
            [
              76.75471,
              10.27428
            ],
            [
              76.75441,
              10.27452
            ],
            [
              76.7538,
              10.27557
            ],
            [
              76.7537,
              10.27761
            ],
            [
              76.75116,
              10.27819
            ],
            [
              76.75078,
              10.27828
            ],
            [
              76.74909,
              10.27817
            ],
            [
              76.74899,
              10.27816
            ],
            [
              76.74863,
              10.27787
            ],
            [
              76.74811,
              10.2772
            ],
            [
              76.74792,
              10.27695
            ],
            [
              76.74772,
              10.2768
            ],
            [
              76.74753,
              10.27666
            ],
            [
              76.74597,
              10.27628
            ],
            [
              76.74496,
              10.27609
            ],
            [
              76.74396,
              10.27587
            ],
            [
              76.74308,
              10.27498
            ],
            [
              76.74256,
              10.2746
            ],
            [
              76.74191,
              10.27454
            ],
            [
              76.74104,
              10.2747
            ],
            [
              76.74062,
              10.27467
            ],
            [
              76.74036,
              10.27453
            ],
            [
              76.7401,
              10.27439
            ],
            [
              76.73922,
              10.27339
            ],
            [
              76.73847,
              10.27279
            ],
            [
              76.73772,
              10.27244
            ],
            [
              76.73691,
              10.27209
            ],
            [
              76.73596,
              10.27188
            ],
            [
              76.73421,
              10.27169
            ],
            [
              76.73334,
              10.27122
            ],
            [
              76.73136,
              10.27084
            ],
            [
              76.73065,
              10.27062
            ],
            [
              76.73037,
              10.27061
            ],
            [
              76.7301,
              10.2706
            ],
            [
              76.72954,
              10.27059
            ],
            [
              76.72865,
              10.27053
            ],
            [
              76.72757,
              10.27047
            ],
            [
              76.72697,
              10.27049
            ],
            [
              76.72637,
              10.27051
            ],
            [
              76.72542,
              10.27033
            ],
            [
              76.72429,
              10.27014
            ],
            [
              76.72342,
              10.26995
            ],
            [
              76.72199,
              10.2698
            ],
            [
              76.72114,
              10.26971
            ],
            [
              76.72011,
              10.26971
            ],
            [
              76.71891,
              10.26962
            ],
            [
              76.71739,
              10.26973
            ],
            [
              76.71599,
              10.26983
            ],
            [
              76.71453,
              10.26987
            ],
            [
              76.71327,
              10.26997
            ],
            [
              76.71259,
              10.26994
            ],
            [
              76.71214,
              10.26992
            ],
            [
              76.71123,
              10.26989
            ],
            [
              76.70935,
              10.27002
            ],
            [
              76.70831,
              10.27003
            ],
            [
              76.70793,
              10.27006
            ],
            [
              76.7077,
              10.27
            ],
            [
              76.70727,
              10.26923
            ],
            [
              76.70638,
              10.26747
            ],
            [
              76.70622,
              10.26735
            ],
            [
              76.70469,
              10.26674
            ],
            [
              76.70243,
              10.26633
            ],
            [
              76.70074,
              10.26593
            ],
            [
              76.70019,
              10.26574
            ],
            [
              76.70007,
              10.26567
            ],
            [
              76.6997,
              10.26545
            ],
            [
              76.69876,
              10.26501
            ],
            [
              76.69729,
              10.26434
            ],
            [
              76.69703,
              10.26441
            ],
            [
              76.69613,
              10.26479
            ],
            [
              76.69451,
              10.26541
            ],
            [
              76.69393,
              10.26555
            ],
            [
              76.69319,
              10.26574
            ],
            [
              76.69241,
              10.26603
            ],
            [
              76.69151,
              10.26642
            ],
            [
              76.69031,
              10.26674
            ],
            [
              76.68989,
              10.26685
            ],
            [
              76.68943,
              10.26709
            ],
            [
              76.68888,
              10.26736
            ],
            [
              76.68761,
              10.26786
            ],
            [
              76.68657,
              10.26825
            ],
            [
              76.68568,
              10.26867
            ],
            [
              76.68406,
              10.26882
            ],
            [
              76.68302,
              10.269
            ],
            [
              76.68201,
              10.26933
            ],
            [
              76.68097,
              10.26951
            ],
            [
              76.67982,
              10.26984
            ],
            [
              76.67825,
              10.27026
            ],
            [
              76.67617,
              10.27077
            ],
            [
              76.67564,
              10.27091
            ],
            [
              76.67401,
              10.27131
            ],
            [
              76.67197,
              10.27176
            ],
            [
              76.67111,
              10.272
            ],
            [
              76.67036,
              10.27255
            ],
            [
              76.66979,
              10.27293
            ],
            [
              76.66926,
              10.27302
            ],
            [
              76.66796,
              10.27373
            ],
            [
              76.66755,
              10.27401
            ],
            [
              76.66704,
              10.27435
            ],
            [
              76.66574,
              10.27539
            ],
            [
              76.66435,
              10.27672
            ],
            [
              76.66362,
              10.2774
            ],
            [
              76.6635,
              10.27857
            ],
            [
              76.66357,
              10.28049
            ],
            [
              76.66197,
              10.28055
            ],
            [
              76.66152,
              10.28055
            ],
            [
              76.66011,
              10.28053
            ],
            [
              76.65853,
              10.28054
            ],
            [
              76.65448,
              10.28079
            ],
            [
              76.65294,
              10.28078
            ],
            [
              76.65101,
              10.28087
            ],
            [
              76.64938,
              10.28081
            ],
            [
              76.64831,
              10.28077
            ],
            [
              76.64748,
              10.28074
            ],
            [
              76.64715,
              10.28013
            ],
            [
              76.64667,
              10.2796
            ],
            [
              76.64593,
              10.27858
            ],
            [
              76.64545,
              10.27784
            ],
            [
              76.64505,
              10.27735
            ],
            [
              76.64446,
              10.27664
            ],
            [
              76.6436,
              10.27562
            ],
            [
              76.64279,
              10.27506
            ],
            [
              76.64206,
              10.27477
            ],
            [
              76.64134,
              10.27448
            ],
            [
              76.64015,
              10.27431
            ],
            [
              76.63947,
              10.27413
            ],
            [
              76.63879,
              10.27394
            ],
            [
              76.63816,
              10.27376
            ],
            [
              76.63644,
              10.27336
            ],
            [
              76.63553,
              10.27328
            ],
            [
              76.63424,
              10.27317
            ],
            [
              76.63235,
              10.27318
            ],
            [
              76.63086,
              10.27312
            ],
            [
              76.6298,
              10.27319
            ],
            [
              76.62891,
              10.27322
            ],
            [
              76.62832,
              10.27337
            ],
            [
              76.62787,
              10.27375
            ],
            [
              76.62748,
              10.27404
            ],
            [
              76.62708,
              10.27432
            ],
            [
              76.62639,
              10.27462
            ],
            [
              76.62562,
              10.27471
            ],
            [
              76.625,
              10.27457
            ],
            [
              76.62426,
              10.27439
            ],
            [
              76.6233,
              10.27404
            ],
            [
              76.62304,
              10.27401
            ],
            [
              76.62276,
              10.2756
            ],
            [
              76.62226,
              10.27722
            ],
            [
              76.62182,
              10.27842
            ],
            [
              76.62115,
              10.2799
            ],
            [
              76.62059,
              10.28084
            ],
            [
              76.62044,
              10.28081
            ],
            [
              76.61878,
              10.28074
            ],
            [
              76.6179,
              10.28071
            ],
            [
              76.61695,
              10.28077
            ],
            [
              76.616,
              10.28069
            ],
            [
              76.61487,
              10.28078
            ],
            [
              76.61291,
              10.28073
            ],
            [
              76.60992,
              10.28066
            ],
            [
              76.60955,
              10.28064
            ],
            [
              76.60835,
              10.28058
            ],
            [
              76.60613,
              10.28062
            ],
            [
              76.605,
              10.28075
            ],
            [
              76.60491,
              10.28127
            ],
            [
              76.60459,
              10.28201
            ],
            [
              76.60402,
              10.28251
            ],
            [
              76.60347,
              10.28325
            ],
            [
              76.60326,
              10.28342
            ],
            [
              76.60317,
              10.28349
            ],
            [
              76.60249,
              10.28408
            ],
            [
              76.60164,
              10.28478
            ],
            [
              76.60016,
              10.28594
            ],
            [
              76.59898,
              10.28674
            ],
            [
              76.59803,
              10.28739
            ],
            [
              76.59676,
              10.28822
            ],
            [
              76.59608,
              10.2887
            ],
            [
              76.59549,
              10.28931
            ],
            [
              76.59473,
              10.29023
            ],
            [
              76.59375,
              10.29103
            ],
            [
              76.59218,
              10.29244
            ],
            [
              76.59184,
              10.29298
            ],
            [
              76.59172,
              10.29388
            ],
            [
              76.59158,
              10.29591
            ],
            [
              76.59159,
              10.2973
            ],
            [
              76.59159,
              10.29847
            ],
            [
              76.5916,
              10.29872
            ],
            [
              76.59159,
              10.29935
            ],
            [
              76.59116,
              10.29925
            ],
            [
              76.59038,
              10.29908
            ],
            [
              76.5897,
              10.29878
            ],
            [
              76.58883,
              10.29857
            ],
            [
              76.58831,
              10.29858
            ],
            [
              76.58709,
              10.29864
            ],
            [
              76.58665,
              10.2989
            ],
            [
              76.58603,
              10.29953
            ],
            [
              76.58533,
              10.30025
            ],
            [
              76.58486,
              10.30057
            ],
            [
              76.58468,
              10.3007
            ],
            [
              76.58402,
              10.30111
            ],
            [
              76.58335,
              10.30147
            ],
            [
              76.58285,
              10.30162
            ],
            [
              76.58151,
              10.3017
            ],
            [
              76.5807,
              10.30186
            ],
            [
              76.5802,
              10.30208
            ],
            [
              76.58001,
              10.30228
            ],
            [
              76.57986,
              10.30244
            ],
            [
              76.57949,
              10.30274
            ],
            [
              76.57918,
              10.30287
            ],
            [
              76.57893,
              10.30296
            ],
            [
              76.57869,
              10.30299
            ],
            [
              76.57836,
              10.30303
            ],
            [
              76.57792,
              10.3029
            ],
            [
              76.57781,
              10.30283
            ],
            [
              76.57761,
              10.30264
            ],
            [
              76.57729,
              10.30238
            ],
            [
              76.57694,
              10.30191
            ],
            [
              76.57658,
              10.30142
            ],
            [
              76.57643,
              10.30122
            ],
            [
              76.5758,
              10.30067
            ],
            [
              76.57506,
              10.3001
            ],
            [
              76.57428,
              10.29953
            ],
            [
              76.57397,
              10.29926
            ],
            [
              76.57366,
              10.299
            ],
            [
              76.57295,
              10.29826
            ],
            [
              76.57148,
              10.29702
            ],
            [
              76.57087,
              10.29654
            ],
            [
              76.56992,
              10.29585
            ],
            [
              76.56929,
              10.29531
            ],
            [
              76.56908,
              10.29516
            ],
            [
              76.56889,
              10.29497
            ],
            [
              76.56849,
              10.29468
            ],
            [
              76.56835,
              10.2945
            ],
            [
              76.56819,
              10.29431
            ],
            [
              76.56798,
              10.29386
            ],
            [
              76.56792,
              10.29336
            ],
            [
              76.568,
              10.29317
            ],
            [
              76.56813,
              10.29282
            ],
            [
              76.56842,
              10.29239
            ],
            [
              76.56908,
              10.29162
            ],
            [
              76.56971,
              10.29103
            ],
            [
              76.5711,
              10.28995
            ],
            [
              76.57143,
              10.28969
            ],
            [
              76.57214,
              10.28909
            ],
            [
              76.57354,
              10.28801
            ],
            [
              76.57477,
              10.28697
            ],
            [
              76.5751,
              10.28643
            ],
            [
              76.57522,
              10.28622
            ],
            [
              76.57535,
              10.28596
            ],
            [
              76.5755,
              10.2857
            ],
            [
              76.57551,
              10.28546
            ],
            [
              76.57537,
              10.28499
            ],
            [
              76.57516,
              10.28475
            ],
            [
              76.57491,
              10.28452
            ],
            [
              76.57466,
              10.28442
            ],
            [
              76.57381,
              10.28434
            ],
            [
              76.57332,
              10.28427
            ],
            [
              76.57312,
              10.28432
            ],
            [
              76.57289,
              10.2844
            ],
            [
              76.57265,
              10.28437
            ],
            [
              76.57236,
              10.2844
            ],
            [
              76.57131,
              10.28457
            ],
            [
              76.57033,
              10.28498
            ],
            [
              76.56903,
              10.28534
            ],
            [
              76.56808,
              10.28552
            ],
            [
              76.56719,
              10.28544
            ],
            [
              76.56687,
              10.2854
            ],
            [
              76.56627,
              10.28533
            ],
            [
              76.56577,
              10.28521
            ],
            [
              76.56551,
              10.28515
            ],
            [
              76.56541,
              10.28513
            ],
            [
              76.56446,
              10.28504
            ],
            [
              76.56402,
              10.28501
            ],
            [
              76.56363,
              10.28499
            ],
            [
              76.56279,
              10.2849
            ],
            [
              76.56262,
              10.28488
            ],
            [
              76.56252,
              10.28487
            ],
            [
              76.5615,
              10.28473
            ],
            [
              76.56046,
              10.28433
            ],
            [
              76.55888,
              10.28386
            ],
            [
              76.55846,
              10.28375
            ],
            [
              76.55822,
              10.28369
            ],
            [
              76.55743,
              10.28349
            ],
            [
              76.55621,
              10.2832
            ],
            [
              76.55526,
              10.28317
            ],
            [
              76.55511,
              10.28323
            ],
            [
              76.55498,
              10.28328
            ],
            [
              76.55464,
              10.28341
            ],
            [
              76.5546,
              10.28344
            ],
            [
              76.55405,
              10.28393
            ],
            [
              76.55377,
              10.28421
            ],
            [
              76.55355,
              10.28445
            ],
            [
              76.55296,
              10.28513
            ],
            [
              76.55213,
              10.28601
            ],
            [
              76.55171,
              10.28611
            ],
            [
              76.55163,
              10.28631
            ],
            [
              76.55139,
              10.28669
            ],
            [
              76.55095,
              10.2872
            ],
            [
              76.55062,
              10.28752
            ],
            [
              76.55023,
              10.28789
            ],
            [
              76.54988,
              10.28822
            ],
            [
              76.54953,
              10.28872
            ],
            [
              76.54924,
              10.28902
            ],
            [
              76.54903,
              10.28914
            ],
            [
              76.5487,
              10.28921
            ],
            [
              76.54843,
              10.28932
            ],
            [
              76.54816,
              10.28945
            ],
            [
              76.54652,
              10.29007
            ],
            [
              76.5453,
              10.28984
            ],
            [
              76.54382,
              10.28981
            ],
            [
              76.54316,
              10.28968
            ],
            [
              76.54249,
              10.28956
            ],
            [
              76.54169,
              10.28938
            ],
            [
              76.54064,
              10.28895
            ],
            [
              76.54006,
              10.28882
            ],
            [
              76.53952,
              10.28869
            ],
            [
              76.53848,
              10.28852
            ],
            [
              76.53831,
              10.2885
            ],
            [
              76.53664,
              10.28835
            ],
            [
              76.53519,
              10.28818
            ],
            [
              76.53433,
              10.28801
            ],
            [
              76.53314,
              10.28766
            ],
            [
              76.53131,
              10.2871
            ],
            [
              76.53113,
              10.28705
            ],
            [
              76.53041,
              10.28682
            ],
            [
              76.52957,
              10.2863
            ],
            [
              76.52883,
              10.28586
            ],
            [
              76.528,
              10.28528
            ],
            [
              76.52717,
              10.28487
            ],
            [
              76.5263,
              10.28464
            ],
            [
              76.52541,
              10.28473
            ],
            [
              76.52385,
              10.28494
            ],
            [
              76.52293,
              10.28521
            ],
            [
              76.52244,
              10.28544
            ],
            [
              76.52174,
              10.28578
            ],
            [
              76.5208,
              10.28645
            ],
            [
              76.51967,
              10.28725
            ],
            [
              76.51879,
              10.28776
            ],
            [
              76.51781,
              10.28814
            ],
            [
              76.51741,
              10.28819
            ],
            [
              76.51723,
              10.28821
            ],
            [
              76.51714,
              10.28822
            ],
            [
              76.51666,
              10.28827
            ],
            [
              76.51595,
              10.2883
            ],
            [
              76.51535,
              10.28829
            ],
            [
              76.51523,
              10.28829
            ],
            [
              76.51487,
              10.28828
            ],
            [
              76.51476,
              10.28828
            ],
            [
              76.51443,
              10.28831
            ],
            [
              76.51402,
              10.28834
            ],
            [
              76.51346,
              10.28854
            ],
            [
              76.51289,
              10.28868
            ],
            [
              76.51204,
              10.28888
            ],
            [
              76.51115,
              10.28908
            ],
            [
              76.51023,
              10.28932
            ],
            [
              76.50925,
              10.28942
            ],
            [
              76.50845,
              10.28945
            ],
            [
              76.50757,
              10.28943
            ],
            [
              76.50738,
              10.28943
            ],
            [
              76.50655,
              10.2892
            ],
            [
              76.50575,
              10.28902
            ],
            [
              76.50545,
              10.28896
            ],
            [
              76.50433,
              10.28874
            ],
            [
              76.50329,
              10.28848
            ],
            [
              76.50271,
              10.2884
            ],
            [
              76.5026,
              10.28839
            ],
            [
              76.50214,
              10.28823
            ],
            [
              76.50183,
              10.28813
            ],
            [
              76.50122,
              10.28767
            ],
            [
              76.50061,
              10.28721
            ],
            [
              76.49837,
              10.28771
            ],
            [
              76.4982,
              10.288
            ],
            [
              76.49744,
              10.28934
            ],
            [
              76.49663,
              10.29092
            ],
            [
              76.49585,
              10.29176
            ],
            [
              76.49506,
              10.2926
            ],
            [
              76.49255,
              10.29386
            ],
            [
              76.49176,
              10.29394
            ],
            [
              76.49162,
              10.29395
            ],
            [
              76.49069,
              10.29403
            ],
            [
              76.48855,
              10.29361
            ],
            [
              76.48837,
              10.29342
            ],
            [
              76.48756,
              10.29259
            ],
            [
              76.48735,
              10.29254
            ],
            [
              76.48504,
              10.29203
            ],
            [
              76.48417,
              10.29184
            ],
            [
              76.48286,
              10.29235
            ],
            [
              76.48105,
              10.29305
            ],
            [
              76.48062,
              10.29321
            ],
            [
              76.47983,
              10.29304
            ],
            [
              76.47816,
              10.29268
            ],
            [
              76.47781,
              10.29257
            ],
            [
              76.47477,
              10.29161
            ],
            [
              76.47334,
              10.29167
            ],
            [
              76.46975,
              10.29375
            ],
            [
              76.46937,
              10.29397
            ],
            [
              76.46701,
              10.29441
            ],
            [
              76.46522,
              10.29507
            ],
            [
              76.46391,
              10.29549
            ],
            [
              76.4636,
              10.29549
            ],
            [
              76.46316,
              10.29557
            ],
            [
              76.46269,
              10.29569
            ],
            [
              76.46209,
              10.29589
            ],
            [
              76.46025,
              10.29663
            ],
            [
              76.45982,
              10.29677
            ],
            [
              76.45838,
              10.29668
            ],
            [
              76.45583,
              10.29631
            ],
            [
              76.45574,
              10.2963
            ],
            [
              76.45392,
              10.29605
            ],
            [
              76.45352,
              10.29599
            ],
            [
              76.44898,
              10.29688
            ],
            [
              76.44847,
              10.29657
            ],
            [
              76.44804,
              10.29631
            ],
            [
              76.44739,
              10.29591
            ],
            [
              76.44706,
              10.29552
            ],
            [
              76.44656,
              10.29489
            ],
            [
              76.44537,
              10.29354
            ],
            [
              76.44508,
              10.29321
            ],
            [
              76.44441,
              10.29346
            ],
            [
              76.44344,
              10.29381
            ],
            [
              76.44011,
              10.2947
            ],
            [
              76.43913,
              10.29459
            ],
            [
              76.43831,
              10.29427
            ],
            [
              76.43799,
              10.29397
            ],
            [
              76.43739,
              10.29339
            ],
            [
              76.43632,
              10.29233
            ],
            [
              76.43553,
              10.29181
            ],
            [
              76.43199,
              10.28953
            ],
            [
              76.43097,
              10.28942
            ],
            [
              76.42947,
              10.28927
            ],
            [
              76.42814,
              10.29011
            ],
            [
              76.42714,
              10.29075
            ],
            [
              76.42603,
              10.29145
            ],
            [
              76.42491,
              10.29184
            ],
            [
              76.42303,
              10.2925
            ],
            [
              76.42003,
              10.29313
            ],
            [
              76.41962,
              10.29326
            ],
            [
              76.4194,
              10.29333
            ],
            [
              76.41697,
              10.29409
            ],
            [
              76.41716,
              10.29354
            ],
            [
              76.41779,
              10.29169
            ],
            [
              76.41818,
              10.29053
            ],
            [
              76.41876,
              10.28882
            ],
            [
              76.41301,
              10.28846
            ],
            [
              76.4133,
              10.2874
            ],
            [
              76.41377,
              10.28569
            ],
            [
              76.415,
              10.28125
            ],
            [
              76.41072,
              10.27948
            ],
            [
              76.40783,
              10.27828
            ],
            [
              76.40278,
              10.27619
            ],
            [
              76.39915,
              10.26866
            ],
            [
              76.39858,
              10.26748
            ],
            [
              76.39425,
              10.2668
            ],
            [
              76.3915,
              10.26382
            ],
            [
              76.39207,
              10.26096
            ],
            [
              76.39322,
              10.25525
            ],
            [
              76.39223,
              10.25466
            ],
            [
              76.38955,
              10.25472
            ],
            [
              76.38526,
              10.25468
            ],
            [
              76.37984,
              10.25462
            ],
            [
              76.37952,
              10.25178
            ],
            [
              76.37922,
              10.25012
            ],
            [
              76.37991,
              10.24833
            ],
            [
              76.3802,
              10.24828
            ],
            [
              76.38041,
              10.24694
            ],
            [
              76.38042,
              10.24692
            ],
            [
              76.38116,
              10.24521
            ],
            [
              76.38119,
              10.24514
            ],
            [
              76.38041,
              10.24493
            ],
            [
              76.3801,
              10.24484
            ],
            [
              76.37831,
              10.2444
            ],
            [
              76.3776,
              10.2442
            ],
            [
              76.37708,
              10.24395
            ],
            [
              76.3766,
              10.24354
            ],
            [
              76.37622,
              10.24284
            ],
            [
              76.37616,
              10.24271
            ],
            [
              76.37584,
              10.24205
            ],
            [
              76.37524,
              10.24166
            ],
            [
              76.37416,
              10.24133
            ],
            [
              76.37331,
              10.24098
            ],
            [
              76.37323,
              10.24095
            ],
            [
              76.3731,
              10.24091
            ],
            [
              76.37302,
              10.24089
            ],
            [
              76.37207,
              10.2406
            ],
            [
              76.3716,
              10.24061
            ],
            [
              76.37095,
              10.2404
            ],
            [
              76.36994,
              10.24012
            ],
            [
              76.36873,
              10.23978
            ],
            [
              76.36843,
              10.23968
            ],
            [
              76.3651,
              10.23859
            ],
            [
              76.36048,
              10.23721
            ],
            [
              76.36027,
              10.23714
            ],
            [
              76.35977,
              10.23699
            ],
            [
              76.35955,
              10.23693
            ],
            [
              76.35789,
              10.23642
            ],
            [
              76.35711,
              10.23618
            ],
            [
              76.35424,
              10.2353
            ],
            [
              76.35306,
              10.23494
            ],
            [
              76.35263,
              10.23479
            ],
            [
              76.35154,
              10.23442
            ],
            [
              76.34982,
              10.23383
            ],
            [
              76.34919,
              10.23362
            ],
            [
              76.34609,
              10.23257
            ],
            [
              76.34437,
              10.23203
            ],
            [
              76.34249,
              10.23143
            ],
            [
              76.34102,
              10.23097
            ],
            [
              76.34188,
              10.23067
            ],
            [
              76.34258,
              10.23065
            ],
            [
              76.34267,
              10.23052
            ],
            [
              76.34267,
              10.23026
            ],
            [
              76.34234,
              10.22895
            ],
            [
              76.34222,
              10.22808
            ],
            [
              76.34265,
              10.22747
            ],
            [
              76.34271,
              10.22641
            ],
            [
              76.34272,
              10.22628
            ],
            [
              76.34127,
              10.22627
            ],
            [
              76.34016,
              10.22607
            ],
            [
              76.33988,
              10.22593
            ],
            [
              76.33973,
              10.22585
            ],
            [
              76.33946,
              10.22551
            ],
            [
              76.33924,
              10.22518
            ],
            [
              76.33922,
              10.22477
            ],
            [
              76.33932,
              10.22437
            ],
            [
              76.33941,
              10.22404
            ],
            [
              76.33938,
              10.2237
            ],
            [
              76.33931,
              10.2233
            ],
            [
              76.33909,
              10.22294
            ],
            [
              76.3389,
              10.22262
            ],
            [
              76.33845,
              10.22154
            ],
            [
              76.33842,
              10.22107
            ],
            [
              76.33867,
              10.22101
            ],
            [
              76.33856,
              10.22069
            ],
            [
              76.33833,
              10.21998
            ],
            [
              76.33855,
              10.21974
            ],
            [
              76.33857,
              10.21943
            ],
            [
              76.33822,
              10.21834
            ],
            [
              76.33801,
              10.21762
            ],
            [
              76.338,
              10.21724
            ],
            [
              76.33799,
              10.21644
            ],
            [
              76.33798,
              10.21598
            ],
            [
              76.33724,
              10.21468
            ],
            [
              76.33691,
              10.21343
            ],
            [
              76.33551,
              10.21329
            ],
            [
              76.33486,
              10.21323
            ],
            [
              76.33432,
              10.21267
            ],
            [
              76.334,
              10.21189
            ],
            [
              76.33357,
              10.21066
            ],
            [
              76.33323,
              10.20989
            ],
            [
              76.33277,
              10.20933
            ],
            [
              76.33221,
              10.20936
            ],
            [
              76.33206,
              10.20923
            ],
            [
              76.33194,
              10.20913
            ],
            [
              76.33122,
              10.20881
            ],
            [
              76.33115,
              10.20878
            ],
            [
              76.33029,
              10.20852
            ],
            [
              76.32956,
              10.20848
            ],
            [
              76.32804,
              10.20811
            ],
            [
              76.32769,
              10.20799
            ],
            [
              76.32708,
              10.20777
            ],
            [
              76.3268,
              10.20769
            ],
            [
              76.3263,
              10.20754
            ],
            [
              76.32431,
              10.20735
            ],
            [
              76.32198,
              10.20714
            ],
            [
              76.3219,
              10.20714
            ],
            [
              76.32094,
              10.20708
            ],
            [
              76.31887,
              10.20696
            ],
            [
              76.31856,
              10.20694
            ],
            [
              76.31606,
              10.20681
            ],
            [
              76.31541,
              10.20677
            ],
            [
              76.31368,
              10.20596
            ],
            [
              76.31238,
              10.20537
            ],
            [
              76.31234,
              10.20392
            ],
            [
              76.31238,
              10.19877
            ],
            [
              76.31263,
              10.19741
            ],
            [
              76.31304,
              10.19606
            ],
            [
              76.31334,
              10.19434
            ],
            [
              76.31336,
              10.19394
            ],
            [
              76.31344,
              10.19186
            ],
            [
              76.31348,
              10.18924
            ],
            [
              76.31349,
              10.18688
            ],
            [
              76.31347,
              10.18614
            ],
            [
              76.3137,
              10.18513
            ],
            [
              76.3137,
              10.18486
            ],
            [
              76.31373,
              10.18445
            ],
            [
              76.3137,
              10.1843
            ],
            [
              76.31246,
              10.18467
            ],
            [
              76.31192,
              10.18483
            ],
            [
              76.30907,
              10.1857
            ],
            [
              76.30897,
              10.18573
            ],
            [
              76.30689,
              10.18641
            ],
            [
              76.30497,
              10.18765
            ],
            [
              76.30415,
              10.18818
            ],
            [
              76.30393,
              10.18823
            ],
            [
              76.30343,
              10.18835
            ],
            [
              76.30292,
              10.18829
            ],
            [
              76.3028,
              10.18828
            ],
            [
              76.30228,
              10.18801
            ],
            [
              76.30164,
              10.18755
            ],
            [
              76.30112,
              10.18694
            ],
            [
              76.30105,
              10.18659
            ],
            [
              76.30165,
              10.18573
            ],
            [
              76.30172,
              10.18538
            ],
            [
              76.30178,
              10.18511
            ],
            [
              76.30184,
              10.1848
            ],
            [
              76.30181,
              10.18461
            ],
            [
              76.30176,
              10.18431
            ],
            [
              76.30112,
              10.18141
            ],
            [
              76.30003,
              10.18045
            ],
            [
              76.29991,
              10.18034
            ],
            [
              76.29825,
              10.18004
            ],
            [
              76.29798,
              10.17999
            ],
            [
              76.29751,
              10.17989
            ],
            [
              76.29631,
              10.1789
            ],
            [
              76.29567,
              10.17837
            ],
            [
              76.29427,
              10.17777
            ],
            [
              76.29234,
              10.17787
            ],
            [
              76.29106,
              10.1785
            ],
            [
              76.29034,
              10.17872
            ],
            [
              76.28895,
              10.17877
            ],
            [
              76.28825,
              10.17873
            ],
            [
              76.28815,
              10.1788
            ],
            [
              76.28792,
              10.17881
            ],
            [
              76.28752,
              10.17879
            ],
            [
              76.28651,
              10.17865
            ],
            [
              76.28631,
              10.17854
            ],
            [
              76.28576,
              10.17819
            ],
            [
              76.28542,
              10.17778
            ],
            [
              76.28489,
              10.1771
            ],
            [
              76.28407,
              10.17665
            ],
            [
              76.28184,
              10.17489
            ],
            [
              76.28133,
              10.17485
            ],
            [
              76.28105,
              10.17483
            ],
            [
              76.28026,
              10.1748
            ],
            [
              76.27964,
              10.17498
            ],
            [
              76.27885,
              10.17509
            ],
            [
              76.27803,
              10.17517
            ],
            [
              76.27709,
              10.17532
            ],
            [
              76.2768,
              10.17536
            ],
            [
              76.27603,
              10.17532
            ],
            [
              76.27566,
              10.17502
            ],
            [
              76.27522,
              10.17555
            ],
            [
              76.27513,
              10.17589
            ],
            [
              76.27517,
              10.17593
            ],
            [
              76.27559,
              10.17643
            ],
            [
              76.27587,
              10.1766
            ],
            [
              76.276,
              10.17708
            ],
            [
              76.27599,
              10.17757
            ],
            [
              76.27583,
              10.17824
            ],
            [
              76.27577,
              10.17907
            ],
            [
              76.2753,
              10.1792
            ],
            [
              76.27505,
              10.17928
            ],
            [
              76.27502,
              10.17942
            ],
            [
              76.27519,
              10.17971
            ],
            [
              76.27538,
              10.17998
            ],
            [
              76.27469,
              10.18019
            ],
            [
              76.27445,
              10.1803
            ],
            [
              76.27365,
              10.18064
            ],
            [
              76.27317,
              10.18113
            ],
            [
              76.27307,
              10.18157
            ],
            [
              76.27342,
              10.18244
            ],
            [
              76.27355,
              10.1831
            ],
            [
              76.27327,
              10.18396
            ],
            [
              76.27283,
              10.18459
            ],
            [
              76.27278,
              10.18467
            ],
            [
              76.27241,
              10.18508
            ],
            [
              76.27213,
              10.18527
            ],
            [
              76.27189,
              10.18544
            ],
            [
              76.27154,
              10.18563
            ],
            [
              76.27147,
              10.18565
            ],
            [
              76.27107,
              10.18579
            ],
            [
              76.27075,
              10.18585
            ],
            [
              76.27025,
              10.18588
            ],
            [
              76.2698,
              10.18577
            ],
            [
              76.26926,
              10.18559
            ],
            [
              76.26895,
              10.18545
            ],
            [
              76.26868,
              10.18542
            ],
            [
              76.26826,
              10.18564
            ],
            [
              76.26783,
              10.18599
            ],
            [
              76.26654,
              10.18703
            ],
            [
              76.26551,
              10.18781
            ],
            [
              76.26513,
              10.1881
            ],
            [
              76.2651,
              10.18812
            ],
            [
              76.26458,
              10.18852
            ],
            [
              76.26305,
              10.18962
            ],
            [
              76.26301,
              10.18978
            ],
            [
              76.26322,
              10.19
            ],
            [
              76.26341,
              10.19039
            ],
            [
              76.26334,
              10.19098
            ],
            [
              76.2636,
              10.19185
            ],
            [
              76.26362,
              10.19221
            ],
            [
              76.26362,
              10.19271
            ],
            [
              76.26359,
              10.1932
            ],
            [
              76.26349,
              10.19371
            ],
            [
              76.26324,
              10.19384
            ],
            [
              76.26317,
              10.19393
            ],
            [
              76.26306,
              10.19408
            ],
            [
              76.2624,
              10.19479
            ],
            [
              76.26144,
              10.19552
            ],
            [
              76.2614,
              10.19733
            ],
            [
              76.26139,
              10.19759
            ],
            [
              76.26133,
              10.19782
            ],
            [
              76.26129,
              10.19795
            ],
            [
              76.26131,
              10.19805
            ],
            [
              76.26134,
              10.1982
            ],
            [
              76.26155,
              10.19826
            ],
            [
              76.26185,
              10.1982
            ],
            [
              76.26234,
              10.19796
            ],
            [
              76.26289,
              10.19797
            ],
            [
              76.26327,
              10.198
            ],
            [
              76.26368,
              10.19803
            ],
            [
              76.26398,
              10.19806
            ],
            [
              76.26421,
              10.19809
            ],
            [
              76.26486,
              10.19817
            ],
            [
              76.265,
              10.19819
            ],
            [
              76.26516,
              10.19829
            ],
            [
              76.26562,
              10.19859
            ],
            [
              76.26569,
              10.19864
            ],
            [
              76.2658,
              10.19889
            ],
            [
              76.26579,
              10.19924
            ],
            [
              76.26565,
              10.19996
            ],
            [
              76.26554,
              10.20041
            ],
            [
              76.2655,
              10.20044
            ],
            [
              76.2653,
              10.20063
            ],
            [
              76.26511,
              10.20062
            ],
            [
              76.265,
              10.20062
            ],
            [
              76.26469,
              10.20052
            ],
            [
              76.26437,
              10.2005
            ],
            [
              76.26399,
              10.20051
            ],
            [
              76.26336,
              10.2007
            ],
            [
              76.26285,
              10.20124
            ],
            [
              76.26264,
              10.20146
            ],
            [
              76.26253,
              10.20155
            ],
            [
              76.26246,
              10.2016
            ],
            [
              76.26204,
              10.20193
            ],
            [
              76.26171,
              10.20219
            ],
            [
              76.26147,
              10.20221
            ],
            [
              76.26117,
              10.20223
            ],
            [
              76.26096,
              10.20203
            ],
            [
              76.26089,
              10.20196
            ],
            [
              76.26085,
              10.20192
            ],
            [
              76.2605,
              10.20159
            ],
            [
              76.26028,
              10.20112
            ],
            [
              76.26012,
              10.20089
            ],
            [
              76.2579,
              10.20104
            ],
            [
              76.25795,
              10.20207
            ],
            [
              76.25709,
              10.20227
            ],
            [
              76.25694,
              10.2023
            ],
            [
              76.25684,
              10.20232
            ],
            [
              76.25632,
              10.20254
            ],
            [
              76.25599,
              10.20259
            ],
            [
              76.25556,
              10.20255
            ],
            [
              76.25537,
              10.20247
            ],
            [
              76.25521,
              10.2023
            ],
            [
              76.25515,
              10.20223
            ],
            [
              76.25507,
              10.20214
            ],
            [
              76.25493,
              10.20191
            ],
            [
              76.25456,
              10.20168
            ],
            [
              76.2545,
              10.20164
            ],
            [
              76.25441,
              10.20162
            ],
            [
              76.25411,
              10.20157
            ],
            [
              76.2538,
              10.20161
            ],
            [
              76.25333,
              10.20166
            ],
            [
              76.25325,
              10.20164
            ],
            [
              76.2529,
              10.20157
            ],
            [
              76.25261,
              10.20137
            ],
            [
              76.25215,
              10.20135
            ],
            [
              76.25185,
              10.20098
            ],
            [
              76.25172,
              10.2008
            ],
            [
              76.25163,
              10.20067
            ],
            [
              76.25139,
              10.20057
            ],
            [
              76.25133,
              10.20059
            ],
            [
              76.2511,
              10.20067
            ],
            [
              76.25078,
              10.2007
            ],
            [
              76.2506,
              10.20087
            ],
            [
              76.25048,
              10.20094
            ],
            [
              76.25037,
              10.20101
            ],
            [
              76.2502,
              10.20111
            ],
            [
              76.24982,
              10.20132
            ],
            [
              76.2496,
              10.20145
            ],
            [
              76.24859,
              10.20182
            ],
            [
              76.2478,
              10.20203
            ],
            [
              76.24716,
              10.20266
            ],
            [
              76.24648,
              10.20303
            ],
            [
              76.24646,
              10.20316
            ],
            [
              76.24637,
              10.20377
            ],
            [
              76.24646,
              10.20399
            ],
            [
              76.24656,
              10.20422
            ],
            [
              76.24632,
              10.20455
            ],
            [
              76.24627,
              10.20501
            ],
            [
              76.24608,
              10.20519
            ],
            [
              76.24595,
              10.20531
            ],
            [
              76.24581,
              10.20541
            ],
            [
              76.24557,
              10.20539
            ],
            [
              76.24499,
              10.20536
            ],
            [
              76.24457,
              10.20514
            ],
            [
              76.24448,
              10.20505
            ],
            [
              76.24407,
              10.20465
            ],
            [
              76.24399,
              10.20457
            ],
            [
              76.24383,
              10.20341
            ],
            [
              76.24192,
              10.20331
            ],
            [
              76.24187,
              10.20333
            ],
            [
              76.24106,
              10.20367
            ],
            [
              76.23986,
              10.20416
            ],
            [
              76.23869,
              10.20443
            ],
            [
              76.23841,
              10.20429
            ],
            [
              76.23796,
              10.20408
            ],
            [
              76.23726,
              10.20323
            ],
            [
              76.23731,
              10.20265
            ],
            [
              76.2354,
              10.20274
            ],
            [
              76.23538,
              10.2028
            ],
            [
              76.23506,
              10.20346
            ],
            [
              76.23488,
              10.20397
            ],
            [
              76.2336,
              10.20418
            ],
            [
              76.23322,
              10.20426
            ],
            [
              76.23006,
              10.20494
            ],
            [
              76.22777,
              10.20541
            ],
            [
              76.22745,
              10.20526
            ],
            [
              76.22517,
              10.20579
            ],
            [
              76.22442,
              10.20603
            ],
            [
              76.22301,
              10.20648
            ],
            [
              76.22152,
              10.20696
            ],
            [
              76.22106,
              10.20651
            ],
            [
              76.22091,
              10.20637
            ],
            [
              76.21891,
              10.20454
            ],
            [
              76.21864,
              10.2043
            ],
            [
              76.21812,
              10.20382
            ],
            [
              76.21572,
              10.20168
            ],
            [
              76.21488,
              10.2014
            ],
            [
              76.21383,
              10.20104
            ],
            [
              76.21355,
              10.20095
            ],
            [
              76.2136,
              10.20075
            ],
            [
              76.21379,
              10.20012
            ],
            [
              76.21388,
              10.19905
            ],
            [
              76.21396,
              10.1981
            ],
            [
              76.21399,
              10.19803
            ],
            [
              76.21436,
              10.19718
            ],
            [
              76.21471,
              10.1967
            ],
            [
              76.21522,
              10.19593
            ],
            [
              76.2124,
              10.19609
            ],
            [
              76.21236,
              10.19595
            ],
            [
              76.21227,
              10.19585
            ],
            [
              76.21216,
              10.19578
            ],
            [
              76.21205,
              10.19568
            ],
            [
              76.21186,
              10.19562
            ],
            [
              76.21177,
              10.1956
            ],
            [
              76.21129,
              10.19555
            ],
            [
              76.2111,
              10.19557
            ],
            [
              76.21056,
              10.19562
            ],
            [
              76.21003,
              10.19575
            ],
            [
              76.20973,
              10.19591
            ],
            [
              76.20542,
              10.19439
            ],
            [
              76.20476,
              10.19418
            ],
            [
              76.20428,
              10.19403
            ],
            [
              76.20321,
              10.19369
            ],
            [
              76.20285,
              10.19357
            ],
            [
              76.20263,
              10.19359
            ],
            [
              76.20121,
              10.19373
            ],
            [
              76.19659,
              10.19192
            ],
            [
              76.1935,
              10.19214
            ],
            [
              76.19309,
              10.1921
            ],
            [
              76.18911,
              10.19163
            ],
            [
              76.18449,
              10.18986
            ],
            [
              76.18061,
              10.18919
            ],
            [
              76.17799,
              10.18793
            ],
            [
              76.17679,
              10.18648
            ],
            [
              76.17612,
              10.18634
            ],
            [
              76.17517,
              10.18615
            ],
            [
              76.1742,
              10.18596
            ],
            [
              76.1733,
              10.18573
            ],
            [
              76.17091,
              10.18513
            ],
            [
              76.1705,
              10.1843
            ],
            [
              76.17011,
              10.18352
            ],
            [
              76.16937,
              10.1825
            ],
            [
              76.16929,
              10.18239
            ],
            [
              76.16912,
              10.18208
            ],
            [
              76.16884,
              10.18159
            ],
            [
              76.16878,
              10.1813
            ],
            [
              76.1688,
              10.18112
            ],
            [
              76.16875,
              10.18097
            ],
            [
              76.16881,
              10.18037
            ],
            [
              76.16876,
              10.18015
            ],
            [
              76.16864,
              10.18004
            ],
            [
              76.16845,
              10.18004
            ],
            [
              76.16836,
              10.1802
            ],
            [
              76.16844,
              10.18044
            ],
            [
              76.16847,
              10.18075
            ],
            [
              76.16845,
              10.18094
            ],
            [
              76.16839,
              10.18104
            ],
            [
              76.1684,
              10.18132
            ],
            [
              76.16835,
              10.18142
            ],
            [
              76.16825,
              10.18151
            ],
            [
              76.16821,
              10.18147
            ],
            [
              76.16829,
              10.18136
            ],
            [
              76.16832,
              10.18123
            ],
            [
              76.16829,
              10.1811
            ],
            [
              76.16811,
              10.1809
            ],
            [
              76.16776,
              10.18035
            ],
            [
              76.16726,
              10.17973
            ],
            [
              76.1665,
              10.17856
            ],
            [
              76.16637,
              10.17809
            ],
            [
              76.16569,
              10.17775
            ],
            [
              76.16422,
              10.17877
            ],
            [
              76.16353,
              10.17919
            ],
            [
              76.16328,
              10.17876
            ],
            [
              76.16481,
              10.17733
            ],
            [
              76.16435,
              10.17716
            ],
            [
              76.16398,
              10.17686
            ],
            [
              76.16366,
              10.17663
            ],
            [
              76.16348,
              10.17662
            ],
            [
              76.16346,
              10.17636
            ],
            [
              76.16349,
              10.17622
            ],
            [
              76.16366,
              10.17616
            ],
            [
              76.16386,
              10.17636
            ],
            [
              76.16418,
              10.17668
            ],
            [
              76.16453,
              10.17693
            ],
            [
              76.16477,
              10.17714
            ],
            [
              76.16506,
              10.17719
            ],
            [
              76.16564,
              10.1766
            ],
            [
              76.16597,
              10.17613
            ],
            [
              76.16623,
              10.17559
            ],
            [
              76.1664,
              10.17383
            ],
            [
              76.16664,
              10.1731
            ],
            [
              76.16691,
              10.1719
            ],
            [
              76.16742,
              10.17012
            ],
            [
              76.16796,
              10.16935
            ],
            [
              76.16851,
              10.16851
            ],
            [
              76.16951,
              10.16634
            ],
            [
              76.17076,
              10.16241
            ],
            [
              76.17263,
              10.15774
            ],
            [
              76.17505,
              10.15103
            ],
            [
              76.17563,
              10.14943
            ],
            [
              76.1763,
              10.14739
            ],
            [
              76.17847,
              10.14075
            ],
            [
              76.18177,
              10.13034
            ],
            [
              76.18289,
              10.1262
            ],
            [
              76.18483,
              10.11901
            ],
            [
              76.18952,
              10.09817
            ],
            [
              76.19239,
              10.08736
            ],
            [
              76.19366,
              10.08375
            ],
            [
              76.19788,
              10.06752
            ],
            [
              76.19983,
              10.06036
            ],
            [
              76.20029,
              10.05872
            ],
            [
              76.20113,
              10.05578
            ],
            [
              76.20233,
              10.05202
            ],
            [
              76.20277,
              10.05138
            ],
            [
              76.20335,
              10.05103
            ],
            [
              76.20426,
              10.05037
            ],
            [
              76.20523,
              10.04724
            ],
            [
              76.20731,
              10.03931
            ],
            [
              76.20945,
              10.03132
            ],
            [
              76.21102,
              10.02618
            ],
            [
              76.21112,
              10.02605
            ],
            [
              76.2113,
              10.02596
            ],
            [
              76.21168,
              10.02594
            ],
            [
              76.21183,
              10.02585
            ],
            [
              76.21189,
              10.02572
            ],
            [
              76.21213,
              10.0252
            ],
            [
              76.21327,
              10.02167
            ],
            [
              76.21531,
              10.01121
            ],
            [
              76.2159,
              10.00822
            ],
            [
              76.2171,
              10.00212
            ],
            [
              76.21865,
              9.99237
            ],
            [
              76.21985,
              9.9881
            ],
            [
              76.22143,
              9.98539
            ],
            [
              76.22159,
              9.98307
            ],
            [
              76.22265,
              9.97964
            ],
            [
              76.22407,
              9.97579
            ],
            [
              76.22531,
              9.9736
            ],
            [
              76.22604,
              9.97232
            ],
            [
              76.23023,
              9.96852
            ],
            [
              76.2337,
              9.96483
            ],
            [
              76.23728,
              9.95931
            ],
            [
              76.23778,
              9.95673
            ],
            [
              76.23813,
              9.95496
            ],
            [
              76.23916,
              9.95164
            ],
            [
              76.24014,
              9.94906
            ],
            [
              76.24089,
              9.94655
            ],
            [
              76.24129,
              9.94559
            ],
            [
              76.24134,
              9.94547
            ],
            [
              76.242,
              9.94407
            ],
            [
              76.24372,
              9.93952
            ],
            [
              76.24483,
              9.9362
            ],
            [
              76.24568,
              9.93379
            ],
            [
              76.24587,
              9.93312
            ],
            [
              76.24606,
              9.93276
            ],
            [
              76.24631,
              9.93188
            ],
            [
              76.24692,
              9.93015
            ],
            [
              76.24702,
              9.92987
            ],
            [
              76.24759,
              9.92821
            ],
            [
              76.24829,
              9.92622
            ],
            [
              76.24984,
              9.92213
            ],
            [
              76.25018,
              9.92113
            ],
            [
              76.25071,
              9.91978
            ],
            [
              76.25115,
              9.91856
            ],
            [
              76.25154,
              9.91717
            ],
            [
              76.25198,
              9.9146
            ],
            [
              76.25275,
              9.91193
            ],
            [
              76.2532,
              9.91028
            ],
            [
              76.25489,
              9.90439
            ],
            [
              76.25628,
              9.89907
            ],
            [
              76.25664,
              9.89728
            ],
            [
              76.25675,
              9.89659
            ],
            [
              76.25793,
              9.89197
            ],
            [
              76.25822,
              9.8905
            ],
            [
              76.25844,
              9.88948
            ],
            [
              76.25929,
              9.88599
            ],
            [
              76.25984,
              9.88334
            ],
            [
              76.26002,
              9.88273
            ],
            [
              76.26021,
              9.88249
            ],
            [
              76.26045,
              9.88227
            ],
            [
              76.26055,
              9.8818
            ],
            [
              76.26041,
              9.88131
            ],
            [
              76.26046,
              9.88057
            ],
            [
              76.26116,
              9.8757
            ],
            [
              76.26128,
              9.87469
            ],
            [
              76.26201,
              9.87097
            ],
            [
              76.26225,
              9.87031
            ],
            [
              76.26252,
              9.86991
            ],
            [
              76.26284,
              9.86891
            ],
            [
              76.26286,
              9.86782
            ],
            [
              76.2629,
              9.8666
            ],
            [
              76.26371,
              9.86227
            ],
            [
              76.26401,
              9.8606
            ],
            [
              76.26459,
              9.85804
            ],
            [
              76.26515,
              9.85469
            ],
            [
              76.26649,
              9.84786
            ],
            [
              76.26717,
              9.84422
            ],
            [
              76.26731,
              9.84388
            ],
            [
              76.26755,
              9.84365
            ],
            [
              76.26771,
              9.84319
            ],
            [
              76.26778,
              9.84249
            ],
            [
              76.26765,
              9.84209
            ],
            [
              76.26774,
              9.84155
            ],
            [
              76.26869,
              9.83751
            ],
            [
              76.26929,
              9.83383
            ],
            [
              76.26949,
              9.83232
            ],
            [
              76.26969,
              9.83228
            ],
            [
              76.26984,
              9.83213
            ],
            [
              76.26991,
              9.83188
            ],
            [
              76.26986,
              9.8316
            ],
            [
              76.26972,
              9.8312
            ],
            [
              76.26967,
              9.83065
            ],
            [
              76.26987,
              9.82871
            ],
            [
              76.27175,
              9.81842
            ],
            [
              76.27299,
              9.8105
            ],
            [
              76.27473,
              9.8015
            ],
            [
              76.27702,
              9.79006
            ],
            [
              76.27782,
              9.78992
            ],
            [
              76.2782,
              9.78986
            ],
            [
              76.27948,
              9.78978
            ],
            [
              76.28101,
              9.78979
            ],
            [
              76.28107,
              9.78978
            ],
            [
              76.28118,
              9.78977
            ],
            [
              76.28294,
              9.78958
            ],
            [
              76.28336,
              9.78953
            ],
            [
              76.28396,
              9.78971
            ],
            [
              76.28454,
              9.78989
            ],
            [
              76.28471,
              9.78994
            ],
            [
              76.28456,
              9.79143
            ],
            [
              76.28456,
              9.79166
            ],
            [
              76.28453,
              9.79334
            ],
            [
              76.28446,
              9.79689
            ],
            [
              76.28443,
              9.79696
            ],
            [
              76.2843,
              9.79752
            ],
            [
              76.28386,
              9.79952
            ],
            [
              76.28342,
              9.80067
            ],
            [
              76.28343,
              9.80156
            ],
            [
              76.28345,
              9.80252
            ],
            [
              76.28353,
              9.8028
            ],
            [
              76.28387,
              9.80403
            ],
            [
              76.28513,
              9.80444
            ],
            [
              76.28989,
              9.80589
            ],
            [
              76.29201,
              9.80616
            ],
            [
              76.29257,
              9.80623
            ],
            [
              76.29333,
              9.80616
            ],
            [
              76.29373,
              9.80855
            ],
            [
              76.29365,
              9.80865
            ],
            [
              76.29172,
              9.81098
            ],
            [
              76.29125,
              9.81293
            ],
            [
              76.2908,
              9.81382
            ],
            [
              76.29066,
              9.8141
            ],
            [
              76.28972,
              9.81598
            ],
            [
              76.28963,
              9.81616
            ],
            [
              76.28912,
              9.81718
            ],
            [
              76.28864,
              9.81814
            ],
            [
              76.28861,
              9.81822
            ],
            [
              76.28832,
              9.81887
            ],
            [
              76.28796,
              9.81867
            ],
            [
              76.28738,
              9.81835
            ],
            [
              76.2856,
              9.81737
            ],
            [
              76.28392,
              9.81977
            ],
            [
              76.2836,
              9.82043
            ],
            [
              76.28332,
              9.82099
            ],
            [
              76.28276,
              9.82193
            ],
            [
              76.28209,
              9.82248
            ],
            [
              76.28165,
              9.82274
            ],
            [
              76.28156,
              9.8241
            ],
            [
              76.28067,
              9.82682
            ],
            [
              76.28115,
              9.82827
            ],
            [
              76.28103,
              9.83035
            ],
            [
              76.28169,
              9.83191
            ],
            [
              76.28363,
              9.83395
            ],
            [
              76.28519,
              9.83579
            ],
            [
              76.28624,
              9.83674
            ],
            [
              76.28668,
              9.83726
            ],
            [
              76.28625,
              9.83908
            ],
            [
              76.28695,
              9.84064
            ],
            [
              76.28728,
              9.84178
            ],
            [
              76.28738,
              9.84214
            ],
            [
              76.28766,
              9.84315
            ],
            [
              76.28769,
              9.84337
            ],
            [
              76.28775,
              9.84377
            ],
            [
              76.28793,
              9.84497
            ],
            [
              76.28794,
              9.84713
            ],
            [
              76.28785,
              9.84866
            ],
            [
              76.28778,
              9.84973
            ],
            [
              76.28804,
              9.84999
            ],
            [
              76.29057,
              9.85076
            ],
            [
              76.29239,
              9.85092
            ],
            [
              76.29264,
              9.85094
            ],
            [
              76.29347,
              9.85101
            ],
            [
              76.2938,
              9.85104
            ],
            [
              76.29412,
              9.85106
            ],
            [
              76.2947,
              9.85111
            ],
            [
              76.2955,
              9.85121
            ],
            [
              76.29729,
              9.85143
            ],
            [
              76.29856,
              9.8517
            ],
            [
              76.29984,
              9.85197
            ],
            [
              76.30071,
              9.85419
            ],
            [
              76.29992,
              9.85637
            ],
            [
              76.29941,
              9.85713
            ],
            [
              76.29926,
              9.85735
            ],
            [
              76.29884,
              9.85796
            ],
            [
              76.29861,
              9.85881
            ],
            [
              76.29848,
              9.85927
            ],
            [
              76.298,
              9.86098
            ],
            [
              76.298,
              9.86107
            ],
            [
              76.29801,
              9.8617
            ],
            [
              76.29802,
              9.86194
            ],
            [
              76.29804,
              9.86287
            ],
            [
              76.29718,
              9.86541
            ],
            [
              76.29714,
              9.86554
            ],
            [
              76.29631,
              9.86797
            ],
            [
              76.2966,
              9.86908
            ],
            [
              76.29702,
              9.87067
            ],
            [
              76.29695,
              9.8709
            ],
            [
              76.29677,
              9.87146
            ],
            [
              76.29674,
              9.87157
            ],
            [
              76.29626,
              9.87312
            ],
            [
              76.29624,
              9.87319
            ],
            [
              76.2962,
              9.87416
            ],
            [
              76.29616,
              9.87497
            ],
            [
              76.296,
              9.87699
            ],
            [
              76.29598,
              9.87717
            ],
            [
              76.29583,
              9.87856
            ],
            [
              76.29531,
              9.88099
            ],
            [
              76.29489,
              9.88302
            ],
            [
              76.29486,
              9.88318
            ],
            [
              76.2947,
              9.88395
            ],
            [
              76.29464,
              9.88423
            ],
            [
              76.29466,
              9.8849
            ],
            [
              76.29475,
              9.88717
            ],
            [
              76.29477,
              9.88745
            ],
            [
              76.29487,
              9.88936
            ],
            [
              76.29494,
              9.89062
            ],
            [
              76.29495,
              9.89091
            ],
            [
              76.29427,
              9.89163
            ],
            [
              76.29632,
              9.89174
            ],
            [
              76.29837,
              9.89186
            ],
            [
              76.2986,
              9.89187
            ],
            [
              76.29894,
              9.89189
            ],
            [
              76.30029,
              9.89151
            ],
            [
              76.30174,
              9.89111
            ],
            [
              76.30255,
              9.89088
            ],
            [
              76.30329,
              9.89049
            ],
            [
              76.30471,
              9.88974
            ],
            [
              76.30503,
              9.88956
            ],
            [
              76.30718,
              9.88746
            ],
            [
              76.30814,
              9.88666
            ],
            [
              76.30902,
              9.88592
            ],
            [
              76.30912,
              9.88584
            ],
            [
              76.31195,
              9.88345
            ],
            [
              76.31715,
              9.88228
            ],
            [
              76.3172,
              9.88227
            ],
            [
              76.31896,
              9.88214
            ],
            [
              76.32264,
              9.88136
            ],
            [
              76.3266,
              9.87948
            ],
            [
              76.32729,
              9.87911
            ],
            [
              76.32941,
              9.87796
            ],
            [
              76.33097,
              9.8774
            ],
            [
              76.331,
              9.87739
            ],
            [
              76.33254,
              9.87684
            ],
            [
              76.33539,
              9.87658
            ],
            [
              76.33724,
              9.87676
            ],
            [
              76.33741,
              9.87681
            ],
            [
              76.33952,
              9.87742
            ],
            [
              76.34167,
              9.87814
            ],
            [
              76.34293,
              9.87838
            ],
            [
              76.34553,
              9.87931
            ],
            [
              76.34783,
              9.88013
            ],
            [
              76.35123,
              9.88161
            ],
            [
              76.35245,
              9.88271
            ],
            [
              76.35419,
              9.88426
            ],
            [
              76.35775,
              9.88107
            ],
            [
              76.35891,
              9.87963
            ],
            [
              76.36184,
              9.8733
            ],
            [
              76.36383,
              9.87035
            ],
            [
              76.36577,
              9.86853
            ],
            [
              76.36719,
              9.86797
            ],
            [
              76.3703,
              9.86285
            ],
            [
              76.37189,
              9.86003
            ],
            [
              76.37302,
              9.85709
            ],
            [
              76.37338,
              9.85578
            ],
            [
              76.37294,
              9.85459
            ],
            [
              76.37144,
              9.85299
            ],
            [
              76.37128,
              9.85106
            ],
            [
              76.37123,
              9.85049
            ],
            [
              76.37122,
              9.84889
            ],
            [
              76.3712,
              9.84714
            ],
            [
              76.37124,
              9.84677
            ],
            [
              76.37177,
              9.84214
            ],
            [
              76.37297,
              9.83936
            ],
            [
              76.37397,
              9.8373
            ],
            [
              76.37422,
              9.83697
            ]
          ]
        ]
      }
    }
  ]
}
