{
  "type": "FeatureCollection",
  "name": "Lucknow",
  "crs": {
    "type": "name",
    "properties": {
      "name": "urn:ogc:def:crs:OGC:1.3:CRS84"
    }
  },
  "features": [
    {
      "type": "Feature",
      "properties": {
        "requestedCity": "Lucknow",
        "sourceShapeName": "Lucknow",
        "shapeName": "Lucknow",
        "shapeISO": "",
        "shapeID": "76128533B49436035281620",
        "shapeGroup": "IND",
        "shapeType": "ADM2"
      },
      "geometry": {
        "type": "Polygon",
        "coordinates": [
          [
            [
              80.82753,
              27.10143
            ],
            [
              80.82558,
              27.10052
            ],
            [
              80.82471,
              27.10012
            ],
            [
              80.82101,
              27.09841
            ],
            [
              80.81905,
              27.0975
            ],
            [
              80.816,
              27.09927
            ],
            [
              80.81435,
              27.09969
            ],
            [
              80.81426,
              27.09971
            ],
            [
              80.81333,
              27.09994
            ],
            [
              80.81284,
              27.10007
            ],
            [
              80.81178,
              27.10034
            ],
            [
              80.81152,
              27.10041
            ],
            [
              80.81102,
              27.10054
            ],
            [
              80.80741,
              27.10145
            ],
            [
              80.80569,
              27.10188
            ],
            [
              80.80369,
              27.10309
            ],
            [
              80.80334,
              27.1033
            ],
            [
              80.8029,
              27.10356
            ],
            [
              80.80252,
              27.1038
            ],
            [
              80.80161,
              27.10435
            ],
            [
              80.79972,
              27.10548
            ],
            [
              80.79684,
              27.10788
            ],
            [
              80.79462,
              27.10973
            ],
            [
              80.79222,
              27.11062
            ],
            [
              80.79123,
              27.11099
            ],
            [
              80.78869,
              27.11033
            ],
            [
              80.78781,
              27.10915
            ],
            [
              80.78755,
              27.10879
            ],
            [
              80.78508,
              27.10183
            ],
            [
              80.78435,
              27.09978
            ],
            [
              80.78422,
              27.09941
            ],
            [
              80.78382,
              27.09827
            ],
            [
              80.78372,
              27.09799
            ],
            [
              80.78216,
              27.098
            ],
            [
              80.78006,
              27.09801
            ],
            [
              80.77924,
              27.09801
            ],
            [
              80.77919,
              27.09804
            ],
            [
              80.77309,
              27.10121
            ],
            [
              80.77096,
              27.10231
            ],
            [
              80.76914,
              27.0967
            ],
            [
              80.76808,
              27.09347
            ],
            [
              80.7676,
              27.09199
            ],
            [
              80.7657,
              27.089
            ],
            [
              80.7641,
              27.09192
            ],
            [
              80.76282,
              27.09425
            ],
            [
              80.76151,
              27.09667
            ],
            [
              80.76131,
              27.09701
            ],
            [
              80.75943,
              27.10045
            ],
            [
              80.75706,
              27.10003
            ],
            [
              80.753,
              27.0993
            ],
            [
              80.74703,
              27.10063
            ],
            [
              80.74667,
              27.10071
            ],
            [
              80.74586,
              27.10089
            ],
            [
              80.74429,
              27.10118
            ],
            [
              80.74355,
              27.10132
            ],
            [
              80.74259,
              27.10161
            ],
            [
              80.73848,
              27.10087
            ],
            [
              80.73707,
              27.10038
            ],
            [
              80.73631,
              27.10012
            ],
            [
              80.73502,
              27.09967
            ],
            [
              80.73414,
              27.09901
            ],
            [
              80.73355,
              27.09855
            ],
            [
              80.73208,
              27.09742
            ],
            [
              80.7318,
              27.09702
            ],
            [
              80.72915,
              27.09334
            ],
            [
              80.72462,
              27.08704
            ],
            [
              80.72384,
              27.08642
            ],
            [
              80.71997,
              27.08332
            ],
            [
              80.71201,
              27.08002
            ],
            [
              80.71222,
              27.07881
            ],
            [
              80.71239,
              27.07783
            ],
            [
              80.71296,
              27.07461
            ],
            [
              80.71345,
              27.07182
            ],
            [
              80.71303,
              27.06919
            ],
            [
              80.71255,
              27.06844
            ],
            [
              80.71206,
              27.0677
            ],
            [
              80.70421,
              27.06834
            ],
            [
              80.70335,
              27.06841
            ],
            [
              80.70261,
              27.06847
            ],
            [
              80.70242,
              27.06718
            ],
            [
              80.7019,
              27.06373
            ],
            [
              80.70137,
              27.06016
            ],
            [
              80.70028,
              27.06049
            ],
            [
              80.69938,
              27.06076
            ],
            [
              80.69812,
              27.06114
            ],
            [
              80.69774,
              27.06158
            ],
            [
              80.69767,
              27.06165
            ],
            [
              80.69693,
              27.06252
            ],
            [
              80.69672,
              27.06277
            ],
            [
              80.69604,
              27.06356
            ],
            [
              80.69477,
              27.06312
            ],
            [
              80.69123,
              27.06191
            ],
            [
              80.68633,
              27.06325
            ],
            [
              80.68614,
              27.06336
            ],
            [
              80.67979,
              27.06694
            ],
            [
              80.676,
              27.07034
            ],
            [
              80.67445,
              27.07112
            ],
            [
              80.67245,
              27.07212
            ],
            [
              80.67202,
              27.07234
            ],
            [
              80.67153,
              27.07258
            ],
            [
              80.67108,
              27.07281
            ],
            [
              80.66831,
              27.0742
            ],
            [
              80.66748,
              27.07462
            ],
            [
              80.66692,
              27.0749
            ],
            [
              80.66276,
              27.07378
            ],
            [
              80.65989,
              27.07444
            ],
            [
              80.65748,
              27.075
            ],
            [
              80.65424,
              27.07575
            ],
            [
              80.65419,
              27.07576
            ],
            [
              80.65238,
              27.07618
            ],
            [
              80.64705,
              27.07861
            ],
            [
              80.64654,
              27.07802
            ],
            [
              80.64599,
              27.07738
            ],
            [
              80.6449,
              27.0761
            ],
            [
              80.64309,
              27.07398
            ],
            [
              80.64227,
              27.07301
            ],
            [
              80.64208,
              27.07189
            ],
            [
              80.64153,
              27.06848
            ],
            [
              80.64257,
              27.06836
            ],
            [
              80.65114,
              27.06734
            ],
            [
              80.65451,
              27.06508
            ],
            [
              80.65497,
              27.06477
            ],
            [
              80.65516,
              27.06464
            ],
            [
              80.65577,
              27.06423
            ],
            [
              80.6569,
              27.06227
            ],
            [
              80.65555,
              27.06125
            ],
            [
              80.6516,
              27.06156
            ],
            [
              80.64291,
              27.06429
            ],
            [
              80.64186,
              27.06325
            ],
            [
              80.64083,
              27.0622
            ],
            [
              80.6397,
              27.06105
            ],
            [
              80.63918,
              27.06053
            ],
            [
              80.639,
              27.06034
            ],
            [
              80.6387,
              27.06004
            ],
            [
              80.63831,
              27.05963
            ],
            [
              80.63763,
              27.05895
            ],
            [
              80.63122,
              27.05677
            ],
            [
              80.6299,
              27.05632
            ],
            [
              80.62712,
              27.05655
            ],
            [
              80.62378,
              27.05683
            ],
            [
              80.62306,
              27.05422
            ],
            [
              80.62229,
              27.05044
            ],
            [
              80.62166,
              27.04735
            ],
            [
              80.6216,
              27.04704
            ],
            [
              80.62143,
              27.0462
            ],
            [
              80.62139,
              27.046
            ],
            [
              80.62126,
              27.04536
            ],
            [
              80.62075,
              27.0445
            ],
            [
              80.61891,
              27.04143
            ],
            [
              80.61878,
              27.04121
            ],
            [
              80.61873,
              27.04113
            ],
            [
              80.61715,
              27.03964
            ],
            [
              80.61563,
              27.03819
            ],
            [
              80.61187,
              27.03753
            ],
            [
              80.60907,
              27.03703
            ],
            [
              80.60862,
              27.03694
            ],
            [
              80.60779,
              27.0368
            ],
            [
              80.60769,
              27.03714
            ],
            [
              80.60706,
              27.03923
            ],
            [
              80.60501,
              27.04169
            ],
            [
              80.60467,
              27.04173
            ],
            [
              80.60273,
              27.04192
            ],
            [
              80.5992,
              27.04227
            ],
            [
              80.59833,
              27.04147
            ],
            [
              80.59665,
              27.03993
            ],
            [
              80.59637,
              27.03967
            ],
            [
              80.59689,
              27.0387
            ],
            [
              80.59459,
              27.03814
            ],
            [
              80.59402,
              27.038
            ],
            [
              80.59335,
              27.03805
            ],
            [
              80.59202,
              27.03816
            ],
            [
              80.58978,
              27.03834
            ],
            [
              80.58853,
              27.03778
            ],
            [
              80.58831,
              27.03768
            ],
            [
              80.58707,
              27.03713
            ],
            [
              80.58663,
              27.03693
            ],
            [
              80.58613,
              27.03671
            ],
            [
              80.58101,
              27.03443
            ],
            [
              80.57817,
              27.03275
            ],
            [
              80.57713,
              27.0308
            ],
            [
              80.57784,
              27.02966
            ],
            [
              80.5779,
              27.02956
            ],
            [
              80.58049,
              27.02906
            ],
            [
              80.58099,
              27.02908
            ],
            [
              80.58624,
              27.02929
            ],
            [
              80.58775,
              27.02935
            ],
            [
              80.58827,
              27.02937
            ],
            [
              80.58841,
              27.02655
            ],
            [
              80.57885,
              27.02027
            ],
            [
              80.57316,
              27.01856
            ],
            [
              80.57111,
              27.01795
            ],
            [
              80.56778,
              27.01695
            ],
            [
              80.56317,
              27.01295
            ],
            [
              80.5629,
              27.01272
            ],
            [
              80.56215,
              27.01207
            ],
            [
              80.56075,
              27.01085
            ],
            [
              80.5636,
              27.00939
            ],
            [
              80.56953,
              27.00635
            ],
            [
              80.58021,
              27.00088
            ],
            [
              80.58064,
              26.9987
            ],
            [
              80.58123,
              26.9957
            ],
            [
              80.58151,
              26.99429
            ],
            [
              80.58218,
              26.99342
            ],
            [
              80.58337,
              26.99187
            ],
            [
              80.58443,
              26.99048
            ],
            [
              80.58474,
              26.99009
            ],
            [
              80.58494,
              26.98983
            ],
            [
              80.58694,
              26.98722
            ],
            [
              80.5872,
              26.98688
            ],
            [
              80.58794,
              26.98592
            ],
            [
              80.58795,
              26.98591
            ],
            [
              80.59158,
              26.98732
            ],
            [
              80.59215,
              26.9871
            ],
            [
              80.59615,
              26.98557
            ],
            [
              80.59665,
              26.98538
            ],
            [
              80.60038,
              26.98395
            ],
            [
              80.59858,
              26.98096
            ],
            [
              80.59721,
              26.9787
            ],
            [
              80.59734,
              26.97778
            ],
            [
              80.59752,
              26.97643
            ],
            [
              80.59774,
              26.9748
            ],
            [
              80.5978,
              26.97434
            ],
            [
              80.59729,
              26.97348
            ],
            [
              80.59655,
              26.97221
            ],
            [
              80.59577,
              26.9709
            ],
            [
              80.59457,
              26.96886
            ],
            [
              80.59513,
              26.96801
            ],
            [
              80.59648,
              26.96596
            ],
            [
              80.59753,
              26.96438
            ],
            [
              80.59829,
              26.96322
            ],
            [
              80.59843,
              26.96303
            ],
            [
              80.59854,
              26.96285
            ],
            [
              80.59864,
              26.96269
            ],
            [
              80.5958,
              26.95497
            ],
            [
              80.59551,
              26.95491
            ],
            [
              80.59502,
              26.9548
            ],
            [
              80.59486,
              26.95477
            ],
            [
              80.59441,
              26.95467
            ],
            [
              80.59307,
              26.95438
            ],
            [
              80.59233,
              26.95422
            ],
            [
              80.59196,
              26.95414
            ],
            [
              80.59096,
              26.95393
            ],
            [
              80.58835,
              26.95337
            ],
            [
              80.58854,
              26.95562
            ],
            [
              80.58882,
              26.95899
            ],
            [
              80.58802,
              26.95938
            ],
            [
              80.58602,
              26.96036
            ],
            [
              80.58306,
              26.95786
            ],
            [
              80.57864,
              26.95845
            ],
            [
              80.57294,
              26.95569
            ],
            [
              80.5713,
              26.95489
            ],
            [
              80.56707,
              26.94911
            ],
            [
              80.5666,
              26.94847
            ],
            [
              80.56513,
              26.94694
            ],
            [
              80.56454,
              26.94633
            ],
            [
              80.56332,
              26.94132
            ],
            [
              80.56117,
              26.93642
            ],
            [
              80.56221,
              26.93588
            ],
            [
              80.56539,
              26.93423
            ],
            [
              80.56742,
              26.93318
            ],
            [
              80.5681,
              26.93283
            ],
            [
              80.56876,
              26.93249
            ],
            [
              80.56961,
              26.93205
            ],
            [
              80.57307,
              26.93025
            ],
            [
              80.57436,
              26.92959
            ],
            [
              80.57557,
              26.92896
            ],
            [
              80.57588,
              26.9288
            ],
            [
              80.57596,
              26.92876
            ],
            [
              80.57778,
              26.92782
            ],
            [
              80.57855,
              26.92742
            ],
            [
              80.57935,
              26.92701
            ],
            [
              80.58156,
              26.92587
            ],
            [
              80.58202,
              26.92563
            ],
            [
              80.58381,
              26.9271
            ],
            [
              80.5851,
              26.92816
            ],
            [
              80.58618,
              26.92905
            ],
            [
              80.58765,
              26.93164
            ],
            [
              80.58841,
              26.93298
            ],
            [
              80.5889,
              26.93443
            ],
            [
              80.5891,
              26.93501
            ],
            [
              80.58944,
              26.936
            ],
            [
              80.59019,
              26.93821
            ],
            [
              80.59048,
              26.93879
            ],
            [
              80.59215,
              26.94214
            ],
            [
              80.59381,
              26.94243
            ],
            [
              80.59432,
              26.94252
            ],
            [
              80.59559,
              26.94275
            ],
            [
              80.59637,
              26.94289
            ],
            [
              80.5975,
              26.9431
            ],
            [
              80.59771,
              26.94313
            ],
            [
              80.59911,
              26.94338
            ],
            [
              80.60117,
              26.94375
            ],
            [
              80.60185,
              26.94387
            ],
            [
              80.60379,
              26.94422
            ],
            [
              80.60389,
              26.94424
            ],
            [
              80.6046,
              26.94437
            ],
            [
              80.60543,
              26.94451
            ],
            [
              80.60624,
              26.94466
            ],
            [
              80.60678,
              26.94476
            ],
            [
              80.60766,
              26.94491
            ],
            [
              80.6096,
              26.94412
            ],
            [
              80.60972,
              26.94166
            ],
            [
              80.60988,
              26.93879
            ],
            [
              80.60989,
              26.93844
            ],
            [
              80.61236,
              26.93433
            ],
            [
              80.61302,
              26.93324
            ],
            [
              80.61348,
              26.93167
            ],
            [
              80.61448,
              26.92823
            ],
            [
              80.61467,
              26.9276
            ],
            [
              80.61474,
              26.92737
            ],
            [
              80.61485,
              26.92699
            ],
            [
              80.61518,
              26.92585
            ],
            [
              80.61568,
              26.92494
            ],
            [
              80.61573,
              26.92485
            ],
            [
              80.61666,
              26.92314
            ],
            [
              80.61696,
              26.92259
            ],
            [
              80.61701,
              26.92249
            ],
            [
              80.61791,
              26.92085
            ],
            [
              80.61964,
              26.91759
            ],
            [
              80.62021,
              26.91653
            ],
            [
              80.62274,
              26.91317
            ],
            [
              80.62368,
              26.90985
            ],
            [
              80.62396,
              26.90888
            ],
            [
              80.62697,
              26.90788
            ],
            [
              80.62792,
              26.90756
            ],
            [
              80.64138,
              26.90311
            ],
            [
              80.64064,
              26.90199
            ],
            [
              80.63963,
              26.90046
            ],
            [
              80.63917,
              26.89977
            ],
            [
              80.63879,
              26.89919
            ],
            [
              80.63666,
              26.89595
            ],
            [
              80.63597,
              26.8954
            ],
            [
              80.63478,
              26.89446
            ],
            [
              80.63448,
              26.89422
            ],
            [
              80.63348,
              26.89344
            ],
            [
              80.62969,
              26.89042
            ],
            [
              80.62765,
              26.88881
            ],
            [
              80.62815,
              26.88061
            ],
            [
              80.63235,
              26.88009
            ],
            [
              80.63337,
              26.87996
            ],
            [
              80.63421,
              26.87985
            ],
            [
              80.63433,
              26.87984
            ],
            [
              80.63454,
              26.87981
            ],
            [
              80.6364,
              26.87958
            ],
            [
              80.63862,
              26.87899
            ],
            [
              80.64435,
              26.87745
            ],
            [
              80.64615,
              26.87697
            ],
            [
              80.64777,
              26.87598
            ],
            [
              80.65403,
              26.87219
            ],
            [
              80.65522,
              26.87147
            ],
            [
              80.65885,
              26.87026
            ],
            [
              80.66248,
              26.86816
            ],
            [
              80.66792,
              26.86553
            ],
            [
              80.67031,
              26.86438
            ],
            [
              80.67169,
              26.86386
            ],
            [
              80.67239,
              26.86361
            ],
            [
              80.67374,
              26.86311
            ],
            [
              80.67683,
              26.86196
            ],
            [
              80.68001,
              26.86101
            ],
            [
              80.68112,
              26.86068
            ],
            [
              80.68716,
              26.85571
            ],
            [
              80.68793,
              26.85508
            ],
            [
              80.68886,
              26.85432
            ],
            [
              80.68987,
              26.85349
            ],
            [
              80.69055,
              26.85293
            ],
            [
              80.6936,
              26.85042
            ],
            [
              80.69399,
              26.8501
            ],
            [
              80.69356,
              26.84668
            ],
            [
              80.69335,
              26.84498
            ],
            [
              80.69288,
              26.84123
            ],
            [
              80.6925,
              26.83821
            ],
            [
              80.69245,
              26.83782
            ],
            [
              80.69242,
              26.83751
            ],
            [
              80.69692,
              26.8341
            ],
            [
              80.69853,
              26.83306
            ],
            [
              80.70309,
              26.83014
            ],
            [
              80.70378,
              26.82942
            ],
            [
              80.70877,
              26.82426
            ],
            [
              80.71441,
              26.81695
            ],
            [
              80.71684,
              26.81345
            ],
            [
              80.71845,
              26.81113
            ],
            [
              80.71951,
              26.80698
            ],
            [
              80.7201,
              26.80465
            ],
            [
              80.72015,
              26.80443
            ],
            [
              80.72035,
              26.80368
            ],
            [
              80.72342,
              26.80049
            ],
            [
              80.72367,
              26.80015
            ],
            [
              80.7274,
              26.79499
            ],
            [
              80.72792,
              26.79427
            ],
            [
              80.7322,
              26.7927
            ],
            [
              80.73352,
              26.79222
            ],
            [
              80.73744,
              26.79078
            ],
            [
              80.73829,
              26.79047
            ],
            [
              80.74096,
              26.78949
            ],
            [
              80.7388,
              26.77967
            ],
            [
              80.73874,
              26.77938
            ],
            [
              80.73854,
              26.77847
            ],
            [
              80.73794,
              26.77575
            ],
            [
              80.74799,
              26.77473
            ],
            [
              80.74824,
              26.7747
            ],
            [
              80.75465,
              26.77405
            ],
            [
              80.75593,
              26.77392
            ],
            [
              80.75464,
              26.7708
            ],
            [
              80.75318,
              26.76724
            ],
            [
              80.75097,
              26.76464
            ],
            [
              80.74472,
              26.7631
            ],
            [
              80.74353,
              26.76281
            ],
            [
              80.74022,
              26.76169
            ],
            [
              80.73212,
              26.7545
            ],
            [
              80.7309,
              26.75471
            ],
            [
              80.71789,
              26.75698
            ],
            [
              80.71264,
              26.75887
            ],
            [
              80.71254,
              26.75891
            ],
            [
              80.7109,
              26.7595
            ],
            [
              80.70842,
              26.76039
            ],
            [
              80.70758,
              26.76069
            ],
            [
              80.70493,
              26.76165
            ],
            [
              80.70276,
              26.762
            ],
            [
              80.70256,
              26.76203
            ],
            [
              80.70183,
              26.76215
            ],
            [
              80.70164,
              26.76218
            ],
            [
              80.70099,
              26.7623
            ],
            [
              80.69972,
              26.7625
            ],
            [
              80.69714,
              26.76291
            ],
            [
              80.69284,
              26.76006
            ],
            [
              80.69256,
              26.75909
            ],
            [
              80.69171,
              26.75615
            ],
            [
              80.69241,
              26.75545
            ],
            [
              80.69285,
              26.75501
            ],
            [
              80.69294,
              26.75497
            ],
            [
              80.69531,
              26.75279
            ],
            [
              80.69561,
              26.75225
            ],
            [
              80.69621,
              26.75118
            ],
            [
              80.69639,
              26.75085
            ],
            [
              80.69758,
              26.74871
            ],
            [
              80.69802,
              26.74793
            ],
            [
              80.70159,
              26.74842
            ],
            [
              80.70282,
              26.74716
            ],
            [
              80.70288,
              26.7471
            ],
            [
              80.70275,
              26.74573
            ],
            [
              80.70252,
              26.74319
            ],
            [
              80.70256,
              26.74309
            ],
            [
              80.70302,
              26.74174
            ],
            [
              80.70325,
              26.74106
            ],
            [
              80.70383,
              26.73935
            ],
            [
              80.70403,
              26.73878
            ],
            [
              80.70435,
              26.73781
            ],
            [
              80.70474,
              26.73661
            ],
            [
              80.70371,
              26.73486
            ],
            [
              80.70254,
              26.73286
            ],
            [
              80.70201,
              26.73128
            ],
            [
              80.70173,
              26.73044
            ],
            [
              80.70145,
              26.72963
            ],
            [
              80.70127,
              26.72909
            ],
            [
              80.70115,
              26.72873
            ],
            [
              80.70105,
              26.72843
            ],
            [
              80.70118,
              26.72794
            ],
            [
              80.70162,
              26.72626
            ],
            [
              80.70194,
              26.72506
            ],
            [
              80.7021,
              26.72447
            ],
            [
              80.70333,
              26.7236
            ],
            [
              80.70467,
              26.72266
            ],
            [
              80.70614,
              26.72163
            ],
            [
              80.70623,
              26.72066
            ],
            [
              80.70642,
              26.71859
            ],
            [
              80.70456,
              26.7195
            ],
            [
              80.70127,
              26.72101
            ],
            [
              80.70086,
              26.7212
            ],
            [
              80.70057,
              26.72078
            ],
            [
              80.70032,
              26.72041
            ],
            [
              80.6996,
              26.71934
            ],
            [
              80.69969,
              26.71921
            ],
            [
              80.7001,
              26.71855
            ],
            [
              80.7006,
              26.71777
            ],
            [
              80.70101,
              26.71712
            ],
            [
              80.70111,
              26.71707
            ],
            [
              80.70166,
              26.71676
            ],
            [
              80.70359,
              26.71568
            ],
            [
              80.70527,
              26.71471
            ],
            [
              80.70566,
              26.71452
            ],
            [
              80.70607,
              26.71429
            ],
            [
              80.70953,
              26.71236
            ],
            [
              80.71122,
              26.71088
            ],
            [
              80.71299,
              26.70933
            ],
            [
              80.71465,
              26.70787
            ],
            [
              80.71537,
              26.70724
            ],
            [
              80.71614,
              26.70499
            ],
            [
              80.71626,
              26.70464
            ],
            [
              80.7168,
              26.70303
            ],
            [
              80.71685,
              26.70289
            ],
            [
              80.71699,
              26.70245
            ],
            [
              80.71701,
              26.7024
            ],
            [
              80.71734,
              26.70143
            ],
            [
              80.71753,
              26.70089
            ],
            [
              80.71792,
              26.69974
            ],
            [
              80.7153,
              26.69757
            ],
            [
              80.71267,
              26.69539
            ],
            [
              80.70682,
              26.69265
            ],
            [
              80.70506,
              26.69183
            ],
            [
              80.69935,
              26.68885
            ],
            [
              80.69859,
              26.68753
            ],
            [
              80.69759,
              26.6858
            ],
            [
              80.70112,
              26.68307
            ],
            [
              80.70373,
              26.6828
            ],
            [
              80.70427,
              26.68286
            ],
            [
              80.70459,
              26.68289
            ],
            [
              80.7059,
              26.68301
            ],
            [
              80.70762,
              26.68318
            ],
            [
              80.71095,
              26.67946
            ],
            [
              80.71168,
              26.67865
            ],
            [
              80.71214,
              26.67813
            ],
            [
              80.71324,
              26.67691
            ],
            [
              80.71619,
              26.67362
            ],
            [
              80.71682,
              26.67291
            ],
            [
              80.71626,
              26.67157
            ],
            [
              80.71567,
              26.67013
            ],
            [
              80.71482,
              26.66807
            ],
            [
              80.71822,
              26.66529
            ],
            [
              80.71969,
              26.66409
            ],
            [
              80.72707,
              26.65806
            ],
            [
              80.72964,
              26.65596
            ],
            [
              80.73105,
              26.657
            ],
            [
              80.73185,
              26.65759
            ],
            [
              80.73194,
              26.65765
            ],
            [
              80.73195,
              26.65766
            ],
            [
              80.73641,
              26.66095
            ],
            [
              80.74103,
              26.66391
            ],
            [
              80.7425,
              26.66455
            ],
            [
              80.74411,
              26.66524
            ],
            [
              80.74458,
              26.66545
            ],
            [
              80.74537,
              26.66579
            ],
            [
              80.74657,
              26.66631
            ],
            [
              80.74485,
              26.67274
            ],
            [
              80.7447,
              26.67331
            ],
            [
              80.74438,
              26.6745
            ],
            [
              80.74668,
              26.67827
            ],
            [
              80.74772,
              26.67998
            ],
            [
              80.75246,
              26.68421
            ],
            [
              80.75251,
              26.68423
            ],
            [
              80.7564,
              26.68588
            ],
            [
              80.75728,
              26.68626
            ],
            [
              80.758,
              26.68611
            ],
            [
              80.76028,
              26.68563
            ],
            [
              80.7617,
              26.68533
            ],
            [
              80.7629,
              26.68508
            ],
            [
              80.76192,
              26.68154
            ],
            [
              80.76185,
              26.68129
            ],
            [
              80.76262,
              26.68073
            ],
            [
              80.76294,
              26.6805
            ],
            [
              80.76378,
              26.6799
            ],
            [
              80.76442,
              26.67944
            ],
            [
              80.76532,
              26.67879
            ],
            [
              80.76742,
              26.67802
            ],
            [
              80.76851,
              26.67762
            ],
            [
              80.76978,
              26.67716
            ],
            [
              80.77001,
              26.67394
            ],
            [
              80.76725,
              26.66864
            ],
            [
              80.76801,
              26.66749
            ],
            [
              80.76849,
              26.66676
            ],
            [
              80.76885,
              26.66623
            ],
            [
              80.76895,
              26.66607
            ],
            [
              80.76959,
              26.66512
            ],
            [
              80.77027,
              26.66409
            ],
            [
              80.77053,
              26.6637
            ],
            [
              80.77074,
              26.66338
            ],
            [
              80.77208,
              26.66375
            ],
            [
              80.77357,
              26.66416
            ],
            [
              80.77626,
              26.66491
            ],
            [
              80.7805,
              26.66644
            ],
            [
              80.78187,
              26.66693
            ],
            [
              80.78198,
              26.66697
            ],
            [
              80.78372,
              26.66631
            ],
            [
              80.78434,
              26.66607
            ],
            [
              80.78412,
              26.6653
            ],
            [
              80.78382,
              26.66427
            ],
            [
              80.78335,
              26.66262
            ],
            [
              80.78437,
              26.66193
            ],
            [
              80.78621,
              26.66069
            ],
            [
              80.78693,
              26.6602
            ],
            [
              80.78727,
              26.65997
            ],
            [
              80.78862,
              26.65905
            ],
            [
              80.79123,
              26.65728
            ],
            [
              80.79139,
              26.65704
            ],
            [
              80.79237,
              26.6555
            ],
            [
              80.79414,
              26.65271
            ],
            [
              80.79429,
              26.65122
            ],
            [
              80.7943,
              26.65055
            ],
            [
              80.79431,
              26.65038
            ],
            [
              80.7943,
              26.65021
            ],
            [
              80.79431,
              26.65
            ],
            [
              80.79449,
              26.64915
            ],
            [
              80.79476,
              26.64645
            ],
            [
              80.79854,
              26.64733
            ],
            [
              80.79975,
              26.64762
            ],
            [
              80.80132,
              26.64799
            ],
            [
              80.80229,
              26.64881
            ],
            [
              80.80549,
              26.65152
            ],
            [
              80.80783,
              26.65294
            ],
            [
              80.80839,
              26.65328
            ],
            [
              80.81018,
              26.65437
            ],
            [
              80.81134,
              26.65465
            ],
            [
              80.81363,
              26.6552
            ],
            [
              80.81368,
              26.65521
            ],
            [
              80.81509,
              26.65555
            ],
            [
              80.81608,
              26.65578
            ],
            [
              80.82038,
              26.65609
            ],
            [
              80.82252,
              26.65625
            ],
            [
              80.82264,
              26.65636
            ],
            [
              80.82291,
              26.65668
            ],
            [
              80.8232,
              26.65703
            ],
            [
              80.82427,
              26.65824
            ],
            [
              80.82464,
              26.65866
            ],
            [
              80.82473,
              26.65876
            ],
            [
              80.82574,
              26.6599
            ],
            [
              80.8333,
              26.66224
            ],
            [
              80.83712,
              26.66259
            ],
            [
              80.83802,
              26.66267
            ],
            [
              80.83934,
              26.66278
            ],
            [
              80.84305,
              26.66312
            ],
            [
              80.84516,
              26.66081
            ],
            [
              80.84544,
              26.6605
            ],
            [
              80.84787,
              26.65651
            ],
            [
              80.84933,
              26.65409
            ],
            [
              80.85094,
              26.65145
            ],
            [
              80.85428,
              26.64883
            ],
            [
              80.8544,
              26.64873
            ],
            [
              80.85669,
              26.64796
            ],
            [
              80.85948,
              26.64702
            ],
            [
              80.85979,
              26.64692
            ],
            [
              80.85993,
              26.64687
            ],
            [
              80.86224,
              26.64609
            ],
            [
              80.86305,
              26.64582
            ],
            [
              80.86589,
              26.64487
            ],
            [
              80.86636,
              26.64471
            ],
            [
              80.8665,
              26.64466
            ],
            [
              80.86753,
              26.64431
            ],
            [
              80.87326,
              26.64239
            ],
            [
              80.87528,
              26.63714
            ],
            [
              80.87599,
              26.63641
            ],
            [
              80.87926,
              26.63306
            ],
            [
              80.88335,
              26.6314
            ],
            [
              80.88136,
              26.62624
            ],
            [
              80.87924,
              26.6248
            ],
            [
              80.87704,
              26.6233
            ],
            [
              80.87552,
              26.62266
            ],
            [
              80.87411,
              26.62206
            ],
            [
              80.87265,
              26.62145
            ],
            [
              80.8771,
              26.6147
            ],
            [
              80.87737,
              26.61429
            ],
            [
              80.87854,
              26.61487
            ],
            [
              80.88156,
              26.61636
            ],
            [
              80.88375,
              26.62008
            ],
            [
              80.88464,
              26.62159
            ],
            [
              80.88638,
              26.61958
            ],
            [
              80.88905,
              26.62074
            ],
            [
              80.89248,
              26.62165
            ],
            [
              80.89285,
              26.6207
            ],
            [
              80.89308,
              26.62009
            ],
            [
              80.89336,
              26.61937
            ],
            [
              80.8941,
              26.61744
            ],
            [
              80.88988,
              26.61203
            ],
            [
              80.89228,
              26.60739
            ],
            [
              80.89153,
              26.60591
            ],
            [
              80.89126,
              26.60537
            ],
            [
              80.89056,
              26.60398
            ],
            [
              80.89014,
              26.60314
            ],
            [
              80.89118,
              26.60047
            ],
            [
              80.89147,
              26.59972
            ],
            [
              80.89182,
              26.59882
            ],
            [
              80.89198,
              26.59838
            ],
            [
              80.89215,
              26.59795
            ],
            [
              80.89515,
              26.59667
            ],
            [
              80.89602,
              26.5963
            ],
            [
              80.89671,
              26.59601
            ],
            [
              80.89829,
              26.59533
            ],
            [
              80.89873,
              26.59505
            ],
            [
              80.90075,
              26.59376
            ],
            [
              80.90234,
              26.59275
            ],
            [
              80.90329,
              26.59214
            ],
            [
              80.90433,
              26.59174
            ],
            [
              80.90623,
              26.59101
            ],
            [
              80.90758,
              26.5959
            ],
            [
              80.90772,
              26.59637
            ],
            [
              80.90803,
              26.59727
            ],
            [
              80.9095,
              26.59751
            ],
            [
              80.913,
              26.59316
            ],
            [
              80.91355,
              26.59247
            ],
            [
              80.91455,
              26.59198
            ],
            [
              80.91787,
              26.59034
            ],
            [
              80.91893,
              26.58981
            ],
            [
              80.91905,
              26.58975
            ],
            [
              80.91921,
              26.59014
            ],
            [
              80.91969,
              26.5913
            ],
            [
              80.9197,
              26.59133
            ],
            [
              80.92043,
              26.59309
            ],
            [
              80.92221,
              26.59212
            ],
            [
              80.92245,
              26.59108
            ],
            [
              80.9226,
              26.59043
            ],
            [
              80.92281,
              26.5895
            ],
            [
              80.92444,
              26.5904
            ],
            [
              80.92472,
              26.59056
            ],
            [
              80.92523,
              26.59084
            ],
            [
              80.92565,
              26.59107
            ],
            [
              80.92687,
              26.59175
            ],
            [
              80.92743,
              26.58887
            ],
            [
              80.92746,
              26.58872
            ],
            [
              80.92808,
              26.58838
            ],
            [
              80.92815,
              26.58834
            ],
            [
              80.92935,
              26.58769
            ],
            [
              80.9297,
              26.5875
            ],
            [
              80.93061,
              26.587
            ],
            [
              80.93213,
              26.58617
            ],
            [
              80.93223,
              26.58612
            ],
            [
              80.93324,
              26.58557
            ],
            [
              80.93182,
              26.58489
            ],
            [
              80.931,
              26.5845
            ],
            [
              80.92855,
              26.58443
            ],
            [
              80.92846,
              26.58443
            ],
            [
              80.92795,
              26.58442
            ],
            [
              80.92941,
              26.5815
            ],
            [
              80.93299,
              26.57436
            ],
            [
              80.93659,
              26.57233
            ],
            [
              80.93816,
              26.57144
            ],
            [
              80.93952,
              26.57067
            ],
            [
              80.93992,
              26.5702
            ],
            [
              80.94049,
              26.56955
            ],
            [
              80.94053,
              26.5695
            ],
            [
              80.94074,
              26.56926
            ],
            [
              80.941,
              26.56896
            ],
            [
              80.9417,
              26.56814
            ],
            [
              80.94024,
              26.56854
            ],
            [
              80.94023,
              26.56854
            ],
            [
              80.93773,
              26.56788
            ],
            [
              80.93713,
              26.56772
            ],
            [
              80.93762,
              26.56748
            ],
            [
              80.93847,
              26.56705
            ],
            [
              80.93896,
              26.56681
            ],
            [
              80.93944,
              26.56657
            ],
            [
              80.94122,
              26.56568
            ],
            [
              80.94165,
              26.56537
            ],
            [
              80.94279,
              26.56454
            ],
            [
              80.94288,
              26.56447
            ],
            [
              80.94485,
              26.56511
            ],
            [
              80.9462,
              26.5638
            ],
            [
              80.94839,
              26.56531
            ],
            [
              80.94966,
              26.56618
            ],
            [
              80.95124,
              26.56727
            ],
            [
              80.95203,
              26.56782
            ],
            [
              80.95273,
              26.5683
            ],
            [
              80.95292,
              26.56843
            ],
            [
              80.95502,
              26.56792
            ],
            [
              80.95349,
              26.56206
            ],
            [
              80.95341,
              26.56175
            ],
            [
              80.95442,
              26.56128
            ],
            [
              80.95485,
              26.56108
            ],
            [
              80.95619,
              26.56046
            ],
            [
              80.95766,
              26.55978
            ],
            [
              80.95885,
              26.55923
            ],
            [
              80.96165,
              26.55965
            ],
            [
              80.96435,
              26.55813
            ],
            [
              80.96547,
              26.55751
            ],
            [
              80.96593,
              26.55725
            ],
            [
              80.96771,
              26.55578
            ],
            [
              80.96863,
              26.55502
            ],
            [
              80.96997,
              26.55464
            ],
            [
              80.9706,
              26.55446
            ],
            [
              80.97056,
              26.55406
            ],
            [
              80.97042,
              26.5526
            ],
            [
              80.96907,
              26.55205
            ],
            [
              80.96795,
              26.55159
            ],
            [
              80.96687,
              26.54986
            ],
            [
              80.96656,
              26.54937
            ],
            [
              80.96777,
              26.5489
            ],
            [
              80.96997,
              26.54803
            ],
            [
              80.97084,
              26.54768
            ],
            [
              80.97293,
              26.5498
            ],
            [
              80.9754,
              26.5514
            ],
            [
              80.9807,
              26.55067
            ],
            [
              80.98089,
              26.55064
            ],
            [
              80.98086,
              26.55019
            ],
            [
              80.98084,
              26.54987
            ],
            [
              80.98077,
              26.54887
            ],
            [
              80.98066,
              26.54712
            ],
            [
              80.98058,
              26.54635
            ],
            [
              80.98042,
              26.54483
            ],
            [
              80.9803,
              26.54365
            ],
            [
              80.98178,
              26.54418
            ],
            [
              80.98227,
              26.54435
            ],
            [
              80.98551,
              26.54624
            ],
            [
              80.98699,
              26.54525
            ],
            [
              80.98794,
              26.54462
            ],
            [
              80.98617,
              26.54192
            ],
            [
              80.9862,
              26.5416
            ],
            [
              80.98652,
              26.53815
            ],
            [
              80.98652,
              26.53813
            ],
            [
              80.98803,
              26.53566
            ],
            [
              80.98852,
              26.53485
            ],
            [
              80.98912,
              26.53483
            ],
            [
              80.99449,
              26.53464
            ],
            [
              80.99521,
              26.53461
            ],
            [
              80.99546,
              26.53463
            ],
            [
              80.99677,
              26.53475
            ],
            [
              81.00021,
              26.53505
            ],
            [
              81.00301,
              26.53359
            ],
            [
              81.00892,
              26.53037
            ],
            [
              81.01104,
              26.52869
            ],
            [
              81.01324,
              26.52694
            ],
            [
              81.01525,
              26.52715
            ],
            [
              81.01655,
              26.52729
            ],
            [
              81.02186,
              26.52518
            ],
            [
              81.0258,
              26.52362
            ],
            [
              81.02605,
              26.52352
            ],
            [
              81.0279,
              26.52148
            ],
            [
              81.02929,
              26.52071
            ],
            [
              81.0328,
              26.51876
            ],
            [
              81.03281,
              26.5183
            ],
            [
              81.03282,
              26.518
            ],
            [
              81.03286,
              26.51677
            ],
            [
              81.03289,
              26.51585
            ],
            [
              81.03292,
              26.51457
            ],
            [
              81.03314,
              26.51432
            ],
            [
              81.03581,
              26.51137
            ],
            [
              81.0363,
              26.51083
            ],
            [
              81.03672,
              26.51037
            ],
            [
              81.03694,
              26.51013
            ],
            [
              81.03879,
              26.5066
            ],
            [
              81.04157,
              26.5042
            ],
            [
              81.04479,
              26.50222
            ],
            [
              81.04631,
              26.50189
            ],
            [
              81.0468,
              26.50178
            ],
            [
              81.04761,
              26.50161
            ],
            [
              81.04779,
              26.50163
            ],
            [
              81.05138,
              26.50197
            ],
            [
              81.05239,
              26.50285
            ],
            [
              81.05448,
              26.50467
            ],
            [
              81.05489,
              26.50502
            ],
            [
              81.05666,
              26.50656
            ],
            [
              81.05696,
              26.50682
            ],
            [
              81.05798,
              26.50769
            ],
            [
              81.05811,
              26.5078
            ],
            [
              81.05849,
              26.50813
            ],
            [
              81.05857,
              26.5082
            ],
            [
              81.0592,
              26.50876
            ],
            [
              81.06139,
              26.51065
            ],
            [
              81.0627,
              26.51279
            ],
            [
              81.06549,
              26.51734
            ],
            [
              81.06653,
              26.51782
            ],
            [
              81.06724,
              26.51815
            ],
            [
              81.06981,
              26.51933
            ],
            [
              81.07291,
              26.52073
            ],
            [
              81.07324,
              26.52088
            ],
            [
              81.07657,
              26.52118
            ],
            [
              81.07687,
              26.52156
            ],
            [
              81.07756,
              26.52245
            ],
            [
              81.0776,
              26.5225
            ],
            [
              81.0778,
              26.52277
            ],
            [
              81.07773,
              26.52323
            ],
            [
              81.07711,
              26.52735
            ],
            [
              81.0771,
              26.52748
            ],
            [
              81.07735,
              26.53042
            ],
            [
              81.07745,
              26.53168
            ],
            [
              81.07754,
              26.5327
            ],
            [
              81.07847,
              26.53318
            ],
            [
              81.08491,
              26.53651
            ],
            [
              81.08508,
              26.53655
            ],
            [
              81.08827,
              26.53736
            ],
            [
              81.08894,
              26.53753
            ],
            [
              81.08987,
              26.53776
            ],
            [
              81.0902,
              26.53784
            ],
            [
              81.09105,
              26.53806
            ],
            [
              81.09361,
              26.54109
            ],
            [
              81.09438,
              26.54314
            ],
            [
              81.09489,
              26.54452
            ],
            [
              81.09477,
              26.55104
            ],
            [
              81.09539,
              26.55345
            ],
            [
              81.09554,
              26.55402
            ],
            [
              81.09904,
              26.55829
            ],
            [
              81.09989,
              26.55932
            ],
            [
              81.10012,
              26.5596
            ],
            [
              81.10032,
              26.55985
            ],
            [
              81.10281,
              26.56158
            ],
            [
              81.1034,
              26.562
            ],
            [
              81.10409,
              26.56248
            ],
            [
              81.10511,
              26.56227
            ],
            [
              81.10791,
              26.56168
            ],
            [
              81.10857,
              26.56133
            ],
            [
              81.11291,
              26.55907
            ],
            [
              81.11571,
              26.55761
            ],
            [
              81.11704,
              26.55692
            ],
            [
              81.11716,
              26.55686
            ],
            [
              81.11852,
              26.55615
            ],
            [
              81.12045,
              26.55673
            ],
            [
              81.1228,
              26.55744
            ],
            [
              81.1231,
              26.55753
            ],
            [
              81.12506,
              26.55855
            ],
            [
              81.12624,
              26.55916
            ],
            [
              81.12718,
              26.55965
            ],
            [
              81.12791,
              26.56132
            ],
            [
              81.12993,
              26.56596
            ],
            [
              81.13362,
              26.57026
            ],
            [
              81.13419,
              26.57304
            ],
            [
              81.13471,
              26.57554
            ],
            [
              81.13738,
              26.57812
            ],
            [
              81.1378,
              26.57946
            ],
            [
              81.13823,
              26.5808
            ],
            [
              81.13827,
              26.58094
            ],
            [
              81.13925,
              26.58201
            ],
            [
              81.14153,
              26.58448
            ],
            [
              81.14221,
              26.58522
            ],
            [
              81.14317,
              26.58627
            ],
            [
              81.14579,
              26.58726
            ],
            [
              81.14705,
              26.58722
            ],
            [
              81.15347,
              26.58703
            ],
            [
              81.15366,
              26.58702
            ],
            [
              81.15409,
              26.58701
            ],
            [
              81.15926,
              26.58685
            ],
            [
              81.16085,
              26.58731
            ],
            [
              81.16119,
              26.58741
            ],
            [
              81.16193,
              26.58762
            ],
            [
              81.16246,
              26.58777
            ],
            [
              81.16346,
              26.58806
            ],
            [
              81.16618,
              26.59264
            ],
            [
              81.1649,
              26.5962
            ],
            [
              81.16593,
              26.5981
            ],
            [
              81.16579,
              26.59845
            ],
            [
              81.16473,
              26.60102
            ],
            [
              81.16485,
              26.60165
            ],
            [
              81.16492,
              26.60212
            ],
            [
              81.16504,
              26.60262
            ],
            [
              81.16838,
              26.60491
            ],
            [
              81.16922,
              26.60549
            ],
            [
              81.16965,
              26.60579
            ],
            [
              81.17013,
              26.60611
            ],
            [
              81.17071,
              26.6065
            ],
            [
              81.17647,
              26.61044
            ],
            [
              81.17663,
              26.61056
            ],
            [
              81.17894,
              26.61213
            ],
            [
              81.1792,
              26.61523
            ],
            [
              81.17934,
              26.61533
            ],
            [
              81.18171,
              26.61705
            ],
            [
              81.18277,
              26.61783
            ],
            [
              81.1833,
              26.61823
            ],
            [
              81.18405,
              26.61878
            ],
            [
              81.1822,
              26.62027
            ],
            [
              81.17914,
              26.62114
            ],
            [
              81.17769,
              26.62314
            ],
            [
              81.17768,
              26.62315
            ],
            [
              81.17398,
              26.6259
            ],
            [
              81.17234,
              26.62711
            ],
            [
              81.174,
              26.63023
            ],
            [
              81.17486,
              26.63186
            ],
            [
              81.17605,
              26.63411
            ],
            [
              81.17605,
              26.63566
            ],
            [
              81.17582,
              26.6358
            ],
            [
              81.17411,
              26.63686
            ],
            [
              81.16734,
              26.64105
            ],
            [
              81.16747,
              26.64329
            ],
            [
              81.1685,
              26.64496
            ],
            [
              81.17053,
              26.64822
            ],
            [
              81.17128,
              26.64893
            ],
            [
              81.17342,
              26.65094
            ],
            [
              81.17432,
              26.65179
            ],
            [
              81.17449,
              26.65195
            ],
            [
              81.1746,
              26.65206
            ],
            [
              81.17468,
              26.65212
            ],
            [
              81.17609,
              26.65346
            ],
            [
              81.17745,
              26.65474
            ],
            [
              81.17826,
              26.6555
            ],
            [
              81.17948,
              26.65693
            ],
            [
              81.18118,
              26.6589
            ],
            [
              81.18345,
              26.66155
            ],
            [
              81.18448,
              26.66275
            ],
            [
              81.18498,
              26.66334
            ],
            [
              81.18555,
              26.66401
            ],
            [
              81.18567,
              26.66414
            ],
            [
              81.18603,
              26.66456
            ],
            [
              81.18678,
              26.66544
            ],
            [
              81.18699,
              26.66569
            ],
            [
              81.18731,
              26.66605
            ],
            [
              81.18777,
              26.6666
            ],
            [
              81.18802,
              26.66687
            ],
            [
              81.18852,
              26.66747
            ],
            [
              81.18845,
              26.66853
            ],
            [
              81.18828,
              26.67108
            ],
            [
              81.18924,
              26.67458
            ],
            [
              81.1922,
              26.67683
            ],
            [
              81.19344,
              26.67777
            ],
            [
              81.19525,
              26.67914
            ],
            [
              81.19625,
              26.6799
            ],
            [
              81.19887,
              26.68318
            ],
            [
              81.19892,
              26.68366
            ],
            [
              81.1992,
              26.68665
            ],
            [
              81.1992,
              26.68667
            ],
            [
              81.2029,
              26.68899
            ],
            [
              81.20551,
              26.69062
            ],
            [
              81.20724,
              26.69469
            ],
            [
              81.20742,
              26.69799
            ],
            [
              81.2075,
              26.69951
            ],
            [
              81.20834,
              26.70106
            ],
            [
              81.21006,
              26.70295
            ],
            [
              81.21229,
              26.70323
            ],
            [
              81.21668,
              26.70208
            ],
            [
              81.21802,
              26.70351
            ],
            [
              81.21917,
              26.70615
            ],
            [
              81.21908,
              26.70707
            ],
            [
              81.21899,
              26.70804
            ],
            [
              81.21761,
              26.70941
            ],
            [
              81.21702,
              26.71
            ],
            [
              81.2143,
              26.71803
            ],
            [
              81.21582,
              26.72118
            ],
            [
              81.21556,
              26.72128
            ],
            [
              81.21474,
              26.72158
            ],
            [
              81.21328,
              26.72213
            ],
            [
              81.21308,
              26.7222
            ],
            [
              81.21071,
              26.72308
            ],
            [
              81.20953,
              26.72404
            ],
            [
              81.20672,
              26.72632
            ],
            [
              81.20549,
              26.72731
            ],
            [
              81.20533,
              26.72744
            ],
            [
              81.2039,
              26.7286
            ],
            [
              81.20346,
              26.73256
            ],
            [
              81.20349,
              26.73277
            ],
            [
              81.20409,
              26.73679
            ],
            [
              81.20462,
              26.74032
            ],
            [
              81.20482,
              26.74168
            ],
            [
              81.2038,
              26.74431
            ],
            [
              81.20362,
              26.74449
            ],
            [
              81.20198,
              26.74589
            ],
            [
              81.20037,
              26.74726
            ],
            [
              81.19802,
              26.75017
            ],
            [
              81.19756,
              26.75073
            ],
            [
              81.19705,
              26.75137
            ],
            [
              81.19634,
              26.75224
            ],
            [
              81.19575,
              26.75297
            ],
            [
              81.19529,
              26.75354
            ],
            [
              81.19382,
              26.75536
            ],
            [
              81.19146,
              26.75827
            ],
            [
              81.19106,
              26.75876
            ],
            [
              81.19009,
              26.75995
            ],
            [
              81.1897,
              26.76044
            ],
            [
              81.1888,
              26.76156
            ],
            [
              81.18957,
              26.7638
            ],
            [
              81.18968,
              26.76389
            ],
            [
              81.19159,
              26.76546
            ],
            [
              81.19397,
              26.76741
            ],
            [
              81.20023,
              26.77105
            ],
            [
              81.20484,
              26.77372
            ],
            [
              81.20502,
              26.77383
            ],
            [
              81.20528,
              26.77398
            ],
            [
              81.20583,
              26.7743
            ],
            [
              81.20754,
              26.7753
            ],
            [
              81.20946,
              26.77641
            ],
            [
              81.21082,
              26.7772
            ],
            [
              81.21185,
              26.77809
            ],
            [
              81.21247,
              26.77863
            ],
            [
              81.2125,
              26.77866
            ],
            [
              81.21675,
              26.78236
            ],
            [
              81.21181,
              26.78546
            ],
            [
              81.21177,
              26.78549
            ],
            [
              81.2072,
              26.78834
            ],
            [
              81.20511,
              26.78887
            ],
            [
              81.19388,
              26.79169
            ],
            [
              81.19344,
              26.79009
            ],
            [
              81.19311,
              26.78891
            ],
            [
              81.19224,
              26.78575
            ],
            [
              81.19215,
              26.78544
            ],
            [
              81.19218,
              26.78409
            ],
            [
              81.19221,
              26.78245
            ],
            [
              81.1921,
              26.78231
            ],
            [
              81.19004,
              26.77982
            ],
            [
              81.18936,
              26.77986
            ],
            [
              81.18724,
              26.77999
            ],
            [
              81.18332,
              26.78222
            ],
            [
              81.18118,
              26.78344
            ],
            [
              81.17997,
              26.78505
            ],
            [
              81.1784,
              26.78565
            ],
            [
              81.17697,
              26.7862
            ],
            [
              81.17518,
              26.78589
            ],
            [
              81.17462,
              26.78579
            ],
            [
              81.1729,
              26.78448
            ],
            [
              81.1708,
              26.78087
            ],
            [
              81.17006,
              26.77958
            ],
            [
              81.16721,
              26.77467
            ],
            [
              81.16643,
              26.7743
            ],
            [
              81.16428,
              26.77324
            ],
            [
              81.16163,
              26.77449
            ],
            [
              81.16156,
              26.77452
            ],
            [
              81.16071,
              26.77491
            ],
            [
              81.16,
              26.77524
            ],
            [
              81.1597,
              26.77539
            ],
            [
              81.15925,
              26.7756
            ],
            [
              81.15926,
              26.77572
            ],
            [
              81.15955,
              26.7817
            ],
            [
              81.16003,
              26.79184
            ],
            [
              81.15995,
              26.7923
            ],
            [
              81.15985,
              26.79287
            ],
            [
              81.15983,
              26.79299
            ],
            [
              81.15922,
              26.79644
            ],
            [
              81.15909,
              26.79718
            ],
            [
              81.15939,
              26.79739
            ],
            [
              81.1596,
              26.79755
            ],
            [
              81.16284,
              26.79987
            ],
            [
              81.16467,
              26.80119
            ],
            [
              81.16898,
              26.80428
            ],
            [
              81.16919,
              26.80461
            ],
            [
              81.16944,
              26.80499
            ],
            [
              81.17102,
              26.80744
            ],
            [
              81.1703,
              26.80748
            ],
            [
              81.16985,
              26.8075
            ],
            [
              81.16599,
              26.80772
            ],
            [
              81.16469,
              26.80779
            ],
            [
              81.16464,
              26.80779
            ],
            [
              81.16302,
              26.80789
            ],
            [
              81.16284,
              26.8079
            ],
            [
              81.16184,
              26.80795
            ],
            [
              81.16049,
              26.81066
            ],
            [
              81.16028,
              26.81107
            ],
            [
              81.1599,
              26.81183
            ],
            [
              81.15936,
              26.8129
            ],
            [
              81.15713,
              26.81376
            ],
            [
              81.15556,
              26.81293
            ],
            [
              81.15454,
              26.8124
            ],
            [
              81.15322,
              26.8117
            ],
            [
              81.15313,
              26.81165
            ],
            [
              81.15191,
              26.81101
            ],
            [
              81.14903,
              26.81066
            ],
            [
              81.14631,
              26.81155
            ],
            [
              81.14581,
              26.81171
            ],
            [
              81.14523,
              26.81207
            ],
            [
              81.14146,
              26.81439
            ],
            [
              81.14139,
              26.81443
            ],
            [
              81.14127,
              26.81451
            ],
            [
              81.14119,
              26.81463
            ],
            [
              81.1391,
              26.8179
            ],
            [
              81.13893,
              26.81879
            ],
            [
              81.13866,
              26.82015
            ],
            [
              81.13832,
              26.82185
            ],
            [
              81.13746,
              26.82616
            ],
            [
              81.13376,
              26.83174
            ],
            [
              81.13313,
              26.83269
            ],
            [
              81.13072,
              26.8344
            ],
            [
              81.12652,
              26.83594
            ],
            [
              81.11927,
              26.8362
            ],
            [
              81.11818,
              26.83624
            ],
            [
              81.11769,
              26.83625
            ],
            [
              81.11767,
              26.83625
            ],
            [
              81.11686,
              26.83628
            ],
            [
              81.11555,
              26.83633
            ],
            [
              81.11496,
              26.83635
            ],
            [
              81.1145,
              26.83636
            ],
            [
              81.11369,
              26.83639
            ],
            [
              81.11257,
              26.83643
            ],
            [
              81.11256,
              26.83643
            ],
            [
              81.11006,
              26.83652
            ],
            [
              81.10879,
              26.83656
            ],
            [
              81.10596,
              26.83666
            ],
            [
              81.10496,
              26.8367
            ],
            [
              81.10295,
              26.83698
            ],
            [
              81.09854,
              26.8376
            ],
            [
              81.09681,
              26.83771
            ],
            [
              81.09516,
              26.83781
            ],
            [
              81.09436,
              26.83786
            ],
            [
              81.09414,
              26.83787
            ],
            [
              81.09407,
              26.83819
            ],
            [
              81.09386,
              26.83922
            ],
            [
              81.09235,
              26.84651
            ],
            [
              81.09501,
              26.85187
            ],
            [
              81.09446,
              26.85317
            ],
            [
              81.09376,
              26.85481
            ],
            [
              81.0937,
              26.85492
            ],
            [
              81.09284,
              26.85689
            ],
            [
              81.09237,
              26.85799
            ],
            [
              81.09226,
              26.85824
            ],
            [
              81.09365,
              26.85939
            ],
            [
              81.09493,
              26.86046
            ],
            [
              81.09717,
              26.86233
            ],
            [
              81.09827,
              26.86401
            ],
            [
              81.10251,
              26.8705
            ],
            [
              81.10226,
              26.87135
            ],
            [
              81.10156,
              26.87368
            ],
            [
              81.10141,
              26.8742
            ],
            [
              81.09951,
              26.88052
            ],
            [
              81.09901,
              26.88219
            ],
            [
              81.09895,
              26.88239
            ],
            [
              81.09595,
              26.88576
            ],
            [
              81.09277,
              26.88621
            ],
            [
              81.09238,
              26.88684
            ],
            [
              81.09094,
              26.88917
            ],
            [
              81.09103,
              26.88942
            ],
            [
              81.0919,
              26.89152
            ],
            [
              81.09566,
              26.89524
            ],
            [
              81.09644,
              26.89603
            ],
            [
              81.09709,
              26.89665
            ],
            [
              81.09752,
              26.89708
            ],
            [
              81.09954,
              26.89905
            ],
            [
              81.09967,
              26.89916
            ],
            [
              81.09984,
              26.8993
            ],
            [
              81.09991,
              26.89935
            ],
            [
              81.10001,
              26.89941
            ],
            [
              81.1002,
              26.89973
            ],
            [
              81.10058,
              26.90205
            ],
            [
              81.10071,
              26.90282
            ],
            [
              81.0998,
              26.90613
            ],
            [
              81.09945,
              26.9074
            ],
            [
              81.09696,
              26.90908
            ],
            [
              81.09658,
              26.90933
            ],
            [
              81.09613,
              26.91319
            ],
            [
              81.09596,
              26.91462
            ],
            [
              81.09453,
              26.9148
            ],
            [
              81.09029,
              26.91533
            ],
            [
              81.09011,
              26.91511
            ],
            [
              81.0882,
              26.91289
            ],
            [
              81.08774,
              26.91235
            ],
            [
              81.08762,
              26.91221
            ],
            [
              81.08606,
              26.91125
            ],
            [
              81.08234,
              26.90897
            ],
            [
              81.08182,
              26.90892
            ],
            [
              81.07631,
              26.90861
            ],
            [
              81.07564,
              26.90857
            ],
            [
              81.07545,
              26.90915
            ],
            [
              81.07367,
              26.91453
            ],
            [
              81.07341,
              26.91479
            ],
            [
              81.07328,
              26.91492
            ],
            [
              81.07311,
              26.91509
            ],
            [
              81.07261,
              26.91559
            ],
            [
              81.06964,
              26.91853
            ],
            [
              81.06841,
              26.92109
            ],
            [
              81.06805,
              26.92184
            ],
            [
              81.06687,
              26.92431
            ],
            [
              81.06559,
              26.92585
            ],
            [
              81.0647,
              26.92711
            ],
            [
              81.06432,
              26.9276
            ],
            [
              81.06417,
              26.92779
            ],
            [
              81.06391,
              26.92798
            ],
            [
              81.0627,
              26.92889
            ],
            [
              81.06206,
              26.92935
            ],
            [
              81.06142,
              26.92981
            ],
            [
              81.06078,
              26.93028
            ],
            [
              81.05624,
              26.93125
            ],
            [
              81.05358,
              26.93182
            ],
            [
              81.05093,
              26.93238
            ],
            [
              81.0509,
              26.93454
            ],
            [
              81.05087,
              26.93709
            ],
            [
              81.04934,
              26.93719
            ],
            [
              81.04788,
              26.93729
            ],
            [
              81.04749,
              26.93732
            ],
            [
              81.04353,
              26.93876
            ],
            [
              81.04303,
              26.94108
            ],
            [
              81.04238,
              26.94404
            ],
            [
              81.04242,
              26.94442
            ],
            [
              81.04283,
              26.94822
            ],
            [
              81.04437,
              26.95048
            ],
            [
              81.04475,
              26.95104
            ],
            [
              81.04572,
              26.95573
            ],
            [
              81.0506,
              26.95961
            ],
            [
              81.05242,
              26.96106
            ],
            [
              81.05465,
              26.95906
            ],
            [
              81.05548,
              26.95832
            ],
            [
              81.05912,
              26.95826
            ],
            [
              81.06011,
              26.95909
            ],
            [
              81.06263,
              26.96125
            ],
            [
              81.06378,
              26.96217
            ],
            [
              81.06563,
              26.9652
            ],
            [
              81.06564,
              26.96772
            ],
            [
              81.06367,
              26.96983
            ],
            [
              81.06268,
              26.97046
            ],
            [
              81.05908,
              26.97274
            ],
            [
              81.05667,
              26.97302
            ],
            [
              81.05355,
              26.96962
            ],
            [
              81.0532,
              26.96828
            ],
            [
              81.05253,
              26.96791
            ],
            [
              81.05144,
              26.96731
            ],
            [
              81.05135,
              26.96721
            ],
            [
              81.05052,
              26.96631
            ],
            [
              81.04732,
              26.96714
            ],
            [
              81.0472,
              26.96717
            ],
            [
              81.04345,
              26.96814
            ],
            [
              81.04202,
              26.96753
            ],
            [
              81.04165,
              26.96737
            ],
            [
              81.04073,
              26.96698
            ],
            [
              81.03629,
              26.96509
            ],
            [
              81.02954,
              26.9698
            ],
            [
              81.02573,
              26.97245
            ],
            [
              81.02491,
              26.97575
            ],
            [
              81.02648,
              26.97682
            ],
            [
              81.02798,
              26.97786
            ],
            [
              81.02916,
              26.98113
            ],
            [
              81.02919,
              26.9812
            ],
            [
              81.02957,
              26.98228
            ],
            [
              81.02972,
              26.9827
            ],
            [
              81.02978,
              26.98285
            ],
            [
              81.02996,
              26.98336
            ],
            [
              81.03009,
              26.98373
            ],
            [
              81.03015,
              26.9839
            ],
            [
              81.03058,
              26.98508
            ],
            [
              81.03069,
              26.98539
            ],
            [
              81.03001,
              26.9859
            ],
            [
              81.02915,
              26.98653
            ],
            [
              81.02725,
              26.98794
            ],
            [
              81.02052,
              26.99136
            ],
            [
              81.02043,
              26.9914
            ],
            [
              81.02032,
              26.99145
            ],
            [
              81.01975,
              26.99175
            ],
            [
              81.01944,
              26.99191
            ],
            [
              81.01854,
              26.99239
            ],
            [
              81.01801,
              26.99267
            ],
            [
              81.01742,
              26.99299
            ],
            [
              81.01514,
              26.9942
            ],
            [
              81.01502,
              26.99426
            ],
            [
              81.01437,
              26.99461
            ],
            [
              81.01424,
              26.99468
            ],
            [
              81.01406,
              26.99477
            ],
            [
              81.01373,
              26.99495
            ],
            [
              81.013,
              26.99534
            ],
            [
              81.01219,
              26.99576
            ],
            [
              81.01198,
              26.99588
            ],
            [
              81.01163,
              26.99606
            ],
            [
              81.01052,
              26.99665
            ],
            [
              81.01033,
              26.99675
            ],
            [
              81.00955,
              26.99716
            ],
            [
              81.00845,
              26.99706
            ],
            [
              81.00764,
              26.99701
            ],
            [
              81.00701,
              26.99696
            ],
            [
              81.00605,
              26.99688
            ],
            [
              81.00445,
              26.99675
            ],
            [
              81.00343,
              26.99754
            ],
            [
              81.00107,
              26.99936
            ],
            [
              81.0002,
              27.00005
            ],
            [
              80.99907,
              27.0026
            ],
            [
              80.99825,
              27.00446
            ],
            [
              80.99788,
              27.00532
            ],
            [
              80.99781,
              27.00546
            ],
            [
              80.99738,
              27.00643
            ],
            [
              80.99654,
              27.00835
            ],
            [
              80.99573,
              27.01238
            ],
            [
              80.99551,
              27.01347
            ],
            [
              80.99461,
              27.0179
            ],
            [
              80.99498,
              27.02058
            ],
            [
              80.99527,
              27.02267
            ],
            [
              80.9954,
              27.02363
            ],
            [
              80.99823,
              27.02769
            ],
            [
              81.00019,
              27.0305
            ],
            [
              81.00217,
              27.03451
            ],
            [
              81.00243,
              27.03503
            ],
            [
              81.00233,
              27.03527
            ],
            [
              81.00183,
              27.03649
            ],
            [
              81.0012,
              27.03801
            ],
            [
              81.00019,
              27.03831
            ],
            [
              80.99749,
              27.03897
            ],
            [
              80.99608,
              27.03932
            ],
            [
              80.99069,
              27.03866
            ],
            [
              80.98921,
              27.03848
            ],
            [
              80.98159,
              27.03626
            ],
            [
              80.98099,
              27.03609
            ],
            [
              80.97866,
              27.03542
            ],
            [
              80.97832,
              27.03718
            ],
            [
              80.97761,
              27.04081
            ],
            [
              80.97731,
              27.04236
            ],
            [
              80.97709,
              27.04352
            ],
            [
              80.97699,
              27.04389
            ],
            [
              80.97697,
              27.04415
            ],
            [
              80.97688,
              27.04458
            ],
            [
              80.97658,
              27.04613
            ],
            [
              80.97645,
              27.04683
            ],
            [
              80.97606,
              27.04881
            ],
            [
              80.97296,
              27.05563
            ],
            [
              80.9739,
              27.0575
            ],
            [
              80.97433,
              27.05836
            ],
            [
              80.9744,
              27.05853
            ],
            [
              80.97467,
              27.05903
            ],
            [
              80.97677,
              27.06093
            ],
            [
              80.97732,
              27.06116
            ],
            [
              80.97821,
              27.06152
            ],
            [
              80.97837,
              27.06159
            ],
            [
              80.97842,
              27.06161
            ],
            [
              80.97989,
              27.06221
            ],
            [
              80.98127,
              27.06277
            ],
            [
              80.98168,
              27.06294
            ],
            [
              80.98273,
              27.06337
            ],
            [
              80.98421,
              27.06918
            ],
            [
              80.98429,
              27.0695
            ],
            [
              80.98442,
              27.06943
            ],
            [
              80.98474,
              27.06925
            ],
            [
              80.98519,
              27.06899
            ],
            [
              80.98966,
              27.06647
            ],
            [
              80.99057,
              27.06828
            ],
            [
              80.99112,
              27.06938
            ],
            [
              80.99247,
              27.07207
            ],
            [
              80.99321,
              27.07356
            ],
            [
              80.99577,
              27.07409
            ],
            [
              80.99652,
              27.07425
            ],
            [
              80.99802,
              27.07457
            ],
            [
              81.0002,
              27.07502
            ],
            [
              81.00335,
              27.07297
            ],
            [
              81.00522,
              27.07175
            ],
            [
              81.00611,
              27.07117
            ],
            [
              81.00797,
              27.06996
            ],
            [
              81.01433,
              27.06582
            ],
            [
              81.01763,
              27.06495
            ],
            [
              81.02058,
              27.06676
            ],
            [
              81.02399,
              27.06885
            ],
            [
              81.02578,
              27.06995
            ],
            [
              81.02614,
              27.07018
            ],
            [
              81.0275,
              27.07101
            ],
            [
              81.02897,
              27.07191
            ],
            [
              81.02934,
              27.07213
            ],
            [
              81.03194,
              27.07053
            ],
            [
              81.03226,
              27.07034
            ],
            [
              81.03318,
              27.06977
            ],
            [
              81.03355,
              27.06955
            ],
            [
              81.03363,
              27.0695
            ],
            [
              81.03375,
              27.06942
            ],
            [
              81.03386,
              27.06935
            ],
            [
              81.03565,
              27.06962
            ],
            [
              81.03944,
              27.0702
            ],
            [
              81.04414,
              27.07346
            ],
            [
              81.04642,
              27.07504
            ],
            [
              81.05328,
              27.07981
            ],
            [
              81.05359,
              27.08026
            ],
            [
              81.05425,
              27.0816
            ],
            [
              81.05447,
              27.08201
            ],
            [
              81.05483,
              27.08268
            ],
            [
              81.05627,
              27.08534
            ],
            [
              81.05494,
              27.08681
            ],
            [
              81.05435,
              27.08747
            ],
            [
              81.0521,
              27.08996
            ],
            [
              81.04918,
              27.09106
            ],
            [
              81.04458,
              27.09281
            ],
            [
              81.04269,
              27.09353
            ],
            [
              81.04146,
              27.09399
            ],
            [
              81.04102,
              27.09416
            ],
            [
              81.04096,
              27.09423
            ],
            [
              81.03949,
              27.09475
            ],
            [
              81.03942,
              27.09477
            ],
            [
              81.03827,
              27.09521
            ],
            [
              81.03462,
              27.09659
            ],
            [
              81.03045,
              27.09861
            ],
            [
              81.02475,
              27.10136
            ],
            [
              81.02321,
              27.10309
            ],
            [
              81.02343,
              27.10383
            ],
            [
              81.02493,
              27.10659
            ],
            [
              81.02511,
              27.10691
            ],
            [
              81.02616,
              27.10883
            ],
            [
              81.0267,
              27.10981
            ],
            [
              81.02796,
              27.11211
            ],
            [
              81.02862,
              27.11331
            ],
            [
              81.02824,
              27.11742
            ],
            [
              81.02785,
              27.11839
            ],
            [
              81.02731,
              27.11972
            ],
            [
              81.02727,
              27.11983
            ],
            [
              81.02691,
              27.12073
            ],
            [
              81.02664,
              27.12139
            ],
            [
              81.02401,
              27.12459
            ],
            [
              81.02384,
              27.1247
            ],
            [
              81.0175,
              27.12887
            ],
            [
              81.01555,
              27.13726
            ],
            [
              81.01435,
              27.13851
            ],
            [
              81.01233,
              27.1406
            ],
            [
              81.01157,
              27.14099
            ],
            [
              81.00626,
              27.14367
            ],
            [
              81.00617,
              27.14371
            ],
            [
              81.00492,
              27.14434
            ],
            [
              81.00234,
              27.14564
            ],
            [
              81.00019,
              27.14673
            ],
            [
              80.99902,
              27.14536
            ],
            [
              80.99586,
              27.14166
            ],
            [
              80.99538,
              27.1411
            ],
            [
              80.99488,
              27.14052
            ],
            [
              80.99436,
              27.13991
            ],
            [
              80.9934,
              27.13879
            ],
            [
              80.99214,
              27.13731
            ],
            [
              80.99124,
              27.13729
            ],
            [
              80.98983,
              27.13725
            ],
            [
              80.98721,
              27.13889
            ],
            [
              80.98481,
              27.1404
            ],
            [
              80.98221,
              27.14202
            ],
            [
              80.98151,
              27.14246
            ],
            [
              80.97996,
              27.14166
            ],
            [
              80.97927,
              27.1389
            ],
            [
              80.97901,
              27.13788
            ],
            [
              80.9759,
              27.1398
            ],
            [
              80.9753,
              27.14017
            ],
            [
              80.97325,
              27.14144
            ],
            [
              80.96935,
              27.14384
            ],
            [
              80.96514,
              27.14448
            ],
            [
              80.9625,
              27.14332
            ],
            [
              80.95991,
              27.14219
            ],
            [
              80.95924,
              27.14143
            ],
            [
              80.95717,
              27.13909
            ],
            [
              80.95611,
              27.13957
            ],
            [
              80.95422,
              27.14044
            ],
            [
              80.95014,
              27.14232
            ],
            [
              80.94953,
              27.1426
            ],
            [
              80.94935,
              27.14391
            ],
            [
              80.94898,
              27.14669
            ],
            [
              80.94878,
              27.14818
            ],
            [
              80.94861,
              27.14827
            ],
            [
              80.9478,
              27.1487
            ],
            [
              80.94624,
              27.14952
            ],
            [
              80.94306,
              27.15119
            ],
            [
              80.94166,
              27.15221
            ],
            [
              80.94131,
              27.15247
            ],
            [
              80.93539,
              27.15678
            ],
            [
              80.93298,
              27.1577
            ],
            [
              80.92951,
              27.15903
            ],
            [
              80.92829,
              27.15815
            ],
            [
              80.92745,
              27.15755
            ],
            [
              80.92682,
              27.15738
            ],
            [
              80.92545,
              27.15701
            ],
            [
              80.92525,
              27.15695
            ],
            [
              80.92303,
              27.15635
            ],
            [
              80.92241,
              27.15618
            ],
            [
              80.92228,
              27.15614
            ],
            [
              80.92209,
              27.15609
            ],
            [
              80.92167,
              27.15598
            ],
            [
              80.92136,
              27.15589
            ],
            [
              80.92011,
              27.15555
            ],
            [
              80.91494,
              27.1514
            ],
            [
              80.91491,
              27.15137
            ],
            [
              80.9148,
              27.15128
            ],
            [
              80.9144,
              27.15096
            ],
            [
              80.9143,
              27.15027
            ],
            [
              80.91411,
              27.14894
            ],
            [
              80.91222,
              27.14868
            ],
            [
              80.91173,
              27.14861
            ],
            [
              80.9107,
              27.14923
            ],
            [
              80.9075,
              27.15115
            ],
            [
              80.90694,
              27.15086
            ],
            [
              80.90561,
              27.15015
            ],
            [
              80.90497,
              27.14981
            ],
            [
              80.90291,
              27.14651
            ],
            [
              80.89794,
              27.13856
            ],
            [
              80.89662,
              27.13532
            ],
            [
              80.89611,
              27.13408
            ],
            [
              80.89473,
              27.1307
            ],
            [
              80.89462,
              27.13044
            ],
            [
              80.89428,
              27.12773
            ],
            [
              80.88832,
              27.12746
            ],
            [
              80.88714,
              27.12775
            ],
            [
              80.88691,
              27.12781
            ],
            [
              80.88409,
              27.12852
            ],
            [
              80.88172,
              27.12911
            ],
            [
              80.87852,
              27.12778
            ],
            [
              80.87655,
              27.12696
            ],
            [
              80.87612,
              27.12687
            ],
            [
              80.87569,
              27.12678
            ],
            [
              80.87556,
              27.12675
            ],
            [
              80.87276,
              27.12618
            ],
            [
              80.87212,
              27.12604
            ],
            [
              80.87172,
              27.12596
            ],
            [
              80.87145,
              27.1259
            ],
            [
              80.87113,
              27.12584
            ],
            [
              80.87013,
              27.12563
            ],
            [
              80.86922,
              27.12544
            ],
            [
              80.86711,
              27.125
            ],
            [
              80.86672,
              27.12492
            ],
            [
              80.86386,
              27.12433
            ],
            [
              80.86268,
              27.12389
            ],
            [
              80.86228,
              27.12374
            ],
            [
              80.85944,
              27.12268
            ],
            [
              80.85919,
              27.12255
            ],
            [
              80.85674,
              27.1213
            ],
            [
              80.85499,
              27.11906
            ],
            [
              80.85342,
              27.11704
            ],
            [
              80.85088,
              27.11377
            ],
            [
              80.84834,
              27.11177
            ],
            [
              80.84749,
              27.1111
            ],
            [
              80.84606,
              27.10998
            ],
            [
              80.84028,
              27.10819
            ],
            [
              80.83883,
              27.10444
            ],
            [
              80.83853,
              27.10368
            ],
            [
              80.83662,
              27.1039
            ],
            [
              80.83658,
              27.10389
            ],
            [
              80.83447,
              27.10159
            ],
            [
              80.83338,
              27.1004
            ],
            [
              80.83248,
              27.10008
            ],
            [
              80.83165,
              27.09979
            ],
            [
              80.83102,
              27.09957
            ],
            [
              80.83037,
              27.09992
            ],
            [
              80.82753,
              27.10143
            ]
          ]
        ]
      }
    }
  ]
}
