{"type": "FeatureCollection", "features": [{"type": "Feature", "properties": {"shapeName": "Amsterdam", "shapeISO": "", "shapeID": "6326949B30737301574950", "shapeGroup": "NLD", "shapeType": "ADM2"}, "geometry": {"type": "MultiPolygon", "coordinates": [[[[4.955239686000027, 52.27830527100008], [4.955487834000053, 52.27836129100007], [4.955736147000039, 52.278418533000035], [4.95584318300007, 52.278446202000055], [4.955996293000055, 52.27848859800008], [4.956162766000034, 52.278535601000044], [4.956302481000023, 52.278575225000054], [4.95638572200005, 52.27859826700006], [4.956442214000049, 52.278613015000076], [4.956513581000024, 52.27863055000006], [4.956562650000023, 52.27864163100003], [4.956608770000059, 52.27864996900007], [4.956645956000045, 52.27865645000003], [4.956680161000065, 52.27866201200004], [4.956733729000064, 52.27866854300004], [4.956772430000058, 52.278671372000076], [4.956814132000034, 52.27867147900008], [4.956982402000051, 52.27867370900003], [4.957025562000069, 52.27867307500003], [4.957143244000065, 52.27867135500003], [4.957295197000064, 52.278665329000034], [4.957487375000028, 52.27865299500007], [4.957636398000034, 52.27863782600008], [4.957690288000038, 52.27863067000004], [4.957737767000026, 52.27862436200007], [4.95780783400005, 52.27861265400003], [4.957871973000067, 52.27859728400006], [4.957940622000024, 52.278574605000074], [4.958045104000064, 52.27853922200006], [4.958167529000036, 52.27849383800003], [4.958346690000042, 52.278425749000064], [4.958413844000063, 52.27840306500008], [4.958481001000052, 52.278383131000055], [4.958554089000074, 52.278365034000046], [4.958609269000021, 52.27835328900005], [4.958662951000065, 52.27834336400008], [4.95872554400006, 52.278336212000056], [4.958795570000063, 52.278331810000054], [4.95885514500003, 52.278329212000074], [4.958940028000029, 52.27832941200006], [4.959033838000039, 52.27833237600004], [4.959205047000069, 52.27833827200004], [4.959389669000075, 52.278345106000074], [4.95958470000005, 52.27835288500006], [4.959651704000066, 52.27835487100003], [4.959720214000072, 52.27835412100006], [4.959788716000048, 52.27835428800006], [4.959894471000041, 52.278350886000055], [4.959967471000027, 52.27834648600003], [4.960024098000076, 52.27834114500007], [4.960067968000033, 52.278338131000055], [4.960214814000039, 52.278325152000036], [4.960296788000051, 52.27831712600005], [4.960374280000053, 52.27830725800004], [4.960471172000041, 52.27829287700007], [4.960624738000035, 52.27826674700003], [4.960760418000064, 52.27824148600007], [4.960863323000069, 52.27821889300003], [4.960946852000063, 52.278199907000044], [4.96100203900005, 52.27818724400004], [4.961052743000039, 52.27817457500004], [4.961129912000047, 52.27825658800003], [4.961151829000073, 52.27827987300003], [4.961171529000069, 52.278302171000064], [4.961230253000053, 52.27836862300006], [4.961252548000061, 52.278393761000075], [4.961267286000066, 52.27841552900003], [4.961280070000043, 52.27843623800004], [4.96133539300007, 52.278525785000056], [4.961416534000023, 52.27868282400004], [4.961458549000042, 52.278763506000075], [4.96149441600005, 52.27884203600007], [4.961544090000075, 52.27895076000004], [4.961632116000033, 52.27918475900003], [4.961729730000059, 52.279396863000045], [4.961820364000062, 52.27960354900006], [4.961876762000031, 52.27971268400006], [4.961937908000039, 52.27981572400006], [4.962027441000032, 52.279953739000064], [4.962080505000074, 52.28004380800007], [4.962130811000065, 52.28011589100004], [4.962158622000061, 52.28014978500005], [4.962174300000072, 52.28016530100007], [4.962195260000044, 52.280180116000054], [4.96221683300007, 52.28019205700008], [4.962243068000021, 52.28020689200008], [4.962308409000059, 52.28023912300006], [4.962318915000026, 52.28024383400003], [4.962352817000067, 52.28025366300005], [4.96237971100004, 52.28026095000007], [4.962409548000039, 52.28026680900007], [4.962441151000064, 52.280271956000036], [4.962488562000033, 52.280278957000064], [4.962547113000028, 52.280285639000056], [4.962631461000058, 52.28029169400003], [4.962758634000068, 52.280293948000065], [4.962984260000042, 52.280298353000035], [4.963185847000034, 52.28030339000003], [4.963323495000054, 52.28031359100004], [4.963449352000055, 52.280330939000066], [4.963486240000066, 52.280335026000046], [4.963571733000038, 52.28034396000004], [4.963676527000075, 52.280357278000054], [4.963744433000045, 52.28036650900003], [4.963826978000043, 52.280377231000045], [4.96387906800004, 52.28038532700003], [4.963903658000049, 52.280388291000065], [4.963926483000023, 52.28039196800006], [4.963969816000031, 52.280396437000036], [4.963996178000059, 52.280397969000035], [4.964024885000072, 52.28039951000005], [4.964057112000035, 52.280400704000044], [4.964082891000032, 52.28040187500005], [4.964131502000043, 52.28040600300005], [4.964157865000061, 52.28040753600004], [4.964183065000043, 52.28040798500007], [4.964205917000072, 52.280408786000066], [4.964231121000068, 52.28040887600008], [4.964257503000056, 52.28040825200003], [4.964285662000066, 52.28040583600006], [4.964308534000054, 52.28040448000007], [4.96433845100006, 52.28040207000004], [4.964395919000026, 52.28039940000008], [4.964427103000048, 52.280397821000065], [4.964441082000064, 52.28039632500003], [4.964468065000062, 52.28039426500004], [4.964489186000037, 52.28039218300006], [4.964516158000038, 52.28039120100004], [4.964543727000034, 52.280389143000036], [4.964571885000055, 52.280386727000064], [4.964598278000039, 52.280385024000054], [4.964621740000041, 52.28038331000005], [4.964675102000058, 52.28038098400003], [4.96470441200006, 52.28038072900006], [4.964747779000049, 52.28038160300008], [4.964797, 52.280383217000065], [4.964823965000051, 52.28038295400006], [4.964843890000054, 52.28038338500005], [4.964863809000065, 52.28038453400006], [4.964887227000077, 52.28038749400008], [4.964913585000033, 52.28038938600008], [4.964935831000048, 52.28039234100004], [4.964961007000056, 52.28039530800004], [4.964976223000065, 52.28039787800003], [4.96501253200006, 52.280401244000075], [4.965030103000061, 52.28040274400007], [4.965053531000024, 52.28040462600006], [4.965081631000032, 52.28040832100004], [4.965103873000032, 52.28041163600005], [4.96513021800007, 52.28041496600008], [4.965152461000059, 52.28041828100004], [4.965177623000045, 52.280422685000076], [4.965220339000041, 52.28043038700008], [4.965239644000064, 52.280434411000044], [4.965259538000055, 52.28043807700004], [4.965276506000066, 52.28044137300003], [4.965299320000042, 52.28044612800005], [4.965314539000076, 52.28044833900003], [4.965330907000066, 52.28045307100007], [4.965345529000047, 52.28045635900003], [4.965359573000057, 52.28045892600005], [4.965371265000044, 52.28046220300007], [4.965392924000071, 52.28046515700004], [4.965407543000026, 52.280468804000066], [4.965434447000064, 52.28047501100008], [4.965512815000068, 52.280493626000066], [4.965567738000061, 52.28051215700003], [4.965613296000072, 52.28052921700004], [4.965659989000073, 52.28055023500008], [4.965708376000066, 52.28057809000006], [4.965752622000025, 52.28060988400006], [4.965800900000033, 52.28064924300003], [4.965872886000056, 52.28072284000007], [4.965979649000076, 52.280837905000055], [4.966124685000068, 52.280951766000044], [4.96614663500003, 52.28096900200006], [4.966155359000027, 52.28097622400003], [4.966164685000024, 52.28098020200008], [4.966176423000036, 52.28098025300005], [4.966188149000061, 52.28097993500006], [4.96619989200002, 52.28097782000003], [4.966219306000028, 52.28097034000007], [4.966225873000042, 52.28095778000005], [4.966234283000063, 52.28093623900003], [4.966251164000028, 52.28088668700008], [4.966264225000032, 52.28080728100008], [4.966275037000059, 52.28077963700008], [4.966280451000046, 52.28070308100007], [4.96628589200003, 52.28062364800007], [4.966289098000061, 52.280551209000066], [4.966291144000024, 52.280502152000054], [4.966294327000071, 52.28047555900008], [4.966296790000058, 52.28046298500004], [4.966300562000072, 52.28043603500004], [4.966306999000039, 52.28040929300005], [4.966311551000047, 52.28038969800008], [4.966316993000021, 52.28037210100007], [4.966321208000068, 52.28036025200004], [4.966325488000052, 52.280341573000044], [4.966332665000039, 52.28032649900007], [4.966336870000021, 52.28031572800006], [4.96634406000004, 52.28029921600006], [4.966351226000029, 52.28028522100004], [4.966358409000065, 52.280269428000054], [4.966367351000031, 52.28025364100006], [4.966372125000021, 52.28024467100005], [4.966380467000022, 52.280230320000044], [4.966389091000053, 52.28021704900004], [4.966399805000037, 52.28019983000007], [4.966410210000049, 52.28018422800005], [4.966421482000044, 52.280169888000046], [4.966432464000036, 52.28015536700008], [4.966459108000038, 52.28012706000004], [4.966490460000045, 52.28009679300004], [4.966509076000023, 52.28008068100007], [4.966527399000029, 52.28006456900005], [4.966546594000022, 52.28004917800007], [4.96658555700003, 52.280019837000054], [4.966606209000076, 52.28000535000007], [4.966623614000071, 52.27999336800008], [4.966644845000076, 52.27997960300007], [4.966666953000072, 52.27996619900006], [4.966685519000066, 52.27995530000004], [4.96670438600006, 52.279943683000056], [4.966727364000064, 52.27993118200004], [4.96675209600005, 52.27991904700008], [4.966779473000031, 52.27990620200006], [4.966808324000056, 52.27989246300007], [4.966840699000045, 52.27987801800003], [4.966867768000043, 52.27986679000003], [4.966892770000072, 52.27985717200005], [4.966921021000076, 52.279844869000044], [4.966953080000053, 52.27983276000003], [4.967016321000074, 52.27980835800008], [4.967058085000076, 52.27979268800004], [4.96711427200006, 52.279770418000055], [4.967163681000045, 52.27975207900005], [4.967193099000042, 52.27974031900004], [4.967221647000031, 52.27972765800007], [4.967250770000021, 52.279716077000046], [4.967276948000062, 52.27970610400007], [4.967297543000029, 52.27969754900005], [4.967404606000059, 52.27965676500003], [4.967467903000056, 52.279626431000054], [4.967515897000055, 52.27960269400006], [4.967557471000021, 52.27957605800003], [4.967574589000037, 52.279561802000046], [4.967630701000076, 52.27957382000005], [4.967659103000074, 52.279579709000075], [4.967673391000062, 52.27958267100007], [4.967691741000067, 52.27960559200005], [4.967702683000027, 52.27962162000006], [4.96772958400004, 52.27965453000007], [4.967744928000059, 52.27967454700007], [4.967754074000027, 52.27968828500008], [4.967768043000035, 52.279703417000064], [4.96777841100004, 52.27971804900005], [4.967794042000037, 52.27974028700004], [4.967809816000056, 52.27975976500005], [4.967825254000047, 52.27977763400003], [4.967839919000028, 52.279796659000056], [4.967849105000028, 52.27980765700005], [4.967860472000041, 52.27982208700007], [4.967876236000052, 52.27984270700006], [4.967897939000068, 52.279865864000044], [4.967915202000029, 52.279886031000046], [4.967939801000057, 52.279914448000056], [4.967974735000041, 52.27995340800004], [4.96798979600004, 52.27996923500007], [4.968007797000041, 52.27999032100007], [4.96802322800005, 52.28000888200006], [4.968041215000028, 52.280029959000046], [4.968065077000063, 52.28005884000004], [4.968077596000057, 52.28007542200004], [4.968086338000035, 52.28008701200008], [4.968101016000048, 52.28010466200004], [4.968111263000026, 52.280121370000074], [4.968118550000042, 52.28013487800007], [4.96812815800007, 52.28015096400003], [4.968143375000068, 52.28017676800005], [4.968156900000054, 52.280198522000035], [4.968174465000061, 52.28022553800008], [4.968188380000072, 52.280244776000075], [4.968199265000067, 52.28026065100005], [4.968206595000026, 52.28027118400007], [4.968219090000048, 52.28028720900005], [4.96823155800007, 52.28030461700007], [4.968241865000039, 52.28031652700008], [4.968250332000025, 52.28032614700004], [4.968256926000038, 52.28033553500006], [4.96826466400006, 52.280344694000064], [4.968291169000054, 52.28037310900004], [4.968299634000061, 52.28038296200003], [4.968307748000029, 52.280391215000066], [4.968318404000058, 52.28040335900005], [4.968326512000033, 52.280412295000076], [4.968335351000064, 52.280421242000045], [4.968342731000064, 52.28042811700004], [4.968354524000063, 52.28043934900006], [4.968367049000051, 52.28045218300008], [4.968375908000041, 52.28046066200005], [4.96838880200005, 52.28047327300004], [4.968404287000055, 52.28048771700003], [4.968417200000033, 52.28049986100007], [4.968427160000033, 52.280509720000055], [4.968445943000063, 52.28052714200004], [4.968463272000065, 52.28054341700005], [4.968476204000069, 52.28055511100007], [4.968488759000024, 52.28056476300003], [4.968498710000063, 52.28057553000008], [4.968509035000068, 52.280584015000045], [4.968520485000056, 52.28059273800005], [4.96853526600006, 52.28060420500003], [4.968550779000054, 52.280615683000065], [4.968567079000024, 52.280624414000044], [4.968579280000029, 52.28063131500005], [4.968590045000042, 52.280635002000054], [4.968601911000064, 52.28064006800008], [4.968614880000075, 52.28064468900004], [4.968624894000072, 52.280648832000054], [4.968637496000042, 52.280655042000035], [4.968658245000029, 52.28066449000005], [4.968673452000075, 52.280671168000026], [4.968691974000023, 52.28067899900003], [4.968701231000068, 52.28068405500005], [4.968717140000024, 52.280693926000026], [4.968726751000077, 52.280700360000026], [4.968737457000032, 52.28070884600004], [4.968747400000041, 52.28072053000005], [4.968754362000027, 52.28073128600005], [4.968762724000044, 52.28075050400008], [4.968765193000024, 52.28076376100006], [4.968766191000043, 52.28077449600005], [4.968766092000067, 52.28078500200007], [4.968766983000023, 52.28080716000005], [4.968769073000033, 52.28082018200007], [4.968769339000062, 52.280830914000035], [4.968769916000042, 52.28084736400007], [4.968773101000068, 52.28086404800007], [4.968776996000031, 52.280883017000065], [4.968781645000035, 52.28090130500004], [4.96878631200002, 52.28091776000008], [4.968791783000029, 52.28092967100008], [4.968796128000065, 52.28094133400003], [4.968801597000038, 52.28095186000007], [4.968808184000068, 52.28096352300008], [4.968813662000059, 52.28097314100006], [4.968819886000063, 52.280982978000054], [4.968827995000026, 52.280991689000075], [4.968835690000049, 52.28100404700007], [4.968845232000035, 52.28101778700005], [4.968856278000032, 52.281030616000066], [4.968866925000043, 52.28104526800007], [4.968876100000045, 52.28105763100007], [4.968888955000068, 52.28107434900005], [4.968902920000062, 52.28109152900004], [4.968912846000023, 52.28110343700007], [4.968922037000027, 52.28111557600005], [4.968945964000056, 52.28114239100006], [4.968956263000052, 52.28115361700003], [4.968962502000068, 52.28116186300008], [4.968976070000053, 52.28118224100007], [4.96898343700002, 52.281192082000075], [4.968990013000052, 52.28120329500007], [4.968995121000034, 52.28121336100003], [4.96900277900005, 52.28122801200004], [4.969009398000026, 52.28123785000008], [4.969014876000074, 52.28124746800006], [4.969021112000064, 52.281257538000034], [4.969033195000065, 52.28127539500008], [4.969038694000062, 52.281284321000044], [4.969047145000047, 52.281294166000066], [4.969058512000061, 52.28131179500008], [4.969067633000066, 52.281323601000054], [4.969076162000022, 52.28133447100004], [4.96908352500003, 52.28134157000005], [4.969091969000033, 52.28135370700005], [4.969105949000038, 52.281370896000055], [4.969115492000071, 52.28138303600008], [4.969125022000071, 52.28139814200006], [4.969136025000068, 52.28141393700008], [4.969142619000024, 52.28142332500005], [4.969147366000072, 52.28143430700004], [4.969154671000069, 52.281447581000066], [4.969161235000058, 52.28146016000005], [4.969168510000031, 52.28147663400006], [4.969178729000021, 52.28149790800006], [4.969182700000033, 52.28150888700003], [4.969189585000038, 52.28152786700008], [4.969194660000028, 52.28154135700004], [4.969198623000068, 52.281553244000065], [4.969202250000023, 52.28156330500008], [4.969208441000035, 52.28157657500003], [4.969216875000029, 52.28158825300005], [4.969226392000053, 52.28160473400004], [4.969237759000066, 52.28162235500008], [4.969248401000073, 52.28163610800004], [4.969257950000042, 52.28164915600007], [4.969274879000068, 52.28166908800006], [4.969289583000034, 52.28168717800003], [4.96931680900002, 52.281718570000066], [4.969329337000033, 52.28173117000006], [4.969337807000045, 52.281740565000064], [4.969348499000034, 52.28175042700008], [4.969355502000042, 52.28175844200007], [4.969362105000073, 52.28176691300007], [4.969372384000053, 52.281781798000054], [4.969380422000029, 52.28179667400008], [4.969386219000057, 52.281811308000044], [4.969389450000051, 52.28182456800005], [4.969389339000031, 52.281834840000045], [4.969388438000067, 52.281849685000054], [4.969387174000076, 52.28186407000004], [4.969384780000041, 52.281878676000076], [4.969381251000073, 52.28189716000003], [4.969380003000026, 52.28190834500003], [4.969376418000024, 52.28193277100007], [4.969377354000073, 52.28195013800007], [4.969381296000051, 52.28196408300005], [4.96938559900002, 52.28198031200003], [4.96938883100006, 52.28199197200007], [4.969395305000035, 52.282014150000066], [4.96940072700005, 52.28202970900003], [4.969403222000039, 52.28204021500005], [4.969411878000074, 52.28206880000005], [4.969416170000045, 52.28208617100006], [4.969420871000068, 52.28209897700003], [4.969424083000035, 52.28211269500008], [4.96942804400004, 52.28212480600007], [4.969437726000024, 52.282161160000044], [4.96944859000007, 52.28219180200006], [4.969468325000037, 52.282264034000036], [4.969479505000038, 52.28229856000007], [4.969494625000038, 52.28234886400003], [4.969523770000023, 52.28244740100007], [4.969553946000076, 52.282554858000026], [4.969565841000076, 52.28259121100007], [4.969576997000047, 52.28262984400004], [4.969589265000025, 52.28266871400007], [4.969599307000067, 52.282704153000054], [4.969609741000056, 52.28274004200006], [4.969620555000063, 52.28277456600006], [4.969629167000051, 52.28280634100008], [4.969634932000076, 52.28282440900006], [4.969639997000058, 52.282839041000045], [4.969649339000057, 52.282872643000076], [4.969659052000054, 52.28290579800006], [4.969671238000046, 52.28295175000005], [4.969679820000067, 52.28298511600008], [4.969688447000067, 52.283015301000034], [4.969694510000068, 52.28304226800003], [4.969698481000023, 52.283054856000035], [4.969703158000073, 52.28307016900004], [4.969707091000032, 52.28308525600005], [4.969711016000076, 52.283102634000045], [4.969716518000041, 52.28311129100007], [4.969725350000033, 52.28312118100007], [4.969734956000025, 52.283126698000046], [4.96974571100003, 52.283131526000034], [4.969770222000022, 52.28313847100003], [4.969781714000021, 52.283142843000064], [4.969792848000054, 52.28314631600006], [4.969802867000055, 52.28315], [4.969813633000058, 52.283153696000056], [4.969826992000037, 52.28315739300007], [4.969840344000033, 52.283162005000065], [4.969852225000068, 52.283165490000044], [4.96987112100004, 52.28317423000004], [4.969882245000065, 52.28317883500006], [4.969891884000049, 52.28318389300006], [4.969905932000074, 52.28319073700004], [4.969917794000025, 52.28319791500007], [4.969938093000053, 52.283214893000036], [4.969951377000029, 52.28322658800005], [4.969962467000073, 52.28323485100003], [4.969972811000048, 52.28324287800007], [4.969985393000059, 52.28325137100006], [4.969995378000021, 52.28325711300005], [4.970009429000072, 52.28326677100006], [4.970023112000035, 52.28327503400004], [4.970034962000057, 52.28328193300007], [4.970048632000044, 52.28329157100006], [4.970070458000066, 52.28330512100007], [4.970095976000039, 52.28332188300004], [4.970127430000048, 52.28334164200004], [4.970156647000067, 52.28336092500007], [4.970179586000029, 52.28337448700006], [4.970198814000071, 52.28338688600007], [4.970208077000052, 52.283393094000076], [4.970233970000038, 52.28340894100006], [4.970252448000053, 52.28342156200006], [4.970265037000047, 52.28342937100007], [4.970284294000066, 52.28344018000007], [4.970303554000054, 52.28345075400006], [4.970325764000052, 52.28346249000003], [4.970347983000067, 52.283474666000075], [4.970371294000074, 52.28348777100007], [4.970422402000054, 52.28351513000007], [4.970452403000024, 52.28353053300003], [4.970472383000072, 52.283542486000044], [4.970492378000074, 52.28355283800005], [4.970515707000061, 52.283565476000035], [4.970526445000075, 52.28357213800007], [4.970557917000065, 52.283588472000076], [4.970585693000032, 52.28360364200006], [4.970609376000027, 52.283617657000036], [4.970665306000058, 52.283646633000046], [4.97069527900004, 52.28366341100008], [4.970742295000036, 52.283691214000044], [4.970760808000023, 52.28370178600005], [4.970786708000048, 52.28371695800007], [4.970812611000042, 52.283733264000034], [4.97083664400003, 52.283749113000056], [4.970858832000033, 52.28376312200004], [4.970879203000038, 52.28377552500007], [4.970896943000071, 52.28378723600008], [4.970911012000045, 52.28379505100003], [4.970934716000045, 52.283808382000075], [4.970954326000026, 52.28381919200007], [4.970972102000076, 52.283828619000076], [4.970992112000033, 52.28383896300005], [4.971008755000071, 52.28384884500008], [4.971020418000023, 52.28385540200003], [4.971054309000067, 52.28387321000008], [4.97109503400003, 52.28389529200007], [4.971124281000073, 52.28391137500006], [4.971204613000054, 52.28395756700007], [4.971239776000061, 52.28397733800006], [4.97127161700007, 52.283995040000036], [4.971290494000073, 52.28400583700005], [4.971313460000033, 52.28401824900004], [4.971330865000027, 52.28402813400004], [4.971356883000055, 52.28404167200006], [4.971376021000026, 52.28405433100005], [4.97138970900005, 52.284062153000036], [4.971399489000021, 52.28406791300006], [4.971421088000056, 52.284082252000076], [4.971451126000034, 52.28410164600007], [4.971471462000068, 52.28411474100005], [4.971492172000069, 52.28412851100006], [4.971521032000055, 52.28414688500004], [4.971549138000057, 52.284165948000066], [4.971567607000054, 52.284179719000065], [4.971586840000043, 52.284191659000044], [4.971637501000032, 52.28422632300004], [4.97165747300005, 52.28423918300007], [4.971681878000027, 52.284255941000026], [4.971693366000068, 52.284262381000076], [4.971716281000056, 52.28427868500006], [4.971737178000069, 52.28429291400005], [4.971752126000069, 52.28430393100007], [4.971783929000026, 52.28432574000004], [4.971826103000069, 52.28435284200003], [4.971844280000028, 52.28436486000004], [4.971854956000072, 52.284371908000026], [4.971881579000069, 52.284389815000054], [4.971902650000061, 52.28440427800007], [4.971934540000063, 52.28442615900008], [4.971943998000029, 52.28443023700004], [4.971974046000071, 52.28445020500004], [4.972004600000048, 52.28446917800005], [4.972016971000073, 52.28447685200007], [4.972058763000064, 52.28450395300007], [4.972090584000057, 52.284523937000074], [4.972109080000052, 52.284534733000044], [4.972132379000072, 52.28455080400005], [4.97215717000006, 52.284565505000046], [4.972180845000025, 52.284580445000074], [4.972200093000026, 52.28459238500005], [4.972221912000066, 52.284606851000035], [4.972247719000052, 52.28462267100008], [4.972282574000076, 52.284645658000045], [4.972314778000055, 52.28466541800003], [4.972354722000034, 52.28469113800003], [4.972393932000045, 52.284717088000036], [4.972415942000055, 52.28472990100005], [4.972429469000076, 52.28473776800007], [4.972451656000032, 52.28475200100007], [4.972476820000054, 52.284767629000044], [4.972517320000065, 52.284791949000066], [4.972534922000023, 52.28480285000006], [4.972551625000051, 52.28481274100005], [4.972567499000036, 52.28482190100004], [4.972584716000028, 52.284831659000076], [4.972610179000071, 52.28484663200004], [4.972629280000035, 52.28485706200007], [4.972645346000036, 52.284864543000026], [4.972658447000072, 52.28487088000003], [4.972677913000041, 52.284881545000076], [4.972694759000035, 52.28489015100007], [4.972716063000064, 52.28490012100008], [4.972740375000058, 52.28491121700006], [4.972760944000072, 52.28491981800005], [4.972777406000034, 52.28492729100003], [4.972804312000051, 52.28493837700006], [4.972822244000042, 52.28494539700006], [4.972848403000057, 52.28495488000004], [4.972876427000074, 52.28496550300008], [4.972898862000022, 52.28497363500003], [4.972923495000032, 52.284981765000055], [4.972952640000074, 52.284991700000035], [4.972971305000044, 52.28499711300003], [4.972991814000068, 52.28499954000006], [4.973010851000026, 52.28500426200003], [4.973026141000048, 52.285006949000035], [4.97303845600004, 52.28500963500005], [4.973053392000054, 52.28501414500005], [4.973070965000034, 52.28502184600006], [4.973082575000035, 52.28502933800007], [4.973091969000052, 52.28503728900006], [4.973100221000038, 52.28504502900006], [4.973104424000041, 52.28505483200007], [4.973109390000047, 52.285069203000035], [4.973115489000065, 52.28508311000007], [4.973122286000034, 52.28509290400007], [4.97312875700004, 52.28510772900006], [4.97313368500005, 52.285116851000055], [4.97314196800005, 52.28512754800005], [4.973151804000054, 52.28514304200007], [4.973160843000073, 52.28515441600007], [4.973168778000058, 52.285166272000026], [4.973177062000047, 52.28517536900006], [4.973184596000067, 52.28518470700004], [4.973192865000044, 52.28519221400006], [4.973209024000028, 52.28520859200006], [4.973217657000021, 52.28521472500006], [4.973240146000023, 52.28523130600007], [4.973265226000024, 52.28524492000008], [4.973282439000059, 52.285253537000074], [4.973313851000057, 52.28526871000008], [4.973335945000031, 52.28528050800003], [4.973368872000037, 52.285296594000044], [4.973398042000042, 52.28531018700005], [4.973424603000069, 52.285323779000066], [4.973450796000066, 52.28533601400005], [4.973505375000059, 52.285359321000044], [4.97353862600005, 52.28537220900006], [4.973564823000061, 52.28538398500007], [4.973601823000024, 52.28539868300004], [4.973629119000066, 52.28541045400004], [4.973658264000051, 52.28542198800005], [4.973680331000025, 52.28543195200007], [4.97370350500006, 52.285440994000055], [4.973730099000022, 52.28545733700008], [4.973740933000045, 52.285463253000046], [4.973797869000066, 52.285497974000066], [4.973842058000059, 52.285524517000056], [4.97394319600005, 52.285587614000065], [4.974002010000049, 52.28562370800006], [4.974075406000054, 52.28566772500005], [4.974137210000038, 52.285705402000076], [4.974201655000059, 52.28574602800006], [4.974219085000072, 52.28575653200005], [4.974270182000055, 52.28578733200004], [4.974332721000053, 52.285824769000044], [4.974393033000069, 52.28586222500007], [4.974454451000042, 52.285898975000066], [4.974511017000054, 52.28593416100006], [4.974568309000063, 52.28596865900005], [4.974630295000054, 52.28600573400007], [4.97469004900006, 52.28604332300006], [4.974724879000064, 52.286064655000075], [4.974748103000024, 52.28607940400008], [4.974771696000062, 52.28609233900005], [4.974780810000027, 52.28610038800008], [4.97480925800005, 52.28612713600006], [4.974844171000029, 52.28615691700003], [4.97487381600007, 52.286181009000074], [4.974905307000029, 52.28620349800008], [4.974935671000026, 52.286224393000055], [4.974959647000048, 52.286238695000065], [4.97498026300002, 52.28625186200003], [4.974997847000054, 52.28626160400006], [4.975025927000047, 52.28627748400004], [4.975076849000061, 52.286305146000075], [4.97510415000005, 52.28631966700004], [4.975123617000065, 52.286330322000026], [4.975146818000042, 52.28634279700003], [4.975195030000066, 52.28635927800008], [4.975264538000033, 52.28638663600003], [4.975314248000075, 52.286405854000066], [4.975363209000022, 52.28642371300003], [4.975402824000071, 52.286437944000056], [4.975449524000055, 52.28645626200006], [4.975497375000032, 52.28647525800005], [4.975534754000023, 52.28648880700007], [4.975578110000072, 52.286505774000034], [4.975612109000053, 52.28651866400003], [4.975646511000036, 52.28653245400005], [4.975682778000021, 52.286547392000045], [4.97571640700005, 52.286560730000076], [4.975751162000051, 52.286574296000026], [4.97577509100006, 52.28658425700007], [4.975810225000032, 52.286598050000066], [4.975835639000024, 52.286607540000034], [4.97586628800002, 52.28661976200004], [4.975889853000069, 52.286629479000055], [4.97591077900006, 52.28663762200006], [4.975926855000068, 52.28664418500006], [4.975952293000034, 52.28665573300003], [4.975972116000037, 52.286665923000044], [4.975988975000064, 52.28667500500006], [4.976005058000055, 52.28668384200006], [4.976021561000039, 52.28669497200008], [4.976038415000062, 52.286706095000056], [4.976054157000021, 52.28671699800003], [4.976071750000074, 52.28672584000003], [4.976084501000059, 52.286735375000035], [4.97610284600006, 52.28674535300007], [4.976115194000045, 52.28675238800008], [4.976135015000068, 52.28676122000007], [4.976160066000034, 52.286771859000055], [4.976181372000042, 52.286780220000026], [4.976212409000027, 52.28679335100003], [4.976241579000032, 52.286805568000034], [4.976261773000033, 52.286815309000076], [4.976280472000042, 52.28682345400006], [4.976321203000055, 52.28683905400004], [4.976344356000027, 52.28684581300007], [4.976362292000033, 52.286852373000045], [4.976389953000023, 52.286862994000046], [4.976410151000039, 52.286872276000054], [4.976467378000052, 52.28689809000008], [4.976504783000053, 52.286915297000064], [4.976578467000024, 52.28694927500004], [4.976648778000026, 52.286981884000056], [4.976717603000054, 52.287013589000026], [4.976780078000047, 52.28704258500005], [4.976835602000051, 52.28706566100004], [4.976902578000022, 52.28709606500007], [4.976956911000059, 52.287119604000054], [4.976994109000032, 52.287136962000034], [4.977046195000071, 52.28716097000006], [4.977096799000037, 52.28718359700008], [4.977129539000032, 52.287199601000054], [4.977148885000076, 52.28720759500004], [4.977216971000075, 52.287238452000054], [4.977244134000046, 52.28725056300004], [4.97726478200002, 52.28726038700006], [4.977278732000059, 52.287267014000065], [4.97732338000003, 52.287287140000046], [4.97734792600005, 52.28729855800003], [4.977423464000026, 52.28733193100004], [4.977465128000063, 52.287349763000066], [4.977501227000062, 52.28736552700008], [4.977539550000074, 52.28738174800003], [4.977608746000044, 52.287413067000045], [4.977633695000065, 52.28742380400007], [4.977657873000055, 52.287433873000055], [4.977686529000039, 52.287446214000056], [4.977725962000022, 52.28746449700003], [4.977746425000021, 52.28747363600007], [4.977775454000039, 52.28748688600007], [4.977815711000062, 52.28750480300005], [4.977868090000072, 52.287528946000066], [4.977913856000043, 52.287548608000066], [4.977947336000057, 52.28756391300004], [4.977973390000045, 52.28757557100005], [4.978028828000049, 52.28760025400004], [4.978080544000022, 52.28762310900004], [4.978110140000069, 52.28763692700005], [4.978127054000026, 52.28764482300005], [4.978184727000041, 52.28767018800005], [4.978220601000032, 52.28768502500003], [4.978254271000026, 52.28770046600005], [4.978276995000044, 52.28771088000008], [4.978333184000064, 52.28773510800005], [4.978349079000054, 52.28774225400008], [4.978378942000063, 52.287755677000064], [4.97841801900006, 52.287772817000075], [4.978437524000071, 52.287781153000026], [4.978459699000041, 52.287790640000026], [4.978493551000042, 52.28780549700008], [4.97851550300004, 52.287815325000054], [4.978527032000045, 52.28782075700008], [4.978544150000062, 52.28782881600006], [4.978567604000034, 52.28783954700003], [4.978591771000026, 52.28784755800007], [4.978623052000046, 52.28785989800008], [4.978656974000046, 52.28787187000006], [4.978673757000024, 52.28787800400005], [4.978696734000039, 52.28788641500006], [4.978737652000063, 52.28790263600007], [4.97877040000003, 52.28791635600004], [4.978853379000043, 52.287947219000046], [4.978901757000074, 52.28796504700006], [4.978952728000024, 52.28798630000006], [4.979005586000028, 52.28800778300007], [4.979069586000037, 52.28803224400008], [4.979083346000039, 52.288037271000064], [4.979114982000056, 52.28805075400004], [4.97915144500007, 52.288063786000066], [4.979185625000071, 52.28807801500005], [4.979232205000073, 52.28809852400008], [4.979350519000036, 52.28815360500005], [4.979389214000037, 52.28817256700006], [4.979418983000073, 52.28818514500006], [4.97946511300006, 52.28820684800007], [4.979502317000026, 52.288223765000055], [4.97955292100005, 52.28824661600004], [4.979618796000068, 52.28827609800004], [4.979656370000043, 52.28829255800008], [4.979687616000035, 52.28830559000005], [4.979710314000044, 52.28831564500007], [4.979738120000036, 52.28832816200003], [4.979768745000058, 52.28834329500006], [4.979787698000052, 52.28835107200007], [4.979813747000037, 52.28836341200008], [4.979843477000031, 52.288381849000075], [4.97987514700003, 52.28839494600004], [4.979913463000059, 52.288413683000044], [4.979943235000064, 52.28842922600006], [4.979987876000052, 52.28845184900007], [4.980013910000025, 52.28846418900008], [4.980031764000046, 52.288473562000036], [4.980045529000051, 52.28847973000006], [4.980079025000066, 52.28849504400006], [4.980111016000023, 52.28850990300003], [4.980140426000048, 52.288521778000074], [4.980172050000021, 52.28853503600004], [4.980196615000068, 52.288544639000065], [4.980236053000056, 52.28856087100007], [4.980266947000075, 52.288573893000034], [4.980322383000043, 52.288595834000034], [4.98034397400005, 52.28860361100004], [4.980362211000056, 52.288611143000026], [4.980375611000056, 52.288617094000074], [4.980390488000069, 52.28862349000008], [4.980409470000041, 52.28863126700003], [4.980423226000028, 52.28863675200006], [4.980444435000038, 52.28864474300008], [4.980468249000069, 52.288656177000064], [4.980524822000064, 52.288680396000075], [4.980546395000033, 52.28869023100003], [4.980575048000048, 52.28870302000007], [4.980601464000074, 52.288715370000034], [4.980642387000046, 52.28873274000006], [4.980723510000075, 52.288768161000064], [4.98077225000003, 52.28878987300004], [4.980844814000022, 52.28882049200007], [4.980879422000044, 52.28883603400004], [4.980913281000028, 52.28885020700005], [4.980938966000053, 52.28886232100007], [4.980956456000058, 52.288869867000074], [4.980981377000035, 52.28887900400008], [4.981013377000068, 52.28889134600007], [4.981055439000045, 52.28890597900005], [4.981082982000032, 52.288915358000054], [4.98110904300006, 52.28892472300004], [4.981133602000057, 52.28893180800003], [4.981168585000034, 52.28894163500007], [4.981185713000059, 52.28894712300007], [4.981212133000042, 52.28895421500005], [4.98122851100004, 52.28895832500007], [4.981243766000034, 52.28896335600007], [4.981258694000076, 52.28896738000003], [4.981270950000066, 52.28897181700006], [4.981284345000063, 52.28897685100003], [4.981303311000033, 52.288983244000065], [4.981318572000021, 52.28898919200003], [4.981332723000037, 52.28899330300004], [4.981350956000028, 52.28900130200003], [4.981366578000063, 52.28900793500003], [4.981377003000034, 52.28901387600007], [4.981387052000059, 52.28901935700003], [4.981402288000027, 52.289026437000075], [4.981413832000044, 52.28903192400003], [4.981426845000044, 52.28903855600004], [4.981436893000023, 52.28904403700005], [4.981453395000074, 52.28905064600008], [4.981469273000073, 52.28905981400004], [4.981490848000021, 52.28906940600007], [4.981521353000062, 52.28908334300007], [4.981542939000065, 52.28909340200005], [4.981563031000064, 52.28910163200004], [4.98158462300006, 52.28911259900008], [4.981612153000071, 52.289124935000075], [4.981630386000063, 52.28913294300003], [4.981643416000054, 52.28913933300004], [4.981654204000051, 52.289144134000026], [4.98166350300005, 52.28914824600008], [4.981689925000069, 52.28915830400007], [4.981710763000024, 52.289166770000065], [4.981734962000075, 52.289176362000035], [4.981753199000025, 52.289183911000066], [4.981769562000068, 52.28919122100007], [4.981782588000044, 52.289196469000046], [4.981800563000036, 52.289203910000026], [4.981830965000029, 52.28921475400006], [4.981866313000069, 52.28922961500007], [4.981906886000047, 52.289245384000026], [4.981940371000064, 52.28925887300005], [4.981960841000046, 52.28926755300006], [4.981990222000036, 52.28927943700006], [4.982031967000069, 52.289296756000056], [4.982042196000066, 52.289301806000026], [4.982059012000036, 52.289309305000074], [4.982074308000051, 52.289314759000035], [4.98209145900006, 52.28931929400005], [4.98210748200006, 52.289323825000054], [4.982135848000041, 52.28933130100006], [4.982156351000071, 52.289337878000026], [4.982167920000052, 52.289342196000064], [4.982188811000071, 52.28934968300007], [4.982204117000038, 52.289355595000075], [4.982213454000032, 52.28936037300008], [4.982224638000048, 52.28936513800005], [4.982235097000057, 52.28936900300005], [4.982251162000068, 52.28937695800005], [4.982267203000049, 52.28938423900007], [4.982278404000056, 52.28939038000004], [4.982291478000036, 52.289398352000035], [4.982302694000055, 52.289407693000044], [4.98231129100003, 52.289413151000076], [4.982321740000032, 52.28941815700006], [4.982331445000057, 52.28942271100004], [4.982341161000022, 52.289427706000026], [4.982357584000056, 52.28943337900006], [4.982377332000056, 52.28943928000007], [4.982388540000045, 52.28944291400006], [4.982403451000039, 52.28944721600004], [4.982417997000027, 52.28945130100004], [4.982430684000065, 52.28945515500004], [4.982449705000022, 52.28946036100007], [4.982465370000057, 52.28946558300004], [4.982475814000054, 52.289469448000034], [4.982493359000046, 52.28947579900006], [4.98251016100005, 52.28948330700007], [4.982519856000067, 52.28948739400005], [4.982535154000061, 52.28949421400006], [4.982545609000056, 52.28949853700004], [4.982559052000056, 52.289503068000045], [4.982575844000053, 52.28951011800007], [4.982586292000065, 52.28951352400003], [4.982602698000051, 52.28951943100003], [4.982616510000071, 52.28952373900006], [4.982633680000049, 52.28953100600006], [4.982648231000042, 52.289537832000065], [4.982664656000054, 52.28954648100006], [4.982677370000033, 52.289555359000076], [4.982691548000048, 52.289562868000075], [4.982701273000032, 52.28956855400003], [4.982716935000042, 52.289575600000035], [4.982726285000069, 52.289580611000076], [4.982736738000028, 52.28958515000005], [4.982746445000032, 52.28958947000007], [4.982757269000047, 52.28959356100006], [4.982768455000041, 52.28959810200007], [4.98277891400005, 52.28960196700007], [4.982793077000053, 52.28960787500006], [4.982819957000061, 52.28961763800004], [4.982831143000055, 52.28962217900005], [4.982850550000023, 52.28962852800004], [4.982882940000025, 52.28963994500003], [4.982892355000047, 52.28964580100006], [4.98290429900004, 52.28965240300005], [4.982912167000052, 52.289662443000054], [4.982918562000066, 52.289676359000055], [4.982924947000072, 52.28968662700004], [4.982930216000057, 52.28969712500003], [4.982934005000061, 52.28970922700006], [4.982940774000042, 52.28972246200004], [4.982947538000076, 52.28973456400007], [4.982953554000062, 52.28974505600007], [4.982961833000047, 52.28976148700008], [4.982978347000028, 52.289789315000064], [4.983007164000071, 52.28981827400003], [4.983026981000023, 52.28983422300007], [4.983046450000074, 52.28985633600007], [4.983065544000056, 52.28987456600004], [4.983084629000075, 52.28989212100004], [4.983097357000076, 52.28990603300008], [4.98311009300005, 52.28992062700007], [4.98312283100006, 52.289936597000064], [4.983140449000075, 52.28995596300007], [4.983180168000047, 52.290006152000046], [4.983225872000048, 52.290060648000065], [4.983245730000021, 52.29008504600006], [4.98326221700006, 52.290104659000065], [4.983277584000064, 52.29012176200007], [4.983294062000027, 52.29014069200008], [4.983307913000033, 52.29015687300006], [4.983327030000055, 52.29018059400005], [4.983342377000042, 52.29019655400003], [4.98335325000005, 52.29020978600005], [4.983364119000044, 52.29022346600004], [4.983374233000063, 52.290234646000044], [4.983388168000033, 52.29024804900007], [4.983403048000071, 52.290262220000045], [4.983420634000026, 52.29027863700003], [4.983435228000076, 52.29029207000008], [4.983456552000064, 52.29031327300004], [4.983467035000047, 52.29032262000004], [4.983476008000025, 52.29033037100004], [4.983483505000038, 52.29034085900008], [4.983490635000067, 52.29034976300005], [4.983497760000034, 52.29035933200004], [4.983504874000062, 52.29036846100007], [4.983612688000051, 52.29035592300005], [4.98364521700006, 52.290352151000036], [4.983706262000055, 52.29034423400003], [4.983766547000073, 52.290336108000076], [4.983828351000057, 52.290328653000074], [4.983861114000035, 52.29032493600005], [4.983883824000031, 52.29032258600006], [4.983973147000029, 52.29031096400007], [4.984060632000023, 52.290300037000065], [4.984145114000057, 52.290288865000036], [4.984227389000068, 52.290278630000046], [4.984295871000029, 52.29027002000004], [4.984438433000037, 52.290251424000076], [4.984543043000031, 52.29023816400007], [4.984618226000066, 52.29022930600007], [4.984695643000066, 52.29021976400003], [4.984810670000059, 52.29020694400003], [4.984900379000067, 52.29019645500006], [4.985111437000057, 52.29017084700007], [4.985202269000069, 52.29016080200006], [4.985290874000043, 52.290150777000065], [4.985376115000065, 52.29014145800005], [4.985461355000041, 52.29013234700005], [4.985557043000028, 52.290121842000076], [4.985650851000059, 52.29011180600003], [4.985750234000022, 52.29010107100004], [4.985878668000055, 52.29008707200006], [4.98596430300006, 52.290077962000055], [4.986028696000062, 52.29007096300006], [4.986083779000069, 52.29006422000003], [4.986159719000057, 52.29005581400003], [4.986217424000074, 52.290049287000045], [4.986285175000035, 52.29004204800003], [4.986338027000045, 52.290035755000076], [4.986378243000047, 52.29003110100007], [4.986424382000052, 52.29002642200004], [4.986478372000022, 52.29002058300006], [4.986545011000032, 52.29001312500003], [4.986678644000051, 52.289997966000044], [4.987061034000021, 52.28995509400005], [4.987568807000059, 52.28989674600007], [4.988298127000064, 52.289825860000064], [4.988763973000061, 52.28977621800004], [4.989024211000071, 52.28975113800004], [4.989287410000031, 52.28972268800004], [4.989738593000027, 52.28967339800005], [4.990140138000072, 52.289635039000075], [4.990458356000033, 52.28960356200008], [4.99118403600005, 52.28955196900006], [4.992642223000075, 52.28941239200003], [4.992910385000073, 52.28939408000008], [4.992936979000035, 52.28939168800008], [4.992972566000049, 52.28938836400005], [4.99305260400007, 52.28938197100007], [4.993157576000044, 52.289373675000036], [4.993242062000036, 52.28936659500005], [4.993312802000048, 52.28936091700007], [4.99336721800006, 52.28935646900004], [4.993678662000036, 52.28932640000005], [4.994116096000027, 52.28928804800006], [4.995017544000063, 52.289231578000056], [4.995533010000031, 52.28922291400005], [4.99586025800005, 52.28920381100005], [4.996717851000028, 52.28915556000004], [4.997116485000049, 52.28913545800003], [4.997128450000048, 52.28913485000004], [4.997474300000022, 52.28911868900008], [4.997546046000025, 52.28917699500005], [4.997580232000075, 52.28920478100008], [4.99761753100006, 52.28923509400005], [4.997678655000072, 52.28928475500004], [4.997687198000051, 52.28929169500003], [4.997757679000074, 52.28934897200003], [4.997947958000054, 52.289515926000036], [4.998097169000062, 52.28964282100003], [4.998220655000068, 52.28974479800007], [4.998286499000073, 52.28980797400004], [4.998296473000039, 52.28981547500007], [4.998307368000042, 52.289823313000056], [4.998316343000056, 52.28982942700003], [4.998342080000043, 52.289834545000076], [4.998371514000041, 52.289835882000034], [4.998399387000063, 52.289836396000055], [4.998426558000062, 52.28983671900005], [4.998451045000024, 52.28983896500006], [4.998458087000074, 52.28984998900006], [4.998475924000047, 52.28997417800008], [4.998499601000049, 52.29010769700005], [4.998510661000068, 52.29015026400003], [4.998516255000027, 52.290179384000055], [4.998521378000021, 52.29019694500005], [4.998528076000071, 52.290208696000036], [4.998536179000041, 52.29021904100006], [4.998543142000074, 52.29022740400006], [4.998579741000071, 52.29023401400008], [4.998620209000023, 52.29023403900004], [4.998661285000026, 52.29023158500007], [4.998698583000021, 52.29022538100003], [4.998736974000053, 52.29021983500007], [4.998763646000043, 52.290218647000074], [4.998779034000052, 52.290220540000064], [4.998792770000023, 52.290226903000075], [4.99881287300002, 52.29023939900003], [4.998821695000061, 52.290251409000064], [4.999002866000069, 52.29041153700007], [4.999235116000023, 52.290615710000054], [4.999491640000031, 52.29083171800005], [4.999571893000052, 52.29090012700004], [4.999645465000071, 52.29096329100008], [4.999793968000063, 52.291088366000054], [5.000011440000037, 52.291271925000046], [5.000077832000045, 52.291329817000076], [5.000175714000022, 52.29142255000005], [5.00030261400002, 52.29152589300003], [5.000492224000027, 52.291686037000034], [5.000521651000042, 52.29171027400008], [5.000538135000056, 52.29172270400005], [5.000556183000072, 52.291744091000055], [5.000580770000056, 52.29176363000005], [5.000604390000035, 52.29178310300006], [5.000618486000064, 52.29179540800004], [5.000672614000052, 52.29185306200003], [5.00072454900004, 52.291888149000044], [5.000815295000052, 52.291957283000045], [5.000871949000043, 52.29200769100004], [5.000904546000072, 52.292039929000055], [5.00101491700002, 52.29213128200007], [5.001121434000027, 52.29222419400003], [5.001248495000027, 52.29232975700006], [5.001319763000026, 52.292395456000065], [5.001331425000046, 52.29240791500007], [5.001338610000062, 52.29242619300004], [5.001344563000032, 52.29244631800003], [5.001352918000066, 52.29246317900004], [5.001371903000063, 52.29248314000006], [5.001427979000027, 52.29252760600008], [5.00149215700003, 52.29257931500007], [5.001594987000033, 52.292651489000036], [5.001681443000052, 52.29272039300008], [5.001756828000055, 52.292772875000026], [5.001777871000058, 52.29278703700004], [5.001788283000053, 52.29279322700006], [5.001819811000075, 52.29284250200004], [5.001831985000024, 52.29292281200003], [5.001799906000031, 52.29305555500008], [5.001799793000032, 52.29315489600003], [5.001795757000025, 52.29317579800005], [5.001802946000055, 52.29325286400007], [5.001805243000035, 52.293285506000075], [5.001808167000036, 52.29332699400004], [5.001814016000026, 52.29340990700007], [5.00181645300006, 52.293759701000056], [5.001826696000023, 52.29406457200008], [5.001829317000045, 52.294213813000056], [5.001823515000069, 52.29427774200008], [5.001828619000037, 52.294326553000076], [5.001833752000039, 52.294437928000036], [5.001835494000034, 52.29459893200004], [5.001839590000031, 52.29469805300005], [5.001841175000038, 52.29485516400007], [5.00184613600004, 52.29504559500003], [5.001842674000045, 52.295203283000035], [5.001851627000065, 52.29536617900004], [5.001847629000054, 52.295511211000075], [5.001837350000073, 52.29560626700004], [5.001842365000073, 52.29565179800005], [5.001848045000031, 52.295703496000044], [5.001850729000068, 52.29572361000004], [5.00185003200005, 52.29583455300008], [5.00185020300006, 52.29587907900003], [5.002033346000076, 52.29591527600007], [5.002096722000033, 52.29593157000005], [5.002161996000041, 52.295953928000074], [5.002226563000022, 52.29597653600007], [5.002294785000061, 52.29599876900005], [5.00238220600005, 52.296021289000066], [5.002482840000027, 52.29603492800004], [5.002593520000062, 52.29604450000005], [5.002728949000073, 52.296045219000064], [5.002815270000042, 52.29604590400004], [5.002877340000055, 52.296043688000054], [5.002941259000067, 52.29603629200005], [5.003000195000027, 52.29603044400005], [5.003058063000026, 52.29602259600006], [5.003108001000044, 52.29601974800005], [5.003145733000053, 52.29603001700008], [5.003179217000024, 52.29604158600006], [5.003206337000051, 52.29605338500005], [5.003225791000034, 52.296065060000046], [5.003233507000061, 52.296076302000074], [5.00324103600002, 52.29610246300007], [5.003245391000064, 52.29613451800003], [5.003241973000058, 52.296155224000074], [5.003245646000039, 52.296242534000044], [5.003249830000073, 52.296297957000036], [5.003246931000035, 52.296370496000065], [5.003245253000046, 52.296389985000076], [5.003236224000034, 52.29649520300006], [5.003230919000032, 52.29659855400007], [5.003230908000035, 52.29667970400004], [5.003226817000041, 52.29674940900003], [5.003229944000054, 52.29684570500007], [5.003229728000065, 52.29692337600005], [5.003234157000065, 52.29702666900005], [5.003235296000071, 52.29713423800007], [5.003235363000044, 52.29715194400006], [5.003235582000059, 52.29721484100003], [5.003233670000043, 52.297283546000074], [5.003233322000028, 52.29733402900007], [5.003231939000045, 52.29738888600008], [5.003242968000052, 52.29742566300007], [5.00328976000003, 52.29749547900008], [5.003400874000022, 52.29766585200008], [5.003489243000047, 52.29782381100006], [5.003573704000075, 52.29797591500005], [5.003676145000043, 52.298164675000066], [5.003764066000031, 52.298340788000075], [5.003777164000041, 52.29837572000008], [5.003792799000053, 52.29840704000003], [5.003800720000072, 52.29842520200003], [5.00381154400003, 52.298455311000055], [5.003833461000056, 52.29850961400007], [5.003933570000072, 52.298501463000036], [5.004015018000075, 52.298494824000045], [5.004228527000066, 52.29847743200003], [5.004804503000059, 52.29843052800004], [5.004973165000024, 52.29841679100008], [5.005040618000066, 52.298411302000034], [5.005060276000052, 52.29840970300006], [5.005078496000067, 52.29840821600004], [5.005263749000051, 52.29839313000008], [5.005680278000057, 52.298856175000026], [5.00604346800003, 52.29925586200005], [5.006202780000024, 52.299435447000064], [5.006510910000031, 52.29977745200006], [5.006776774000059, 52.30006875500004], [5.007054625000023, 52.30037645400006], [5.007150866000075, 52.300466164000056], [5.00716901900006, 52.30048123200004], [5.007231202000071, 52.30054034700004], [5.007359301000065, 52.30065756300007], [5.007543240000075, 52.30086782800004], [5.007629014000031, 52.30101097200003], [5.007696684000052, 52.30118308900006], [5.007702646000041, 52.30120946000005], [5.007710233000068, 52.301243], [5.007721878000041, 52.30128202600008], [5.007745113000055, 52.301351], [5.007751333000044, 52.30136596700004], [5.007804306000025, 52.30144285600005], [5.00783506700003, 52.30147004400004], [5.00789046400007, 52.30152229600003], [5.00795090400004, 52.301548842000045], [5.008081124000057, 52.30156923900006], [5.008199082000033, 52.30158166100006], [5.00833190000003, 52.30159990900006], [5.008528583000043, 52.30163344300007], [5.008590647000062, 52.30164499400007], [5.008653595000055, 52.301656007000076], [5.008728778000034, 52.30167124800005], [5.008828480000034, 52.30169444100005], [5.008911564000073, 52.301715010000066], [5.008959670000024, 52.301726615000064], [5.009040162000076, 52.30175040200004], [5.009118053000066, 52.30177474700008], [5.009208190000038, 52.301803859000074], [5.009336004000033, 52.30185049100004], [5.009427939000034, 52.30188548600006], [5.009466801000031, 52.301901411000074], [5.009574186000066, 52.30194543400006], [5.009706460000075, 52.30200383600004], [5.009787037000024, 52.30203832800004], [5.009914051000067, 52.30209461000004], [5.009931572000028, 52.30210310500007], [5.010017468000058, 52.30214668200006], [5.010037620000048, 52.302157855000075], [5.010092882000038, 52.302191906000076], [5.010120966000045, 52.30221000700004], [5.010163108000029, 52.30224035800006], [5.010207887000035, 52.30227445700007], [5.010253583000065, 52.30231282700004], [5.01039673300005, 52.302423644000044], [5.010492517000046, 52.30250465900008], [5.010548777000054, 52.30255423400007], [5.010612982000055, 52.302616095000076], [5.010663978000025, 52.302664081000046], [5.010729133000041, 52.302735031000054], [5.010832975000028, 52.302842783000074], [5.010859696000068, 52.30287301300007], [5.010902675000068, 52.30291379200003], [5.010962217000042, 52.30296548100006], [5.011049729000035, 52.30302976100006], [5.011107464000077, 52.303069805000064], [5.011162700000057, 52.30310019800004], [5.011248465000051, 52.30314921100006], [5.011349838000058, 52.303205922000075], [5.011423275000027, 52.30324604300006], [5.011494815000049, 52.30328173600003], [5.011539049000021, 52.30330243100008], [5.011621741000056, 52.30333697300006], [5.011714224000059, 52.30337356800004], [5.011768292000056, 52.30339311700004], [5.011822217000031, 52.30340867500007], [5.011834825000051, 52.303412319000074], [5.011918957000034, 52.30343602600004], [5.011993980000057, 52.30345687300007], [5.012071629000047, 52.30347573300003], [5.012172798000051, 52.30349952100005], [5.01227790300004, 52.303522530000066], [5.012356924000073, 52.303536972000074], [5.012453609000033, 52.303553511000075], [5.012553602000025, 52.30356726400004], [5.01264642600006, 52.30357735500007], [5.012718692000021, 52.303584414000056], [5.012750394000022, 52.30358750700003], [5.012791653000022, 52.30359076600007], [5.012875329000053, 52.303597367000066], [5.012987832000022, 52.30360555100003], [5.013121944000034, 52.30361384000008], [5.013214197000025, 52.30361871500003], [5.013348206000046, 52.30361667600005], [5.013373324000042, 52.303616297000076], [5.013384250000058, 52.30361594500005], [5.013516371000037, 52.30361178800007], [5.013592250000045, 52.30360939500008], [5.013606915000025, 52.30360893800008], [5.013722552000047, 52.30360527600004], [5.013879002000067, 52.30360032400006], [5.014003452000054, 52.30359651900005], [5.014189273000056, 52.30359111000007], [5.014227461000075, 52.30359], [5.014263602000028, 52.30367731200005], [5.014306676000047, 52.30366530600003], [5.014403213000037, 52.303638404000026], [5.014441804000057, 52.303627660000075], [5.014481662000037, 52.30361450200007], [5.01472955600002, 52.30354831500006], [5.014956453000025, 52.30347354100007], [5.015107190000037, 52.30341365400005], [5.01517629600005, 52.30338668300004], [5.015234299000042, 52.30336181700005], [5.015365509000048, 52.30331746200005], [5.015729016000023, 52.303197297000054], [5.016095799000027, 52.30308147300008], [5.016391436000049, 52.30299813100004], [5.016646771000069, 52.30293732000007], [5.016704799000024, 52.302919976000055], [5.016690053000048, 52.30289142100003], [5.016684245000022, 52.30288112900007], [5.01682345100005, 52.30284627100008], [5.016898389000062, 52.302829932000066], [5.016998634000061, 52.30280974500005], [5.017054419000033, 52.30279936800008], [5.017128508000042, 52.30278464400004], [5.017303730000037, 52.302754005000054], [5.017499886000053, 52.30272008700007], [5.017633285000045, 52.30269763900003], [5.017839024000068, 52.30266260900004], [5.01798726100003, 52.30264171700003], [5.018103240000073, 52.30262468800004], [5.018197422000071, 52.302612561000046], [5.018303820000028, 52.302598243000034], [5.018405882000025, 52.30258876400006], [5.018499210000073, 52.30257877300005], [5.018590787000051, 52.302567725000074], [5.018652712000062, 52.30256107000008], [5.018793170000038, 52.30254823200005], [5.01880426300005, 52.302547134000065], [5.018815371000073, 52.30254604500004], [5.018826478000051, 52.302544957000066], [5.018837586000075, 52.30254388600008], [5.018848693000052, 52.30254281500004], [5.01885980000003, 52.30254175300007], [5.018870922000076, 52.302540700000065], [5.018882029000054, 52.30253965600008], [5.018893151000043, 52.30253862100005], [5.01890425800002, 52.30253758600003], [5.018915380000067, 52.30253656000008], [5.018926501000067, 52.30253554300003], [5.018937638000068, 52.302534526000045], [5.018948759000068, 52.30253352700004], [5.018959881000058, 52.30253252800003], [5.018971017000069, 52.30253153900003], [5.018982138000069, 52.30253055800006], [5.018993274000024, 52.30252958600005], [5.019004410000036, 52.30252861400004], [5.019015545000059, 52.30252765100005], [5.019026681000071, 52.302526697000076], [5.019037817000026, 52.302525752000065], [5.019048952000048, 52.302524807000054], [5.019060103000072, 52.30252388000008], [5.019071238000038, 52.30252295300005], [5.019082388000072, 52.30252203500004], [5.01909353800005, 52.302521117000026], [5.019104688000027, 52.30252021700005], [5.019115838000062, 52.302519317000076], [5.019126988000039, 52.30251842600006], [5.019138138000073, 52.30251754400007], [5.019149288000051, 52.302516670000045], [5.019160437000039, 52.30251580600003], [5.019309652000061, 52.302507750000075], [5.019320624000045, 52.302507038000044], [5.019331611000041, 52.30250634500004], [5.019342583000025, 52.30250566900003], [5.019353570000021, 52.30250499300007], [5.019364572000029, 52.30250433500004], [5.019375558000036, 52.30250369500004], [5.019386544000042, 52.302503064000064], [5.019397545000061, 52.30250244200005], [5.019408532000057, 52.30250182900005], [5.019419533000075, 52.30250123400003], [5.019430533000047, 52.30250065700005], [5.019441534000066, 52.30250008000007], [5.019452534000038, 52.30249952100007], [5.019463535000057, 52.30249898000005], [5.019474550000041, 52.30249843900003], [5.01948555000007, 52.30249792500007], [5.019496565000054, 52.30249741100005], [5.019507579000049, 52.30249691500006], [5.019518579000021, 52.30249642800004], [5.019529594000062, 52.302495959000055], [5.019540608000057, 52.30249549900003], [5.019551622000051, 52.302495048000026], [5.019562651000058, 52.30249461500006], [5.019573665000053, 52.30249419100005], [5.019742486000041, 52.30248739000007], [5.01990569000003, 52.30248249600004], [5.019916086000023, 52.30248240200007], [5.019926496000039, 52.30248229100005], [5.019936906000055, 52.302482170000076], [5.01994731700006, 52.302482041000076], [5.019957728000065, 52.30248188400003], [5.019968138000024, 52.30248171900007], [5.019978535000064, 52.302481544000045], [5.019988946000069, 52.30248135200003], [5.019999342000062, 52.30248114200003], [5.020009753000068, 52.30248092200003], [5.02002015000005, 52.302480685000035], [5.020030562000045, 52.30248043000006], [5.020040959000028, 52.30248016500008], [5.020051356000067, 52.302479883000046], [5.02006175300005, 52.302479592000054], [5.020072150000033, 52.302479282000036], [5.020082548000062, 52.302478955000026], [5.020092945000044, 52.302478619000055], [5.020103343000073, 52.30247826500005], [5.020198092000044, 52.302477202000034], [5.020276960000047, 52.30247650300004], [5.020314232000032, 52.302476169000045], [5.020336416000021, 52.302475851000054], [5.020348690000048, 52.30247564700005], [5.020360009000058, 52.30247545700007], [5.020488767000074, 52.30247334000006], [5.020570244000055, 52.30247273800006], [5.020640372000059, 52.30247221900004], [5.021542172000068, 52.302457133000075], [5.021620426000027, 52.301855197000066], [5.021637267000074, 52.30159011100005], [5.021662287000026, 52.30122169100008], [5.021714691000057, 52.29841318600006], [5.021747172000062, 52.296413855000026], [5.021754402000056, 52.29596924500004], [5.02178826100004, 52.293919542000026], [5.021850487000052, 52.289903854000045], [5.021858767000026, 52.28955409400004], [5.021861813000044, 52.28942589300004], [5.021925090000025, 52.28493221000008], [5.021866124000042, 52.28265363000003], [5.02241250000003, 52.28238466800008], [5.022541664000073, 52.28232034500007], [5.022706644000039, 52.28223818400005], [5.022771227000021, 52.28220765400005], [5.02278515200004, 52.282200147000026], [5.022794801000032, 52.28219210600008], [5.02280608600006, 52.282184906000055], [5.022812890000068, 52.28217007000006], [5.022818197000049, 52.28216080200008], [5.022825401000034, 52.282150794000074], [5.022834832000058, 52.28214088200008], [5.022847879000039, 52.28212776400005], [5.022858529000075, 52.28211748800004], [5.022867301000076, 52.28210932700006], [5.022880691000069, 52.282097289000035], [5.022900916000026, 52.282082728000034], [5.022921579000069, 52.28206840300004], [5.022942679000039, 52.28205431200007], [5.022964203000072, 52.28204047400004], [5.022985082000048, 52.28202653500006], [5.023070397000026, 52.28198041200005], [5.02319228500005, 52.28192033600004], [5.023202092000076, 52.281916384000056], [5.023212335000039, 52.281912875000046], [5.023222969000074, 52.28190982500007], [5.023233937000043, 52.28190726100007], [5.023245179000071, 52.28190519200007], [5.023256623000066, 52.281903628000066], [5.023268238000071, 52.28190256700003], [5.023279936000051, 52.281902037000066], [5.023291674000063, 52.28190201900003], [5.023317830000053, 52.28189877400007], [5.02333722000003, 52.28189846500004], [5.023356246000048, 52.28189616000003], [5.023374364000063, 52.28189191100006], [5.023391061000041, 52.28188585000004], [5.023415451000062, 52.281876183000065], [5.023453751000034, 52.28185366900004], [5.023516392000033, 52.28181506200008], [5.023549460000027, 52.281792550000034], [5.023582611000052, 52.281774272000064], [5.023619919000055, 52.28175127900005], [5.023683472000073, 52.28171211700004], [5.023901132000049, 52.28160269500006], [5.024275468000042, 52.281409610000026], [5.024352889000056, 52.28137144300007], [5.024365631000023, 52.28136516300003], [5.024380550000046, 52.28135781200007], [5.024427216000049, 52.28139657600008], [5.024462233000065, 52.28142436600007], [5.024490268000022, 52.281451082000046], [5.02455339200003, 52.28152378000004], [5.02459900100007, 52.28158259200006], [5.024741100000028, 52.281761147000054], [5.024855095000021, 52.281897994000076], [5.024919991000047, 52.28197818400008], [5.024974362000023, 52.28204446400008], [5.025052835000054, 52.28214183500006], [5.025076326000033, 52.28217069500005], [5.025243491000026, 52.28237235300003], [5.025417241000071, 52.28259153000005], [5.025534832000062, 52.28273907300007], [5.025691042000062, 52.282936877000054], [5.025761253000042, 52.28302882100007], [5.025878874000057, 52.283183860000065], [5.025956097000062, 52.28328222400006], [5.026015789000041, 52.28336134600005], [5.026092986000037, 52.28345222300004], [5.026198264000072, 52.28357730400006], [5.026275465000026, 52.28367138900006], [5.026307096000039, 52.28371950800005], [5.026347500000043, 52.28377725100006], [5.026437024000074, 52.28389165100003], [5.026507208000055, 52.28397825600007], [5.026591395000025, 52.28407125700005], [5.026691338000035, 52.28417494800004], [5.026784342000042, 52.28428506200004], [5.026873813000066, 52.28438983500007], [5.02693524600005, 52.28446788300005], [5.026975474000039, 52.28451509300004], [5.027005021000036, 52.28454197500008], [5.02706149200003, 52.28459937200006], [5.027108868000028, 52.28465603200004], [5.027226423000059, 52.28479501700008], [5.027487820000033, 52.285095428000034], [5.02754223900007, 52.285163856000054], [5.027665040000045, 52.28530496800005], [5.027817710000022, 52.28548778500004], [5.02801063000004, 52.28569730900006], [5.02817903600004, 52.28588653700007], [5.028315847000044, 52.286037263000026], [5.028417567000076, 52.28614523600004], [5.028629813000066, 52.28638148500005], [5.028792946000067, 52.28656000900003], [5.028915712000071, 52.286693642000046], [5.029161311000053, 52.28696944700005], [5.029520830000024, 52.28734785900008], [5.029727846000071, 52.287579839000045], [5.02985591700002, 52.28772523400005], [5.030059410000035, 52.28795293300004], [5.030291014000056, 52.288219122000044], [5.030527382000059, 52.28848751700008], [5.030793864000032, 52.28825925000007], [5.030927719000033, 52.28814247100007], [5.031231975000026, 52.287887469000054], [5.031438854000044, 52.28771282200006], [5.031640505000041, 52.28753925400008], [5.031857820000027, 52.287354976000074], [5.032097802000067, 52.287167457000066], [5.032252582000069, 52.287048510000034], [5.032367341000054, 52.28695636100008], [5.032577718000027, 52.28678492200004], [5.032744659000059, 52.286653123000065], [5.032916770000043, 52.286510616000044], [5.033033236000051, 52.28640990700006], [5.033149708000053, 52.28631026700003], [5.033211426000037, 52.28625844800007], [5.033344115000034, 52.286251727000035], [5.033419163000076, 52.28631492000005], [5.033765091000021, 52.286162991000026], [5.034017625000047, 52.28605035600003], [5.034268420000046, 52.28593879400006], [5.034501765000073, 52.285828321000054], [5.034708987000045, 52.285729651000054], [5.03479257500004, 52.285689958000034], [5.034816129000035, 52.285678560000065], [5.034851085000071, 52.285661650000065], [5.03486570900003, 52.28565456700005], [5.035147829000039, 52.28552691800007], [5.035409006000066, 52.28539714800007], [5.035562237000022, 52.28532208000007], [5.035799014000077, 52.285203039000066], [5.036307425000075, 52.28494886500005], [5.036575541000047, 52.28481373900007], [5.036706116000062, 52.28474724800003], [5.036756583000056, 52.28471829500006], [5.036807076000059, 52.28469149000006], [5.036867978000032, 52.28465503700005], [5.037014161000059, 52.28456605900004], [5.037174265000033, 52.28447171300007], [5.037216360000059, 52.284448730000065], [5.037343115000056, 52.28437949500005], [5.037541561000069, 52.28427334300005], [5.037628416000075, 52.28422556900006], [5.037662054000066, 52.28420639900003], [5.037840122000034, 52.28410468000004], [5.037984742000049, 52.284020164000026], [5.038124108000034, 52.283936675000064], [5.038258164000069, 52.28385743000007], [5.038417138000057, 52.28376821900008], [5.038526904000037, 52.283710212000074], [5.038657478000061, 52.28364122000005], [5.038923794000027, 52.28350386300008], [5.039428241000053, 52.28324386700007], [5.039498713000057, 52.283253727000044], [5.039520324000023, 52.283263659000056], [5.039579654000022, 52.28329093200006], [5.039751902000035, 52.28337978700006], [5.040088946000026, 52.283547491000036], [5.04014823600005, 52.28357612000008], [5.040328412000065, 52.28365785300008], [5.040426618000026, 52.28370064400008], [5.040464242000041, 52.283717040000056], [5.040741249000064, 52.28387538100003], [5.04075490200006, 52.28387985200004], [5.040769935000071, 52.28388212500005], [5.040785411000059, 52.28388203500003], [5.040937214000053, 52.28379471400007], [5.041380568000022, 52.28351995300005], [5.041624040000045, 52.28336967000007], [5.041754795000031, 52.28326544400005], [5.042084837000061, 52.28301415700008], [5.042475018000061, 52.282717485000035], [5.042777666000063, 52.28248849600004], [5.043100275000029, 52.282618985000056], [5.043225330000041, 52.28267301500006], [5.043315741000072, 52.28271208700005], [5.043343030000074, 52.28272312200005], [5.043369892000044, 52.28273455200008], [5.043396296000026, 52.28274636700007], [5.043422244000055, 52.28275856700003], [5.043447704000073, 52.282771152000066], [5.043472664000035, 52.28278409500007], [5.043828520000034, 52.282968793000066], [5.04395644300007, 52.283035108000036], [5.044343713000046, 52.28326104200005], [5.044379507000031, 52.28328294100004], [5.044415891000028, 52.28330446400008], [5.04445286300006, 52.283325612000056], [5.044490425000049, 52.283346374000075], [5.044528532000072, 52.28336675200006], [5.044567199000028, 52.28338672700005], [5.045093721000057, 52.28365912400005], [5.04518078600006, 52.28370305700008], [5.045506253000042, 52.283892722000076], [5.045858592000059, 52.28409120100008], [5.046348048000027, 52.284366083000066], [5.046550732000071, 52.284476803000075], [5.04689137400004, 52.28465753800003], [5.04696911800005, 52.28469242800003], [5.047066492000056, 52.28473793400008], [5.047483275000047, 52.28502003500006], [5.047490857000071, 52.28502899100005], [5.047513226000035, 52.28505905600008], [5.047630369000046, 52.28518173400005], [5.047825862000025, 52.28538870800003], [5.048051575000045, 52.28563256400008], [5.048060829000065, 52.285643331000074], [5.048070856000038, 52.28564867100005], [5.048083010000028, 52.28565198600006], [5.04809619200006, 52.28565297700004], [5.048109186000033, 52.28565569300008], [5.048121823000031, 52.28565899100005], [5.048134031000075, 52.285662855000055], [5.048145737000027, 52.28566725700006], [5.048156867000046, 52.28567217800003], [5.048167392000039, 52.28567760100003], [5.048177225000074, 52.285683480000046], [5.048186323000039, 52.28568978900006], [5.048194625000065, 52.28569649000008], [5.048219613000072, 52.28572724600008], [5.048443727000063, 52.28595640200007], [5.048774326000057, 52.28628262400008], [5.048918395000044, 52.286425078000036], [5.04897294400007, 52.28647901700003], [5.049155497000072, 52.28667784400005], [5.049246245000063, 52.286774551000065], [5.049417015000074, 52.286942759000056], [5.049517012000024, 52.28703561900005], [5.049740764000035, 52.28724073800004], [5.050124879000066, 52.28757277100004], [5.050380942000061, 52.28779876900006], [5.050351330000069, 52.28781129400005], [5.050359465000042, 52.28782083500005], [5.050403396000036, 52.28787231600006], [5.050486889000069, 52.287845762000075], [5.050585083000044, 52.287817235000034], [5.050613206000037, 52.28780785100008], [5.050640821000059, 52.28779792700004], [5.050667897000039, 52.28778747000007], [5.050694435000025, 52.28777648200003], [5.050720375000026, 52.28776498800005], [5.050745704000065, 52.28775299000006], [5.050770407000073, 52.287740513000074], [5.050794453000037, 52.28772754900007], [5.050822360000041, 52.28771388600006], [5.050849639000035, 52.28769975400007], [5.050876292000055, 52.28768518000004], [5.050902274000066, 52.28767015400007], [5.050927571000045, 52.28765470500008], [5.050952181000071, 52.28763883000005], [5.050976062000075, 52.28762254900005], [5.05107629400004, 52.28755119300007], [5.051273158000072, 52.287409368000056], [5.051285313000051, 52.28740290500008], [5.051297992000059, 52.287396829000045], [5.051311181000074, 52.287391177000075], [5.051324837000038, 52.287385949000054], [5.051338913000052, 52.28738117200004], [5.051353368000036, 52.28737684500004], [5.051368185000058, 52.28737298600004], [5.051383306000048, 52.287369614000056], [5.051453350000031, 52.287355828000045], [5.05147013900006, 52.28735285500005], [5.05148665400003, 52.28734937000007], [5.051502864000042, 52.28734537200006], [5.05151872700003, 52.287340878000066], [5.051534183000058, 52.28733589800004], [5.051549217000058, 52.28733044000006], [5.051563786000031, 52.28732452200006], [5.051577845000054, 52.287318163000066], [5.051651725000056, 52.28726990100006], [5.051806412000076, 52.28717004600003], [5.051975048000031, 52.28705691000005], [5.052252675000034, 52.28685887800003], [5.052491519000057, 52.286690100000044], [5.052737126000068, 52.28650857700006], [5.052768223000044, 52.286485593000066], [5.053034781000065, 52.28663051900003], [5.053440594000051, 52.28685081300006], [5.053488866000066, 52.286871028000064], [5.053740491000042, 52.28700070200006], [5.054110420000029, 52.28719134100004], [5.054416424000067, 52.28734246800008], [5.054435303000048, 52.287351923000074], [5.054477502000054, 52.287373055000046], [5.054748478000022, 52.28750880300004], [5.054761805000055, 52.28751604000007], [5.054775397000071, 52.28752308000003], [5.054794249000054, 52.287532300000066], [5.054813574000036, 52.287541145000034], [5.054833355000028, 52.28754960400005], [5.054853564000041, 52.28755766900008], [5.054874187000053, 52.287565330000064], [5.055030801000044, 52.28762658100004], [5.055310104000057, 52.28772703000004], [5.055381931000056, 52.28774918900007], [5.055431005000059, 52.28776432700005], [5.055468804000043, 52.287782004000064], [5.055585657000051, 52.28782944500006], [5.056124185000044, 52.28803689000006], [5.056148547000021, 52.28804639500004], [5.056397453000045, 52.28814349400005], [5.056546473000026, 52.288195779000034], [5.05678729400006, 52.28828256300005], [5.056890094000039, 52.28832010500008], [5.057285863000061, 52.28846465300006], [5.057338170000037, 52.28847881100006], [5.057384635000062, 52.28849994500007], [5.057562626000049, 52.28858088100003], [5.057726832000071, 52.288651075000075], [5.058187202000056, 52.28882682600005], [5.058255962000032, 52.28885384600005], [5.058297158000073, 52.28887217800008], [5.058365234000064, 52.28889854000005], [5.058663598000066, 52.289014079000026], [5.059127742000044, 52.28918786000003], [5.059405961000039, 52.28929683500007], [5.05946212300006, 52.28930920500005], [5.059539428000051, 52.28932045600004], [5.059551753000051, 52.28931276900005], [5.059805957000037, 52.289154076000045], [5.060091324000041, 52.28899075800007], [5.060509977000038, 52.288757658000065], [5.060932642000068, 52.28852047000004], [5.061310907000063, 52.28831547800007], [5.061387870000033, 52.28827518200006], [5.061501317000022, 52.28821038700005], [5.061659948000056, 52.288119805000065], [5.062007662000042, 52.287920847000066], [5.062404328000071, 52.28769526600007], [5.062792774000059, 52.28747895400005], [5.063119153000059, 52.287296139000034], [5.063219321000076, 52.28723872100005], [5.063236149000033, 52.28722835100007], [5.063252334000026, 52.28721761000003], [5.063267863000021, 52.287206507000064], [5.063282705000063, 52.28719506200008], [5.063296860000037, 52.28718328100007], [5.063310286000046, 52.28717119400005], [5.063424977000068, 52.287055440000074], [5.063750749000064, 52.28674164300003], [5.064017714000045, 52.28647652500007], [5.064193673000034, 52.286292882000055], [5.064214010000057, 52.28625736400005], [5.064273039000057, 52.28613892300007], [5.064408224000033, 52.28586422200004], [5.064558668000075, 52.285552686000074], [5.064724451000075, 52.28521720300006], [5.064791038000067, 52.28508087900008], [5.065036672000076, 52.28513030700003], [5.06534195200004, 52.285192272000074], [5.065357789000075, 52.28519494900007], [5.065373851000061, 52.28519708600004], [5.065390078000064, 52.28519866700003], [5.065406411000026, 52.28519970100007], [5.065422837000028, 52.285200177000036], [5.065439266000055, 52.28520008700008], [5.06545565600004, 52.28519943900005], [5.065466916000048, 52.28519880500005], [5.065471512000045, 52.28518537100007], [5.065477871000041, 52.28508827600007], [5.065507987000046, 52.28470545300007], [5.065521943000022, 52.28451234400006], [5.065536974000054, 52.28430433700004], [5.065575909000074, 52.28377166700005], [5.065612416000022, 52.28328503500006], [5.065626823000059, 52.283100286000035], [5.065644511000073, 52.28287332200006], [5.06565732200005, 52.282692541000074], [5.065635619000034, 52.28250794600007], [5.065620107000029, 52.282387225000036], [5.065593691000061, 52.28218175600006], [5.065558386000021, 52.281871987000045], [5.065495413000065, 52.281357798000045], [5.065491694000059, 52.28129253600008], [5.06549052400004, 52.28127190600003], [5.065537531000075, 52.28126021500003], [5.065558456000076, 52.28125630000005], [5.065579656000068, 52.281252978000055], [5.065601085000026, 52.28125027700003], [5.065622701000052, 52.281248187000074], [5.065644443000053, 52.28124671000006], [5.065666270000065, 52.28124586100006], [5.065688150000028, 52.281245633000026], [5.065710011000021, 52.28124603400005], [5.065731824000068, 52.28124705500005], [5.065753544000074, 52.28124870500005], [5.065775114000076, 52.28125096500003], [5.065796473000034, 52.28125384600003], [5.065817609000021, 52.28125732700005], [5.065838447000033, 52.28126141100006], [5.065858958000035, 52.28126608600007], [5.065879085000063, 52.28127133600003], [5.065876396000021, 52.281250036000074], [5.065859166000052, 52.28111366300004], [5.06586653200003, 52.28101288600004], [5.065900357000032, 52.28054997300006], [5.065879213000073, 52.28054357100007], [5.065857685000026, 52.280537679000076], [5.065835787000026, 52.28053229900007], [5.065813577000029, 52.28052743900008], [5.065791085000058, 52.280523118000076], [5.065768326000068, 52.280519335000065], [5.065745342000071, 52.28051609100004], [5.065722165000068, 52.28051340400003], [5.065698851000036, 52.28051126400004], [5.065669558000025, 52.28050915300008], [5.065640159000054, 52.28050763500005], [5.065610696000022, 52.280506710000054], [5.065581200000054, 52.28050636900008], [5.065551715000026, 52.280506622000075], [5.065522239000074, 52.280507458000045], [5.065492833000064, 52.28050889700006], [5.065463525000041, 52.28051091200007], [5.065434330000073, 52.280513520000056], [5.065385841000023, 52.28051752200008], [5.065337465000027, 52.280522019000045], [5.065289232000055, 52.28052701100006], [5.065241127000036, 52.28053250600004], [5.065193180000051, 52.28053848800005], [5.065145405000067, 52.280544973000076], [5.065097817000037, 52.28055193400007], [5.065050430000042, 52.280559391000054], [5.064934078000022, 52.28057953000007], [5.064826442000026, 52.28060009700005], [5.064722765000056, 52.28063050800006], [5.064686540000025, 52.28064053800006], [5.064650694000022, 52.28065105500008], [5.064615224000022, 52.280662058000075], [5.064580177000039, 52.28067354800004], [5.064545536000026, 52.280685506000054], [5.064511346000074, 52.280697933000056], [5.064477621000037, 52.280710819000035], [5.064444348000052, 52.28072416500004], [5.064409555000054, 52.28073882800004], [5.06415421600002, 52.28045119700005], [5.06398415700005, 52.28026171100004], [5.063932694000073, 52.28009812800008], [5.063919865000059, 52.28008500700008], [5.063884740000049, 52.279976015000045], [5.064096852000034, 52.27995608500004], [5.064562273000035, 52.279909333000035], [5.064937757000052, 52.279873543000065], [5.065039176000028, 52.279812829000036], [5.064969753000071, 52.27977560100004], [5.064982687000054, 52.279776319000064], [5.065298683000037, 52.27968675400007], [5.06532465500004, 52.279659699000035], [5.065325692000044, 52.27964387500003], [5.065318131000026, 52.27963173900008], [5.065287252000076, 52.27958966400007], [5.065277862000073, 52.27958520700008], [5.065166861000023, 52.27953658700005], [5.065110614000048, 52.27951927600003], [5.064835833000075, 52.27943577800005], [5.064612569000076, 52.279359240000076], [5.064360696000051, 52.27927732200004], [5.064335368000059, 52.27926014900004], [5.064317362000054, 52.27924145900005], [5.064316837000035, 52.27923105000008], [5.064327939000066, 52.27920357800008], [5.064454512000054, 52.27908902400003], [5.064512157000024, 52.27903680000003], [5.064530299000069, 52.27902243400007], [5.064458841000032, 52.27898926200004], [5.064410506000058, 52.27896203300003], [5.06437281500007, 52.278940170000055], [5.064325613000051, 52.27891430100004], [5.06428270400005, 52.27889470700006], [5.064210368000033, 52.27886120100004], [5.064173485000026, 52.27884112000004], [5.064146478000055, 52.27882105800006], [5.064110386000038, 52.27878479300006], [5.064082416000076, 52.27876018900008], [5.064058854000052, 52.27874195100003], [5.064005768000072, 52.278709108000044], [5.063955798000052, 52.278681164000034], [5.063867373000051, 52.27862156700007], [5.063831587000038, 52.27859782200005], [5.063811689000033, 52.27857742900005], [5.063811377000036, 52.27855989300008], [5.063854894000031, 52.27852406100004], [5.063911856000061, 52.27849319100005], [5.063984514000026, 52.27846398100007], [5.064043991000062, 52.278445970000064], [5.064097952000054, 52.27842877200004], [5.06427109200007, 52.278380782000056], [5.06435816000004, 52.27835678900004], [5.064404529000058, 52.27834187900004], [5.064438195000037, 52.27832865100004], [5.064485712000021, 52.278313034000064], [5.064507622000065, 52.27830655100007], [5.064545567000039, 52.27829533000005], [5.064600595000059, 52.27827444800005], [5.064627091000034, 52.27826398700006], [5.06476962000005, 52.27826837500004], [5.065184998000063, 52.278257850000045], [5.065970366000045, 52.27823987900007], [5.066362887000025, 52.27822901800005], [5.066450595000049, 52.27822779100006], [5.066531591000057, 52.27822469400007], [5.066605670000058, 52.27821967300008], [5.066664463000052, 52.278217073000064], [5.067439035000064, 52.27820253300007], [5.067696330000047, 52.278194384000074], [5.06826847800005, 52.27817833000006], [5.068815311000037, 52.27816745400003], [5.069059494000044, 52.27816310500003], [5.069223564000026, 52.27816129000007], [5.070329181000034, 52.278136215000075], [5.070496298000023, 52.27812843900006], [5.070924943000023, 52.27812282700006], [5.071444394000025, 52.27811114700006], [5.072155587000054, 52.278094519000035], [5.072931273000052, 52.27807317000003], [5.073322293000047, 52.27806691900008], [5.073485868000034, 52.278062472000045], [5.073730608000062, 52.27805379200004], [5.074226325000041, 52.27803912400003], [5.074555497000063, 52.27803032400004], [5.07472238500003, 52.27802788000008], [5.075058571000056, 52.27802383300008], [5.07539078800005, 52.27801548800005], [5.075723715000038, 52.27800603800006], [5.075848732000054, 52.27800230500003], [5.076286589000063, 52.27799304900003], [5.076404272000048, 52.27798833400004], [5.076743111000042, 52.277982088000044], [5.077045978000058, 52.27797776800003], [5.077081225000029, 52.27797696200008], [5.077217062000045, 52.27799969700004], [5.077483694000023, 52.27804758100007], [5.077705453000021, 52.27809008100007], [5.078036352000026, 52.27815528000008], [5.078363761000048, 52.27821674900008], [5.07856134900004, 52.27825424900004], [5.078833036000049, 52.278306916000076], [5.079164522000042, 52.27836823100006], [5.079545610000025, 52.27844025300004], [5.079675596000072, 52.27846406700007], [5.079910673000029, 52.278511639000044], [5.080212465000045, 52.278570106000075], [5.080621668000049, 52.278647446000036], [5.081031553000059, 52.27872185700005], [5.081283864000056, 52.27876947100003], [5.081469286000072, 52.27880399600008], [5.081734951000044, 52.27885750300004], [5.082168589000048, 52.27893886500004], [5.082557766000036, 52.27901216500004], [5.082944533000045, 52.279084640000065], [5.083247810000046, 52.27914357000003], [5.083582049000029, 52.279209122000054], [5.084019294000029, 52.279291098000044], [5.084284497000056, 52.279340140000045], [5.084322136000026, 52.279347588000064], [5.084546985000031, 52.27939212300004], [5.08459563200006, 52.279401190000044], [5.08461485600003, 52.27940784500004], [5.084634409000046, 52.27941790800003], [5.084823319000066, 52.27956296800005], [5.084999088000075, 52.27969050300004], [5.085265444000072, 52.27988327000003], [5.085551029000044, 52.280097556000044], [5.085802840000042, 52.28028361500003], [5.086009057000069, 52.28043193500008], [5.086133407000034, 52.28052551700006], [5.086212817000046, 52.28058822000003], [5.086236445000054, 52.28061119900008], [5.086263494000036, 52.280628973000034], [5.08637529400005, 52.280704126000046], [5.086590949000026, 52.28086147400006], [5.086789082000053, 52.28101413100006], [5.086843527000042, 52.28104589700007], [5.086980573000062, 52.28114786900005], [5.087211371000024, 52.28132031800004], [5.087456435000036, 52.281502878000026], [5.087703539000074, 52.28168525400008], [5.087734444000034, 52.28167012500006], [5.087766878000025, 52.281663053000045], [5.087803159000032, 52.28165693400007], [5.087942527000052, 52.281638817000044], [5.088316466000038, 52.281592370000055], [5.088728855000056, 52.281539655000074], [5.089381805000073, 52.281454704000055], [5.089683364000052, 52.28141908900005], [5.090037743000039, 52.28137594000003], [5.090429078000057, 52.28132873900006], [5.090745931000072, 52.28128925100003], [5.091049066000039, 52.28125216300003], [5.091154694000068, 52.28124113800004], [5.091197343000033, 52.28123597800004], [5.091621368000062, 52.28117998400006], [5.091840717000025, 52.28115047700004], [5.092003256000055, 52.281131308000056], [5.092192546000035, 52.281106668000064], [5.092387053000039, 52.28108203200003], [5.092688672000065, 52.28104553900005], [5.092907489000027, 52.28101883200003], [5.093190668000034, 52.280985068000064], [5.093365726000059, 52.280962944000066], [5.093728874000021, 52.28091788200004], [5.093983034000075, 52.28088910500003], [5.094228968000039, 52.28085651300006], [5.094669966000026, 52.28080108100005], [5.094838785000036, 52.280778085000065], [5.09498650300003, 52.28075946800004], [5.095271755000056, 52.28072211800003], [5.095516711000073, 52.28069309000006], [5.095737135000036, 52.28066443200004], [5.095888620000039, 52.28064554500003], [5.096053343000051, 52.28062800200007], [5.096241005000024, 52.28060059200004], [5.096410963000039, 52.28058029400006], [5.096632525000075, 52.280549938000036], [5.096823470000061, 52.28052913300007], [5.096975999000051, 52.28051181100005], [5.097133890000066, 52.28049244300007], [5.097251270000072, 52.280478548000076], [5.097396777000029, 52.28045711800007], [5.097501537000028, 52.28044151100005], [5.097576765000042, 52.280431054000076], [5.097761098000035, 52.28041074400005], [5.097950388000072, 52.280387389000055], [5.098126724000053, 52.28036628600006], [5.09828875900007, 52.28034490400006], [5.098444161000032, 52.28032501600006], [5.098612143000025, 52.28030175300006], [5.098727046000022, 52.280287850000036], [5.098894864000044, 52.280264954000074], [5.098950751000075, 52.28025861000003], [5.099053071000071, 52.28025305300008], [5.099128591000067, 52.28024503100005], [5.099356365000062, 52.28021874900003], [5.099457547000043, 52.28020558500003], [5.099653140000044, 52.28018171300005], [5.09977267000005, 52.28016605000005], [5.099903436000034, 52.28014859900003], [5.099964376000059, 52.280140406000044], [5.100059189000035, 52.28012862000003], [5.100108301000034, 52.28012294200005], [5.100228400000049, 52.28010764000004], [5.10032721500005, 52.28009554800008], [5.100452012000062, 52.28008119200007], [5.100551409000047, 52.28006983000006], [5.100644876000047, 52.280059900000026], [5.100742480000065, 52.280049261000045], [5.100792784000021, 52.28004285800006], [5.100955577000036, 52.28002171700007], [5.101063262000025, 52.28000674400005], [5.101128936000066, 52.27999820200006], [5.101211188000036, 52.27998679800004], [5.101279215000034, 52.279979350000076], [5.10134142000004, 52.27997253500007], [5.101359501000047, 52.279977306000035], [5.101459926000075, 52.27996559500008], [5.101541846000032, 52.279955502000064], [5.101561498000024, 52.27995307800006], [5.101621993000037, 52.27994562900005], [5.101824419000025, 52.27992069100003], [5.101848484000072, 52.27991773800005], [5.101965997000036, 52.279903327000056], [5.102065296000035, 52.27989116300006], [5.102093198000034, 52.28008991300004], [5.102128126000025, 52.28032878400006], [5.102152328000045, 52.28050121800004], [5.102162373000056, 52.28058923200007], [5.10217416200004, 52.28067278300006], [5.102177496000024, 52.28071273300003], [5.102178184000024, 52.28075408700005], [5.102181373000064, 52.280837258000076], [5.102178614000024, 52.28089741500003], [5.102175548000048, 52.28099167100004], [5.10217547600007, 52.28109213600004], [5.102179082000021, 52.281155985000055], [5.102182451000033, 52.28122703200006], [5.10218027600007, 52.28128759500004], [5.102170589000025, 52.28135847600004], [5.102156543000035, 52.28142605700003], [5.102127284000062, 52.28149602800005], [5.102113968000026, 52.281525017000035], [5.102082045000031, 52.281580844000075], [5.102053484000066, 52.28162184900003], [5.102012801000058, 52.281654358000026], [5.102087219000055, 52.28170404200006], [5.102217540000026, 52.28179103400004], [5.102321989000075, 52.281860761000075], [5.102407364000044, 52.281931987000064], [5.102566970000055, 52.28203666500008], [5.102590648000046, 52.28204872100008], [5.102673401000061, 52.282078633000026], [5.102732804000027, 52.28208639800005], [5.102757376000056, 52.28208702300003], [5.102776790000064, 52.28209440400008], [5.102789362000067, 52.282105956000066], [5.102795899000057, 52.28212413600005], [5.102780694000046, 52.28220337100004], [5.102759551000076, 52.282301440000026], [5.102761280000038, 52.28232430800006], [5.102772334000065, 52.282344333000026], [5.102794543000073, 52.28236839200008], [5.10281586900004, 52.28238386700008], [5.102900420000026, 52.282423796000046], [5.103081663000069, 52.282495666000045], [5.103229018000036, 52.28254802200007], [5.103414586000042, 52.282674772000064], [5.103486911000061, 52.282729232000065], [5.103856625000049, 52.28291014200005], [5.103964271000052, 52.282980414000065], [5.104080231000069, 52.28306383800003], [5.104106721000051, 52.28307844300008], [5.104174482000076, 52.28311578700004], [5.104224097000042, 52.28315133600006], [5.104256980000059, 52.28318399500006], [5.10427452600004, 52.28320860900004], [5.104297514000052, 52.28325552600006], [5.104306395000037, 52.28332469900005], [5.104303876000074, 52.28342813300003], [5.104256230000033, 52.283739480000065], [5.104254547000039, 52.28378519700004], [5.104263239000034, 52.28381036500008], [5.104281236000077, 52.28383783900006], [5.104316901000061, 52.28387107100008], [5.10438046400003, 52.28391408500005], [5.104472877000035, 52.283960593000074], [5.104556909000053, 52.28400908500004], [5.10465479800007, 52.28407475800003], [5.104693287000032, 52.284103998000035], [5.10475393300004, 52.284165861000076], [5.104778845000055, 52.284205359000055], [5.104786174000026, 52.284225949000074], [5.104793212000061, 52.28428996800005], [5.104805143000021, 52.28431971900005], [5.104797183000073, 52.28439856700004], [5.104834463000032, 52.28454438300008], [5.104839954000056, 52.28463526200005], [5.104837377000024, 52.28467183600003], [5.104822193000075, 52.28471580400003], [5.104725160000044, 52.28488187200003], [5.104685242000073, 52.284929789000046], [5.104672040000025, 52.284954896000045], [5.104655442000023, 52.28500001100008], [5.104639008000049, 52.285093121000045], [5.104633930000034, 52.28515870100006], [5.10463591000007, 52.285278539000046], [5.104640894000056, 52.28533370000008], [5.104645522000055, 52.28538496800007], [5.104649753000047, 52.285431705000065], [5.104650889000027, 52.28544436300007], [5.104644500000063, 52.28551585400004], [5.104699667000034, 52.28556149000008], [5.104681131000063, 52.28558396900007], [5.104672387000051, 52.28559006000006], [5.104647405000037, 52.285607490000075], [5.104607350000038, 52.28563543700005], [5.104545620000067, 52.28567016100004], [5.104376473000059, 52.285788539000066], [5.10409579700007, 52.28599197900007], [5.103892214000041, 52.28614145200004], [5.103528453000024, 52.28641101200003], [5.103336615000046, 52.28655670100005], [5.103213627000059, 52.28665465100005], [5.102971078000053, 52.28685985200008], [5.102686338000069, 52.287105377000046], [5.102341097000021, 52.28740762100006], [5.102053559000069, 52.28765864800005], [5.101789798000027, 52.28789257400007], [5.101737163000053, 52.28794578000003], [5.101726748000033, 52.28795628800003], [5.101647305000029, 52.28803468500007], [5.101761662000058, 52.28808367500005], [5.101704993000055, 52.28812131300003], [5.101649031000022, 52.28815155700005], [5.101624082000058, 52.28816364800008], [5.101611773000059, 52.28816785200007], [5.101594602000034, 52.28817821800004], [5.10158083500005, 52.28819035400005], [5.10152486800007, 52.28825552400008], [5.101492413000074, 52.288302083000076], [5.101466639000023, 52.28833523000003], [5.101433728000075, 52.28836590700007], [5.101415965000058, 52.28838187100007], [5.101402553000071, 52.288397935000035], [5.101380002000042, 52.288426687000026], [5.101347102000034, 52.28846258500005], [5.101315179000039, 52.28849019900008], [5.101252139000053, 52.288542894000045], [5.101166027000033, 52.28860959100007], [5.101005796000038, 52.28872207100005], [5.100826591000043, 52.28885820600004], [5.100646475000076, 52.28899248700003], [5.100575481000021, 52.28905327000007], [5.10051184100007, 52.28911704500007], [5.100455987000032, 52.289168895000046], [5.100343901000031, 52.28928558000007], [5.100241603000029, 52.28939135200005], [5.100082649000058, 52.28957068400007], [5.099997418000044, 52.28966612500005], [5.099905368000066, 52.28977113900004], [5.099811804000069, 52.28986768200008], [5.099751363000053, 52.28993046700003], [5.09969288700006, 52.28999759800007], [5.09967626100007, 52.290011965000076], [5.099650872000041, 52.29003272800003], [5.099614135000024, 52.290060923000055], [5.099577904000057, 52.29008796900007], [5.098840831000075, 52.29062753300008], [5.098714451000035, 52.29057399000004], [5.098664783000061, 52.29063875200006], [5.098644260000071, 52.29067078800006], [5.098619955000061, 52.29071639500006], [5.098597402000053, 52.29076306700006], [5.098565607000069, 52.290826776000074], [5.098523615000033, 52.290941806000035], [5.098457150000058, 52.29113477200008], [5.098438935000047, 52.291228928000066], [5.098432049000053, 52.29134139300004], [5.098432860000059, 52.29140821000004], [5.098439605000067, 52.29147102300004], [5.098472991000051, 52.291636434000054], [5.098491412000044, 52.291686595000044], [5.098543823000057, 52.29181610100005], [5.098591264000049, 52.291920771000036], [5.098648687000036, 52.292032332000076], [5.098703588000035, 52.29211021900005], [5.098736439000049, 52.29217069600003], [5.098737922000055, 52.29219077800008], [5.09895331000007, 52.292361603000074], [5.099071378000076, 52.29244988000005], [5.099200642000028, 52.29254335300004], [5.099261692000027, 52.29257731300004], [5.099337337000065, 52.29262327200007], [5.09946711300006, 52.29269882400007], [5.09947582500007, 52.292707078000035], [5.099482312000021, 52.29271719500008], [5.099475914000038, 52.29272732700008], [5.099461659000042, 52.29273749300006], [5.099441095000032, 52.29275314500006], [5.099412863000055, 52.292771447000064], [5.099379801000055, 52.29279086100007], [5.099353435000069, 52.29280378400006], [5.099472797000033, 52.29285786600008], [5.099820456000032, 52.29302332100008], [5.100246964000064, 52.29322738900004], [5.100605581000025, 52.293397138000046], [5.100717666000037, 52.29344814500007], [5.100898348000044, 52.293527081000036], [5.101168187000042, 52.29364615600008], [5.101430712000024, 52.29376318200008], [5.101793698000051, 52.29392728400006], [5.10201227400006, 52.294027062000055], [5.102157858000055, 52.294093806000035], [5.102207957000076, 52.29411721300005], [5.102254941000069, 52.29413727900004], [5.102336217000072, 52.29417913300006], [5.102440042000069, 52.29422971400004], [5.102609812000026, 52.294315021000045], [5.102696139000045, 52.294355772000074], [5.102720912000052, 52.294367237000074], [5.102783148000071, 52.294402295000054], [5.102847331000021, 52.294433053000034], [5.102918158000023, 52.29446797800006], [5.102975625000056, 52.29448765600006], [5.103063734000045, 52.294504387000075], [5.103217137000058, 52.29452472600008], [5.103396161000035, 52.29452949600005], [5.103494694000062, 52.29453211400005], [5.10359432000007, 52.294538069000055], [5.103691515000037, 52.29454588800007], [5.103728865000051, 52.29454821600007], [5.104008069000031, 52.29456167400008], [5.104397899000048, 52.29457555700003], [5.104657598000074, 52.29458593900006], [5.105013056000075, 52.29460642500004], [5.105344673000047, 52.29462323200005], [5.10566170900006, 52.29463948100005], [5.105913614000031, 52.29465389400008], [5.10603304600005, 52.29466189000004], [5.106064562000029, 52.29466875900005], [5.106092930000045, 52.29468916600007], [5.106121101000042, 52.29471741000003], [5.106263561000048, 52.29487629100004], [5.106391667000025, 52.29502185500007], [5.106448342000022, 52.29509072800005], [5.106457750000061, 52.29511205100005], [5.106450205000044, 52.295132237000075], [5.106433152000022, 52.29515164600008], [5.106415395000056, 52.29515704200003], [5.106560997000031, 52.29531096900007], [5.106679667000037, 52.29543524500008], [5.106706996000071, 52.29546464600003], [5.106961740000031, 52.29573875500006], [5.10707071500002, 52.29585968200007], [5.107115135000072, 52.29590569700008], [5.107158556000059, 52.295945121000045], [5.107184309000047, 52.29597112000005], [5.107197144000054, 52.29598838900006], [5.107209970000042, 52.296002575000045], [5.10721927000003, 52.29601776800007], [5.107278593000046, 52.29616712300003], [5.107319202000042, 52.29628076100005], [5.107376338000051, 52.29629085400006], [5.107399327000053, 52.29630426400007], [5.107417032000058, 52.29632569700004], [5.107437477000076, 52.29637079200006], [5.107504381000069, 52.29653382500004], [5.107563668000068, 52.29667754400003], [5.107574139000064, 52.29670722800006], [5.107614175000037, 52.296832702000074], [5.107645448000028, 52.29692055000004], [5.10766492700003, 52.29698398600004], [5.107676507000065, 52.297040097000036], [5.107689335000032, 52.297107580000045], [5.107691723000073, 52.29714985500004], [5.107692163000024, 52.29718708300004], [5.107692841000073, 52.29722609100003], [5.107687381000062, 52.29725045300006], [5.107680612000024, 52.29727319400007], [5.107673869000052, 52.29729187300006], [5.107609599000057, 52.29739250000006], [5.10749312300004, 52.29757508900008], [5.107453473000021, 52.29763968900005], [5.107413334000057, 52.29769811300008], [5.107378604000075, 52.29774029100008], [5.107350555000039, 52.297773551000034], [5.107306556000026, 52.29781408000008], [5.107247933000053, 52.29786270900007], [5.107188008000037, 52.29790401900004], [5.107104114000037, 52.297963957000036], [5.107048212000052, 52.29799958700005], [5.106988332000071, 52.298036025000044], [5.106901866000044, 52.29808295200007], [5.106819413000039, 52.298125834000075], [5.106733263000024, 52.29816447500008], [5.106661476000056, 52.29819681300006], [5.106580403000066, 52.29822994800003], [5.106495342000073, 52.29826550800004], [5.106411642000069, 52.29829456400006], [5.106313599000032, 52.29832667900007], [5.106258322000031, 52.29833746700007], [5.106223090000071, 52.29834288400008], [5.106167662000075, 52.29834502600005], [5.106100082000069, 52.29834243000005], [5.106064329000048, 52.29833502900004], [5.106038671000022, 52.298324120000075], [5.105678626000042, 52.29836564100003], [5.10551438300007, 52.298387845000036], [5.105417217000024, 52.29840647000003], [5.10533494200007, 52.29842090600005], [5.105295145000071, 52.298424874000034], [5.105268098000067, 52.29842480900004], [5.105255373000034, 52.29842477900007], [5.105154700000071, 52.29841153400008], [5.105073126000036, 52.29839650100007], [5.104963520000069, 52.29837483100005], [5.104902878000075, 52.29836233700007], [5.104783422000025, 52.29834514600003], [5.104652298000076, 52.29832533000007], [5.104542651000031, 52.298307829000066], [5.104390346000059, 52.29828552600003], [5.104292489000045, 52.29826747900006], [5.104094196000062, 52.29823590700005], [5.103949185000033, 52.29821009800003], [5.103845345000025, 52.29819241300004], [5.103749080000057, 52.29817552800006], [5.103642889000071, 52.298158700000045], [5.103365346000032, 52.29811795000006], [5.103274378000037, 52.298102578000055], [5.103191772000059, 52.29808862900006], [5.103036966000047, 52.298054113000035], [5.102903727000069, 52.29801914500007], [5.10275828500005, 52.29797832400004], [5.102474896000047, 52.29791690300004], [5.102258646000053, 52.29786961900004], [5.102103610000029, 52.29783458900005], [5.101971280000043, 52.29780445800003], [5.101904900000022, 52.297809304000054], [5.101839723000069, 52.297818395000036], [5.101724669000021, 52.29783522100007], [5.101611493000064, 52.29785631200008], [5.101480553000044, 52.29788126900007], [5.101301013000068, 52.29792282600005], [5.101116963000038, 52.29797473500008], [5.100879365000026, 52.298042053000074], [5.100599678000037, 52.29812518700004], [5.100376820000065, 52.29819115600003], [5.100301713000022, 52.298214674000064], [5.100248253000075, 52.298232161000044], [5.100127918000055, 52.29827411100007], [5.10004701400004, 52.29830529100008], [5.099998018000065, 52.29832164600003], [5.099990740000067, 52.298331767000036], [5.099986007000041, 52.29834737600004], [5.099966981000023, 52.29836278000005], [5.099903199000039, 52.29838514800008], [5.099672394000038, 52.29846222300006], [5.099533203000021, 52.298506788000054], [5.099368643000048, 52.29855923500003], [5.099303553000027, 52.29857959600008], [5.099210484000025, 52.29861252500007], [5.099166356000069, 52.29863088700006], [5.099108217000037, 52.29865089600003], [5.099085518000038, 52.29865631500007], [5.099053126000058, 52.29865976800005], [5.099012068000036, 52.29867259200006], [5.098942965000049, 52.29869688900004], [5.098913289000052, 52.29871567200007], [5.098814075000064, 52.29877148700007], [5.098722157000054, 52.29882332900007], [5.098611266000034, 52.29889161700004], [5.098515184000064, 52.29895245400007], [5.098232589000077, 52.29912738400003], [5.098097009000071, 52.299211412000034], [5.097993570000028, 52.29927402800007], [5.097859264000022, 52.29934453200008], [5.097843921000049, 52.299354839000046], [5.097806553000055, 52.29938392200006], [5.097672437000028, 52.29951975800003], [5.097563940000043, 52.29962712000008], [5.097503163000056, 52.29968046700003], [5.097357518000024, 52.29981684900008], [5.097299687000032, 52.29986566300005], [5.097238568000023, 52.29991296000003], [5.097186350000072, 52.299953025000036], [5.097115163000069, 52.300037865000036], [5.097027327000035, 52.30015092200006], [5.096956802000022, 52.300233122000066], [5.096892231000027, 52.300312621000046], [5.096841245000064, 52.30039068000008], [5.096793105000074, 52.30043692100003], [5.096771905000026, 52.300457298000026], [5.09675087200003, 52.300528384000074], [5.096719203000021, 52.300649874000044], [5.09668474700004, 52.30072891800006], [5.09664286900005, 52.30086678500004], [5.096611471000074, 52.301005074000045], [5.096587982000074, 52.301104061000046], [5.09655232700004, 52.30120949800005], [5.096527322000043, 52.30128238100008], [5.096484817000032, 52.30137258500008], [5.09646316200002, 52.30143550000008], [5.096439941000028, 52.30152260600005], [5.096387151000044, 52.30166541700004], [5.096363379000024, 52.301776276000055], [5.096340006000048, 52.30182821200003], [5.096326039000076, 52.30193512300008], [5.096318333000056, 52.301987961000066], [5.096279824000021, 52.30206554700004], [5.096248743000046, 52.302159509000035], [5.096224132000032, 52.30225947200006], [5.096201886000074, 52.30236777400006], [5.096169738000071, 52.30245893800003], [5.096116624000047, 52.30263524500003], [5.096078526000042, 52.30278644200007], [5.096053252000047, 52.30288905500004], [5.096031905000075, 52.302922644000034], [5.096019549000061, 52.30295789000007], [5.095963166000047, 52.30312956900008], [5.095920190000072, 52.30327545100005], [5.095897548000039, 52.303356662000056], [5.095849005000048, 52.30347497400004], [5.09582750900006, 52.303533575000074], [5.09581199400003, 52.30357866400004], [5.095828275000031, 52.303638059000036], [5.095830453000076, 52.303679371000044], [5.095826431000035, 52.30371362300008], [5.095816434000028, 52.30373567200007], [5.095791251000037, 52.30375257000003], [5.09577039900006, 52.303762], [5.095803285000045, 52.304055], [5.09581935500006, 52.30418686200005], [5.095846496000036, 52.30427376800003], [5.095857447000071, 52.30440136700008], [5.095867583000029, 52.30448561600008], [5.095893121000074, 52.30461131800007], [5.095894783000062, 52.30468219900007], [5.095895358000064, 52.304706198000076], [5.095899867000071, 52.30483483200004], [5.095920637000063, 52.30494765200007], [5.095954107000068, 52.30512710200003], [5.095989282000062, 52.30532835100007], [5.09601980900004, 52.30549833900005], [5.096040052000035, 52.30561327000004], [5.096067782000034, 52.30568879000003], [5.096082176000039, 52.30572536900007], [5.09608765400003, 52.30575970700005], [5.096081169000058, 52.30579397900004], [5.096099590000051, 52.30591632000005], [5.096136032000061, 52.30607657100006], [5.096157083000037, 52.30616669700004], [5.096159361000048, 52.30617927700007], [5.096181728000033, 52.30643132000006], [5.096212920000028, 52.30652911100003], [5.096218853000039, 52.306554507000044], [5.096232068000063, 52.30666363200004], [5.096242518000054, 52.30676947000006], [5.096256652000022, 52.306863786000065], [5.096275343000059, 52.30691357900008], [5.096281591000036, 52.30692227700007], [5.09634739400002, 52.30705493500005], [5.096405685000036, 52.30716358700005], [5.096452378000038, 52.30724327000007], [5.09648214200007, 52.30729283800008], [5.096534981000048, 52.30731383800003], [5.096619473000032, 52.307393766000075], [5.096703758000046, 52.307489719000046], [5.096741893000058, 52.307523840000044], [5.096815629000048, 52.307596139000054], [5.096867812000028, 52.30763456300008], [5.096919538000066, 52.307669041000054], [5.097034437000048, 52.30773856400003], [5.097193753000056, 52.30783003600004], [5.09736508900005, 52.307913314000075], [5.097617339000067, 52.30807041700007], [5.097768681000048, 52.308173202000035], [5.097907615000054, 52.30825629100008], [5.098075431000041, 52.30835586300003], [5.098236566000026, 52.308454735000055], [5.098362113000064, 52.30853573300004], [5.098555502000067, 52.30866042400004], [5.098705645000052, 52.30877014400005], [5.098927681000021, 52.30896357000006], [5.098980925000035, 52.30901089400004], [5.099112154000068, 52.309111607000034], [5.099169321000034, 52.30915539000006], [5.099197713000024, 52.309175106000055], [5.099266533000048, 52.30922416700008], [5.09950191400003, 52.30942276600007], [5.099592967000035, 52.30952811600008], [5.099722868000072, 52.309712114000035], [5.099735930000065, 52.309748815000034], [5.099796654000045, 52.310034071000075], [5.09985907600003, 52.31005920800004], [5.099916474000054, 52.31007655900004], [5.09999395400007, 52.31009068700007], [5.100054016000058, 52.31010886200005], [5.100108732000024, 52.31012621600007], [5.100156713000047, 52.31015092200005], [5.100214006000044, 52.310184666000055], [5.100275255000042, 52.31022579900008], [5.100331229000062, 52.310257086000036], [5.100349743000038, 52.31026720600005], [5.100566327000024, 52.31029663500004], [5.100563435000026, 52.31032443600003], [5.100549005000062, 52.31038816000006], [5.100553513000023, 52.310437154000056], [5.100530095000067, 52.310457625000026], [5.100441723000074, 52.31050422800007], [5.100280951000059, 52.31046316000004], [5.100049651000063, 52.310573067000064], [5.099722606000057, 52.310726799000065], [5.099310940000066, 52.31091550200006], [5.098900130000061, 52.31110741400005], [5.098848654000051, 52.31113075500008], [5.098795707000022, 52.31113904800003], [5.098741670000038, 52.31115491400004], [5.098625678000076, 52.31119995600005], [5.098459265000031, 52.31126395600006], [5.098323212000025, 52.31131800900005], [5.098182066000049, 52.311374871000055], [5.09814480700004, 52.31138135000003], [5.097992354000041, 52.31141349500007], [5.097867699000062, 52.31145105600007], [5.097738568000068, 52.31150938500008], [5.097666172000061, 52.31153853500007], [5.097609520000049, 52.31155492400006], [5.097444773000063, 52.31160357600004], [5.097106788000076, 52.31169862000007], [5.096710400000063, 52.31181057800006], [5.096417720000034, 52.31189293300008], [5.096350145000031, 52.31191107500007], [5.096005704000049, 52.31201268700005], [5.095726800000023, 52.31210025100006], [5.095532028000036, 52.31215834400007], [5.094618005000029, 52.312426591000076], [5.093952959000035, 52.31259519000008], [5.093916089000061, 52.312604545000056], [5.093213146000039, 52.31276833600003], [5.093149379000067, 52.31278243200006], [5.092640476000042, 52.312894906000054], [5.092300839000075, 52.31297291800007], [5.092200568000067, 52.312996369000075], [5.092125295000073, 52.313013977000026], [5.092106240000021, 52.313023573000066], [5.092310312000052, 52.31331985800006], [5.09259101400005, 52.31371056100005], [5.092643802000055, 52.31377338200008], [5.092710694000061, 52.31384768800007], [5.09272631500005, 52.313862835000066], [5.092793284000038, 52.313927740000054], [5.092987420000043, 52.31408475300003], [5.093076002000032, 52.314150520000055], [5.093016749000071, 52.314178010000035], [5.092987152000035, 52.31419175100007], [5.092965645000049, 52.314201737000076], [5.092898683000044, 52.314228470000046], [5.092860777000055, 52.31424139000006], [5.092806972000062, 52.31426548700006], [5.092780191000031, 52.314241612000046], [5.092732270000056, 52.31419888200003], [5.092638910000062, 52.31423907700008], [5.092614214000037, 52.31421690500008], [5.092579650000062, 52.314232134000065], [5.092131170000073, 52.31442977100005], [5.091901796000059, 52.31453085900006], [5.091697907000025, 52.31462550300006], [5.091652482000029, 52.31464418300004], [5.090685251000025, 52.31494783900007], [5.090530397000066, 52.314989945000036], [5.089621798000053, 52.31518635400005], [5.08944695200006, 52.315219960000036], [5.088860703000023, 52.31534009600006], [5.088121977000071, 52.31550331700004], [5.087842443000056, 52.315572391000046], [5.087629769000046, 52.31562167100003], [5.087381787000027, 52.31568064900006], [5.087343064000038, 52.315690249000056], [5.08729669500002, 52.31569843600005], [5.087108958000044, 52.31573156500008], [5.086981304000062, 52.315760451000074], [5.086897058000034, 52.31578105300008], [5.086833548000072, 52.315795173000026], [5.086747831000025, 52.31580552500003], [5.086755122000056, 52.315863757000045], [5.086755292000021, 52.31587765300003], [5.086750607000056, 52.315887356000076], [5.086742364000031, 52.31589612500005], [5.086731007000026, 52.315903485000035], [5.086638924000056, 52.31592914400005], [5.08651317500005, 52.31595388200003], [5.086279268000055, 52.31600012300004], [5.086042185000053, 52.31604960800007], [5.085867326000027, 52.316090677000034], [5.085265904000039, 52.31623060100003], [5.08495864300005, 52.31630378600005], [5.084805669000048, 52.316328920000046], [5.084837439000069, 52.316416712000034], [5.084841047000054, 52.31642962800004], [5.084837907000065, 52.31644914100008], [5.084830271000044, 52.31646138100007], [5.08481856700007, 52.31647235200006], [5.084803340000065, 52.316481543000066], [5.084777744000064, 52.316497206000065], [5.08476323800005, 52.316510264000044], [5.084758451000027, 52.316521945000034], [5.084763255000041, 52.316533614000036], [5.084777301000031, 52.31654936100006], [5.084839530000067, 52.316596436000054], [5.084904031000065, 52.31663516700007], [5.084918276000053, 52.31664517100006], [5.084929448000025, 52.31665655100005], [5.084937195000066, 52.31666895500007], [5.084941271000048, 52.316682007000054], [5.084941547000028, 52.31669528200007], [5.084935577000067, 52.31670838900004], [5.08492562400005, 52.31672055100006], [5.084912088000067, 52.31673132900005], [5.084895439000036, 52.316740337000056], [5.084886145000041, 52.316744061000065], [5.084876297000051, 52.316747227000064], [5.084824463000075, 52.31676515000004], [5.084666463000076, 52.316813127000046], [5.084434603000034, 52.31688302500004], [5.084217783000042, 52.316947397000035], [5.083997349000072, 52.31701458200007], [5.083800226000051, 52.31707444700004], [5.083598228000028, 52.31713926900005], [5.083422699000039, 52.31719584600006], [5.083208351000053, 52.31726718800007], [5.083139958000061, 52.31718870200007], [5.08307072100007, 52.31705773500005], [5.083061025000063, 52.31704521700004], [5.083046621000051, 52.31703483600006], [5.083028429000024, 52.31702709500007], [5.083008075000066, 52.31702252200006], [5.082993799000064, 52.31702128100005], [5.082963189000054, 52.31702361100008], [5.082722120000028, 52.31706917900004], [5.082237440000029, 52.31716080100006], [5.081865117000063, 52.31722863300007], [5.081394999000054, 52.31731561500004], [5.080968262000056, 52.31740264500007], [5.080542403000038, 52.31749384600005], [5.080098197000041, 52.31758897900005], [5.079657882000049, 52.317683285000044], [5.079215699000031, 52.31777798000007], [5.078806172000043, 52.31787544500003], [5.078407580000032, 52.31796710500004], [5.078131962000043, 52.31803377500006], [5.077842421000071, 52.31810094800005], [5.077513700000054, 52.318177337000066], [5.077454575000047, 52.31819905900005], [5.077183821000062, 52.31832494200006], [5.076884605000032, 52.31846647800006], [5.076581162000025, 52.31860408300008], [5.076269168000067, 52.31874557500004], [5.075964655000064, 52.31888448800004], [5.075675078000074, 52.31901625900008], [5.075392968000074, 52.319145433000074], [5.075171751000028, 52.31924347200004], [5.074845950000054, 52.319380358000046], [5.074559650000026, 52.31949974100007], [5.074297878000039, 52.319612015000075], [5.074095017000047, 52.319702147000044], [5.073887441000068, 52.31979512300006], [5.073574300000075, 52.319947040000045], [5.07311007200002, 52.32017997400004], [5.073057706000043, 52.32012469500006], [5.072946438000031, 52.32000712800004], [5.072911472000044, 52.319967777000045], [5.072860774000048, 52.31990058500003], [5.072833957000057, 52.31990768600008], [5.072803089000047, 52.319915181000056], [5.072757919000026, 52.31993533700006], [5.072359150000068, 52.32016761500006], [5.072009274000038, 52.32037759800005], [5.071901017000073, 52.32045190800005], [5.071727223000039, 52.32055975500003], [5.071625605000065, 52.320618066000065], [5.071344071000055, 52.320793078000065], [5.071053574000075, 52.32098034300003], [5.070818108000026, 52.32113852600003], [5.070736982000028, 52.32118808300004], [5.070638566000071, 52.321243319000075], [5.07050399600007, 52.32132734500004], [5.070375080000076, 52.32140194800007], [5.070196624000062, 52.32147957300003], [5.070160029000021, 52.32149603000005], [5.069941818000075, 52.32160330700003], [5.069703444000027, 52.32170965700004], [5.069507604000023, 52.321793580000076], [5.069495078000045, 52.32178751500004], [5.069475933000035, 52.321777730000065], [5.069457260000036, 52.32176762300003], [5.069439045000024, 52.32175719300005], [5.069421315000056, 52.321746450000035], [5.069404101000032, 52.321735412000066], [5.069387388000052, 52.32172406900003], [5.069371219000061, 52.321712450000064], [5.069355596000037, 52.32170055300003], [5.06934031000003, 52.32168848600003], [5.069324849000054, 52.32167646400006], [5.069309917000055, 52.32166416500007], [5.069295545000045, 52.32165159700003], [5.069281747000048, 52.32163877100004], [5.069268699000077, 52.321625632000064], [5.069257121000021, 52.32161199300003], [5.069246161000024, 52.321598159000075], [5.069234483000059, 52.32158212000007], [5.069217929000047, 52.32157721300007], [5.069208269000057, 52.32157434700008], [5.069196195000075, 52.32157064800003], [5.069176847000051, 52.32156470000007], [5.069162813000048, 52.32156024000005], [5.069147842000064, 52.321555482000065], [5.069133882000074, 52.32155090500004], [5.069110909000074, 52.321543330000054], [5.069093877000057, 52.32153759500005], [5.069082244000072, 52.32153366300008], [5.069051285000057, 52.32153934100006], [5.069040093000069, 52.32154139600004], [5.069027566000045, 52.321555931000034], [5.069020318000071, 52.321564468000076], [5.069012359000055, 52.32157392000005], [5.069001959000047, 52.32158634900003], [5.068995610000059, 52.321594196000035], [5.068984334000049, 52.32160811400007], [5.068970833000037, 52.32162536100003], [5.068779259000053, 52.32172187700007], [5.068638749000058, 52.32174764400003], [5.068498226000031, 52.32177341100004], [5.068357716000037, 52.32179917700006], [5.06821719200002, 52.32182494400007], [5.068076682000026, 52.321850710000035], [5.067936158000066, 52.321876485000075], [5.067795648000072, 52.32190225100004], [5.067655123000065, 52.32192801700006], [5.067514613000071, 52.321953783000026], [5.067374087000076, 52.32197954800006], [5.067233577000025, 52.322005313000034], [5.067093051000029, 52.322031078000066], [5.066952540000045, 52.32205684300004], [5.06681201400005, 52.32208260800007], [5.066671503000066, 52.32210837300005], [5.06653097700007, 52.322134137000035], [5.06639046500004, 52.32215990200007], [5.066354629000045, 52.32216647300004], [5.066249939000045, 52.32218566600005], [5.066216143000076, 52.32219191000007], [5.066182319000063, 52.322198065000066], [5.066156515000046, 52.322202633000074], [5.06613063900005, 52.322207029000026], [5.066108979000035, 52.322210476000066], [5.066070861000071, 52.32221609700008], [5.066032542000073, 52.32222119700003], [5.065999041000055, 52.32222520500005], [5.065965426000048, 52.322228807000045], [5.065928115000077, 52.32223234600008], [5.065893097000071, 52.32223522600003], [5.065857979000043, 52.322237692000044], [5.065819916000066, 52.32223987200007], [5.065785626000036, 52.322241414000075], [5.065751310000053, 52.322242552000034], [5.065716968000061, 52.32224329500008], [5.065673402000073, 52.322243653000044], [5.06564217500005, 52.322243514000036], [5.065610966000065, 52.32224304300007], [5.065582911000035, 52.32224242700005], [5.065554873000053, 52.32224155100005], [5.065526867000074, 52.322240271000055], [5.065505183000028, 52.32223897100005], [5.06548015900006, 52.32223709700003], [5.06545479600004, 52.32223532000006], [5.065429480000034, 52.32223332800004], [5.06540422300003, 52.322231111000065], [5.06537901300004, 52.322228679000034], [5.065353862000052, 52.32222603100007], [5.065328772000044, 52.32222317700007], [5.065303741000037, 52.32222009800006], [5.065278801000034, 52.32221680300006], [5.065263798000046, 52.32221448000007], [5.065248870000062, 52.32221195800008], [5.06523810300007, 52.32221004200005], [5.06521925200002, 52.32220644900008], [5.065189991000068, 52.322200276000046], [5.065161130000035, 52.322193448000064], [5.065132685000037, 52.322185973000046], [5.065101889000061, 52.322177010000075], [5.065077231000032, 52.322169132000056], [5.06505031100005, 52.322159784000064], [5.065023952000047, 52.32214983400007], [5.064998228000036, 52.32213930300003], [5.064973138000028, 52.32212819700004], [5.064948728000047, 52.322116537000056], [5.064926282000044, 52.322104971000044], [5.064842443000032, 52.32207048200007], [5.06481692400007, 52.322059987000046], [5.06478979700006, 52.322048831000075], [5.064734240000064, 52.32202597700007], [5.064686054000049, 52.322006153000075], [5.06471132300004, 52.32198038300004], [5.064843567000025, 52.32185906800004], [5.064993321000031, 52.32172784200003], [5.065166909000027, 52.32157436400007], [5.065233999000043, 52.321507462000056], [5.065281070000026, 52.32144440700006], [5.065323049000028, 52.32138152600004], [5.065366621000067, 52.321299201000045], [5.065527845000076, 52.32098117800007], [5.065554871000074, 52.32091922700005], [5.065629135000052, 52.32073226000006], [5.065675697000074, 52.320601400000044], [5.065720036000073, 52.32048184100006], [5.065701757000056, 52.320429671000056], [5.065646445000027, 52.32027196700005], [5.065592858000059, 52.32011917400007], [5.065558574000022, 52.32002497000008], [5.065469255000039, 52.319779624000034], [5.065370760000064, 52.319497151000064], [5.065352756000038, 52.31944552200008], [5.065334656000061, 52.31939510600006], [5.065258615000062, 52.31918174700007], [5.064860616000033, 52.31897823300005], [5.064542086000074, 52.318816638000044], [5.064141390000032, 52.31861165000004], [5.063855887000045, 52.318467345000045], [5.063614375000043, 52.31834838000003], [5.063561552000067, 52.31832760000003], [5.063456811000037, 52.31828845000007], [5.063389889000064, 52.31826015400003], [5.063297323000029, 52.31821077300003], [5.063208400000065, 52.31815659500006], [5.063129975000038, 52.31810481800005], [5.063075764000075, 52.318067298000074], [5.06304324000007, 52.31804033600008], [5.063032598000063, 52.31803150800005], [5.062982563000048, 52.317986387000076], [5.062887715000045, 52.317904114000044], [5.062800295000045, 52.31782710200008], [5.06273623200002, 52.317772982000065], [5.062685903000045, 52.31773412500007], [5.062631142000043, 52.31769559700007], [5.062591774000055, 52.31767198600005], [5.062552181000058, 52.317651125000054], [5.062535321000041, 52.31764225300003], [5.062481351000031, 52.317612014000076], [5.062402836000047, 52.317578841000056], [5.062304975000075, 52.31754393300008], [5.062164649000067, 52.31750182700006], [5.061744705000024, 52.31738091200003], [5.061646549000045, 52.31735226700005], [5.061563569000043, 52.317326190000074], [5.061498784000037, 52.31730489100005], [5.061432923000041, 52.31727817800004], [5.061367376000021, 52.31724690000004], [5.061299639000026, 52.31720816500007], [5.061168059000067, 52.31712766800007], [5.061108323000042, 52.317091841000035], [5.061037832000068, 52.317054788000064], [5.060972270000036, 52.31702351000007], [5.060919628000022, 52.317004275000045], [5.06083830700004, 52.31697617000003], [5.060753930000033, 52.31695263300003], [5.060687739000059, 52.31693725200006], [5.06060883400005, 52.316925566000066], [5.060495685000035, 52.316911772000026], [5.060396578000052, 52.31690697700003], [5.060299441000041, 52.31689559100005], [5.060214433000056, 52.316886261000036], [5.060124495000025, 52.31687116400008], [5.060027656000045, 52.316855204000035], [5.059929730000022, 52.31683552900006], [5.059819674000039, 52.31681209000004], [5.059720398000024, 52.31678648800005], [5.059590248000063, 52.31675133600004], [5.059555369000066, 52.31673398300006], [5.059513202000062, 52.31672039400007], [5.059373261000076, 52.316670556000076], [5.059353093000027, 52.31666491900006], [5.059205967000025, 52.31661702000008], [5.05910551900007, 52.31657547900005], [5.059027652000054, 52.316542611000045], [5.058955385000047, 52.31651394600004], [5.058784142000036, 52.31644916400006], [5.058650483000065, 52.31639894700004], [5.058590667000033, 52.316378334000035], [5.05847181200005, 52.316347104000045], [5.05833915900007, 52.316317525000045], [5.058033981000051, 52.31668349200004], [5.059091994000028, 52.31705254500008], [5.05876771800007, 52.31741898200005], [5.05864185300004, 52.31755584700005], [5.058614324000075, 52.31758579000007], [5.058479187000046, 52.31773275000006], [5.058399870000073, 52.31781825400003], [5.058163613000033, 52.31807351300006], [5.056740906000073, 52.31959966000005], [5.057065949000048, 52.31980923400005], [5.057313493000038, 52.31997172100006], [5.057784963000074, 52.32025051200003], [5.05796822800005, 52.320337565000045], [5.058140801000036, 52.32041678600007], [5.058343635000028, 52.320495633000064], [5.058501571000022, 52.32055505800008], [5.058760379000034, 52.32063751100003], [5.059056802000043, 52.32073091600006], [5.059583675000056, 52.32089428000006], [5.059760002000075, 52.320946339000045], [5.059927112000025, 52.32100137500004], [5.060124998000049, 52.32107172100007], [5.060285189000069, 52.32112826500003], [5.060388800000055, 52.321164097000064], [5.060535316000028, 52.32122936600007], [5.060668060000069, 52.32130051000007], [5.060829554000065, 52.32139556000004], [5.060929446000046, 52.32145854300006], [5.060962830000051, 52.32148239000003], [5.061075174000052, 52.321569476000036], [5.061087076000035, 52.32158059000005], [5.061152091000054, 52.32164130100006], [5.061415464000049, 52.32172084000007], [5.06146755900005, 52.321747317000074], [5.061498771000061, 52.32177547200007], [5.061518254000021, 52.32180091600003], [5.061523690000058, 52.32182367000007], [5.061517672000036, 52.32185227900004], [5.06144161900005, 52.32204242900008], [5.061094848000039, 52.32208221500008], [5.061107832000062, 52.322105727000064], [5.061118861000068, 52.32212991600005], [5.06114019100005, 52.32217141700005], [5.061150498000075, 52.322200062000036], [5.061157714000046, 52.32222011600004], [5.061179299000059, 52.32227675300004], [5.061193108000055, 52.32232589000006], [5.061210837000033, 52.32236438000007], [5.061256320000041, 52.32253061500006], [5.06128039400005, 52.322647989000075], [5.061295735000044, 52.32271413600006], [5.061301443000048, 52.322741843000074], [5.061318949000054, 52.32282683400007], [5.061341793000054, 52.322909880000054], [5.06137159900004, 52.323043780000035], [5.061378066000032, 52.32306794800007], [5.061384448000069, 52.323091774000034], [5.061400013000025, 52.32316743900003], [5.061410949000049, 52.32323429200005], [5.061422333000053, 52.32328204800007], [5.061436048000076, 52.32332209900005], [5.061451641000076, 52.32339998500004], [5.061455012000067, 52.32341430200006], [5.061459138000032, 52.32343177700005], [5.061466455000073, 52.323458032000076], [5.061512697000069, 52.32367493400005], [5.061446698000054, 52.32369187300003], [5.061342049000075, 52.323718737000036], [5.06132642700004, 52.32372273900006], [5.061191152000049, 52.32375747200007], [5.061055862000046, 52.323792196000056], [5.060920571000054, 52.323826920000045], [5.060785280000061, 52.32386165300005], [5.060649989000069, 52.32389637600005], [5.06051469800002, 52.32393110000004], [5.060406065000052, 52.323958994000066], [5.060380125000052, 52.323965771000076], [5.060355904000062, 52.323972265000066], [5.060306180000055, 52.323986113000046], [5.060249820000024, 52.32400266500008], [5.060208038000042, 52.324015546000055], [5.060159679000037, 52.324031123000054], [5.060122697000054, 52.32404351400004], [5.060111800000072, 52.324047249000046], [5.060064445000023, 52.32406393400004], [5.06004458600006, 52.32407372100005], [5.059974245000035, 52.32410840800003], [5.059947692000037, 52.32412074600006], [5.05993456300007, 52.32412684900004], [5.059924569000032, 52.32413154800008], [5.05991294100005, 52.324136972000076], [5.059903418000033, 52.32414137600006], [5.059889273000067, 52.32414794300007], [5.059873981000067, 52.324155046000044], [5.059863619000055, 52.324159853000026], [5.059830634000036, 52.32417514000008], [5.059819405000042, 52.32418028500007], [5.059808616000055, 52.324185217000036], [5.059791073000042, 52.32419318500007], [5.059774413000071, 52.32420075200008], [5.059765244000062, 52.32420489700007], [5.059754117000068, 52.32420992600004], [5.059736486000077, 52.324217813000075], [5.059726641000054, 52.324222217000056], [5.059699341000055, 52.32423438300003], [5.059683580000069, 52.32424139400007], [5.059674044000076, 52.32424559200007], [5.059663595000075, 52.32425016500008], [5.059653309000055, 52.32425466600006], [5.059637313000053, 52.32426165000004], [5.059624790000044, 52.324267098000064], [5.059604630000024, 52.32427587700005], [5.059593534000044, 52.32428070900005], [5.05958190900003, 52.32428571000003], [5.059570549000057, 52.324290586000075], [5.059553362000031, 52.32429791700008], [5.059542135000072, 52.32430270300006], [5.059532527000044, 52.32430679300006], [5.059519799000043, 52.32431219600005], [5.059509219000063, 52.32431666900004], [5.059488973000043, 52.324325169000076], [5.059462782000026, 52.32433612500006], [5.059450069000036, 52.324341437000044], [5.059440520000066, 52.32434540100007], [5.059425410000074, 52.32435163300005], [5.059409020000032, 52.32435835500007], [5.05939782300004, 52.32436293500007], [5.059370428000022, 52.324374111000054], [5.059344946000067, 52.32438450300003], [5.059328645000051, 52.324391063000064], [5.059316390000049, 52.32439597300004], [5.059300663000045, 52.32440224700008], [5.059287099000073, 52.32440765600006], [5.059263413000053, 52.32441707300006], [5.05925180600002, 52.32442164200006], [5.059238257000061, 52.32442694300005], [5.059225856000069, 52.32443180700005], [5.059206349000021, 52.32443945600005], [5.059195154000065, 52.324443802000076], [5.059181856000066, 52.32444895100008], [5.059171088000028, 52.324453091000066], [5.059153465000065, 52.32445984600008], [5.059128208000061, 52.32446949200005], [5.059109526000043, 52.32447663900007], [5.05909870000005, 52.324480761000075], [5.05908316700004, 52.32448661400008], [5.059072856000057, 52.32449047700004], [5.059054425000056, 52.32449737400003], [5.059036760000026, 52.32450395800004], [5.059015255000077, 52.32451196000005], [5.05900527600005, 52.32451654300007], [5.058975909000026, 52.32453062600007], [5.058959824000056, 52.32453959600008], [5.058944583000027, 52.32454971000004], [5.058929268000043, 52.324559761000046], [5.058919775000049, 52.32456599000005], [5.05891097500006, 52.32457175300004], [5.058890104000056, 52.32458542900008], [5.058877988000063, 52.32459335800007], [5.058869542000025, 52.324598826000056], [5.058822114000066, 52.32461542100003], [5.058805466000024, 52.32462121700007], [5.058776583000054, 52.32463122100006], [5.05872564200007, 52.32464873100008], [5.058674584000073, 52.32466612400003], [5.058623425000064, 52.324683400000026], [5.058572149000042, 52.32470054100003], [5.058545975000072, 52.32470923200003], [5.058520757000053, 52.32471756500007], [5.058469262000074, 52.324734472000046], [5.058415167000021, 52.32475204500008], [5.058361337000065, 52.32476935900007], [5.058283675000041, 52.32479404800006], [5.058262194000065, 52.324800819000075], [5.058210161000034, 52.32481709500007], [5.058151499000076, 52.324835248000056], [5.058099352000056, 52.32485121800005], [5.05805345300007, 52.324865156000044], [5.058018655000069, 52.32487563800004], [5.058000999000058, 52.32488092800003], [5.057948457000066, 52.324896573000046], [5.057895814000062, 52.32491208300007], [5.057885156000054, 52.32491520800005], [5.057843069000057, 52.32492747600003], [5.057790222000051, 52.32494273400005], [5.057751018000033, 52.32495395800004], [5.057737288000055, 52.32495787400006], [5.057684253000048, 52.324972880000075], [5.057631116000039, 52.32498775000005], [5.057616255000028, 52.324991888000056], [5.057577891000051, 52.325002504000054], [5.057524565000051, 52.32501712200008], [5.057480896000072, 52.32502898100006], [5.057471151000072, 52.32503161400007], [5.057417636000025, 52.32504598000003], [5.057364049000057, 52.32506021100005], [5.057344913000065, 52.32506525400004], [5.057310345000076, 52.32507431600004], [5.05725656900006, 52.32508828600004], [5.057202690000054, 52.32510212900007], [5.057148740000059, 52.32511584700006], [5.057094688000063, 52.32512942900007], [5.057071233000045, 52.32513527800006], [5.057040548000032, 52.32514288500005], [5.056986337000069, 52.32515620700008], [5.056932023000059, 52.32516939300007], [5.056877637000071, 52.32518245300008], [5.056851143000074, 52.32518876000006], [5.056839769000021, 52.32519146100003], [5.056796096000028, 52.32520184500004], [5.056722182000044, 52.325219462000064], [5.056659729000046, 52.32523439600004], [5.056604696000022, 52.32524758900007], [5.056523477000042, 52.32526712600003], [5.056487268000069, 52.32527585000008], [5.056385019000061, 52.325300586000026], [5.05636994200006, 52.32530423800006], [5.056332704000056, 52.32531329200003], [5.056251307000025, 52.325333098000044], [5.056135521000044, 52.32536140900004], [5.056115388000023, 52.32536634100006], [5.056018440000059, 52.32539018400007], [5.055979585000046, 52.32539976400005], [5.055901432000041, 52.32541909300005], [5.055843897000045, 52.32543336600003], [5.055809920000058, 52.32544180900004], [5.055774473000042, 52.32543295600004], [5.055759436000073, 52.32542921100003], [5.055709568000054, 52.325416767000036], [5.05569784000005, 52.32541384900003], [5.055685394000022, 52.32541075000006], [5.055672873000049, 52.325413869000045], [5.055644642000061, 52.32542092600005], [5.055634910000038, 52.325435603000074], [5.055612211000039, 52.32546986300008], [5.055580298000052, 52.32551803800004], [5.055568788000073, 52.32553318600003], [5.055452215000059, 52.32556259000006], [5.055335715000069, 52.32559212100006], [5.055320298000026, 52.32559604100004], [5.055248798000036, 52.32561425600005], [5.055219215000022, 52.325621624000064], [5.055184770000039, 52.325629751000065], [5.055171694000023, 52.32563252800003], [5.055100349000043, 52.32564769600003], [5.055080606000047, 52.32565150600004], [5.055045455000027, 52.32565793200007], [5.054978175000031, 52.32566898700003], [5.054901655000037, 52.32567967400007], [5.054853097000034, 52.32568614400003], [5.054756925000049, 52.32570022700003], [5.054728860000068, 52.32570466900006], [5.054606364000051, 52.32572578700007], [5.054556154000068, 52.32573529900003], [5.054539788000056, 52.325738596000065], [5.054485637000028, 52.32574950800006], [5.054474486000061, 52.32575184900003], [5.054366666000021, 52.325775822000026], [5.054336836000061, 52.32578289200006], [5.054310162000036, 52.325789522000036], [5.054301729000031, 52.32577759800006], [5.054244380000057, 52.325778659000036], [5.054203965000056, 52.32578881000006], [5.054183898000076, 52.32579272600003], [5.054120612000077, 52.325804951000066], [5.05407122400004, 52.325814500000035], [5.054044195000074, 52.32582155100005], [5.053908832000047, 52.32585657300007], [5.05377319300004, 52.32589118000004], [5.053637278000053, 52.32592536300007], [5.053501087000029, 52.325959133000026], [5.053364606000059, 52.325992487000065], [5.053227864000064, 52.326025419000075], [5.053090861000044, 52.32605793600004], [5.052953597000055, 52.326090030000046], [5.05281605600004, 52.326121701000034], [5.052759675000061, 52.32613454600005], [5.052678621000041, 52.326153039000076], [5.052541580000025, 52.326184683000065], [5.052404799000044, 52.32621675100006], [5.052268279000032, 52.326249233000055], [5.052132034000067, 52.32628212800006], [5.051996050000071, 52.32631544700007], [5.051871379000033, 52.326346443000034], [5.051860341000065, 52.32634918000008], [5.051814075000038, 52.32636084900008], [5.051724923000052, 52.32638333600005], [5.051638002000061, 52.326405504000036], [5.051589604000071, 52.32641788700005], [5.051453962000039, 52.32645236600007], [5.051318146000028, 52.32648656500004], [5.051182127000061, 52.32652048500006], [5.051045934000058, 52.32655413400005], [5.05090956600003, 52.32658749600006], [5.050772995000045, 52.32662058600005], [5.050636265000037, 52.326653398000076], [5.050499346000038, 52.32668592200008], [5.05036225200007, 52.32671817500005], [5.050224985000057, 52.32675014000006], [5.050087543000075, 52.32678182500007], [5.049949928000046, 52.326813231000074], [5.049812153000062, 52.32684435900006], [5.049674204000041, 52.32687520600007], [5.049536081000042, 52.32690576600004], [5.049438073000033, 52.326927254000054], [5.049397065000051, 52.326936008000075], [5.04934294100002, 52.32694690900007], [5.049288058000059, 52.32695723200004], [5.049254669000049, 52.32696315800007], [5.049232843000027, 52.32696688800007], [5.049177324000027, 52.32697587000007], [5.049121518000049, 52.32698417700004], [5.04911018100006, 52.326985781000076], [5.049065467000048, 52.32699181000004], [5.049009173000059, 52.32699874900004], [5.048963982000032, 52.32700381500007], [5.048952663000023, 52.327005014000065], [5.048895968000068, 52.32701057700007], [5.048839102000045, 52.32701545600003], [5.04881646900003, 52.32701720700004], [5.048782080000024, 52.32701964300003], [5.04872494600005, 52.32702313800007], [5.048667700000067, 52.327025940000055], [5.048610385000075, 52.32702804100006], [5.048553018000064, 52.327029441000036], [5.048519025000076, 52.32702994600004], [5.048495597000056, 52.32703014800006], [5.048438181000051, 52.327030155000045], [5.048380771000041, 52.32702946000006], [5.048369888000025, 52.32702925800004], [5.048323395000068, 52.327028073000065], [5.048266069000022, 52.32702598600008], [5.048221022000064, 52.32702385300007], [5.048208822000049, 52.327023206000035], [5.048151682000025, 52.32701972600006], [5.04812376700005, 52.32701768700008], [5.048094665000065, 52.32701555400007], [5.048065638000026, 52.327013134000026], [5.048037800000031, 52.327010691000055], [5.047981102000051, 52.32700513600008], [5.047924585000032, 52.32699888900004], [5.047868293000022, 52.32699196000004], [5.047812227000065, 52.32698434800005], [5.047779888000036, 52.32697963600003], [5.047756430000049, 52.326976054000056], [5.047700902000031, 52.32696708700007], [5.047635975000048, 52.32695567500008], [5.047590771000046, 52.32694713300003], [5.047536227000023, 52.326936155000055], [5.047494268000037, 52.326927209000075], [5.047482039000045, 52.32692451400004], [5.047441535000075, 52.32691525700005], [5.047428239000055, 52.32691221700003], [5.047414753000055, 52.32690902300004], [5.047355861000028, 52.32689495000005], [5.047325331000025, 52.326887654000075], [5.047235963000048, 52.326866996000035], [5.047137601000031, 52.32684275200006], [5.047125301000051, 52.32683984000005], [5.047099266000032, 52.326833717000056], [5.047083158000021, 52.32683002200008], [5.047047939000038, 52.32682220000004], [5.046996225000044, 52.32681133800003], [5.046944169000028, 52.32680113100008], [5.046891756000036, 52.32679159700007], [5.046839044000023, 52.32678272700008], [5.046808012000042, 52.326777839000044], [5.046786048000058, 52.32677452200005], [5.046732783000039, 52.32676699900003], [5.046679279000045, 52.32676014900005], [5.046667364000029, 52.32675872200008], [5.046625534000043, 52.32675399100003], [5.046571608000022, 52.32674850600006], [5.046517516000051, 52.32674371200005], [5.046463257000028, 52.32673960200003], [5.046408875000054, 52.32673618300004], [5.046382012000038, 52.326734748000035], [5.046354400000041, 52.32673345500007], [5.046299831000056, 52.326731420000044], [5.04623815900004, 52.326729957000055], [5.04619056100006, 52.32672943300008], [5.046135889000027, 52.326729482000076], [5.046094093000022, 52.326729991000036], [5.046081241000024, 52.32673022300003], [5.046026631000075, 52.32673165700004], [5.045972075000066, 52.32673379100004], [5.045950239000035, 52.326734834000035], [5.045917601000042, 52.32673660900008], [5.045863239000028, 52.32674012800004], [5.045807037000031, 52.32674449600006], [5.04575492500004, 52.32674921700004], [5.045701032000068, 52.326754796000046], [5.045664914000042, 52.326758925000036], [5.045647324000072, 52.326761058000045], [5.045593845000042, 52.32676799500007], [5.045540611000035, 52.32677561600008], [5.045524280000052, 52.326778094000076], [5.045487650000041, 52.326783902000045], [5.04543497700007, 52.326792872000055], [5.045382622000034, 52.32680250000004], [5.045330599000067, 52.326812793000045], [5.045278953000036, 52.32682374400008], [5.045249196000043, 52.326830390000055], [5.045227668000052, 52.326835352000046], [5.045176789000038, 52.32684760800004], [5.045126345000028, 52.326860503000034], [5.045115555000052, 52.326863366000055], [5.045076350000045, 52.32687404700005], [5.045026806000067, 52.32688821200003], [5.04497777000006, 52.326903008000045], [5.04492924300007, 52.32691842500003], [5.044881239000063, 52.32693444600005], [5.044858087000023, 52.32694246800003], [5.044833788000062, 52.32695108000007], [5.044786918000057, 52.32696831700008], [5.044735011000057, 52.326988362000066], [5.044694971000069, 52.32700455000003], [5.044649936000042, 52.32702352800004], [5.044616230000031, 52.32703830500003], [5.044605543000046, 52.327043082000046], [5.044561835000025, 52.32706319600004], [5.044518812000035, 52.32708386000007], [5.044502069000032, 52.32709214300007], [5.044476503000055, 52.32710506500007], [5.04446351200005, 52.32711184900006], [5.044434909000074, 52.327126803000056], [5.044394074000024, 52.32714906400008], [5.04444851300002, 52.32718502000006], [5.044773792000058, 52.32739983300007], [5.044802172000061, 52.32741576900003], [5.044849554000052, 52.32744236600007], [5.044860655000036, 52.327448599000036], [5.044839312000022, 52.32745981700003], [5.044800407000025, 52.32747343800003], [5.044670702000076, 52.32751884600003], [5.044607410000026, 52.32755788500003], [5.044503924000026, 52.32762157800005], [5.044455092000021, 52.32765163500005], [5.044438171000024, 52.327662039000074], [5.04442126500004, 52.32767245100007], [5.04440042300007, 52.327685270000075], [5.04429693700007, 52.32774897200005], [5.044193436000057, 52.32781266400008], [5.044157501000029, 52.32783478700003], [5.044146977000025, 52.32784125400008], [5.04409963300003, 52.327870363000045], [5.044090082000025, 52.32787623100006], [5.044049151000024, 52.32790126900005], [5.044000292000021, 52.32793096700004], [5.04398696800007, 52.327939008000044], [5.043951332000063, 52.32796039400006], [5.043902228000036, 52.32798948900006], [5.043544330000032, 52.32777580100003], [5.043505821000053, 52.32780063900003], [5.043466801000022, 52.32782517900006], [5.043451280000056, 52.32783476900005], [5.043427284000074, 52.327849412000035], [5.043387271000029, 52.327873338000074], [5.043344890000071, 52.327898047000076], [5.04330578500003, 52.32792026800007], [5.043264327000031, 52.32794325500004], [5.043235114000026, 52.327959114000066], [5.043222402000026, 52.32796591700003], [5.043180010000071, 52.327988263000066], [5.043137165000076, 52.328010275000054], [5.043122070000038, 52.32801790700006], [5.04309388300004, 52.32803195300005], [5.043050149000067, 52.32805330700006], [5.042961383000033, 52.328094976000045], [5.042916366000043, 52.32811530100008], [5.042886719000023, 52.328128400000026], [5.042870940000057, 52.32813527500008], [5.042825107000056, 52.32815489600006], [5.042778880000071, 52.32817416600005], [5.04276466400006, 52.32817998500008], [5.042732245000025, 52.32819307500006], [5.042685246000076, 52.32821162400006], [5.04263785400002, 52.328229812000075], [5.042590098000062, 52.32824763000008], [5.042541978000031, 52.32826507900006], [5.042512470000077, 52.328275536000035], [5.042493509000053, 52.328282158000036], [5.042444691000071, 52.32829885900003], [5.042395538000051, 52.32831519000007], [5.042375492000076, 52.32832171100006], [5.042252795000024, 52.32836135700006], [5.042238456000064, 52.328365989000076], [5.042123038000057, 52.328403284000046], [5.041993296000044, 52.32844522000005], [5.041863539000076, 52.32848714600004], [5.041733781000062, 52.32852907300003], [5.041604024000037, 52.32857100800004], [5.041474280000045, 52.328612934000034], [5.041390290000038, 52.32864007400008], [5.041375186000039, 52.328644937000035], [5.041343877000031, 52.32865485800005], [5.041314363000026, 52.328664047000075], [5.041253060000031, 52.32868257100006], [5.041227388000038, 52.32869008200004], [5.04121080300007, 52.32869493100003], [5.041191307000076, 52.32870051900005], [5.041129118000072, 52.328717881000046], [5.04106648000004, 52.32873465700004], [5.041019221000056, 52.32874685000007], [5.040986090000047, 52.32875524700006], [5.040939363000064, 52.328766992000055], [5.040920666000034, 52.32877167300006], [5.040855156000021, 52.32878793800006], [5.040803007000022, 52.32880076400005], [5.040789544000063, 52.32880405900005], [5.040723831000037, 52.328820017000055], [5.040658001000054, 52.32883583200004], [5.040592099000037, 52.32885148400004], [5.040526081000053, 52.32886697400005], [5.040459961000067, 52.32888232000005], [5.040391345000046, 52.328898054000035], [5.04032746200005, 52.32891253500003], [5.040253293000035, 52.32892913300003], [5.040194586000041, 52.32894211900003], [5.040177760000063, 52.32894580000004], [5.040128002000074, 52.32895668200007], [5.040114836000043, 52.32895953700006], [5.04006133200005, 52.328971082000066], [5.039994576000026, 52.328985329000034], [5.039975988000037, 52.328989257000046], [5.039927717000069, 52.328999415000055], [5.039860787000066, 52.32901334700006], [5.039836763000039, 52.329018301000076], [5.039793755000062, 52.32902711700007], [5.039726651000024, 52.329040734000046], [5.039697162000039, 52.329046660000074], [5.039659460000053, 52.32905418900003], [5.039592182000035, 52.32906748200003], [5.039557185000035, 52.329074336000076], [5.039524818000075, 52.32908062200005], [5.039457367000068, 52.32909360000008], [5.039416861000063, 52.32910131800003], [5.039389843000038, 52.32910642400003], [5.039318369000057, 52.32911980400007], [5.039276176000044, 52.32912761600005], [5.039254550000067, 52.32913158800005], [5.039186796000024, 52.32914393500005], [5.039135173000034, 52.32915322000008], [5.03911895400006, 52.32915611200008], [5.03905104100005, 52.32916813500003], [5.038993823000055, 52.32917813200004], [5.038983040000062, 52.32918000500007], [5.038914983000041, 52.32919170500003], [5.038881417000027, 52.32919741200004], [5.038852229000042, 52.32920235900008], [5.038710842000057, 52.329226309000035], [5.038569456000062, 52.32925026700008], [5.038428054000065, 52.329274216000044], [5.038327196000068, 52.32929131000003], [5.038286667000023, 52.32929817400003], [5.038145280000037, 52.329322122000065], [5.03800387800004, 52.32934608000005], [5.037862490000066, 52.32937002800003], [5.037721088000069, 52.32939398500008], [5.037579700000038, 52.32941793300006], [5.037438312000063, 52.329441890000055], [5.037341508000054, 52.329458285000044], [5.037296910000066, 52.32946583700004], [5.037155521000045, 52.32948979400004], [5.037014148000026, 52.32951374100003], [5.036949395000022, 52.329524829000036], [5.03687343100006, 52.32953808600007], [5.036830182000074, 52.32954575000008], [5.036733118000029, 52.32956328500006], [5.036711257000036, 52.329567301000054], [5.036592650000046, 52.329589455000075], [5.036502409000036, 52.329606830000046], [5.036474347000023, 52.32961223800004], [5.036453747000053, 52.32961626700006], [5.03635636100006, 52.32963562500004], [5.03631473400003, 52.32964404000006], [5.036238708000042, 52.329659624000044], [5.036176168000054, 52.32967265900004], [5.036121387000037, 52.32968424400008], [5.036038095000038, 52.32970213400006], [5.036004413000057, 52.329709457000035], [5.035992921000059, 52.329711976000056], [5.035900498000046, 52.32973244500005], [5.035887786000046, 52.329735292000066], [5.035839273000022, 52.32974623000007], [5.035789292000061, 52.32975735200006], [5.035761944000058, 52.32976325700008], [5.035731938000026, 52.32976959400003], [5.035674323000023, 52.32978135900004], [5.035616448000042, 52.329792646000044], [5.035552436000046, 52.32980449900003], [5.035524567000039, 52.329809512000054], [5.035499371000071, 52.32981404800006], [5.03547977300002, 52.32981756700008], [5.035446880000052, 52.32982346400007], [5.035430500000075, 52.32982640800003], [5.03536706400007, 52.32983775100007], [5.035352270000033, 52.32984039400003], [5.035338872000068, 52.32984278100008], [5.035292698000035, 52.32985101100007], [5.035237064000057, 52.329860894000035], [5.035223769000027, 52.32986325400003], [5.035197898000035, 52.329867842000056], [5.035154825000063, 52.32987546100003], [5.035085866000031, 52.329887632000066], [5.035056852000025, 52.32989274000005], [5.035016879000068, 52.32989976700003], [5.034947877000036, 52.32991185700007], [5.034915734000037, 52.32991747700004], [5.034878875000061, 52.32992391000005], [5.034809830000029, 52.329935928000054], [5.034774528000071, 52.329942060000064], [5.034740784000064, 52.329947910000044], [5.034671710000055, 52.32995985500003], [5.034633266000071, 52.32996648100004], [5.034602636000045, 52.32997175600008], [5.034533533000058, 52.329983629000026], [5.034491916000036, 52.329990749000046], [5.034464401000037, 52.32999544900008], [5.034439898000073, 52.32999963600008], [5.034395269000072, 52.33000724100003], [5.034350508000045, 52.33001485500006], [5.034326123000028, 52.33001899800007], [5.034256948000063, 52.33003070900003], [5.034209014000055, 52.33003880800004], [5.03418775800003, 52.33004239300004], [5.034118554000031, 52.33005403300007], [5.034067462000053, 52.33006259800004], [5.034049320000065, 52.33006562700007], [5.033980088000021, 52.33007719400007], [5.03392582400005, 52.33008622700004], [5.033910825000021, 52.330088716000034], [5.033841549000044, 52.33010020200004], [5.033784127000047, 52.33010970200007], [5.033772258000056, 52.330111653000074], [5.033702953000045, 52.330123067000045], [5.033633633000022, 52.330134445000056], [5.033597086000043, 52.33014042000008], [5.033564299000034, 52.33014577800003], [5.033494936000068, 52.330157075000045], [5.033425559000023, 52.33016833500005], [5.033356167000022, 52.33017955100007], [5.033286760000067, 52.330190740000035], [5.033216634000041, 52.33020199900005], [5.033147904000032, 52.33021299200004], [5.033074592000048, 52.33022467200004], [5.033008976000076, 52.33023509000003], [5.032932477000031, 52.33024719200006], [5.032869991000041, 52.330257035000045], [5.032800469000051, 52.33026795400008], [5.032790290000037, 52.33026955000008], [5.032730933000039, 52.33027883600005], [5.032661382000072, 52.33028967400003], [5.03264804500003, 52.33029174600006], [5.032613351000066, 52.330297134000034], [5.032591817000025, 52.33030047500006], [5.03252223800007, 52.33031124100006], [5.032505743000058, 52.33031378900006], [5.032452629000034, 52.33032197000006], [5.032383021000044, 52.33033265500006], [5.032363353000051, 52.33033566900008], [5.032313384000076, 52.33034330300006], [5.032243747000052, 52.330353915000046], [5.032220921000032, 52.33035738800004], [5.032174081000051, 52.33036449100007], [5.032104415000049, 52.330375023000045], [5.032078403000071, 52.330378944000074], [5.03203472000007, 52.33038552700003], [5.031965011000068, 52.33039598600004], [5.031935841000063, 52.33040034700008], [5.031895288000044, 52.33040640000007], [5.031825549000075, 52.33041678700005], [5.031793207000021, 52.330421588000036], [5.031755797000073, 52.33042712900004], [5.03168603000006, 52.33043743500008], [5.031650501000058, 52.33044266700006], [5.031616249000024, 52.33044770500004], [5.031546453000033, 52.33045793000008], [5.031507737000027, 52.33046359300005], [5.031476644000065, 52.330468119000045], [5.031418643000052, 52.330476555000075], [5.03140681900004, 52.33047827200005], [5.03136491600003, 52.33048434700004], [5.031336966000026, 52.33048838800005], [5.031267112000023, 52.33049846900008], [5.031251103000045, 52.330500767000046], [5.031221993000031, 52.330504948000055], [5.03107882300003, 52.33052521600007], [5.030935496000041, 52.33054503400007], [5.030791996000062, 52.33056442000003], [5.030648352000071, 52.33058337300008], [5.030504550000046, 52.33060187700005], [5.030360591000033, 52.330619940000076], [5.030216503000077, 52.33063756100006], [5.030072257000029, 52.330654742000036], [5.029927882000038, 52.33067148200007], [5.029783364000025, 52.33068778000006], [5.029638718000058, 52.33070362900003], [5.029493943000034, 52.33071903700005], [5.029349054000022, 52.33073400300003], [5.029280854000035, 52.33074088800004], [5.029247423000072, 52.33074419400003], [5.029203686000074, 52.33074840200004], [5.029149071000063, 52.33075345000003], [5.029050534000021, 52.330761996000035], [5.028951840000047, 52.330769849000035], [5.028911355000048, 52.33077285400003], [5.028853006000077, 52.33077698200003], [5.028764731000024, 52.33078276400005], [5.028754031000062, 52.33078342300007], [5.02865495900005, 52.33078915400006], [5.028617827000062, 52.33079111700005], [5.02858816600002, 52.33079257300005], [5.028555775000029, 52.33079417400006], [5.028470730000038, 52.33079790700003], [5.028456509000023, 52.33079848400007], [5.028357161000031, 52.330802092000056], [5.028323454000031, 52.330803149000076], [5.028257759000041, 52.33080498100003], [5.028176044000077, 52.33080682700006], [5.028158305000034, 52.33080716900008], [5.02805881200004, 52.330808638000065], [5.028028559000063, 52.33080895000006], [5.027959296000063, 52.33080940500008], [5.027881043000036, 52.33080950900006], [5.027859771000067, 52.33080945300003], [5.02776026600003, 52.330808801000046], [5.027733524000041, 52.33080850400006], [5.027660767000043, 52.33080743800008], [5.027586062000069, 52.33080594300003], [5.027561303000027, 52.33080535600004], [5.027461889000051, 52.33080257300003], [5.027438687000028, 52.330801819000044], [5.02736254000007, 52.33079907100006], [5.027291455000068, 52.330796132000046], [5.027263254000047, 52.330794869000044], [5.027164048000031, 52.33078995600005], [5.027144398000075, 52.330788890000065], [5.027064965000022, 52.33078433400004], [5.026997574000063, 52.33078010200006], [5.026965976000042, 52.330778002000045], [5.026867125000024, 52.33077096900007], [5.026851026000031, 52.33076975200004], [5.026768411000035, 52.330763227000034], [5.026757504000045, 52.330762304000075], [5.026704785000049, 52.33075785600005], [5.026669850000076, 52.33075478400008], [5.026571456000056, 52.33074563100007], [5.026558893000072, 52.33074441500003], [5.026473243000055, 52.33073578600005], [5.026413410000032, 52.330729430000076], [5.026375228000063, 52.33072523300007], [5.026268380000033, 52.330712908000066], [5.026212995000037, 52.33070618700003], [5.026185662000046, 52.33070284100006], [5.026124764000031, 52.33069567200005], [5.026101987000061, 52.33069308600005], [5.026018087000068, 52.33068401300005], [5.025981324000043, 52.330680252000036], [5.025934006000057, 52.33067561300004], [5.02584975700006, 52.33066791400006], [5.025837369000044, 52.330666843000074], [5.025765342000057, 52.33066088900006], [5.025692958000036, 52.33065542800006], [5.025680789000035, 52.33065456400004], [5.025593004000029, 52.33064873200004], [5.025543589000051, 52.33064577700003], [5.02551128500005, 52.33064397100003], [5.025426392000043, 52.33063971200005], [5.025403031000053, 52.330638660000034], [5.02534139100004, 52.33063614400004], [5.025256341000045, 52.33063326900003], [5.025171226000055, 52.33063108500005], [5.025112157000024, 52.33062997800005], [5.025086076000036, 52.330629593000026], [5.025000891000047, 52.33062879300007], [5.024966563000021, 52.33062867000007], [5.02491571500002, 52.33062869400004], [5.024820953000074, 52.33062940100007], [5.024745361000043, 52.330630572000075], [5.024675400000035, 52.33063214600003], [5.024660242000039, 52.33063254900003], [5.02457516100003, 52.33063522700007], [5.024529991000065, 52.33063692200005], [5.024490148000041, 52.330638589000046], [5.024405217000037, 52.33064264200004], [5.024384801000053, 52.33064373000008], [5.024320383000031, 52.330647397000064], [5.024235660000045, 52.33065283600007], [5.024151065000069, 52.330658966000044], [5.024095369000065, 52.33066337900004], [5.024066610000034, 52.33066578100005], [5.023982296000042, 52.33067328700008], [5.023951259000057, 52.33067622100003], [5.023898167000027, 52.33068146800008], [5.023807675000057, 52.33069106800008], [5.02373048000004, 52.33069990800004], [5.023664676000067, 52.33070791200004], [5.023646951000046, 52.330710140000065], [5.023563636000063, 52.330721065000034], [5.023522350000064, 52.33072673500004], [5.023480579000022, 52.33073265500008], [5.023397781000028, 52.33074493000004], [5.023380742000029, 52.330747538000026], [5.023315256000046, 52.33075787000007], [5.023259639000059, 52.33076700100003], [5.023239587000035, 52.33077032800003], [5.023188642000036, 52.33077851200005], [5.023117372000058, 52.33078935600008], [5.023095928000032, 52.33079249000008], [5.023045858000046, 52.33079955300008], [5.022974085000044, 52.33080908300008], [5.022951234000061, 52.33081197000007], [5.022902098000031, 52.33081794800006], [5.022829896000076, 52.33082614800003], [5.022805639000069, 52.33082875100007], [5.022757494000075, 52.33083368100006], [5.022684921000064, 52.330840540000054], [5.022659273000045, 52.33084280600008], [5.022612192000054, 52.33084674200006], [5.022539308000034, 52.33085226000003], [5.022512284000072, 52.33085413600003], [5.022466297000051, 52.330857104000074], [5.02239318900007, 52.33086128300005], [5.022364804000063, 52.33086272300005], [5.022319984000035, 52.330864778000034], [5.022246696000025, 52.330867599000044], [5.02221696600003, 52.33086855000005], [5.022173340000052, 52.33086974500003], [5.022099946000026, 52.33087121700004], [5.022068900000022, 52.33087163400006], [5.022026529000073, 52.33087200700004], [5.021953087000043, 52.33087212100003], [5.021920755000053, 52.330871959000035], [5.021879666000075, 52.330871553000065], [5.021806250000054, 52.33087031100007], [5.021772661000057, 52.330869515000074], [5.021732884000073, 52.33086839500004], [5.021659582000041, 52.33086579500008], [5.021624766000059, 52.33086432200008], [5.02158634500006, 52.330862522000075], [5.02151318600005, 52.330858575000036], [5.021477188000063, 52.33085637900007], [5.02144041400004, 52.33085396400003], [5.021378569000035, 52.330849657000044], [5.021330582000076, 52.33084616500008], [5.021305862000077, 52.33084431800006], [5.021225021000021, 52.330838010000036], [5.02118444000007, 52.33083472100003], [5.021160632000033, 52.33083274200004], [5.021088123000027, 52.33082651400008], [5.021038544000021, 52.330822082000054], [5.021015675000058, 52.33081998900008], [5.020943303000024, 52.33081316800008], [5.020892950000075, 52.33080824900003], [5.020871007000039, 52.33080606000004], [5.020798786000057, 52.33079865500008], [5.02074766000004, 52.33079323000004], [5.020726642000056, 52.330790954000065], [5.020654587000024, 52.330782956000064], [5.020602718000021, 52.33077701600007], [5.020582624000042, 52.33077467100003], [5.020510750000028, 52.33076609900007], [5.02045815200006, 52.33075962700008], [5.020438968000065, 52.330757230000074], [5.020367290000024, 52.33074806500008], [5.020313962000046, 52.330741051000075], [5.020295703000045, 52.33073861300005], [5.020224235000057, 52.330728873000055], [5.02017019300007, 52.33072130000005], [5.020152859000063, 52.33071883700006], [5.020081601000072, 52.33070851400004], [5.020026875000042, 52.33070037200008], [5.020010464000052, 52.33069790400003], [5.019939432000058, 52.33068699700004], [5.019928795000055, 52.330685337000034], [5.019884123000054, 52.33067833200005], [5.019820199000037, 52.33066822900008], [5.019741889000045, 52.33065571700007], [5.019711708000045, 52.33065086000005], [5.01959985000002, 52.330632672000036], [5.019495070000062, 52.33061536900004], [5.019457990000035, 52.33060917800003], [5.019386908000058, 52.33059723700006], [5.019316340000046, 52.33058525300004], [5.019278881000048, 52.33057884500005], [5.019170958000075, 52.330560201000026], [5.019063156000072, 52.33054130600004], [5.019033623000041, 52.33053608200004], [5.018955472000073, 52.330522160000044], [5.018892571000038, 52.33051084600004], [5.018847908000055, 52.330502753000076], [5.018751728000041, 52.33048517900005], [5.018740464000075, 52.33048310400005], [5.018633154000042, 52.33046319500005], [5.018611109000062, 52.330459063000035], [5.018525963000059, 52.33044303400004], [5.018470699000034, 52.33043252600004], [5.018418907000068, 52.33042261300005], [5.018330499000058, 52.330405548000044], [5.01831197000007, 52.33040194900008], [5.018205168000065, 52.330381025000065], [5.01819053600002, 52.33037814000005], [5.018098500000065, 52.330359859000055], [5.018050798000047, 52.33035030000008], [5.018003799000041, 52.33034083300004], [5.017991966000068, 52.330338433000065], [5.017911298000058, 52.33032203000005], [5.017885566000075, 52.33031676400003], [5.017772022000031, 52.33029332900003], [5.017673169000034, 52.33027266300007], [5.017632984000045, 52.330264197000076], [5.017558854000072, 52.33024847000007], [5.017494185000032, 52.33023463400008], [5.017483348000042, 52.33023230800006], [5.017461338000032, 52.330227566000076], [5.017437116000053, 52.33022243000005], [5.017272269000046, 52.33018689900007], [5.017425182000068, 52.32985686300003], [5.017587025000068, 52.32950056700008], [5.017865327000038, 52.32870718400005], [5.017978503000052, 52.32835273900008], [5.018104009000069, 52.32782236200006], [5.018216173000042, 52.32702941300005], [5.018255765000049, 52.32656154700004], [5.018295355000021, 52.32609367100008], [5.018326587000047, 52.32567661400003], [5.01836877300002, 52.32511333300005], [5.018378293000069, 52.324986169000056], [5.018384628000035, 52.32490154200008], [5.018390632000035, 52.324821463000035], [5.01839863400005, 52.324712745000056], [5.018404505000035, 52.32462938500004], [5.018412373000047, 52.32451739500004], [5.018422991000023, 52.324339112000075], [5.018439667000052, 52.324164488000065], [5.018445124000039, 52.324067169000045], [5.018457740000031, 52.32384263200004], [5.018470411000067, 52.323616739000045], [5.018471789000046, 52.32359214400003], [5.018488467000054, 52.32329518800003], [5.018147733000035, 52.32323284800003], [5.017985405000047, 52.323202457000036], [5.017931832000045, 52.323192547000076], [5.016831646000071, 52.32302006700007], [5.016747302000056, 52.323004569000034], [5.016652238000063, 52.32298710500004], [5.016579915000023, 52.32322749700006], [5.016582117000041, 52.32328526800006], [5.016545133000022, 52.32343899500006], [5.016498637000041, 52.323547681000036], [5.016415214000062, 52.323645071000044], [5.016434506000053, 52.323685100000034], [5.016422988000045, 52.32373116200006], [5.016406948000053, 52.323804101000064], [5.016364150000072, 52.32396891800005], [5.016342487000031, 52.32411268000004], [5.016321488000074, 52.32423674300003], [5.016294867000056, 52.32429792000005], [5.016267698000036, 52.32434749200007], [5.016238518000023, 52.324399035000056], [5.016205706000051, 52.32444095000005], [5.016174686000056, 52.32447573400003], [5.016132663000064, 52.32451232600005], [5.016101433000074, 52.32449662500005], [5.016068217000054, 52.32447992900006], [5.015845124000066, 52.32436779100004], [5.015834022000035, 52.32436221100005], [5.01578321900007, 52.32433667000004], [5.015470404000041, 52.32416294400008], [5.015421478000064, 52.32413576400006], [5.015177535000021, 52.324000280000064], [5.015062135000051, 52.32393429800004], [5.014733493000051, 52.32374366800008], [5.01413915400002, 52.323390870000026], [5.013687401000027, 52.32311249800006], [5.012875955000027, 52.322658112000056], [5.012456177000047, 52.322416514000054], [5.012241586000073, 52.32227776500008], [5.011611824000056, 52.32191568400003], [5.011285633000057, 52.32172848500005], [5.010879380000063, 52.32148857900006], [5.010707127000046, 52.32139326500004], [5.010657637000065, 52.32136587400004], [5.010622366000064, 52.32134635800003], [5.010419723000041, 52.32122687700007], [5.010313388000043, 52.32116418100003], [5.010079337000036, 52.321031703000074], [5.009745482000028, 52.32083993700007], [5.009458871000049, 52.32068637400005], [5.00935953100003, 52.32062935400006], [5.009159856000053, 52.320528943000056], [5.009125188000041, 52.32051118000004], [5.009098142000028, 52.320497325000076], [5.009078661000046, 52.32048734000006], [5.008762790000048, 52.32032550400004], [5.008458292000057, 52.32015821200008], [5.008227630000022, 52.32002343000005], [5.007980108000027, 52.31988448700008], [5.007739036000032, 52.31974283200003], [5.007443119000072, 52.31957287700004], [5.007059532000028, 52.31935256100007], [5.006965657000023, 52.31930896500006], [5.006905980000056, 52.31927962600008], [5.00677640300006, 52.319215900000074], [5.006711329000041, 52.31917974000004], [5.006702376000021, 52.31917528100007], [5.006521718000045, 52.319077066000034], [5.006436485000052, 52.31902463600005], [5.005991057000074, 52.31875500800004], [5.005736247000073, 52.31860393000005], [5.005196904000059, 52.318278003000046], [5.005005873000073, 52.318141816000036], [5.004462893000039, 52.31777626400003], [5.004368507000038, 52.31771272200007], [5.004309155000044, 52.31767334300008], [5.00388649100006, 52.317392906000066], [5.003441054000064, 52.31709735700008], [5.003054877000068, 52.31686922600005], [5.002914390000058, 52.31678304500008], [5.002752546000067, 52.31668382500004], [5.00219880800006, 52.31632673100006], [5.00216051700005, 52.31630295100007], [5.001530166000066, 52.31591146000005], [5.001382041000056, 52.31583410500008], [5.001094103000071, 52.31569845800004], [5.00096562300007, 52.315635529000076], [5.000912494000033, 52.31560473400003], [5.00089194800006, 52.31559282100005], [5.000827073000039, 52.31555522000008], [5.000806644000022, 52.31554337100005], [5.000787893000052, 52.31553250600007], [5.00072037700005, 52.31549337800004], [5.000537042000076, 52.31538406300007], [5.000386217000028, 52.31530728300004], [5.000170764000075, 52.31521350100007], [4.999899395000057, 52.31508579600006], [4.999653371000022, 52.31495782400003], [4.999491133000049, 52.31486335200003], [4.999462344000051, 52.31484659500006], [4.999405937000063, 52.314815285000066], [4.999211830000036, 52.314707542000065], [4.999004330000048, 52.31458871800004], [4.998902538000038, 52.31453015300008], [4.998730617000035, 52.31442797300008], [4.998657007000077, 52.31437843400005], [4.998580461000074, 52.31433754900007], [4.998378439000021, 52.31421807600003], [4.998368022000022, 52.31421192200003], [4.998349771000051, 52.31420112100005], [4.998207039000022, 52.314112015000035], [4.998078265000061, 52.31403510600006], [4.99794681000003, 52.314001473000076], [4.997859325000036, 52.31397908400004], [4.997779003000062, 52.314031191000026], [4.997585121000043, 52.31415295700003], [4.99749145800007, 52.314217890000066], [4.997455147000039, 52.314246352000055], [4.997296857000038, 52.314195822000045], [4.997281521000048, 52.31421215600005], [4.997191627000063, 52.31429373800006], [4.99712960200003, 52.314384732000065], [4.997090071000059, 52.31445587500008], [4.997089879000043, 52.314479377000055], [4.997115740000027, 52.31464401800008], [4.997117431000049, 52.31468865700003], [4.997117822000064, 52.31469921000007], [4.997116279000068, 52.314714664000064], [4.997111939000035, 52.314758006000034], [4.997100593000027, 52.314807554000026], [4.997089260000052, 52.314825582000026], [4.997071457000061, 52.314847291000035], [4.997090241000024, 52.315071354000054], [4.997093755000037, 52.315123809000056], [4.997101325000074, 52.31523703400006], [4.997103776000074, 52.315273569000055], [4.997111089000043, 52.315434536000055], [4.997120318000043, 52.31554605900004], [4.997126814000069, 52.31562461500005], [4.997135249000053, 52.31577978000007], [4.997145791000037, 52.31590535500004], [4.997171631000072, 52.31603570800007], [4.997226864000027, 52.31621753200005], [4.997257051000076, 52.31631054700006], [4.997311585000034, 52.31644019500004], [4.997340933000032, 52.31651520400004], [4.997361453000053, 52.31659005900008], [4.997368358000074, 52.31667223800008], [4.997359721000066, 52.316765745000055], [4.997329677000039, 52.31688700700005], [4.997324615000025, 52.316907428000036], [4.997263126000064, 52.31706390900007], [4.997178854000026, 52.31725452100005], [4.997101570000041, 52.31739257800007], [4.997019729000044, 52.31751659100007], [4.997010319000026, 52.31752606900005], [4.996779675000028, 52.31775857500003], [4.996592020000037, 52.31798734900008], [4.99642947500007, 52.31818900900004], [4.996411592000072, 52.31821120400008], [4.996209374000045, 52.31845774300007], [4.996089195000025, 52.318617965000044], [4.996050685000057, 52.31867415500005], [4.99603025600004, 52.31870396200003], [4.995930116000068, 52.31883699100007], [4.995845363000058, 52.31893631200006], [4.99571536600007, 52.319065315000046], [4.995579217000056, 52.31919495200003], [4.995477680000022, 52.31930980300007], [4.995368253000038, 52.319452642000044], [4.995254327000055, 52.319615068000076], [4.995135695000045, 52.319790384000044], [4.995012947000021, 52.31997656300007], [4.994915301000049, 52.320118739000065], [4.994838829000059, 52.32022156600004], [4.994719426000074, 52.32036926900008], [4.994543802000067, 52.32058173100006], [4.994426185000066, 52.32071962600003], [4.994364519000044, 52.32079483700005], [4.994338661000029, 52.32082636100006], [4.994293562000053, 52.32088745300007], [4.994263298000021, 52.32093950900003], [4.994246577000069, 52.32097769600006], [4.994211187000076, 52.32102887100007], [4.993456060000028, 52.32195050400003], [4.993025086000046, 52.32254537700004], [4.992596400000025, 52.32313558200008], [4.99223629200003, 52.32361681400005], [4.992189538000048, 52.323678664000056], [4.992168758000048, 52.32370610600003], [4.992124257000057, 52.323750491000055], [4.992108303000066, 52.32376640000007], [4.992033742000046, 52.32387225100007], [4.991761076000046, 52.324279140000044], [4.991613580000035, 52.32453834700004], [4.991551160000029, 52.32466584400004], [4.991506517000062, 52.32475222000005], [4.991483820000042, 52.32480712200004], [4.991432983000038, 52.32493014600004], [4.991304607000075, 52.325247396000066], [4.991166503000045, 52.32557292700005], [4.991065478000053, 52.32579677800004], [4.990999987000066, 52.325931051000055], [4.990964724000037, 52.32600332900006], [4.990890113000034, 52.326141921000044], [4.990837653000028, 52.32621467200005], [4.990740772000038, 52.32634702400003], [4.990572439000061, 52.326539902000036], [4.990407267000023, 52.32671537200008], [4.990399416000059, 52.32672399200004], [4.990350298000067, 52.32677714300007], [4.99015892400007, 52.32697738500008], [4.98993701400002, 52.32720958300007], [4.989786139000046, 52.327362263000055], [4.989602680000075, 52.32754790800004], [4.989473159000056, 52.32766477100006], [4.989200820000065, 52.32787599200003], [4.989075731000071, 52.32796293200005], [4.989044097000033, 52.32798491700004], [4.988846823000074, 52.32809429800005], [4.988816910000025, 52.328110897000045], [4.98879512000002, 52.32812297500004], [4.988774539000076, 52.32813438300008], [4.988626681000028, 52.32821639200006], [4.988560929000073, 52.32825106000007], [4.988328370000033, 52.32837370500005], [4.987994492000041, 52.328551263000065], [4.987934043000052, 52.32857846300004], [4.987853526000038, 52.32862021700004], [4.987587345000065, 52.328761963000034], [4.987296909000065, 52.32893011200008], [4.987025474000063, 52.32911718100007], [4.986844244000054, 52.32925525700006], [4.986822405000055, 52.32927107300003], [4.986588225000048, 52.32944052600004], [4.986367269000027, 52.329599417000054], [4.986190930000021, 52.329713637000054], [4.986132219000069, 52.32975112400004], [4.986087259000044, 52.32977998400003], [4.986038461000021, 52.32981132000003], [4.985781709000037, 52.32996819200008], [4.985687673000029, 52.33002663500008], [4.985607467000023, 52.330075786000066], [4.985496650000073, 52.33014369800003], [4.98530130000006, 52.33025889500004], [4.98525846900003, 52.330280869000035], [4.985246649000032, 52.330286931000046], [4.985096652000038, 52.33036387700008], [4.985000250000041, 52.330404731000044], [4.984944936000034, 52.33042817200004], [4.984829803000025, 52.33046710200006], [4.984787481000069, 52.33048141900008], [4.984587493000049, 52.33053494300003], [4.98452676200003, 52.33055069000005], [4.984475213000053, 52.330564922000065], [4.984164880000037, 52.33062585300007], [4.983964420000063, 52.33066663900007], [4.983945705000053, 52.330669380000074], [4.983673337000027, 52.33070932700008], [4.983353776000058, 52.33074756700006], [4.98308120400003, 52.33076789200004], [4.982898141000021, 52.33077981300005], [4.982608506000076, 52.33079866800006], [4.982518398000025, 52.330803735000075], [4.982308706000026, 52.330802927000036], [4.982078640000054, 52.33080332600008], [4.982064836000063, 52.33080315300003], [4.981753276000063, 52.33080522200004], [4.981649241000071, 52.33080591700008], [4.981624595000028, 52.33080423300004], [4.981450639000059, 52.330792330000065], [4.981345063000049, 52.33078510100006], [4.981134649000069, 52.33077018700004], [4.980911069000058, 52.33076244500006], [4.980859309000039, 52.330761162000044], [4.980682897000065, 52.33076108600005], [4.980508694000036, 52.33078255200007], [4.979798627000037, 52.33100355300007], [4.979140127000051, 52.331036839000035], [4.978597347000061, 52.33106545100003], [4.978489092000075, 52.331070434000026], [4.978398539000068, 52.331074310000076], [4.978345656000045, 52.33107698500004], [4.978206284000066, 52.33110588400007], [4.978065676000028, 52.33113504800008], [4.977944824000076, 52.33116011000004], [4.977527543000065, 52.330893529000036], [4.97713529400005, 52.330642941000065], [4.976994696000077, 52.33064421500006], [4.976341602000048, 52.33065015400007], [4.97596111200005, 52.33063571000008], [4.975633482000035, 52.33060676300005], [4.975552633000063, 52.33059566000003], [4.975306162000038, 52.33056183600007], [4.975001839000072, 52.32997713200007], [4.974824258000069, 52.32970045500008], [4.974505935000025, 52.32932756000008], [4.974242925000055, 52.329097887000046], [4.974024447000033, 52.32890709600008], [4.973413855000047, 52.328474577000065], [4.972151767000071, 52.32771602300005], [4.971806549000064, 52.32747311300005], [4.971633230000066, 52.32727257300007], [4.971361854000065, 52.32695855900005], [4.971353693000026, 52.32694660400006], [4.971345414000041, 52.326934675000075], [4.971337032000065, 52.326922773000035], [4.971328547000041, 52.32691089700006], [4.971319944000072, 52.32689905700005], [4.971311239000045, 52.326887243000044], [4.971302430000037, 52.32687545600004], [4.971293519000028, 52.32686370500005], [4.971284490000073, 52.32685198000007], [4.971275358000071, 52.326840282000035], [4.971266123000021, 52.32682862900003], [4.971256785000037, 52.32681699300008], [4.971247344000062, 52.32680539200004], [4.971237785000028, 52.326793827000074], [4.971228138000072, 52.32678229800007], [4.971218373000056, 52.32677079600006], [4.971208521000051, 52.326759329000026], [4.971198550000054, 52.326747897000075], [4.971188476000066, 52.326736492000066], [4.97117658600007, 52.326723274000074], [4.97116488000006, 52.326710812000044], [4.971152761000042, 52.32669849200005], [4.971140245000072, 52.326686324000036], [4.97112734600006, 52.32667431600004], [4.97111404900005, 52.32666246800005], [4.971100370000045, 52.32665078100007], [4.971086307000064, 52.32663927200008], [4.971071877000043, 52.326627924000036], [4.971057078000058, 52.32661676300006], [4.971041925000065, 52.32660579000003], [4.971032991000072, 52.32659953000007], [4.970986236000044, 52.32656714400008], [4.970975144000022, 52.326559591000034], [4.970963963000031, 52.32655207400006], [4.97095267900005, 52.32654461100003], [4.970941321000055, 52.326537201000065], [4.970929875000024, 52.32652983600008], [4.970918355000038, 52.32652252400004], [4.97090673200006, 52.32651525700004], [4.970895035000069, 52.326508044000036], [4.970883264000065, 52.32650088400004], [4.970871405000025, 52.32649376900008], [4.970859457000074, 52.32648671600003], [4.970847436000042, 52.32647970800008], [4.970835326000042, 52.326472745000046], [4.970823142000029, 52.32646584500003], [4.970810869000047, 52.32645899800008], [4.970798538000054, 52.32645219600005], [4.970786103000023, 52.326445456000044], [4.970773609000048, 52.32643877000004], [4.970761027000037, 52.32643212900007], [4.970748385000036, 52.32642555000007], [4.970735655000055, 52.326419025000064], [4.970722851000062, 52.32641255400006], [4.970709973000055, 52.32640614500008], [4.970555477000062, 52.326329745000066], [4.970500839000067, 52.32630272400007], [4.970402550000074, 52.32625193000007], [4.970253554000067, 52.32616947300005], [4.969607307000047, 52.326518074000035], [4.969566195000027, 52.32654722800004], [4.969376668000052, 52.32667378900004], [4.969208742000035, 52.32678384400003], [4.968867801000044, 52.32698478100008], [4.968460449000077, 52.32722161300006], [4.967943675000072, 52.32752353200004], [4.96754026900004, 52.327757751000036], [4.965423570000041, 52.32703025200004], [4.964041035000037, 52.326555230000054], [4.963848689000031, 52.32649110600005], [4.963284301000044, 52.32629871600005], [4.962844011000072, 52.326149963000034], [4.962507538000068, 52.32603614900006], [4.962275585000043, 52.32595422000003], [4.961025223000036, 52.32551894000005], [4.95753445500003, 52.32431928500006], [4.956895241000041, 52.324095027000055], [4.956603548000032, 52.32399374400006], [4.956097235000072, 52.32381948800003], [4.955172668000046, 52.32350179600007], [4.955041918000063, 52.323459454000044], [4.955024797000021, 52.32347793300005], [4.954982873000063, 52.32346312100003], [4.954999950000058, 52.32344468600007], [4.954438413000048, 52.323252094000054], [4.953745403000028, 52.32301239700007], [4.953427026000043, 52.322899360000065], [4.952674818000048, 52.322644206000064], [4.95261666600004, 52.32270955800004], [4.952370098000074, 52.32297956900004], [4.952099991000068, 52.32327430700008], [4.951664807000043, 52.32374851600008], [4.951370560000043, 52.32407038000008], [4.951067979000072, 52.324400867000065], [4.950752184000066, 52.32474722200004], [4.95020034700002, 52.32534898900008], [4.949831281000058, 52.325749907000045], [4.94944321600002, 52.32617865200007], [4.948934914000063, 52.32673702900007], [4.948580582000034, 52.327126089000046], [4.948536807000039, 52.32717382200008], [4.948365516000024, 52.32736058100005], [4.948206073000051, 52.32753444100007], [4.947832801000061, 52.32794617600007], [4.947749715000043, 52.32803783000003], [4.947687414000029, 52.32810592300007], [4.947657856000035, 52.32813842100006], [4.946834897000031, 52.32785546400004], [4.946751969000047, 52.32782749100005], [4.946649176000051, 52.32779238000006], [4.946532784000055, 52.32775301200007], [4.946377095000059, 52.32769846000008], [4.945516092000048, 52.32740455900006], [4.944715390000056, 52.327129858000035], [4.943792305000045, 52.326810411000054], [4.943111602000045, 52.326576774000046], [4.942154950000031, 52.32624840700004], [4.941836574000035, 52.32614025500004], [4.941379919000042, 52.325982166000074], [4.940938473000074, 52.325830523000036], [4.94049301900003, 52.32567796500007], [4.940390429000047, 52.32559159200008], [4.940364636000027, 52.32557034600006], [4.94034742100007, 52.325556575000064], [4.940323983000042, 52.32553881600006], [4.940177110000036, 52.32543051600004], [4.940121629000032, 52.325388675000056], [4.940101897000034, 52.325374346000046], [4.940036070000076, 52.32533009400004], [4.939994151000064, 52.32530056300004], [4.939974484000061, 52.32528705200008], [4.939883482000027, 52.32520678000003], [4.939851386000043, 52.32519228700005], [4.939721601000031, 52.325101748000066], [4.939623760000075, 52.32503349400008], [4.939572113000054, 52.32499709600006], [4.939515504000042, 52.324956608000036], [4.939501415000052, 52.32494425900006], [4.939490729000056, 52.324937747000035], [4.939460331000021, 52.324913491000075], [4.939401684000075, 52.32486717100005], [4.939364915000056, 52.32483611400005], [4.939317204000076, 52.32477592200007], [4.939087836000056, 52.324601177000034], [4.938951147000068, 52.32448869900003], [4.938903229000061, 52.32444913300003], [4.938871780000056, 52.32442591500006], [4.938796047000039, 52.32436779200003], [4.938762017000045, 52.32434167100007], [4.938741547000063, 52.32432643100003], [4.938723377000031, 52.324312907000035], [4.938689121000039, 52.32428585900004], [4.938676741000052, 52.324274236000065], [4.938642594000044, 52.32424220000007], [4.938619653000046, 52.324221926000064], [4.938611104000074, 52.32421588100004], [4.938582186000076, 52.32420202900005], [4.938547839000023, 52.32418981100005], [4.938515901000073, 52.32418303000003], [4.938451366000038, 52.324172341000065], [4.938417035000043, 52.324167267000064], [4.938262852000037, 52.324144474000036], [4.93824513900006, 52.32414243800008], [4.938199515000065, 52.32413719600004], [4.938178095000069, 52.32413473300005], [4.938086320000025, 52.32412991800004], [4.938052310000046, 52.324127919000034], [4.938016908000066, 52.32412583400003], [4.937960278000048, 52.324122500000044], [4.937949436000054, 52.32408504300008], [4.937916824000069, 52.32397233000006], [4.937911623000048, 52.32395433500005], [4.937906252000062, 52.32393577300007], [4.937884177000058, 52.323854449000066], [4.937864818000037, 52.32378313000004], [4.937857368000039, 52.32375978700003], [4.937845983000045, 52.32373397600003], [4.93777355900005, 52.32359698800008], [4.937745249000045, 52.32354206500003], [4.937700727000049, 52.323465644000066], [4.93766964100007, 52.32341097900007], [4.937655208000024, 52.32338342200006], [4.937641609000025, 52.32335463600003], [4.937628656000072, 52.32332867500003], [4.937618331000067, 52.32329953400006], [4.937637572000028, 52.32329268600006], [4.937718478000022, 52.32326391000004], [4.937757901000055, 52.32324988600004], [4.937800283000058, 52.32323481200007], [4.937917398000025, 52.32312398000005], [4.937964883000063, 52.323085837000065], [4.937995820000026, 52.32306235300007], [4.938030174000062, 52.32303901600005], [4.938112833000048, 52.322987641000054], [4.938136554000039, 52.32297289300004], [4.938253717000066, 52.32290072600006], [4.938366286000075, 52.322838913000055], [4.938455112000042, 52.322817445000055], [4.938516367000034, 52.32280264100007], [4.938625502000036, 52.322739539000054], [4.938708448000057, 52.32268011200006], [4.938728130000072, 52.322665734000054], [4.938930749000065, 52.32251478900008], [4.938945274000048, 52.32250418500007], [4.938981926000054, 52.32248121600003], [4.93900115200006, 52.32246990200008], [4.939138200000059, 52.32238924400008], [4.93917787700002, 52.32236147800006], [4.939256306000061, 52.32230753400006], [4.939355255000066, 52.322239108000076], [4.939444172000037, 52.32217923600007], [4.939478195000049, 52.32215946600007], [4.939516279000031, 52.322138417000076], [4.939569791000054, 52.322111746000076], [4.939613142000042, 52.32209198400005], [4.939700193000021, 52.32205430400006], [4.939760879000062, 52.32202891900005], [4.939780847000065, 52.322016690000055], [4.939926178000064, 52.32193616200004], [4.939932321000072, 52.32183293400004], [4.939942888000076, 52.321758025000065], [4.939967743000068, 52.32158974300006], [4.939980455000068, 52.321499869000036], [4.939989005000029, 52.32145043200006], [4.940069487000073, 52.321153045000074], [4.940101727000069, 52.321068421000064], [4.940107367000053, 52.321054494000066], [4.940204454000025, 52.32081502300008], [4.940255958000023, 52.32072101700004], [4.940372164000053, 52.320506892000026], [4.940457765000076, 52.32038544100004], [4.940484812000022, 52.32034589800003], [4.940594579000049, 52.320192829000064], [4.940752366000027, 52.319988531000035], [4.940853583000035, 52.31986155700008], [4.941001411000059, 52.31967304900007], [4.941042088000074, 52.31961995900008], [4.941030891000025, 52.31961611500003], [4.940825458000063, 52.31954566700006], [4.940727149000054, 52.31951195100004], [4.940664298000058, 52.31949039500006], [4.940635738000026, 52.31948059800004], [4.940428041000075, 52.319409377000056], [4.940399407000029, 52.31939955300004], [4.940307983000025, 52.31936820900006], [4.940275739000072, 52.31935714900004], [4.940209469000024, 52.319334420000075], [4.940194575000021, 52.319329313000026], [4.940067429000067, 52.31928571800006], [4.940002884000023, 52.31926358000004], [4.939645461000055, 52.319141011000056], [4.939584030000049, 52.31911994400008], [4.939912338000056, 52.31876051800003], [4.940330717000052, 52.31830247500005], [4.940329218000045, 52.31828969800006], [4.940323399000022, 52.31824551900007], [4.940307493000034, 52.318202650000046], [4.940281041000048, 52.31815684800006], [4.940249938000022, 52.31810248000005], [4.940203264000047, 52.317993741000066], [4.940170720000026, 52.31791792300004], [4.940124147000063, 52.31780943600006], [4.940001485000039, 52.31749864400007], [4.939990472000034, 52.31747075800007], [4.939829616000054, 52.31711976200006], [4.939472928000043, 52.31699732100003], [4.938040848000071, 52.31650567200006], [4.938116786000023, 52.31638243300006], [4.938651930000049, 52.31579786900005], [4.938736720000065, 52.31563569300005], [4.938733133000028, 52.31549128200004], [4.938723152000023, 52.31509125300005], [4.938687726000069, 52.315079067000056], [4.938129747000062, 52.31488711900005], [4.936514806000048, 52.31433155500008], [4.935228334000044, 52.31388896000004], [4.935911345000022, 52.313143042000036], [4.936079077000045, 52.31295985500003], [4.93615741800005, 52.31287430300006], [4.93635090600003, 52.31266300200008], [4.936148581000054, 52.31259360900003], [4.935407736000059, 52.31233953800006], [4.935063957000068, 52.31222163500007], [4.934136955000042, 52.31190369600006], [4.933991480000032, 52.31180793100003], [4.933697693000056, 52.311610216000076], [4.933659928000054, 52.31158479800007], [4.93332816800006, 52.31136655200004], [4.933012182000027, 52.31115482700005], [4.932696717000056, 52.31094117200007], [4.932399654000051, 52.31074514000005], [4.93219913300004, 52.31061421700008], [4.93199499800005, 52.31048256100007], [4.931791093000072, 52.31035437500003], [4.931655157000023, 52.31026753300006], [4.931455498000048, 52.31014448500008], [4.931243760000029, 52.31002250500006], [4.93103204800002, 52.30989817900007], [4.930725031000065, 52.30972043000003], [4.930431535000025, 52.30954422500008], [4.930308887000024, 52.30947604600004], [4.930120543000044, 52.30937134800007], [4.930110322000075, 52.30936567300006], [4.930064497000046, 52.30934020500007], [4.930302461000053, 52.30918267000004], [4.930111813000053, 52.30907400800004], [4.929969017000076, 52.30899184800006], [4.929920339000034, 52.30896726700007], [4.929874986000073, 52.308944361000044], [4.929689946000053, 52.308850919000065], [4.929654367000069, 52.30883295900003], [4.929614763000075, 52.30881295100005], [4.929327558000068, 52.30853232100003], [4.929908080000075, 52.30810390900007], [4.929809469000077, 52.30804723800003], [4.92963829100006, 52.30795637400007], [4.929414982000026, 52.30782912400008], [4.929824619000044, 52.307515643000045], [4.92947216400006, 52.30741382400004], [4.929717591000042, 52.30710593600003], [4.929966662000027, 52.30678988300008], [4.930255593000027, 52.306429997000066], [4.93049168500005, 52.306163397000034], [4.930986257000029, 52.305686663000074], [4.931415653000045, 52.30528068800004], [4.931680865000033, 52.30502555800007], [4.931961068000021, 52.30483388600004], [4.932485572000076, 52.30447509900006], [4.932720276000055, 52.304263081000045], [4.933000777000075, 52.30386198300005], [4.933216343000026, 52.30355369500006], [4.933683500000029, 52.303104122000036], [4.934058007000033, 52.30280228300006], [4.934135113000025, 52.30274014100007], [4.934935248000045, 52.30196926700006], [4.934867782000026, 52.301942944000075], [4.936028228000055, 52.30072639000008], [4.937005201000034, 52.29962668500008], [4.937043612000025, 52.299583150000046], [4.937140922000026, 52.29947054500008], [4.937078862000021, 52.29944640100007], [4.937146061000021, 52.299368463000064], [4.937229872000046, 52.29927153400007], [4.938984203000075, 52.29723941000003], [4.939759147000075, 52.29634146400008], [4.940095283000062, 52.295951983000066], [4.94124537600004, 52.294619313000055], [4.941345262000027, 52.29450355900008], [4.943095538000023, 52.29247553600004], [4.943175128000064, 52.29238330600003], [4.943219957000053, 52.292331354000055], [4.943640956000024, 52.29184354000006], [4.944145993000063, 52.29125844100008], [4.946034027000053, 52.289070234000064], [4.946375345000035, 52.28867451700006], [4.946454660000029, 52.288580531000036], [4.946406208000042, 52.28856254500005], [4.946440710000047, 52.28852549100003], [4.94660811600005, 52.28834657500005], [4.94675277500005, 52.28819847400007], [4.946986203000051, 52.28796648800005], [4.947674240000026, 52.287223708000056], [4.948268564000045, 52.286594785000034], [4.948724299000048, 52.28610745000003], [4.94942443900004, 52.28536654800007], [4.950314395000021, 52.28441999300003], [4.952090355000053, 52.282534379000026], [4.951839114000052, 52.28244360300005], [4.952347386000042, 52.28184430700003], [4.952889198000037, 52.28120198200003], [4.953244462000043, 52.28078526400003], [4.953761691000068, 52.28017118300005], [4.95424956200003, 52.27955637300005], [4.954723793000028, 52.27895353500003], [4.954941518000055, 52.27867993400008], [4.954984419000027, 52.278626021000036], [4.954992890000028, 52.278615374000026], [4.955029115000059, 52.278569857000036], [4.955063204000055, 52.27852702900003], [4.955083260000038, 52.27850182900005], [4.955129973000055, 52.27844313000003], [4.955239686000027, 52.27830527100008]]], [[[4.90913474000007, 52.31825336000003], [4.909812282000075, 52.31826138900004], [4.910113857000056, 52.31826496100007], [4.910194761000071, 52.31826591600003], [4.910433513000044, 52.31826874800004], [4.910556343000053, 52.31827020500003], [4.910648363000064, 52.318276669000056], [4.910750352000036, 52.31827951500003], [4.910892192000063, 52.31827521500003], [4.911114863000023, 52.31826637800003], [4.911210825000069, 52.318266351000034], [4.911532064000028, 52.31826342700003], [4.911868019000053, 52.318258531000026], [4.912177259000032, 52.318248889000074], [4.912248134000038, 52.318249578000064], [4.912375042000065, 52.31824817300003], [4.912503223000044, 52.31838978600007], [4.912605371000041, 52.318502624000075], [4.912733159000027, 52.31864133200003], [4.913003135000054, 52.318935586000066], [4.913331941000024, 52.319287822000035], [4.913478643000076, 52.31947143600007], [4.913537034000058, 52.319553737000035], [4.914268783000068, 52.32039420600006], [4.914280911000048, 52.32040813100008], [4.914103028000056, 52.320481200000074], [4.913584903000071, 52.32069402500008], [4.913568389000034, 52.32070080700004], [4.91309002600002, 52.32090081900003], [4.912977746000024, 52.32094776100007], [4.912694897000051, 52.32106228200007], [4.912609170000053, 52.32110452200004], [4.912556831000074, 52.32113935500007], [4.912538242000039, 52.321175537000045], [4.912544311000033, 52.32121977200006], [4.912487312000053, 52.32125425400005], [4.912323375000028, 52.32131328400004], [4.911595340000076, 52.321593258000064], [4.911230940000053, 52.32173303500008], [4.910801221000042, 52.32188393600006], [4.910773236000068, 52.321887993000075], [4.91072971400007, 52.321914314000026], [4.910760588000073, 52.32198412000008], [4.910830564000037, 52.32207322800008], [4.910956757000065, 52.322261292000064], [4.911117191000073, 52.322503502000075], [4.911322864000056, 52.322824850000075], [4.911340712000026, 52.32287853400004], [4.911349964000067, 52.32289939600008], [4.911225246000072, 52.32301128600005], [4.910778280000045, 52.32330843700004], [4.910512363000066, 52.32346565000006], [4.91033359100004, 52.323566464000066], [4.910432896000032, 52.32363871200005], [4.910488610000073, 52.32367924700003], [4.910949407000032, 52.32401448500008], [4.911099593000074, 52.32409813600003], [4.911287684000058, 52.324162526000066], [4.911587175000022, 52.32420687200005], [4.912120266000045, 52.32425754700006], [4.912553695000042, 52.32432795300008], [4.912798966000025, 52.32436767400003], [4.91339223600005, 52.324468584000044], [4.913880702000029, 52.32455167100005], [4.913686404000032, 52.32573178600006], [4.913644369000053, 52.325987085000065], [4.913625987000046, 52.32609870300007], [4.913619109000024, 52.32614803600006], [4.913603432000059, 52.32626039200005], [4.913601057000051, 52.32627536500007], [4.913527005000049, 52.32674310600004], [4.913318571000048, 52.32805976700007], [4.913266956000029, 52.32838752300006], [4.913239311000041, 52.328572380000026], [4.913118693000058, 52.329344664000075], [4.91298234900006, 52.33018806700005], [4.912931093000054, 52.330510530000026], [4.912965444000065, 52.33051391200007], [4.913013527000032, 52.33051864400005], [4.913126292000072, 52.33053027600005], [4.913261881000039, 52.33054491200005], [4.913293428000031, 52.33054850800005], [4.913381944000037, 52.33055859600006], [4.913397226000029, 52.33056039200005], [4.913463949000061, 52.33056842500008], [4.913512974000071, 52.33057432800007], [4.913535140000022, 52.33057717600008], [4.913553086000036, 52.33057947700007], [4.91381194500002, 52.330615340000065], [4.914174224000021, 52.33067799500003], [4.914568097000029, 52.33076333500003], [4.91516107800004, 52.330914988000075], [4.916900791000046, 52.33136420200003], [4.917504474000054, 52.33154312000005], [4.918088769000065, 52.331716294000046], [4.918667308000067, 52.331890342000065], [4.919239555000047, 52.33206328400007], [4.919593045000056, 52.33216822000003], [4.919961804000025, 52.332258386000035], [4.920370931000036, 52.332360394000034], [4.921673472000066, 52.332761256000026], [4.922549772000025, 52.33308430400007], [4.922437622000075, 52.333216253000046], [4.922611185000051, 52.333328203000065], [4.92279144500003, 52.33345923300004], [4.92287962000006, 52.333529414000054], [4.922979345000044, 52.333614613000066], [4.923006365000049, 52.33364037000007], [4.923034807000022, 52.33366749900006], [4.923051274000045, 52.33368244700006], [4.923082157000067, 52.333711976000075], [4.923113061000038, 52.33374362700005], [4.923156542000072, 52.333787648000055], [4.923289804000035, 52.33393915600004], [4.923406046000025, 52.334089437000046], [4.923511544000064, 52.334257113000035], [4.923592349000046, 52.334414984000034], [4.923628515000075, 52.334507709000036], [4.923676512000043, 52.33463075000003], [4.923726274000046, 52.33481105900006], [4.923750884000071, 52.33495531900007], [4.923767866000048, 52.33526806900005], [4.923764574000074, 52.335442777000026], [4.923885946000041, 52.33543671000007], [4.924143442000059, 52.33542383200006], [4.924479768000026, 52.33540701000004], [4.924521194000022, 52.33540493400005], [4.924564117000045, 52.33540278300006], [4.924799761000031, 52.335384704000035], [4.925223176000031, 52.335379455000066], [4.925270750000038, 52.335380153000074], [4.925350466000054, 52.33538131800003], [4.925492132000045, 52.33538339900008], [4.925611184000047, 52.335378813000034], [4.925637443000028, 52.33537780000006], [4.92570708900007, 52.33537511500003], [4.925772638000069, 52.33537282700007], [4.925889101000053, 52.33541265700006], [4.925998337000067, 52.33545045300008], [4.926383094000073, 52.33558356900005], [4.926941299000021, 52.33577669500005], [4.926769226000033, 52.33596468700006], [4.928423849000069, 52.33653137300007], [4.928492581000057, 52.33655491800005], [4.928826386000026, 52.336492992000046], [4.930794783000067, 52.33612782500006], [4.932687594000072, 52.33577766900004], [4.934219889000076, 52.33549611800004], [4.935622938000051, 52.33551406400005], [4.935906876000047, 52.33521925400004], [4.935966783000026, 52.33515704400003], [4.936024065000026, 52.33509757500008], [4.936395290000064, 52.33471213200005], [4.936510889000033, 52.334592100000066], [4.936757292000038, 52.334675411000035], [4.937336397000024, 52.334871201000055], [4.937703615000032, 52.33500333300003], [4.937832244000049, 52.335056903000066], [4.937910098000032, 52.33509262800004], [4.937931386000059, 52.335105705000046], [4.937971849000064, 52.33513059300003], [4.938059059000068, 52.33518420300004], [4.938147404000063, 52.335238762000074], [4.938326476000043, 52.33528950300007], [4.938498835000075, 52.33530759300004], [4.938823049000064, 52.33539834000004], [4.939028147000045, 52.33547263600008], [4.939394583000023, 52.335566957000026], [4.939527247000058, 52.335593164000045], [4.939673821000042, 52.33560764900005], [4.93980494300007, 52.33561227900003], [4.939957340000035, 52.33561681000003], [4.940364766000073, 52.33560396900003], [4.941538244000071, 52.33554180500005], [4.941575428000021, 52.33553983300004], [4.941704743000059, 52.33553298600003], [4.941707664000035, 52.335696547000055], [4.941708056000039, 52.335718892000045], [4.941713153000023, 52.33600493600005], [4.941713764000042, 52.336039020000044], [4.941710913000065, 52.33616523300003], [4.941720327000041, 52.33640710100008], [4.942225715000063, 52.336472951000076], [4.943123812000067, 52.33658997500004], [4.94348967600007, 52.33666990000006], [4.943513822000057, 52.33667324400005], [4.943797517000064, 52.336712488000046], [4.943747493000046, 52.336741016000076], [4.94392223400007, 52.336791696000034], [4.943934202000037, 52.33679371000005], [4.943946826000058, 52.33680042600008], [4.943988700000034, 52.33681823400008], [4.944207807000055, 52.33688992300006], [4.944225049000067, 52.336895569000035], [4.944586925000067, 52.337008093000065], [4.944617466000068, 52.33701759000007], [4.944766056000049, 52.33706311100008], [4.944811768000022, 52.33707711400007], [4.944837044000053, 52.33708496500003], [4.944905543000061, 52.33710625300006], [4.944974847000026, 52.33712779500007], [4.945033810000041, 52.33714611600004], [4.945147722000058, 52.33718055200006], [4.945249186000069, 52.33721121900004], [4.945258931000069, 52.33721393400003], [4.945483034000063, 52.33727648100006], [4.945532738000054, 52.33729035400006], [4.945776410000065, 52.33736231200004], [4.945872454000039, 52.33739065800006], [4.945952712000064, 52.33741437000003], [4.946048934000032, 52.33744405600004], [4.946109300000046, 52.33746148300003], [4.946146767000073, 52.33747248900005], [4.946225813000069, 52.33749572100004], [4.946269864000044, 52.33750867400005], [4.946308108000039, 52.33751975500007], [4.94640380200002, 52.337547991000065], [4.946483345000047, 52.337571413000035], [4.946560722000072, 52.33759422500003], [4.946748534000051, 52.33765321800007], [4.946765721000077, 52.33765861200004], [4.946831347000057, 52.33767544700004], [4.94687904400007, 52.337687678000066], [4.947024505000059, 52.33770292300005], [4.947094822000054, 52.33772011700006], [4.947376019000046, 52.337788885000066], [4.947911229000056, 52.337915758000065], [4.948341166000034, 52.33802767800006], [4.94856683200004, 52.33810667200004], [4.948613475000059, 52.33812173700005], [4.94864302000002, 52.33813128400004], [4.948667728000032, 52.338131376000035], [4.949054691000072, 52.33823885500004], [4.949082020000048, 52.33824547300003], [4.949346440000056, 52.338325894000036], [4.949547437000035, 52.338378757000044], [4.949527534000026, 52.338407750000044], [4.94957868900002, 52.33843846100007], [4.949859319000041, 52.338528361000044], [4.94970048700003, 52.33872757000006], [4.949781653000059, 52.338759390000064], [4.950444798000035, 52.33901938300005], [4.950572082000065, 52.33906928500005], [4.951888187000065, 52.33966996600003], [4.952378944000031, 52.33992861200005], [4.952496750000023, 52.34000582700003], [4.952640873000064, 52.34010027800008], [4.953002983000033, 52.340337598000076], [4.953052483000022, 52.34037003700007], [4.95383614900004, 52.341060766000055], [4.954103657000076, 52.34134910100005], [4.954957537000041, 52.34226943700003], [4.954997051000021, 52.34231203000007], [4.955018065000047, 52.34233312900005], [4.956556701000068, 52.343877803000055], [4.957001756000068, 52.34435037800006], [4.957096867000075, 52.34443785000008], [4.95741504800003, 52.34473049600007], [4.958072529000049, 52.34533517500006], [4.959695665000027, 52.34692954600007], [4.959755138000048, 52.347024841000064], [4.959875096000076, 52.34721708100005], [4.959922002000042, 52.34741807200004], [4.959929078000073, 52.347448350000036], [4.960309800000061, 52.347820772000034], [4.960318611000048, 52.34782938700005], [4.960533997000027, 52.34804006200005], [4.96062706400005, 52.34813110200008], [4.961159026000075, 52.34865145500004], [4.961169349000045, 52.34866155000003], [4.96122476100004, 52.34871574700003], [4.961364998000022, 52.34885291900008], [4.961914999000044, 52.349564763000046], [4.962535041000024, 52.35036722700005], [4.963939654000058, 52.35205494400003], [4.964955754000073, 52.35327575000008], [4.965821875000074, 52.35469677000003], [4.965856140000028, 52.35465125300004], [4.966056264000031, 52.35438541700006], [4.966157090000024, 52.35426310300005], [4.966238879000059, 52.35416386400004], [4.966251270000043, 52.35418995500004], [4.966280669000071, 52.35420710000005], [4.966355775000068, 52.354236685000046], [4.966428615000041, 52.354254569000034], [4.966522395000027, 52.35427933100004], [4.966608995000058, 52.35431351300008], [4.966723385000023, 52.35435350100005], [4.966844854000044, 52.354393110000046], [4.96703233300002, 52.35446671100004], [4.967216690000043, 52.35454128900005], [4.967417452000063, 52.35462133500005], [4.96743639500005, 52.35462823300003], [4.967610043000036, 52.35469147500004], [4.967725037000037, 52.35473458300004], [4.96791971500005, 52.354812397000046], [4.968079402000058, 52.35486209800007], [4.968213834000039, 52.354900214000054], [4.968309049000027, 52.35492703800003], [4.968540794000035, 52.35501547900003], [4.968736081000031, 52.35508819700004], [4.968873132000056, 52.35515374300007], [4.968939688000034, 52.355187655000066], [4.969118612000045, 52.35528339500007], [4.969220371000063, 52.35532937600004], [4.969321449000063, 52.355382302000066], [4.969396786000061, 52.35542368600005], [4.969521410000027, 52.35549827500006], [4.96950051500005, 52.35557700500004], [4.969312798000033, 52.35561032500004], [4.969330021000076, 52.35564104300005], [4.969365975000073, 52.355634132000034], [4.969402706000039, 52.35570843700003], [4.969593775000021, 52.35610177400008], [4.970185723000043, 52.35599306100005], [4.97021559600006, 52.35605069700006], [4.970327732000044, 52.35602824500006], [4.970424245000061, 52.35601115800006], [4.970392999000069, 52.35595740900004], [4.970676145000027, 52.35590197300007], [4.971100780000029, 52.35581664500006], [4.971500782000021, 52.35572515400003], [4.971791963000044, 52.35564829800006], [4.972177590000058, 52.35554594200005], [4.972479648000046, 52.35545645000008], [4.972793289000037, 52.355352366000034], [4.97318192900002, 52.35521913600007], [4.973458353000069, 52.35511393100006], [4.973874113000022, 52.35494780800008], [4.974151532000064, 52.354825223000034], [4.974489335000044, 52.35466649300008], [4.974802837000027, 52.354506841000045], [4.975528693000058, 52.35412098300003], [4.976024204000055, 52.35385436900003], [4.977066610000065, 52.35330207100003], [4.977877957000032, 52.352868142000034], [4.979349853000031, 52.35208306200008], [4.979737173000046, 52.351877365000064], [4.980459387000053, 52.35149189600003], [4.982039144000055, 52.350648645000035], [4.982730881000066, 52.350279011000055], [4.984516843000051, 52.34933097800007], [4.986336278000067, 52.34836190100003], [4.987841764000052, 52.347560230000056], [4.988889658000062, 52.34700285800005], [4.989979257000073, 52.346424927000044], [4.990784990000066, 52.345994818000065], [4.991615406000051, 52.34555481800004], [4.992782529000067, 52.34492974600005], [4.993233754000073, 52.34468747600005], [4.993728262000047, 52.34442236600006], [4.993753090000041, 52.34441097200005], [4.993817891000049, 52.344384898000044], [4.993866699000023, 52.344368415000076], [4.993933832000039, 52.34434740900008], [4.994018005000044, 52.34431463200008], [4.994125586000052, 52.34426173800006], [4.994313915000021, 52.34415828500005], [4.994672158000071, 52.343967416000055], [4.994950780000067, 52.34381730200005], [4.995323108000036, 52.34361629400007], [4.995781547000036, 52.34337154900004], [4.99632749400007, 52.34308077700007], [4.99682002000003, 52.34281831700008], [4.997272699000064, 52.34257587500008], [4.997826709000037, 52.342278813000064], [4.998047770000028, 52.34216066000005], [4.998264810000023, 52.34204759000005], [4.999061675000064, 52.34167520300008], [4.999319610000043, 52.34153647000005], [4.999548560000051, 52.341723976000026], [4.999581097000032, 52.34174692900007], [4.999614416000043, 52.34176945300004], [4.999648531000048, 52.34179154000003], [4.999683399000048, 52.34181317100007], [4.999719019000054, 52.34183433600003], [4.99975536200003, 52.34185503700007], [4.999792429000024, 52.34187525500005], [4.999830189000022, 52.34189498100005], [4.999868629000048, 52.34191421400004], [4.999907734000033, 52.34193292900005], [4.999947474000066, 52.341951133000066], [4.999987850000025, 52.341968818000055], [5.000028832000055, 52.34198595700008], [5.00007040600002, 52.342002567000065], [5.000117007000028, 52.34202147700006], [5.00016421600003, 52.34203983200007], [5.000211972000045, 52.34205762200003], [5.000260291000075, 52.34207484700005], [5.000309157000061, 52.34209149000003], [5.000358528000049, 52.342107551000026], [5.000408388000039, 52.34212302900005], [5.00045873800002, 52.34213790600006], [5.000509562000047, 52.34215219200007], [5.000560803000042, 52.34216586800005], [5.000612489000048, 52.34217893400006], [5.000664562000054, 52.34219138100008], [5.00071702300005, 52.342203219000055], [5.000769855000044, 52.342214428000034], [5.000823016000027, 52.34222501000005], [5.00087651900003, 52.34223495400005], [5.000930308000022, 52.34224427000004], [5.000984395000046, 52.34225294000004], [5.001077216000056, 52.342270787000075], [5.001170365000064, 52.34228799600004], [5.001263813000037, 52.34230456900008], [5.00135756100002, 52.34232049500008], [5.001451608000025, 52.34233577500004], [5.001545910000061, 52.34235040900006], [5.001640481000038, 52.34236439600005], [5.001735308000036, 52.34237772800003], [5.001830376000044, 52.34239041400008], [5.001925654000047, 52.34240244400007], [5.002021159000037, 52.342413828000076], [5.002116859000068, 52.342424547000064], [5.002212757000052, 52.342434611000044], [5.002308822000032, 52.342444010000065], [5.00240506800003, 52.34245275300003], [5.002501452000047, 52.34246083200003], [5.002597989000037, 52.34246825500003], [5.003772186000049, 52.34254633900008], [5.003827231000059, 52.342552943000044], [5.003882487000055, 52.34255883900005], [5.003937941000061, 52.34256402400007], [5.003993548000039, 52.342568509000046], [5.004049307000059, 52.34257226700004], [5.004105175000063, 52.34257531500003], [5.004161138000029, 52.342577653000035], [5.004217165000057, 52.34257926400005], [5.004273243000057, 52.342580164000026], [5.00432932700005, 52.342580346000034], [5.004385417000037, 52.34257980800004], [5.004441469000028, 52.34257855100003], [5.004497469000057, 52.342576575000066], [5.004553387000044, 52.34257388000003], [5.004609208000034, 52.34257047400007], [5.004664889000026, 52.342566358000056], [5.004720429000031, 52.34256152300003], [5.00477578400006, 52.34255597600003], [5.004830940000033, 52.34254972800005], [5.004912077000029, 52.34254094900007], [5.004993, 52.34253150400008], [5.00507372200002, 52.342521401000056], [5.005154216000051, 52.342510624000056], [5.005234451000035, 52.34249918100005], [5.005314442000042, 52.34248708100006], [5.005394145000025, 52.34247432400008], [5.005473575000053, 52.34246091000006], [5.005552703000035, 52.342446848000066], [5.00563149900006, 52.34243212900003], [5.005709977000038, 52.34241676100004], [5.005847113000073, 52.342382007000026], [5.005984684000055, 52.342347920000066], [5.006122689000051, 52.342314499000054], [5.006261129000052, 52.34228174400005], [5.006399973000043, 52.342249655000046], [5.006539237000027, 52.34221824200006], [5.006678906000047, 52.34218750400004], [5.006818951000071, 52.34215744100004], [5.006959385000073, 52.34212805300007], [5.007036581000023, 52.34211496300003], [5.007113488000073, 52.342101280000065], [5.007190122000054, 52.34208701100005], [5.007266467000022, 52.34207215600003], [5.007342494000056, 52.34205671700005], [5.007418203000043, 52.34204070100003], [5.007493580000073, 52.34202410900008], [5.007568609000032, 52.34200694100008], [5.007643276000067, 52.34198920500006], [5.00771759600002, 52.34197089200006], [5.007791524000027, 52.341952022000044], [5.007865061000075, 52.34193258300007], [5.007901532000062, 52.341921565000064], [5.007938497000055, 52.341911167000035], [5.007975912000063, 52.34190141000005], [5.008013761000029, 52.34189229200007], [5.008052001000067, 52.34188382200006], [5.00809061700005, 52.34187600100006], [5.008129579000069, 52.34186884600007], [5.008168844000068, 52.341862356000036], [5.008208396000043, 52.34185654200007], [5.008248178000031, 52.34185139400006], [5.008288188000051, 52.34184692900004], [5.00832839800006, 52.34184315700003], [5.008368749000056, 52.34184006000004], [5.008409226000026, 52.34183765500006], [5.008449800000051, 52.341835942000046], [5.008490442000038, 52.34183491300007], [5.008531107000067, 52.34183458500007], [5.008571766000045, 52.34183494900003], [5.008612404000075, 52.34183600400007], [5.008652978000043, 52.34183775200006], [5.008693443000027, 52.341840182000055], [5.008733800000073, 52.341843304000065], [5.008773989000076, 52.34184711800003], [5.008813996000072, 52.34185161400006], [5.008853778000059, 52.341856783000026], [5.008893304000026, 52.34186263500004], [5.008932561000051, 52.341869150000036], [5.008971503000055, 52.341876339000066], [5.009019602000023, 52.34188363800007], [5.00906741600005, 52.341891556000064], [5.009114961000023, 52.34190010300006], [5.009162192000076, 52.34190926800005], [5.009209096000063, 52.341919044000065], [5.009255642000028, 52.34192943000005], [5.009301830000027, 52.341940425000075], [5.009347618000049, 52.341952022000044], [5.009392989000048, 52.34196421000007], [5.009437916000024, 52.341976990000035], [5.009482397000056, 52.34199035300003], [5.009526403000052, 52.34200429900005], [5.009569921000036, 52.34201881800004], [5.009612906000029, 52.342033893000064], [5.009655372000054, 52.34204953200003], [5.009697276000054, 52.34206571700008], [5.009738617000039, 52.34208245000008], [5.009779353000056, 52.34209971900003], [5.009819482000069, 52.34211751700008], [5.009899308000058, 52.342148860000066], [5.009978557000068, 52.34218073100004], [5.010057243000062, 52.34221314000007], [5.010135324000032, 52.342246086000046], [5.010212814000056, 52.34227955100005], [5.010289697000076, 52.34231353600006], [5.010365960000058, 52.34234804000005], [5.010441602000071, 52.34238306300006], [5.010516609000035, 52.342418588000044], [5.010590966000052, 52.34245462200005], [5.010664659000042, 52.34249114900007], [5.010737702000029, 52.34252818600004], [5.010810081000045, 52.34256570600007], [5.010881766000068, 52.34260370900006], [5.010941597000055, 52.34263446700004], [5.011000734000049, 52.342665716000056], [5.011059162000038, 52.34269747600007], [5.011116868000045, 52.34272970900008], [5.011173850000034, 52.342762435000054], [5.01123009500003, 52.342795634000026], [5.011285587000032, 52.342829307000045], [5.011340313000062, 52.34286344600008], [5.011394271000029, 52.34289804000008], [5.011447434000047, 52.34293308100007], [5.011499830000048, 52.34296856900005], [5.01155140000003, 52.34300449500006], [5.011602174000075, 52.34304085800005], [5.011652123000033, 52.343077641000036], [5.011701232000064, 52.34311483600004], [5.011749516000066, 52.34315244900006], [5.011796931000049, 52.34319046500008], [5.011843506000048, 52.343228873000044], [5.011875863000057, 52.343254986000034], [5.011907307000058, 52.343281510000054], [5.011937837000062, 52.34330843500004], [5.011967425000023, 52.34333575200003], [5.011996070000066, 52.34336343500007], [5.012023774000056, 52.34339149300007], [5.012050491000025, 52.343419889000074], [5.012076222000076, 52.34344863200005], [5.012100968000027, 52.343477696000036], [5.012124712000059, 52.34350708000005], [5.012147442000071, 52.34353675700004], [5.012169142000062, 52.34356671900008], [5.01218981300002, 52.343596956000056], [5.012209425000037, 52.34362745100003], [5.012227993000067, 52.34365820200003], [5.012245502000042, 52.343689175000065], [5.012255214000049, 52.343713886000046], [5.012216849000026, 52.34372138600003], [5.01228013900004, 52.34384678500004], [5.012301657000023, 52.34384271000005], [5.01234454300004, 52.343939212000066], [5.012360485000045, 52.34398039900003], [5.012380055000051, 52.34430945500003], [5.012871373000053, 52.344871383000054], [5.014744920000055, 52.34700807400003], [5.01484064400006, 52.34711724300007], [5.015898021000055, 52.34832300800008], [5.017638734000059, 52.34879323600006], [5.03905544600002, 52.35457572800004], [5.038973479000049, 52.355843950000065], [5.038513455000043, 52.36212110900004], [5.038448955000035, 52.363176957000064], [5.037952232000066, 52.37130744400008], [5.037678546000052, 52.37540137600007], [5.040270781000061, 52.376229686000045], [5.052327806000051, 52.380020580000064], [5.062311074000036, 52.383166009000036], [5.067097301000047, 52.38467355300003], [5.079161121000027, 52.388654228000064], [5.077452811000057, 52.39743635800005], [5.074260430000038, 52.41383846200006], [5.071798042000069, 52.414963327000066], [5.071322060000057, 52.415180752000026], [5.06991576300004, 52.41582312500003], [5.068536189000042, 52.41643935600007], [5.068506873000047, 52.416452452000044], [5.068268641000031, 52.416557846000046], [5.068246145000046, 52.41655872000007], [5.068151841000031, 52.41656240300006], [5.068107790000056, 52.41656412700007], [5.068074606000039, 52.416565422000076], [5.067959202000054, 52.41656992800006], [5.067933546000063, 52.416570929000045], [5.067917950000037, 52.41657499400003], [5.067861356000037, 52.41658976100007], [5.067850134000025, 52.41659268700005], [5.067812700000047, 52.41660245500003], [5.067689070000029, 52.41663471000004], [5.067665890000058, 52.416640759000074], [5.06760158000003, 52.41665752700004], [5.067297799000073, 52.41673677800003], [5.066244594000068, 52.41701470000004], [5.065810904000045, 52.417131675000064], [5.065411352000069, 52.41723943900007], [5.06482532800004, 52.416946651000046], [5.064379331000055, 52.41675513600006], [5.063681405000068, 52.416432101000055], [5.063186665000046, 52.41625828800005], [5.06255509500005, 52.416173309000044], [5.062088171000028, 52.41618391900005], [5.05775535500004, 52.41653777500005], [5.05508751800005, 52.41597279000007], [5.052518943000052, 52.41554077100005], [5.050924393000059, 52.41527892700003], [5.049175952000041, 52.415129282000066], [5.047270580000031, 52.41567422900005], [5.043994644000065, 52.41661105900005], [5.043492539000056, 52.41674455200007], [5.042588907000038, 52.41698479900003], [5.040709724000067, 52.417244821000054], [5.039388024000061, 52.41738196500006], [5.038637254000037, 52.41758720200005], [5.037368446000073, 52.41794127600008], [5.036873148000041, 52.41808878200004], [5.036307515000033, 52.418204064000065], [5.035867539000037, 52.41826819000005], [5.035469007000074, 52.418273973000055], [5.035236909000048, 52.41825100400007], [5.035046050000062, 52.418203109000046], [5.034767386000055, 52.41805985600007], [5.03440366600006, 52.41781415100007], [5.034062658000039, 52.417174095000064], [5.033467248000022, 52.41668541100006], [5.032487907000075, 52.41627742500003], [5.030043630000023, 52.41564351900007], [5.030107404000034, 52.41620575700006], [5.030083683000043, 52.41659213100007], [5.030082618000051, 52.41660943800008], [5.030048979000071, 52.41682930700006], [5.029943481000032, 52.417203509000046], [5.029726638000056, 52.41770684100004], [5.02950929900004, 52.418063251000035], [5.029291212000032, 52.41839004500008], [5.029234878000068, 52.41847446500003], [5.028978366000047, 52.41885883400005], [5.028863738000041, 52.418986191000045], [5.028691705000028, 52.419177312000045], [5.028356159000055, 52.419416444000035], [5.027259155000024, 52.419865525000034], [5.026915217000067, 52.41997261800003], [5.026499418000071, 52.420064240000045], [5.02606538200007, 52.420116988000075], [5.025621697000076, 52.420152287000064], [5.025399499000059, 52.420129634000034], [5.025388234000047, 52.42012848500008], [5.024954430000037, 52.420084245000055], [5.024940315000038, 52.420082809000064], [5.024815261000072, 52.42008827800004], [5.024745268000061, 52.42009262900007], [5.024416659000053, 52.42011306000006], [5.024313706000044, 52.420119458000045], [5.024302705000025, 52.420120144000066], [5.024286571000061, 52.420121119000044], [5.024276264000036, 52.42012317200005], [5.023856628000033, 52.420206703000076], [5.023557817000039, 52.42026618300008], [5.023202080000033, 52.420365841000034], [5.022372055000062, 52.42076736100006], [5.021932028000037, 52.421063943000036], [5.021654922000039, 52.421199916000035], [5.021609756000032, 52.42122207500006], [5.021515387000022, 52.42120150800008], [5.021405983000022, 52.42117166400004], [5.021280314000023, 52.42112847800007], [5.021153624000021, 52.42106815800008], [5.02110867600004, 52.421001673000035], [5.02095646600003, 52.42078147500007], [5.020657259000075, 52.420340440000075], [5.020468975000028, 52.42005864600003], [5.020391047000032, 52.41995959600007], [5.020312833000048, 52.41989855300005], [5.020184850000021, 52.41984241600005], [5.019924416000038, 52.41976561100006], [5.019722022000053, 52.41968644200006], [5.019311135000066, 52.41951059300004], [5.01902804100007, 52.419378478000056], [5.018636672000071, 52.41921601700005], [5.018615285000067, 52.41920714300005], [5.01851150300007, 52.419124260000046], [5.018460594000032, 52.41913531800003], [5.018447390000063, 52.41913579900006], [5.018412830000045, 52.41912887900003], [5.018388034000054, 52.419121450000034], [5.018374178000045, 52.41911729900005], [5.018352582000034, 52.419110455000066], [5.01831276200005, 52.41909609500004], [5.018295641000066, 52.41909034400004], [5.018203980000067, 52.419059582000045], [5.017808023000043, 52.41919435700004], [5.01763532700005, 52.41925998500005], [5.017561719000071, 52.41928717700006], [5.017209492000063, 52.419407626000066], [5.016919488000042, 52.41950695000003], [5.016705443000035, 52.41958084200007], [5.016587973000071, 52.419621781000046], [5.016562166000028, 52.419633357000066], [5.01647497600004, 52.41966380400004], [5.016289182000037, 52.41972381700003], [5.016109657000072, 52.41978812800005], [5.01599234300005, 52.419832995000036], [5.015877844000045, 52.41987353800005], [5.015828419000059, 52.41988970500006], [5.015747407000049, 52.41991615300003], [5.015578769000058, 52.419975761000046], [5.015322741000034, 52.42007355100003], [5.015224927000077, 52.420108592000076], [5.015147064000075, 52.42013282100004], [5.01504393700003, 52.42016322600006], [5.015002469000024, 52.42017545400006], [5.014985037000031, 52.420185708000076], [5.014969811000071, 52.420194027000036], [5.014944613000068, 52.42020124600003], [5.014922804000037, 52.42020581500003], [5.014882493000073, 52.42021145900003], [5.014777953000021, 52.420245624000074], [5.014521346000038, 52.42033510700003], [5.014367884000023, 52.42038841500005], [5.014094299000021, 52.42048622000004], [5.013993438000057, 52.420521619000056], [5.013964712000075, 52.420532295000044], [5.013794936000068, 52.42060427200005], [5.013739125000029, 52.42062794100008], [5.01371769800005, 52.42064117500007], [5.013679511000021, 52.420656414000064], [5.013567659000046, 52.42069629900004], [5.013473011000031, 52.420728661000055], [5.013383137000062, 52.42076128200006], [5.013293591000036, 52.42079170100004], [5.013162632000046, 52.420839829000045], [5.013071577000062, 52.420869578000065], [5.013010677000068, 52.42089013800006], [5.01284799900003, 52.42094631800006], [5.012751483000045, 52.42098215300007], [5.012669800000026, 52.42101096000005], [5.012610850000044, 52.42103378200005], [5.012519417000021, 52.421066361000044], [5.012419692000037, 52.42109743900005], [5.012319594000076, 52.42113599400005], [5.012132026000074, 52.42120799300005], [5.012011762000043, 52.421249620000026], [5.011854672000027, 52.421305268000026], [5.011572056000034, 52.42140591500004], [5.011370123000063, 52.42147784900004], [5.01134247400006, 52.42148795300005], [5.011321918000021, 52.42149547400004], [5.011308027000041, 52.421500553000044], [5.011261926000032, 52.421516162000046], [5.011179514000048, 52.42154404000007], [5.011101899000039, 52.42157295000004], [5.011056324000037, 52.421590673000026], [5.010972495000033, 52.42162093700006], [5.010920604000034, 52.42163969100005], [5.010630138000067, 52.421746719000055], [5.010469827000065, 52.42180052100008], [5.010390272000052, 52.42182934300007], [5.010303811000028, 52.42186120800005], [5.010237561000054, 52.421883035000064], [5.010203127000068, 52.42188532500006], [5.010167589000048, 52.42190003200005], [5.009985541000049, 52.42196675200006], [5.009710897000048, 52.42207454600003], [5.009614977000069, 52.42211052400006], [5.009547830000031, 52.42213570900003], [5.009417463000034, 52.42217556700007], [5.009378156000025, 52.42218893200004], [5.009320339000055, 52.42220958100006], [5.009118946000058, 52.42228106400006], [5.00893505800002, 52.42234605900006], [5.008815774000027, 52.42239103900005], [5.00874480300007, 52.42241804500003], [5.008712666000065, 52.42243194500003], [5.008537549000039, 52.42249231200003], [5.008372325000039, 52.42255264800008], [5.008356574000061, 52.42255853900008], [5.008140615000059, 52.42263284900008], [5.00801999600003, 52.422672162000026], [5.007958642000062, 52.42269198100007], [5.007939347000047, 52.42270143700006], [5.007766859000071, 52.42276343800006], [5.007462923000048, 52.422874325000066], [5.007370714000047, 52.422907544000054], [5.007304746000045, 52.42293037700006], [5.00719533900002, 52.42296315400006], [5.007103796000024, 52.422990578000054], [5.00686089900006, 52.423073662000036], [5.00680322900007, 52.42309398700007], [5.006673176000049, 52.42314110500007], [5.006516453000074, 52.42319873300005], [5.006425713000056, 52.42323179500005], [5.006331647000025, 52.423263605000045], [5.006264638000061, 52.42328603800007], [5.006238143000076, 52.42330011800004], [5.006187511000064, 52.42332083300005], [5.006083217000025, 52.423362317000056], [5.006014768000057, 52.42338806200007], [5.005969548000053, 52.423405065000054], [5.005861623000044, 52.423443158000055], [5.005754320000051, 52.42347892400005], [5.005709889000059, 52.42349129200005], [5.00564007600002, 52.42351658300004], [5.00557146500006, 52.423542292000036], [5.005414461000044, 52.42359806600007], [5.005298175000064, 52.423640670000054], [5.005130570000063, 52.42370002300004], [5.004934294000066, 52.42376808300003], [5.004717977000041, 52.42384515400005], [5.004509539000026, 52.423920364000026], [5.004342411000039, 52.423978684000076], [5.004181441000071, 52.42403876700007], [5.004050048000067, 52.424088933000064], [5.003903928000057, 52.42413863000007], [5.003786477000062, 52.42417953000006], [5.003618644000028, 52.42424430900007], [5.003477212000064, 52.42429922300005], [5.003345889000059, 52.424342703000036], [5.003170251000029, 52.42440550500004], [5.002991374000032, 52.42447208100003], [5.002817397000058, 52.42453485200008], [5.002664697000057, 52.42459192200005], [5.002479109000035, 52.424659140000074], [5.002306806000036, 52.42472188100004], [5.002119075000053, 52.42478860600005], [5.001948494000032, 52.42484932900004], [5.001813076000076, 52.42489853600006], [5.001651231000039, 52.424957085000074], [5.001488105000021, 52.42501409300007], [5.001308624000046, 52.425082012000075], [5.001181062000057, 52.425130427000056], [5.001055510000072, 52.42517420100006], [5.001039259000038, 52.42517987300005], [5.000971509000067, 52.42520234600005], [5.000930915000026, 52.425216126000066], [5.000892872000065, 52.42522904300006], [5.000807465000037, 52.425259889000074], [5.000715683000067, 52.42529346400005], [5.000205871000048, 52.42542974200006], [5.000155621000033, 52.425443176000044], [5.000127586000076, 52.425424418000034], [4.999993037000024, 52.42541409200004], [4.999981731000048, 52.42541413600003], [4.999964765000072, 52.425414207000074], [4.999659867000048, 52.42543070000005], [4.999626518000071, 52.42542961200007], [4.999561481000057, 52.42543258100005], [4.999444459000074, 52.42543378000005], [4.999348308000037, 52.42542711100003], [4.999200187000042, 52.42541550000004], [4.99906237600004, 52.42541504900004], [4.99878411100002, 52.42542049200006], [4.998549045000061, 52.42542036000003], [4.99696500500005, 52.425433088000034], [4.996219176000068, 52.42545382800006], [4.995577023000067, 52.425471292000054], [4.995564867000041, 52.425487574000044], [4.995436687000051, 52.42549204800008], [4.995371569000042, 52.42546082600006], [4.995249699000055, 52.425466508000056], [4.995247950000021, 52.425443278000046], [4.995201648000034, 52.42544555200004], [4.995165555000028, 52.42543887200003], [4.994960112000058, 52.42543557700003], [4.994738, 52.425438599000074], [4.994524052000031, 52.425439409000035], [4.994462889000033, 52.42544316100003], [4.99444075100007, 52.425452705000055], [4.994388309000044, 52.42545445400003], [4.994259818000046, 52.42545573600006], [4.994228012000065, 52.425454795000064], [4.994184100000041, 52.42544954400006], [4.994066229000055, 52.42544037300007], [4.993920456000069, 52.42543591700007], [4.993801913000027, 52.42543120100004], [4.993676500000049, 52.42541698900004], [4.993562777000022, 52.42540433400006], [4.993458, 52.42539904300003], [4.993346082000073, 52.42540484600005], [4.993202042000064, 52.42541548500003], [4.99305466200002, 52.42542312000006], [4.992945422000048, 52.42542879600006], [4.992829095000047, 52.425429515000076], [4.992716618000031, 52.42543698700007], [4.99255520600002, 52.425442040000064], [4.992418855000039, 52.42544107400005], [4.992314494000027, 52.42543696100006], [4.992164681000077, 52.42542887600007], [4.992010015000062, 52.42543253100007], [4.99186317300007, 52.42544408500004], [4.991724355000031, 52.42545277100004], [4.991641067000046, 52.42545625900004], [4.991527425000072, 52.42545596100007], [4.991474982000057, 52.425452793000034], [4.991427328000043, 52.42544850000007], [4.991408234000062, 52.42544474200008], [4.991391948000057, 52.425436105000074], [4.991380506000041, 52.42542671000007], [4.991371294000032, 52.42540136200006], [4.991200713000069, 52.42540583400006], [4.991137716000026, 52.42540748400006], [4.991115047000051, 52.425408954000034], [4.990931927000076, 52.425414903000046], [4.990677840000046, 52.42542110000005], [4.990649924000024, 52.42542240000006], [4.990612375000069, 52.42542415300005], [4.990487931000075, 52.425429947000055], [4.990502037000056, 52.425481655000056], [4.990480857000023, 52.42548437900007], [4.990464650000035, 52.42549162300003], [4.990451797000048, 52.42549850000006], [4.990460613000039, 52.42552044100006], [4.990444158000059, 52.42552085300008], [4.990432264000049, 52.42549292500007], [4.990393635000032, 52.42539369000008], [4.990357175000042, 52.42527709800004], [4.990351048000036, 52.42516990100006], [4.990355219000037, 52.425127763000035], [4.990362187000073, 52.42505718900003], [4.990380595000033, 52.42492243700008], [4.990388068000073, 52.424867746000075], [4.990399065000076, 52.42478721800006], [4.990414118000047, 52.42457725600008], [4.990404516000069, 52.42451837400006], [4.990361421000046, 52.424463091000064], [4.990197613000021, 52.42430437000007], [4.989919416000021, 52.42406348800006], [4.989567388000069, 52.42371665500008], [4.989182661000029, 52.423372561000065], [4.989099134000071, 52.42330658100008], [4.989005990000067, 52.423271990000046], [4.988833279000062, 52.42325427000003], [4.98825848000007, 52.42326090300003], [4.987917319000076, 52.42326832900005], [4.987767784000027, 52.42326782500004], [4.98768401600006, 52.42323040600007], [4.987493509000046, 52.42311263800008], [4.987100453000039, 52.42284177500005], [4.987049684000056, 52.42288486100006], [4.987041758000032, 52.42289157500005], [4.986896561000037, 52.42301479000008], [4.98656612000002, 52.42329519100008], [4.98577952100004, 52.42398669500005], [4.985251924000067, 52.42445625100004], [4.984714862000033, 52.42493719700008], [4.984507656000062, 52.42511360200007], [4.983819932000074, 52.42571686500003], [4.982635410000057, 52.42676238000007], [4.982570392000071, 52.42674035500005], [4.982447462000039, 52.426691007000045], [4.982125219000068, 52.42655741200008], [4.981859553000049, 52.42643827200004], [4.981793109000023, 52.426409860000035], [4.981620174000057, 52.42634015400006], [4.981558642000039, 52.42629880800007], [4.981521127000065, 52.426280587000065], [4.981472678000046, 52.42626357000006], [4.981431248000035, 52.42624901200003], [4.981405765000034, 52.42623987400003], [4.981298474000027, 52.42619919800006], [4.981155820000026, 52.426141459000064], [4.981129582000051, 52.426131303000034], [4.981080724000037, 52.426112405000026], [4.981004312000039, 52.42608088500003], [4.980938594000065, 52.42605679800005], [4.980826507000074, 52.42600054700006], [4.980517662000068, 52.42586290400004], [4.980381589000046, 52.42579313400006], [4.980325569000058, 52.42577133600008], [4.980265286000076, 52.42574788700006], [4.980115767000029, 52.42569029400005], [4.979893188000062, 52.425599842000054], [4.97942157600005, 52.425394374000064], [4.979375125000047, 52.42536975000007], [4.979298803000063, 52.42532872000004], [4.979279147000057, 52.42532076100008], [4.979230076000022, 52.42529473500008], [4.979007463000073, 52.42521006100003], [4.978863972000056, 52.425156091000076], [4.978644103000022, 52.425065664000044], [4.978597197000056, 52.42504575700008], [4.978495460000033, 52.42498699600003], [4.978415009000059, 52.424955460000035], [4.978323858000067, 52.42491729900007], [4.978297077000036, 52.42490240400008], [4.978247628000076, 52.424882506000074], [4.978216634000034, 52.42487004100008], [4.978170413000043, 52.42486198200004], [4.97815164900004, 52.424854511000035], [4.97810073900007, 52.42483048200006], [4.978045778000023, 52.424807258000044], [4.977886262000027, 52.42473924600006], [4.977713333000054, 52.42466708100005], [4.977602013000023, 52.424627205000036], [4.977453183000023, 52.42456910800007], [4.977351258000056, 52.424530909000055], [4.977236163000043, 52.42446223200005], [4.97719997400003, 52.42444729500005], [4.977171817000055, 52.42443650300004], [4.977102890000026, 52.424410272000046], [4.977039889000025, 52.424383730000045], [4.976889754000069, 52.424320684000065], [4.97676775900004, 52.42427008400006], [4.976730195000073, 52.424257614000055], [4.976677994000056, 52.424228637000056], [4.976647232000062, 52.42420714000008], [4.976585654000075, 52.42417319700007], [4.97650115600004, 52.42414246300007], [4.976422061000051, 52.42411093000004], [4.976372459000061, 52.424090195000076], [4.976329591000024, 52.42406948300004], [4.976282180000055, 52.42404719100006], [4.976255260000073, 52.424034713000026], [4.976136677000056, 52.423977860000036], [4.976095030000067, 52.423958706000064], [4.975991844000021, 52.42392671200008], [4.975927493000029, 52.423892229000046], [4.975815742000066, 52.423854938000034], [4.975742737000076, 52.42382304800003], [4.975704074000021, 52.423807096000075], [4.975566597000068, 52.42375390700005], [4.975472115000059, 52.42371403300007], [4.975287458000025, 52.42363431900003], [4.975145734000023, 52.42357319600006], [4.974952547000044, 52.423482910000075], [4.974853784000061, 52.423440388000074], [4.97469060700007, 52.423368647000075], [4.974639072000059, 52.42334738300008], [4.974527407000039, 52.423299549000035], [4.974471564000055, 52.423278270000026], [4.974329916000045, 52.42320923700004], [4.974261186000035, 52.42318264700003], [4.974175297000045, 52.423145444000056], [4.973934979000035, 52.42303979400003], [4.973819263000053, 52.422991352000054], [4.973482248000039, 52.42285858000008], [4.973393842000064, 52.42281231800007], [4.973352741000042, 52.42280416700004], [4.973318815000027, 52.42279743300003], [4.97323340500003, 52.42279713500005], [4.972895358000073, 52.42277506700003], [4.972830480000027, 52.42277066100007], [4.972635787000058, 52.42276371600008], [4.972390020000034, 52.42273987600004], [4.972294427000065, 52.42273118300005], [4.972203971000056, 52.42272976100003], [4.972123613000065, 52.42272850000006], [4.971980161000033, 52.422723818000065], [4.971746500000052, 52.42271965600003], [4.97155176800004, 52.42271688900007], [4.971476625000037, 52.422714531000054], [4.971428848000073, 52.42270809900003], [4.971363970000027, 52.42270369200003], [4.971223968000061, 52.42269485200006], [4.971106493000036, 52.42267929500008], [4.971029467000051, 52.42266910300003], [4.970376902000055, 52.42266681000007], [4.970267639000042, 52.42265806800003], [4.970219838000048, 52.42265581500004], [4.970196018000024, 52.42264528700008], [4.970103891000065, 52.422632425000074], [4.970030843000075, 52.42263085600007], [4.969987734000028, 52.42262993200006], [4.969844243000068, 52.42262942700006], [4.969467097000063, 52.42262266100005], [4.96927925600005, 52.42261573500008], [4.969084604000045, 52.42260460500006], [4.969016296000063, 52.42260227000003], [4.968947124000067, 52.42259961700006], [4.96889674800002, 52.422597678000045], [4.968831831000045, 52.42259744900008], [4.968456193000065, 52.42257732100006], [4.968384480000054, 52.42257288800005], [4.968165945000067, 52.42255958700008], [4.968046378000054, 52.42255707000004], [4.967950841000061, 52.422544204000076], [4.967898469000033, 52.42254188000004], [4.967848375000074, 52.42253966200008], [4.967762926000034, 52.42254353900006], [4.967327739000041, 52.42253238200004], [4.966934902000048, 52.42252472600006], [4.966876900000045, 52.42251617100004], [4.966821931000027, 52.42251338800003], [4.966788106000024, 52.422511677000045], [4.966663900000071, 52.42250218600003], [4.966644715000029, 52.42250072500008], [4.966122189000032, 52.422475889000054], [4.965920737000033, 52.42246264400006], [4.965760171000056, 52.42245998000004], [4.965737270000034, 52.42245187200007], [4.96571250900007, 52.422443102000045], [4.965172804000076, 52.42242864500008], [4.965004200000067, 52.42241008700006], [4.964853955000024, 52.42240119400003], [4.964758305000032, 52.42239875900003], [4.964716375000023, 52.42239754000008], [4.964676327000063, 52.422396382000045], [4.964515795000068, 52.42239163000005], [4.964181046000022, 52.422382087000074], [4.963907763000066, 52.42237693200008], [4.963836051000044, 52.422372497000026], [4.963716559000034, 52.42236371200005], [4.963674450000042, 52.42236122400004], [4.963603867000074, 52.42235704500007], [4.963456972000074, 52.422354435000045], [4.963157230000036, 52.422344492000036], [4.962942590000068, 52.42233613900004], [4.962820387000022, 52.422335701000065], [4.962557566000044, 52.42232198000005], [4.962531955000031, 52.422320684000056], [4.962492528000041, 52.42232054300007], [4.962277742000026, 52.42231375100005], [4.962062943000035, 52.42230815500005], [4.961572412000066, 52.422278677000065], [4.961527214000057, 52.42227794000007], [4.961477812000055, 52.42227713300008], [4.96141872000004, 52.42227210400006], [4.961280017000036, 52.42226606000003], [4.961035700000025, 52.42225433400006], [4.960832782000068, 52.42224397000007], [4.96048207900003, 52.42222583900008], [4.96045452200002, 52.42222211700005], [4.960285118000058, 52.42221066800005], [4.960257526000021, 52.42221056900007], [4.960057715000062, 52.42220430400005], [4.959811370000068, 52.42219859000005], [4.959645860000023, 52.422191971000075], [4.959539439000025, 52.42218917900004], [4.959291163000046, 52.42218104800003], [4.959178821000023, 52.42217943800006], [4.95905863400003, 52.42217418700005], [4.958948285000076, 52.422170175000076], [4.958906924000075, 52.42216640400005], [4.958810425000024, 52.42215762500007], [4.958717855000032, 52.42215005500003], [4.958550169000034, 52.42214340100003], [4.958072228000049, 52.422125728000026], [4.958049026000026, 52.42212464600004], [4.957852049000053, 52.422117282000045], [4.957637276000071, 52.42210926900003], [4.957563611000069, 52.42210779800007], [4.957489474000056, 52.42210632500007], [4.957382910000035, 52.422101723000026], [4.957199026000069, 52.422094909000066], [4.956836510000073, 52.42207792800008], [4.956696634000025, 52.42207018500005], [4.956343956000069, 52.422054443000036], [4.956290750000051, 52.42205184100004], [4.956243504000042, 52.42204564700006], [4.956157045000054, 52.42201882000006], [4.956002955000031, 52.42197173900007], [4.955948804000059, 52.42195452900006], [4.95594260300004, 52.42199649600008], [4.955938447000051, 52.42202472900004], [4.95593087900005, 52.42207581400004], [4.955925261000061, 52.422113883000065], [4.95591997300005, 52.42214959900008], [4.955916212000034, 52.42217506500003], [4.955881890000057, 52.42240720700005], [4.955876980000028, 52.42244041600003], [4.955776184000058, 52.42243205900007], [4.955640720000076, 52.422422623000045], [4.955594046000044, 52.422417996000036], [4.955551058000026, 52.42241373200005], [4.955476953000073, 52.422406065000075], [4.955466280000053, 52.42240458800006], [4.955442364000021, 52.42240127500003], [4.955415634000076, 52.42240174400007], [4.955405444000064, 52.42240192200006], [4.955368494000027, 52.422405679000065], [4.955309197000076, 52.42241557400007], [4.955296870000041, 52.42241334500005], [4.955270777000067, 52.422413250000034], [4.95526060100002, 52.42241360000003], [4.955223011000044, 52.42241657200003], [4.955198175000021, 52.422417264000046], [4.955165100000045, 52.422415579000074], [4.955128229000024, 52.422412731000065], [4.955034737000062, 52.42240460700003], [4.954948909000052, 52.422396115000026], [4.95486917900007, 52.422387807000064], [4.95481131300005, 52.42238215000003], [4.954763642000046, 52.422375748000036], [4.954717878000054, 52.42236974800005], [4.954688035000061, 52.42236380600008], [4.954655645000059, 52.42235667700004], [4.954629587000056, 52.42235152200004], [4.954597840000076, 52.42234479200005], [4.954576868000061, 52.42234121000007], [4.954545738000036, 52.422336045000065], [4.954517810000027, 52.42232816000006], [4.954475278000075, 52.42231633000006], [4.954443581000021, 52.42230453900004], [4.954429362000042, 52.422300362000044], [4.954393191000065, 52.42229050600008], [4.954363349000062, 52.42228144500007], [4.954339240000024, 52.42227396000004], [4.954324004000057, 52.42227001300006], [4.954299255000024, 52.422263317000045], [4.954273877000048, 52.42225465900003], [4.954252284000063, 52.42224990600005], [4.954221806000021, 52.422242794000056], [4.954181787000039, 52.42223564600005], [4.954100485000026, 52.42221823700004], [4.954015297000069, 52.42220896500004], [4.953988339000034, 52.42220707800004], [4.953852222000023, 52.42219841100007], [4.953807707000067, 52.422195516000045], [4.953713497000024, 52.42219634000003], [4.953689318000045, 52.42219586500005], [4.953658745000041, 52.422198467000044], [4.953646516000049, 52.42219977100007], [4.953629141000022, 52.42220415600008], [4.953601340000034, 52.42221486600005], [4.953576987000076, 52.42223377700003], [4.953558297000029, 52.422256762000075], [4.953504722000048, 52.422306897000055], [4.953458969000053, 52.422343417000036], [4.953368069000021, 52.42243244800005], [4.953322756000034, 52.42247057800006], [4.953233497000042, 52.42255115800003], [4.953194616000076, 52.42259287100006], [4.953139511000074, 52.42264299900006], [4.953094800000031, 52.42269616800007], [4.953062888000034, 52.42273321500005], [4.952951806000044, 52.42284146800006], [4.952924658000029, 52.42286346900005], [4.952846261000047, 52.42293514600004], [4.952844277000054, 52.42294709200007], [4.95283648700007, 52.42295740800006], [4.95281942400004, 52.42297192400008], [4.952802273000032, 52.42299538100008], [4.952790571000037, 52.42301039300003], [4.952775019000057, 52.42302821200008], [4.952764082000044, 52.42304463700003], [4.952738339000064, 52.42308075400007], [4.95271565500002, 52.423118302000034], [4.952706248000027, 52.42313613500005], [4.952674030000026, 52.42317290200003], [4.952638211000021, 52.423215578000054], [4.95262963700003, 52.42322636800003], [4.95260935400006, 52.42325591700006], [4.952590466000061, 52.42329912300005], [4.952579506000063, 52.423317903000054], [4.952542677000054, 52.423390064000046], [4.952493512000046, 52.42348642800005], [4.952506358000051, 52.42349268600003], [4.952556270000059, 52.423516506000055], [4.952588724000066, 52.423530637000056], [4.952681078000069, 52.42356795900008], [4.952780250000046, 52.423604219000026], [4.95282472100007, 52.423620749000065], [4.952768838000054, 52.423679539000034], [4.952624224000033, 52.423626934000026], [4.95252017100006, 52.42358918300005], [4.952464669000051, 52.42357024000006], [4.952328273000035, 52.423523705000036], [4.952202360000058, 52.423479959000076], [4.952107424000076, 52.42344815400003], [4.952056885000047, 52.42342976000003], [4.951912450000066, 52.423381523000046], [4.951900237000075, 52.42337816200006], [4.951743168000064, 52.423334984000064], [4.951591216000054, 52.423293227000045], [4.951542408000023, 52.42329325400004], [4.951439223000023, 52.423264663000054], [4.951412154000025, 52.423250120000034], [4.95133134200006, 52.423226302000046], [4.951417129000049, 52.42312997400006], [4.951517781000064, 52.423016947000065], [4.951495311000031, 52.42300724800003], [4.951540305000037, 52.422931504000076], [4.951587909000068, 52.42282519400004], [4.951610941000069, 52.422735843000055], [4.951631288000044, 52.42264908000004], [4.951642234000076, 52.42253448300005], [4.951641970000026, 52.42252247500005], [4.951639734000025, 52.42242247000007], [4.951608794000038, 52.42231274400007], [4.951517779000028, 52.42198555700003], [4.951515474000075, 52.42194640800005], [4.951480458000049, 52.42192987700008], [4.951424062000058, 52.42192733300004], [4.951288605000059, 52.42192190900005], [4.951129430000037, 52.42191554500005], [4.951082039000028, 52.421913645000075], [4.950994095000055, 52.421909655000036], [4.950726060000022, 52.42189748700008], [4.950467210000056, 52.42188713300004], [4.950191318000066, 52.42187580800004], [4.949851497000054, 52.42186247500007], [4.949826016000031, 52.421861473000035], [4.949803565000025, 52.421866271000056], [4.94979087300004, 52.42188469300004], [4.94977020400006, 52.421899591000056], [4.949730377000037, 52.42192223600006], [4.949719192000032, 52.421924981000075], [4.949708604000023, 52.42192531000006], [4.949681420000047, 52.42191815500007], [4.949651437000057, 52.42190703400007], [4.949524876000055, 52.42185821400005], [4.949462519000065, 52.42183415800008], [4.949349070000039, 52.42178990600007], [4.949286994000033, 52.42176568900004], [4.949271398000064, 52.421759601000076], [4.949209760000031, 52.42173556500006], [4.948969195000075, 52.42163947000006], [4.948920303000023, 52.42161993900004], [4.948905502000059, 52.42161369200005], [4.948844675000032, 52.42158808600004], [4.948635256000046, 52.42149994300007], [4.948616303000051, 52.421485483000026], [4.948575598000048, 52.42146459800006], [4.948524686000042, 52.42142494500007], [4.948512403000052, 52.421427237000046], [4.948308616000077, 52.421465237000064], [4.947787681000023, 52.42156237800003], [4.947697253000058, 52.42143392400004], [4.947456952000039, 52.42093396900003], [4.947445128000027, 52.420901840000056], [4.947381582000048, 52.42074890400005], [4.947308638000038, 52.42058913100004], [4.947287196000048, 52.420535305000044], [4.947226661000059, 52.42040347500006], [4.947215490000076, 52.42037374700004], [4.947168544000021, 52.420278403000054], [4.946995909000066, 52.41990519900003], [4.946833129000026, 52.41954490100005], [4.946773325000038, 52.419418250000035], [4.946763243000021, 52.41939142100006], [4.946604584000056, 52.41904879900005], [4.946592810000027, 52.41901765800003], [4.946517826000047, 52.41885819100003], [4.946482212000035, 52.41877509400007], [4.946420870000054, 52.41864648600006], [4.946407798000052, 52.41861292300007], [4.94625060900006, 52.418272364000075], [4.946243151000033, 52.41825662600007], [4.946148255000026, 52.418046556000036], [4.946144956000069, 52.41803688200008], [4.946068561000061, 52.41787910800008], [4.946051078000039, 52.41783683700004], [4.945998564000035, 52.41773136100005], [4.945960177000075, 52.41764499000004], [4.945804642000041, 52.41731462000007], [4.945772165000051, 52.41723858100005], [4.945702673000028, 52.417091923000044], [4.945567334000032, 52.41678857200003], [4.945096783000054, 52.41557234800007], [4.944973599000036, 52.41531559800006], [4.944778975000077, 52.41501830700008], [4.944554122000056, 52.41475019400008], [4.944435536000071, 52.414632588000075], [4.94411866400003, 52.41437453800006], [4.944068084000037, 52.41434260500006], [4.944008372000042, 52.41431255200007], [4.943973931000073, 52.414296722000074], [4.943875441000046, 52.41425972900004], [4.943569227000069, 52.41414896100008], [4.943268014000068, 52.41405114400004], [4.943136021000043, 52.414004642000066], [4.943076789000031, 52.413988387000074], [4.942928468000048, 52.41394478900003], [4.942795158000024, 52.41390502200005], [4.942655804000026, 52.41386284200007], [4.942568739000023, 52.41383880600006], [4.942489984000076, 52.41382152400007], [4.942354988000034, 52.413791736000064], [4.94207491800006, 52.41373178900005], [4.941719582000076, 52.41365556000005], [4.941272984000022, 52.41356076000005], [4.940746023000031, 52.413449666000076], [4.940301255000065, 52.413356029000056], [4.939902980000056, 52.41327242500006], [4.939734240000064, 52.41323687100004], [4.939592256000026, 52.41320814900007], [4.93948879800007, 52.41318342000005], [4.938851510000063, 52.41301133400003], [4.93799542000005, 52.412781505000055], [4.937259825000069, 52.41257963900006], [4.936824233000038, 52.412459600000034], [4.936451111000054, 52.41235663000003], [4.936098493000031, 52.41226380400008], [4.935791460000075, 52.41218615900004], [4.935478645000046, 52.41211495400006], [4.93528290200004, 52.412069116000055], [4.93520318800006, 52.41205282300007], [4.935141429000055, 52.412039906000075], [4.935040914000069, 52.41202400100008], [4.935010705000025, 52.41202177400004], [4.934884418000024, 52.41200663300003], [4.934741712000061, 52.41199025200007], [4.934625852000067, 52.41197586100003], [4.934515583000064, 52.41196241700004], [4.934268444000054, 52.41194108000008], [4.933744321000063, 52.41189662700003], [4.933405871000048, 52.41186651700008], [4.933175126000037, 52.41184756900003], [4.93291791200005, 52.41182708900004], [4.932602057000054, 52.41180647400006], [4.932324275000042, 52.41178815100005], [4.93192160600006, 52.41175879800005], [4.931601335000039, 52.411736104000056], [4.931450731000041, 52.41172332900004], [4.931211082000061, 52.411699974000044], [4.931119386000034, 52.411692809000044], [4.931063178000045, 52.41168333500008], [4.930968260000043, 52.411666549000074], [4.93086145500007, 52.411646509000036], [4.930795992000071, 52.41163240700007], [4.930715029000055, 52.41160772100005], [4.930564868000033, 52.41177170600008], [4.93040525400005, 52.41194293500007], [4.930401478000022, 52.41196703400004], [4.930396082000073, 52.41200148100006], [4.930383544000051, 52.41208144900003], [4.930354718000046, 52.41208614700008], [4.930336681000028, 52.412089268000045], [4.930274596000061, 52.41211095800003], [4.930256187000055, 52.41211739400006], [4.930172090000042, 52.41215285000004], [4.930131793000044, 52.41217391400005], [4.930089752000072, 52.41219588900003], [4.930057713000053, 52.41220571400004], [4.929986052000061, 52.41224099300007], [4.929963461000057, 52.41224969600006], [4.929929607000076, 52.41225874100007], [4.929904463000071, 52.41227126300004], [4.929883061000055, 52.412285713000074], [4.92986167600003, 52.41229709900006], [4.92980523500006, 52.41231447000007], [4.92971353400003, 52.412354641000036], [4.929650165000055, 52.412375428000075], [4.929625028000032, 52.412387186000046], [4.929582869000058, 52.41241340200003], [4.929469331000064, 52.41245037900006], [4.929395834000047, 52.41248264800004], [4.929331064000053, 52.412517953000076], [4.929238745000021, 52.412558130000036], [4.929197860000045, 52.41258053100006], [4.929111269000032, 52.41261115900005], [4.92902706600006, 52.41265098100007], [4.92891402500004, 52.41269948200005], [4.928853077000042, 52.41272906700004], [4.928771917000063, 52.41277731400004], [4.928718543000059, 52.41279928000006], [4.928655666000054, 52.41283345000005], [4.928619883000067, 52.41284708100005], [4.928562686000021, 52.41287629400006], [4.92853003700003, 52.412889550000045], [4.928439560000072, 52.41293202600008], [4.928381063000074, 52.41296467600006], [4.928266221000058, 52.41300667100006], [4.928209005000042, 52.41303628000003], [4.928166943000065, 52.41305446000007], [4.928136848000065, 52.41306237900005], [4.928103560000068, 52.41307486900007], [4.928039437000052, 52.41310864700006], [4.927936442000032, 52.413153357000056], [4.927896816000043, 52.41317614900004], [4.927869168000029, 52.41318903800004], [4.927598712000076, 52.41329129300004], [4.927476021000075, 52.41335727200004], [4.927379251000048, 52.413403929000026], [4.927331514000059, 52.413423625000064], [4.927305114000035, 52.41343805500003], [4.927222240000049, 52.413469846000055], [4.927125498000066, 52.41351382500005], [4.927039485000023, 52.41354789600007], [4.926949652000076, 52.41358884500005], [4.926874321000071, 52.41361760900003], [4.926782567000032, 52.41366237100004], [4.926677052000059, 52.413707456000054], [4.926633045000074, 52.41373022200003], [4.926557041000024, 52.41376281200007], [4.926486020000027, 52.41379961900003], [4.92634784300003, 52.41385911000003], [4.92618198100007, 52.413934932000075], [4.926125386000024, 52.41396530600008], [4.92605631400005, 52.41399409400003], [4.925957016000041, 52.41404188100006], [4.925832053000022, 52.414094152000075], [4.925774845000035, 52.414124137000044], [4.925733399000023, 52.41414080100003], [4.925689502000068, 52.41415286200004], [4.925538815000039, 52.414212304000046], [4.925495459000047, 52.41423601500003], [4.925470081000071, 52.414267840000036], [4.925179485000058, 52.41440315800003], [4.925115973000061, 52.41444414500006], [4.925076329000035, 52.41446974000007], [4.924402852000071, 52.41479395700003], [4.924154396000063, 52.41491167700008], [4.923798948000069, 52.41508009100005], [4.923455865000051, 52.41524367200003], [4.922054456000069, 52.41580775400007], [4.922026794000033, 52.41582026400005], [4.921931199000028, 52.41587152300008], [4.921711265000056, 52.415969317000076], [4.921599995000065, 52.41602395600006], [4.92153716100006, 52.41605162500008], [4.921488104000048, 52.416077433000055], [4.921451016000049, 52.41609449900005], [4.921363722000024, 52.41612934200003], [4.921260772000039, 52.416165643000056], [4.921227460000068, 52.41618004500003], [4.921147603000065, 52.41622180200005], [4.921100453000065, 52.41624379800004], [4.921009404000074, 52.41627785400004], [4.920890056000076, 52.41632748100005], [4.920844755000076, 52.41635254900007], [4.920797479000043, 52.41638792800006], [4.920774094000024, 52.416411545000074], [4.920759600000054, 52.416421428000035], [4.920721103000062, 52.41645493500005], [4.920703998000022, 52.41647551300008], [4.920671817000027, 52.41650253800003], [4.920656146000056, 52.41650554100005], [4.920607338000025, 52.41650764000008], [4.920547191000026, 52.416517344000056], [4.920536495000022, 52.41652380900007], [4.920526188000053, 52.41655206100006], [4.920514784000034, 52.416565786000035], [4.920440484000039, 52.41661292100008], [4.920424828000023, 52.41661591500008], [4.920260298000073, 52.41661908700007], [4.920219502000066, 52.41663230800003], [4.920120177000058, 52.416680109000026], [4.919959427000038, 52.41674028500006], [4.919879626000068, 52.416775148000056], [4.919853903000046, 52.416783459000044], [4.919810023000025, 52.41679361300004], [4.919782404000046, 52.41680191700004], [4.919722739000065, 52.41682577700004], [4.91966750000006, 52.41684391200005], [4.919578228000034, 52.41688753600005], [4.919450700000027, 52.416941723000036], [4.91939411900006, 52.41696865100005], [4.919383455000059, 52.41697205200006], [4.919374017000052, 52.41697774800008], [4.919186785000022, 52.41705808700004], [4.919115797000075, 52.41708648600007], [4.91896809900004, 52.41715473900007], [4.918899040000042, 52.417180090000045], [4.918788413000073, 52.41723166400004], [4.918705552000063, 52.417259639000065], [4.91847619300006, 52.41736045400006], [4.918396336000058, 52.417401823000034], [4.918333502000053, 52.417429112000036], [4.918195208000043, 52.41749472300006], [4.918096630000036, 52.417529897000065], [4.917995447000067, 52.41757652900003], [4.917926359000035, 52.417603030000066], [4.917858487000046, 52.41763411900007], [4.917761753000036, 52.417672742000036], [4.917623458000037, 52.41773836100003], [4.917538019000062, 52.417773587000056], [4.917467619000035, 52.41780734400004], [4.917392211000049, 52.41784069500005], [4.917291716000022, 52.417880453000066], [4.917228873000056, 52.41790849700004], [4.917153517000031, 52.41793688700005], [4.917045413000039, 52.417985791000035], [4.916987636000044, 52.41800735700008], [4.916815450000058, 52.41808468600004], [4.916743866000047, 52.41811079000007], [4.916644546000043, 52.41815743700005], [4.916560360000062, 52.41819228000003], [4.916459126000063, 52.41824197500006], [4.916302658000063, 52.41831172700006], [4.916264978000072, 52.418326110000066], [4.916243411000039, 52.418333251000035], [4.916177103000052, 52.41835520500007], [4.916126857000052, 52.418374895000056], [4.916048925000041, 52.418408998000075], [4.915993664000041, 52.41843019600003], [4.915910702000076, 52.41846734500007], [4.915870461000054, 52.41848745200008], [4.91578753400006, 52.418522686000074], [4.915730952000047, 52.41854923500006], [4.915689519000068, 52.418563981000034], [4.915661914000054, 52.418570756000065], [4.915565403000073, 52.41858949700003], [4.915496479000069, 52.41860031400006], [4.915455172000065, 52.41860320500007], [4.915386342000033, 52.41860522300004], [4.915197256000056, 52.41862359600003], [4.915009448000035, 52.41863928600003], [4.914926768000043, 52.41865119800008], [4.914747719000047, 52.41866578100007], [4.914702651000027, 52.418675273000076], [4.914645465000035, 52.418500702000074], [4.914623547000076, 52.41850217000007], [4.914607214000057, 52.41849957900007], [4.914596725000024, 52.41849615800004], [4.914587189000031, 52.418490260000056], [4.91457388300006, 52.41849199600006], [4.914550600000041, 52.41849601900003], [4.914525926000067, 52.41849812300006], [4.914409688000035, 52.41849756900007], [4.91416812600005, 52.41849654200007], [4.914110391000065, 52.41849611400005], [4.914044395000076, 52.418495635000056], [4.913932719000059, 52.418531733000066], [4.913911317000043, 52.41853997900006], [4.913804482000046, 52.418579700000066], [4.913667550000071, 52.41862696700008], [4.913593294000066, 52.418653894000045], [4.913562761000037, 52.41866646300008], [4.913543301000061, 52.418674483000075], [4.913530799000057, 52.41867790200007], [4.91345964900006, 52.418707124000036], [4.913399986000059, 52.418731629000035], [4.913262538000026, 52.41878577800003], [4.913121176000061, 52.418833422000034], [4.913082021000037, 52.41884811300008], [4.912862340000061, 52.41893134900005], [4.912437459000046, 52.41909603600004], [4.911921985000049, 52.41929582400007], [4.911877879000031, 52.41931292100003], [4.911796589000062, 52.41934444700007], [4.911626368000043, 52.41941126200004], [4.911427329000048, 52.419489473000056], [4.911316144000068, 52.41953420800007], [4.911112938000031, 52.41961577200004], [4.910956681000073, 52.41967975700004], [4.910823952000044, 52.41973743600005], [4.910681761000035, 52.41979880700006], [4.910601274000044, 52.41983341000008], [4.910424663000072, 52.41991307600006], [4.910262169000021, 52.41998549200008], [4.910148223000022, 52.42003646000006], [4.909608739000021, 52.42027158800005], [4.909423429000071, 52.42036152700007], [4.909234191000053, 52.42045169200003], [4.908954591000054, 52.42058264600007], [4.908854721000068, 52.42063001200006], [4.908815550000043, 52.420648576000076], [4.908688523000023, 52.420708604000026], [4.908676059000072, 52.42071523100003], [4.908615526000062, 52.42073267400008], [4.908565405000047, 52.420745630000056], [4.908551082000031, 52.42074879000006], [4.908069886000021, 52.420850347000055], [4.90800107900003, 52.42086480000006], [4.907981450000023, 52.42086928600003], [4.907961452000052, 52.42087387000004], [4.907971112000041, 52.42089410400007], [4.907977642000048, 52.42090737800004], [4.907986316000063, 52.42092497500005], [4.908001464000051, 52.42095698700007], [4.90801508200002, 52.42098235200007], [4.908030923000069, 52.42101551700006], [4.908044922000045, 52.421040883000046], [4.908063617000039, 52.421076612000036], [4.908073409000053, 52.421102285000075], [4.908081649000053, 52.421124742000075], [4.908000923000031, 52.42114154600006], [4.907967227000029, 52.42114856400008], [4.907799475000047, 52.42118578700007], [4.907724575000032, 52.42120212000003], [4.907663402000026, 52.421216118000075], [4.907612164000057, 52.42122625500008], [4.907572511000069, 52.421236296000075], [4.907530362000045, 52.42124743200003], [4.90750803100002, 52.42125698500007], [4.907403901000066, 52.42130515100007], [4.907301234000045, 52.421352468000066], [4.907163296000022, 52.42141785200005], [4.907011014000034, 52.42148964000006], [4.906926220000059, 52.42153044100007], [4.906802124000023, 52.42158684800006], [4.906678303000035, 52.421644910000055], [4.906622950000042, 52.42166978800003], [4.90647797400004, 52.421737353000026], [4.906324820000066, 52.42181074500007], [4.906173919000025, 52.42188780400005], [4.906120600000065, 52.42191484700004], [4.905987468000035, 52.42198270200004], [4.905927413000029, 52.422016764000034], [4.905898652000076, 52.42202813400007], [4.905698340000072, 52.42212552800004], [4.905685910000045, 52.422133], [4.905669440000054, 52.42214290100003], [4.905659529000047, 52.42214590700007], [4.905638764000059, 52.42215334500003], [4.905613922000043, 52.42216532400005], [4.905571439000028, 52.42218130200007], [4.905381248000026, 52.422258991000035], [4.905343026000025, 52.42227651400003], [4.90528094900003, 52.42230850100003], [4.905171937000034, 52.422352259000036], [4.905055650000065, 52.422406565000074], [4.90498539500004, 52.42243360200007], [4.904936442000064, 52.422459125000046], [4.904853870000068, 52.422492592000026], [4.904731122000044, 52.422542117000035], [4.904639863000057, 52.42258497600005], [4.904365093000024, 52.42269780300006], [4.904327698000031, 52.42271624600005], [4.90412636700006, 52.422802587000035], [4.903949142000045, 52.42287582400007], [4.903836370000022, 52.42292026700005], [4.903744443000051, 52.422956759000044], [4.90368464900007, 52.42298283100007], [4.903651856000067, 52.422997131000045], [4.903334731000029, 52.42311100500007], [4.903252734000034, 52.423144086000036], [4.902998841000056, 52.42323864200006], [4.902943776000029, 52.42326097600005], [4.902912563000029, 52.423269332000075], [4.902869138000028, 52.42328662700004], [4.902770446000034, 52.42332319900004], [4.90257981000002, 52.423388173000035], [4.902487123000071, 52.423417345000075], [4.902416575000075, 52.42344265400004], [4.902359602000047, 52.42346058500004], [4.902282056000047, 52.42348856900003], [4.902220521000061, 52.42350556500003], [4.902179033000039, 52.423521780000044], [4.902140617000043, 52.42353538200007], [4.902047933000063, 52.42356823000006], [4.901885073000074, 52.42362321500008], [4.901461564000044, 52.423755432000064], [4.901319889000035, 52.42379420800006], [4.901255777000074, 52.423815543000046], [4.901119425000047, 52.423854188000064], [4.901096793000022, 52.423864080000044], [4.901087112000027, 52.42386744700008], [4.90102481100007, 52.42388455500003], [4.900959232000048, 52.423908382000036], [4.90088270800004, 52.42392737400007], [4.900830031000055, 52.423946355000055], [4.900755220000065, 52.42396463500006], [4.900580322000053, 52.42402318100005], [4.900521104000063, 52.42404193800007], [4.900503110000045, 52.424045926000076], [4.900470010000049, 52.42405325900006], [4.900311789000057, 52.42410310200006], [4.900263039000038, 52.42411379500004], [4.900222531000054, 52.42412899700008], [4.900055982000026, 52.42417551600005], [4.899974993000058, 52.424195369000074], [4.899937077000061, 52.424204830000065], [4.899896763000072, 52.42421843300008], [4.89988570600002, 52.42422121900006], [4.899842718000059, 52.42422932000005], [4.899757665000038, 52.42425653500004], [4.899661802000026, 52.424280030000034], [4.899614493000058, 52.42429468300003], [4.899603542000023, 52.42429721800005], [4.899570184000027, 52.42430261700008], [4.899488285000075, 52.42432099200005], [4.899474055000042, 52.424324897000076], [4.899455705000037, 52.42433043900007], [4.899353948000055, 52.42435921200007], [4.899266252000075, 52.42437803000007], [4.899227599000028, 52.424386293000055], [4.899168786000075, 52.424398858000075], [4.899119980000023, 52.42440928900004], [4.899078100000054, 52.42441823900003], [4.899008087000027, 52.424431936000076], [4.898740305000047, 52.42448997100007], [4.898739001000024, 52.42446154700008], [4.898578461000056, 52.424490742000046], [4.898527801000057, 52.42449996100004], [4.898449122000045, 52.42451426900004], [4.898422071000027, 52.42451693400005], [4.898381789000041, 52.42452090300003], [4.898388558000022, 52.42454028100008], [4.898405073000049, 52.42458381300003], [4.898366581000062, 52.42457739900004], [4.898344288000033, 52.424576588000036], [4.898310854000044, 52.42458479100003], [4.898247333000029, 52.42459641900007], [4.898145825000029, 52.42461577300003], [4.898083339000038, 52.42462809800003], [4.89802111900002, 52.42464170000005], [4.897957010000027, 52.42465584300004], [4.897873720000064, 52.424670958000036], [4.897827877000054, 52.424680556000055], [4.897729534000064, 52.424699572000065], [4.897548271000062, 52.42473871100003], [4.897493589000021, 52.42474994400004], [4.897432598000023, 52.42476135800007], [4.897372705000066, 52.42477584100004], [4.897256571000071, 52.42479496400006], [4.897138074000054, 52.42481363500008], [4.89706411100002, 52.42483081900008], [4.896859491000043, 52.424880133000045], [4.896721136000053, 52.42489715800008], [4.896640826000066, 52.424911233000046], [4.896528500000045, 52.42493288700007], [4.896412868000027, 52.42494381400007], [4.896323724000069, 52.42495773500008], [4.896232328000053, 52.42496919300004], [4.89615012400003, 52.42498310700006], [4.896075823000047, 52.424998824000056], [4.89599163500003, 52.425012622000054], [4.895897836000074, 52.42503399200007], [4.89573925600007, 52.425051831000076], [4.895640071000059, 52.42506704900006], [4.895508261000032, 52.42508901700006], [4.895448772000066, 52.42509479200004], [4.895359666000047, 52.42510390400008], [4.895270420000031, 52.42511776100008], [4.895170159000031, 52.42513312700004], [4.895067615000073, 52.42514499600003], [4.894981753000025, 52.42515845400004], [4.894895768000026, 52.425169898000036], [4.894780120000064, 52.42518213500006], [4.894687025000053, 52.42519691000007], [4.894636264000042, 52.42520183100004], [4.894566227000041, 52.42521218100006], [4.894467422000048, 52.42522619600004], [4.894389787000023, 52.42523629000004], [4.89418967000006, 52.42525568000008], [4.893900957000028, 52.42528852400005], [4.893738902000052, 52.42530930300006], [4.893646803000024, 52.42531782600008], [4.893600150000054, 52.425326125000026], [4.893533652000031, 52.425335465000046], [4.893439747000059, 52.425343774000055], [4.893328706000034, 52.42535144500005], [4.893259742000055, 52.42536049600005], [4.893162475000054, 52.42537360800003], [4.893049561000055, 52.42538317600008], [4.892979816000036, 52.42538835000005], [4.892858994000051, 52.425403026000026], [4.892682574000048, 52.42542389700003], [4.892551698000034, 52.425438360000044], [4.89245736700002, 52.42544917400005], [4.892379041000027, 52.425453907000076], [4.892293875000064, 52.425457659000074], [4.892211434000046, 52.425464945000044], [4.892100021000033, 52.42546775100004], [4.891969795000023, 52.42547925900004], [4.89185844900004, 52.42549179900004], [4.891690984000036, 52.42550980300007], [4.891615159000025, 52.42551700800004], [4.891554853000059, 52.42551950600006], [4.891475499000023, 52.425528099000076], [4.891351426000028, 52.42553890500005], [4.891222047000042, 52.42554699200008], [4.891055904000041, 52.42555847400007], [4.890869678000058, 52.42557124800004], [4.890691279000066, 52.42558091800004], [4.890590117000045, 52.425588592000054], [4.890429884000071, 52.425596099000074], [4.890245511000046, 52.425607513000045], [4.890096084000049, 52.42561636900007], [4.889939071000072, 52.425623880000046], [4.889853484000071, 52.42562715200006], [4.889688856000021, 52.425633273000074], [4.889477469000042, 52.42563606200008], [4.889305365000041, 52.425636301000054], [4.889114046000032, 52.42563646700006], [4.88892041500003, 52.425635717000034], [4.888742800000045, 52.42562920000006], [4.888592788000039, 52.42562724700008], [4.888450290000037, 52.42562266600004], [4.888297906000048, 52.42561849300006], [4.888153290000048, 52.425617929000055], [4.888105067000026, 52.42561529900007], [4.887765691000027, 52.425591464000036], [4.887747402000059, 52.425590182000064], [4.887567710000042, 52.42557757000003], [4.887576046000049, 52.42556975000008], [4.887444041000037, 52.42556678500006], [4.887390914000036, 52.425566237000055], [4.887375038000073, 52.42556607100005], [4.887207705000037, 52.42556433200008], [4.887046307000048, 52.425562995000064], [4.886870604000023, 52.425564294000026], [4.886794704000067, 52.42556635500006], [4.88676341300004, 52.42556949400006], [4.886639431000049, 52.42558253300007], [4.886605085000042, 52.42558656700004], [4.886541042000033, 52.42558935300008], [4.886447578000059, 52.42559354200006], [4.886334083000065, 52.42559578500004], [4.886215814000025, 52.42559890700005], [4.88609406300003, 52.42560445000004], [4.886063853000053, 52.42560559000003], [4.885991209000053, 52.425608330000045], [4.885939381000071, 52.42560994400003], [4.885905516000037, 52.425611751000076], [4.88583610400002, 52.42561338100006], [4.88580870800007, 52.42561264500006], [4.885722436000037, 52.425614032000055], [4.885635662000027, 52.42561429400007], [4.885451036000063, 52.42561286600005], [4.885288804000027, 52.425612484000055], [4.885140319000072, 52.425609447000056], [4.884988857000053, 52.425605776000054], [4.884812501000056, 52.425602396000045], [4.884651524000049, 52.425596410000026], [4.884420180000063, 52.42559063900006], [4.884269959000051, 52.42558386300004], [4.884140762000072, 52.42557837100003], [4.883998181000038, 52.42557075600007], [4.883845007000048, 52.425561145000074], [4.883679747000031, 52.42554914500005], [4.883531443000038, 52.42554056100005], [4.88338279200002, 52.425526295000054], [4.883271210000032, 52.42551797500005], [4.883043558000054, 52.42551349200005], [4.883008480000058, 52.42551077300004], [4.88299147400005, 52.42550916300007], [4.882981348000044, 52.42550887800007], [4.882971104000035, 52.42551111700004], [4.882957883000074, 52.42552057000006], [4.882943641000054, 52.425534404000075], [4.882916832000035, 52.42555697500006], [4.882906978000051, 52.42556628900007], [4.882898844000067, 52.42557438800003], [4.882865745000061, 52.425604527000075], [4.882835298000032, 52.42563159400004], [4.882822120000071, 52.42564492900004], [4.882784247000075, 52.42567594600007], [4.882756769000025, 52.425699233000046], [4.882719252000072, 52.42573000900006], [4.882683921000023, 52.42575337000005], [4.882662222000022, 52.42576750500007], [4.882628655000076, 52.42578966100007], [4.882572450000055, 52.42582438300008], [4.88252981100004, 52.42584918700004], [4.882498684000041, 52.425866212000074], [4.882469252000021, 52.42588157300003], [4.88245497500003, 52.42588808200003], [4.882419559000027, 52.425903453000046], [4.882392555000024, 52.42591344900006], [4.882359477000023, 52.42592620500005], [4.88233192000007, 52.42593440100006], [4.882308372000068, 52.42594174300007], [4.882260341000062, 52.42595463300006], [4.882249756000022, 52.42595711300004], [4.882211021000046, 52.42596575600004], [4.882193071000074, 52.42596944600007], [4.882147521000036, 52.425977439000064], [4.882094675000076, 52.42598709200007], [4.882045771000037, 52.425995224000076], [4.881992342000046, 52.42600306700007], [4.881928685000048, 52.426013158000046], [4.881887972000072, 52.42601729900008], [4.881870928000069, 52.426018889000034], [4.881858632000046, 52.426019385000075], [4.881825176000063, 52.426021408000054], [4.88180729000004, 52.426022114000034], [4.88176654800003, 52.426022371000045], [4.881754921000038, 52.42602215100004], [4.881728236000072, 52.42602092300007], [4.881701443000054, 52.42601879500006], [4.881666668000037, 52.42601537500008], [4.881656013000054, 52.42601373900004], [4.881635204000077, 52.42601160100003], [4.881614118000073, 52.42600672100008], [4.881581681000057, 52.42600069500003], [4.881512188000045, 52.425987457000076], [4.881481105000034, 52.42597999900005], [4.881402046000062, 52.425961201000064], [4.881355152000026, 52.42595036900008], [4.881331104000026, 52.42594481100008], [4.881253650000076, 52.42592708900003], [4.881207835000055, 52.42591839100004], [4.881080961000066, 52.42588960100005], [4.881002799000044, 52.42587212800004], [4.880932225000038, 52.42585573000008], [4.880876320000027, 52.42584355500003], [4.880796831000055, 52.425827739000056], [4.880728931000021, 52.42581535100004], [4.880654308000032, 52.425799565000034], [4.880612414000041, 52.42579254600008], [4.880538677000061, 52.425781536000045], [4.880466545000047, 52.425771601000065], [4.88040058100006, 52.425763482000036], [4.880319862000022, 52.42575366400007], [4.880242747000068, 52.42574621600005], [4.880156438000029, 52.42573661600005], [4.880069564000053, 52.42572887500006], [4.880001105000076, 52.42572176900006], [4.879912115000025, 52.42571525900007], [4.879824927000072, 52.42570798300005], [4.879720511000073, 52.425700481000035], [4.879631903000075, 52.425693945000035], [4.879519243000061, 52.42568997500007], [4.879406663000054, 52.42568668900003], [4.879344601000071, 52.425687106000055], [4.879255343000068, 52.42568860200004], [4.879120949000026, 52.425691450000045], [4.879075920000048, 52.42569370100006], [4.878992792000076, 52.42569655400007], [4.878855957000042, 52.425704523000036], [4.878797962000021, 52.42570798600008], [4.878729750000048, 52.42571390400008], [4.878656830000068, 52.42572138300005], [4.878603664000025, 52.42572808500006], [4.878557113000056, 52.42573359200003], [4.878463787000044, 52.42574623300004], [4.878364674000068, 52.425759612000036], [4.878299781000067, 52.42576970500005], [4.878211848000035, 52.42578372600008], [4.878110212000024, 52.42579921600003], [4.878035153000042, 52.42581112500005], [4.878003541000055, 52.42581650800008], [4.87793498000002, 52.42582975800008], [4.877908799000068, 52.42583457000006], [4.877886861000036, 52.425838602000056], [4.877863421000029, 52.42584290500008], [4.877826840000068, 52.42585077400008], [4.877782105000051, 52.42585941600004], [4.877665628000045, 52.42588303800005], [4.877549693000049, 52.42591191100007], [4.877480425000044, 52.425929077000035], [4.877463280000029, 52.42593319100007], [4.87740117900006, 52.425950998000076], [4.877337960000034, 52.42596883600004], [4.877310086000023, 52.425977731000046], [4.877223031000028, 52.42600360900008], [4.877149454000062, 52.42602598600007], [4.877129981000053, 52.42603294000003], [4.87701121300006, 52.42607038400007], [4.876965339000037, 52.42608593300008], [4.876919164000071, 52.42610218100003], [4.876876196000069, 52.42611693400005], [4.87681449400003, 52.42613838200003], [4.876777391000076, 52.42615198200008], [4.876738171000056, 52.426166814000055], [4.876705629000071, 52.42617748600003], [4.876675336000062, 52.42618830200007], [4.876641121000034, 52.42620263400005], [4.876572888000055, 52.42622815300007], [4.876611354000033, 52.426235347000045], [4.876535220000051, 52.42626519000004], [4.876479362000055, 52.42628980900008], [4.876232285000071, 52.42639869900006], [4.876089705000027, 52.42647748100006], [4.875965946000065, 52.42654584700006], [4.875714151000068, 52.426706538000076], [4.875476953000032, 52.426876279000055], [4.875251602000048, 52.427052435000064], [4.875242537000076, 52.427059514000064], [4.875038993000032, 52.42724288100004], [4.874726980000048, 52.42752464300003], [4.874667929000054, 52.42757461100007], [4.874638871000059, 52.42759921900006], [4.874474561000056, 52.42773835600008], [4.874219917000062, 52.427971365000076], [4.874111729000049, 52.42796417400007], [4.874020898000026, 52.42814162800005], [4.873832208000067, 52.42851023000003], [4.873805664000031, 52.42855885500006], [4.87376395800004, 52.428640794000046], [4.873710041000038, 52.428738535000036], [4.873658306000038, 52.42883574600006], [4.873601514000029, 52.42894681200005], [4.873543186000063, 52.42905712500004], [4.873500052000054, 52.42914796500003], [4.873488833000067, 52.42917212000003], [4.873455371000034, 52.42924416400007], [4.873432704000038, 52.42929443200006], [4.873395526000024, 52.42938640300008], [4.873365321000051, 52.42944630100004], [4.873336102000053, 52.42948592700003], [4.87324681900003, 52.42954331200008], [4.873121782000055, 52.429553474000045], [4.873045732000037, 52.42955645200004], [4.872942573000046, 52.42955523100005], [4.872814848000075, 52.42954864600006], [4.872735809000062, 52.42954306300004], [4.872692530000052, 52.42958676200004], [4.87267162400002, 52.42960679500004], [4.872642635000034, 52.42960883500007], [4.872549924000054, 52.429678985000066], [4.872445348000042, 52.42974521900004], [4.872335536000037, 52.42980657700008], [4.872223568000038, 52.42986361200008], [4.872100459000023, 52.42991781200004], [4.871970683000029, 52.42996362400004], [4.871847195000043, 52.430006039000034], [4.871720938000067, 52.43004382200007], [4.871559545000025, 52.43008111100005], [4.871421307000048, 52.43010972800005], [4.871286803000032, 52.43012964400003], [4.870956881000041, 52.43018807400006], [4.870740328000068, 52.43039485300005], [4.87066173200003, 52.43037640000006], [4.870622352000055, 52.43036793300007], [4.870596721000027, 52.43035930100007], [4.870546356000034, 52.430332029000056], [4.870479659000068, 52.43028432800003], [4.870470426000054, 52.43027790700006], [4.870357683000066, 52.43019948300008], [4.870270627000025, 52.430137484000056], [4.870240189000071, 52.43011494500007], [4.870222880000028, 52.43009624700005], [4.870196604000057, 52.43006867500003], [4.870157959000039, 52.43004633400005], [4.870094622000067, 52.430019437000055], [4.870042264000062, 52.43000550200003], [4.869973018000053, 52.42999100800006], [4.869932820000031, 52.42996828300005], [4.869894181000063, 52.429931571000054], [4.86985810300007, 52.42985823600003], [4.869827581000038, 52.42982534300006], [4.86980201800003, 52.429807175000064], [4.86973813700007, 52.42976892300004], [4.86969661400002, 52.42974632700003], [4.869655881000028, 52.429773193000074], [4.86954348200004, 52.42984669700007], [4.869479082000055, 52.42988938600007], [4.86930760100006, 52.43000462200007], [4.869182280000075, 52.43008787500003], [4.869073430000071, 52.43016204200006], [4.869006980000051, 52.43020650100004], [4.868961340000055, 52.43023542100008], [4.868912436000073, 52.43025927600007], [4.86885847800005, 52.43027774400008], [4.868742572000031, 52.430316522000055], [4.868547029000069, 52.430370518000075], [4.868363754000029, 52.430421583000054], [4.86818855100006, 52.43046507100007], [4.868015454000044, 52.43050449700007], [4.867927799000029, 52.43052385900006], [4.867782256000055, 52.43054443200003], [4.867527289000066, 52.43057625400007], [4.867337650000024, 52.43060182800008], [4.867126152000026, 52.430626964000055], [4.866990170000065, 52.43064469300003], [4.86685626600007, 52.43065950100004], [4.866725526000039, 52.43067034200004], [4.866690292000044, 52.430671922000045], [4.866584495000041, 52.43067105200004], [4.866403853000065, 52.43066538800008], [4.86623209000004, 52.43065744300003], [4.86618323600004, 52.430656904000045], [4.866158178000035, 52.430659598000034], [4.866055285000073, 52.43066932900007], [4.865969847000031, 52.43067891100003], [4.865938475000064, 52.43067593300003], [4.865856380000025, 52.430665039000075], [4.865715218000048, 52.430643126000064], [4.865571576000036, 52.430618362000075], [4.865548680000074, 52.43061357900007], [4.865468485000065, 52.430589921000035], [4.865385767000021, 52.43056455300007], [4.865329315000054, 52.43055493900005], [4.865256401000067, 52.43054359900003], [4.865229279000062, 52.43054185300008], [4.865171878000069, 52.430545411000026], [4.865136785000061, 52.43054125700007], [4.865013119000025, 52.43054951100004], [4.864990766000062, 52.43054476600008], [4.864928893000069, 52.43052481900003], [4.864878241000042, 52.43051346000004], [4.86473201900003, 52.43048304900003], [4.864492096000049, 52.43043359200004], [4.864366904000065, 52.43040789300005], [4.864205819000063, 52.43037482600005], [4.864196389000028, 52.43031924100006], [4.864186509000035, 52.43026443600007], [4.864110036000056, 52.43024817200006], [4.86399754200005, 52.43022309400004], [4.863957347000053, 52.43021649100007], [4.863852716000054, 52.43019036000004], [4.863754527000026, 52.430169156000034], [4.863545660000057, 52.430122217000076], [4.863506769000026, 52.430113480000045], [4.863378067000042, 52.43008508500003], [4.863285486000052, 52.430064669000046], [4.863035209000032, 52.43000945700004], [4.862851974000023, 52.429969811000035], [4.862825549000036, 52.42996631400007], [4.862794453000049, 52.42996113500004], [4.862676822000026, 52.42994156000003], [4.86272907700004, 52.429808801000036], [4.862737132000063, 52.42978912700005], [4.862768853000034, 52.429711713000074], [4.862804385000061, 52.42962281200005], [4.862757768000051, 52.429612270000064], [4.86270145800006, 52.42959952800004], [4.862732134000055, 52.429508439000074], [4.862743745000046, 52.42944175700006], [4.86274406900003, 52.42937841300005], [4.862736021000046, 52.42931427800005], [4.862705686000027, 52.42919775400003], [4.862668217000021, 52.42910511400004], [4.862619276000032, 52.42901646800004], [4.862561295000035, 52.42892025000003], [4.862511123000047, 52.42884491800004], [4.862453096000024, 52.42877619300003], [4.862393350000048, 52.428718453000045], [4.862210559000061, 52.42856240800006], [4.861732217000053, 52.42815676100008], [4.861499949000063, 52.42795910800004], [4.861270479000041, 52.42776382100004], [4.860884055000042, 52.42743157600006], [4.860560786000065, 52.42714364900007], [4.858387539000034, 52.42525411300005], [4.85824238500004, 52.42512259600005], [4.858187284000053, 52.42506584500006], [4.85814493700002, 52.42501954000005], [4.85811003300006, 52.42497783400006], [4.858079907000047, 52.42493738100006], [4.858046175000027, 52.42488743900003], [4.858019142000046, 52.42484528300008], [4.857985540000072, 52.42478816000005], [4.857946942000069, 52.42471733600007], [4.857923192000044, 52.42466370800008], [4.857898270000021, 52.424593790000074], [4.857877638000048, 52.42453275200006], [4.857861865000075, 52.424479690000055], [4.857855010000037, 52.42445666000003], [4.857833182000036, 52.42436281300007], [4.857816403000072, 52.42427465000003], [4.857810724000046, 52.424180281000076], [4.857816125000056, 52.42407774700007], [4.857828710000035, 52.42398419600005], [4.857845661000056, 52.423898062000035], [4.857865357000037, 52.423829512000054], [4.857905981000044, 52.42372947200005], [4.857937896000067, 52.423665604000064], [4.857982629000048, 52.42358964200008], [4.858031484000037, 52.423514373000046], [4.858200594000039, 52.423279130000026], [4.858328695000068, 52.42311218100008], [4.85847870200007, 52.42291416000006], [4.85948191600005, 52.42161142100008], [4.859602718000076, 52.42145036100004], [4.859664226000064, 52.42137131900006], [4.859696654000061, 52.42132204900008], [4.859723337000048, 52.42127995300007], [4.859806106000065, 52.42112772000007], [4.859853528000031, 52.42099072500008], [4.859881195000071, 52.42078449100006], [4.85988347600005, 52.42075337700004], [4.859884714000032, 52.42072224000003], [4.859884908000026, 52.42069109000005], [4.859884059000024, 52.42065995300004], [4.859882166000034, 52.42062882000005], [4.859879228000068, 52.420597728000075], [4.859875246000058, 52.42056667600008], [4.859870220000062, 52.420535682000036], [4.859864164000044, 52.42050475500008], [4.859857064000039, 52.42047391400007], [4.859848933000023, 52.42044316700003], [4.859839772000043, 52.42041252300004], [4.859829580000053, 52.420382010000026], [4.859750958000063, 52.42017622000003], [4.859630395000067, 52.41995582700008], [4.859609015000046, 52.41992669200005], [4.859586647000071, 52.41989783200006], [4.859563276000074, 52.419869273000074], [4.859538946000043, 52.41984101600008], [4.859513642000024, 52.41981308600003], [4.85948737800004, 52.41978547600007], [4.859460184000056, 52.41975822100005], [4.859432046000052, 52.41973131200007], [4.859402991000024, 52.41970477700005], [4.859373035000033, 52.419678615000066], [4.85909816100002, 52.41942693100003], [4.858769265000035, 52.419123686000034], [4.858209797000029, 52.41861202100006], [4.85641264700007, 52.41696742800008], [4.856155179000041, 52.41673054600005], [4.856077356000071, 52.41666237600003], [4.855948437000052, 52.416683970000065], [4.85547258500003, 52.41676472900008], [4.851566888000036, 52.417414276000045], [4.851447749000044, 52.417433869000035], [4.850774860000058, 52.41757696500008], [4.849594048000029, 52.41779850700004], [4.849201168000036, 52.41786939800005], [4.848734439000054, 52.417949803000056], [4.848024716000054, 52.418073167000045], [4.847644510000066, 52.418128885000044], [4.847175037000056, 52.41819633800003], [4.846622081000021, 52.418276054000046], [4.846386664000022, 52.41831244900004], [4.846244794000029, 52.41833204200003], [4.845284547000063, 52.41846859000003], [4.843599327000049, 52.418678767000074], [4.83632540900004, 52.41958567000006], [4.834827016000077, 52.41978040500004], [4.833815878000053, 52.41991141900007], [4.832803651000063, 52.42004799100005], [4.83175742100002, 52.42019933300003], [4.831707880000067, 52.42020649800003], [4.83053925300004, 52.42039015000006], [4.829976267000063, 52.420477263000066], [4.829547146000039, 52.42054413500006], [4.828907034000053, 52.420635032000064], [4.828584738000075, 52.42068080700005], [4.827997182000047, 52.420751419000055], [4.827189963000023, 52.420848215000035], [4.826879026000029, 52.42088707200003], [4.826606018000064, 52.420921210000074], [4.82622579100007, 52.420964026000036], [4.826103514000067, 52.42097780900008], [4.825912126000048, 52.42099770900006], [4.825783450000074, 52.42101067100003], [4.825293398000042, 52.42106004500005], [4.824671137000053, 52.42112504800008], [4.824306912000054, 52.42116346600005], [4.823589238000068, 52.421255243000076], [4.821868710000047, 52.421477319000076], [4.820272451000051, 52.42168288800008], [4.818531923000023, 52.42190976400008], [4.815729201000067, 52.42227377000006], [4.815336427000034, 52.42232454300006], [4.813867193000021, 52.42251447000007], [4.81262319700005, 52.42267601900005], [4.810167193000041, 52.422994911000046], [4.807002829000055, 52.423403568000026], [4.806666718000031, 52.42344910700007], [4.804544515000032, 52.423716418000026], [4.801878738000028, 52.42405505600004], [4.798371558000042, 52.42450636700005], [4.795232159000022, 52.42491062700003], [4.792111240000054, 52.42530395000006], [4.788885533000041, 52.42571862800003], [4.788345139000057, 52.42578834700004], [4.785640951000062, 52.426137202000064], [4.784346249000066, 52.42630277100005], [4.783441168000024, 52.42641849800003], [4.772458889000063, 52.427868412000066], [4.770588084000053, 52.428107864000026], [4.769868561000067, 52.428199953000046], [4.767537287000039, 52.42849828000004], [4.76718304000002, 52.427468314000066], [4.766559746000041, 52.427549104000036], [4.764755502000071, 52.42777777600003], [4.751196696000022, 52.42949530300007], [4.750220743000057, 52.42961886200004], [4.739393505000066, 52.43103956500005], [4.73920752500004, 52.43106396500008], [4.738783799000032, 52.42984477300007], [4.738761450000027, 52.429780452000045], [4.738683018000074, 52.42955475400004], [4.738566193000054, 52.42922284500003], [4.738488776000054, 52.42900524200007], [4.738476487000071, 52.42896187200006], [4.738423443000045, 52.42879987400005], [4.738413363000063, 52.428772362000075], [4.73838321900007, 52.42868018900003], [4.738247122000075, 52.428271024000026], [4.738219186000038, 52.42820079400008], [4.738073394000025, 52.42778625400007], [4.737913039000034, 52.42732519500004], [4.737682411000037, 52.42664447700008], [4.737640657000043, 52.42652609500004], [4.73762337900007, 52.42647709800008], [4.737492263000036, 52.42610522200005], [4.737310480000076, 52.42555427500008], [4.736998954000057, 52.42465299300005], [4.736280838000027, 52.42256313200005], [4.736248527000043, 52.42246198700008], [4.736227586000041, 52.42239640500003], [4.736158189000037, 52.42218581000003], [4.735988538000072, 52.421687846000054], [4.735826079000049, 52.42121890800007], [4.735675693000076, 52.420790975000045], [4.735541295000075, 52.420392537000055], [4.735367646000043, 52.41988351400005], [4.735194188000037, 52.41936172900006], [4.734958322000068, 52.418645007000066], [4.734920192000061, 52.418564024000034], [4.734904940000035, 52.41853163800005], [4.734885440000028, 52.41849022300005], [4.73487164200003, 52.41846093700008], [4.734806168000034, 52.418295328000056], [4.734765486000072, 52.418174030000046], [4.734729507000054, 52.41807385200008], [4.734634520000043, 52.41777724600007], [4.73441467300006, 52.41712380300004], [4.734061820000022, 52.41609337300008], [4.733719834000055, 52.415081678000035], [4.733706077000022, 52.41504671200005], [4.733665080000037, 52.414925304000064], [4.733523106000064, 52.414504865000026], [4.73295975700006, 52.412852315000066], [4.732531900000026, 52.411618729000054], [4.732495400000062, 52.41152561200005], [4.732454844000074, 52.41140864600004], [4.732418869000071, 52.41130489900007], [4.732203101000039, 52.410671130000026], [4.731875151000054, 52.40969989800004], [4.731402096000068, 52.40830988500005], [4.73129143500006, 52.40799292100007], [4.731187231000035, 52.40770342400003], [4.731046745000071, 52.407298799000046], [4.730932297000038, 52.40691137700003], [4.730596916000025, 52.405947559000026], [4.730147397000053, 52.40464661400006], [4.730133518000059, 52.40460835700003], [4.730064253000023, 52.40448297100005], [4.730004300000076, 52.404293419000055], [4.72990121600003, 52.40398512400003], [4.72983789400007, 52.403795985000045], [4.729766742000038, 52.40359977400004], [4.729695024000023, 52.403393179000034], [4.729622583000037, 52.40318590500004], [4.72955051100007, 52.402974553000035], [4.72949520100002, 52.402814066000076], [4.729439144000025, 52.40265445600005], [4.729385975000071, 52.40249531100005], [4.729329926000048, 52.40233526000003], [4.729275939000047, 52.40218273500005], [4.729219872000044, 52.40202490400003], [4.729163143000051, 52.40186218900004], [4.729107088000035, 52.401702587000045], [4.729051753000022, 52.401542980000045], [4.728994292000039, 52.401381151000066], [4.72894046600004, 52.401218021000034], [4.728886605000071, 52.40105621100008], [4.728833682000072, 52.40089167500008], [4.728758231000029, 52.40071146400004], [4.728978430000041, 52.40067908300006], [4.729040757000064, 52.40067146600006], [4.733052457000042, 52.40014954900005], [4.739240366000047, 52.399356166000075], [4.744545867000056, 52.39867269000007], [4.746146610000039, 52.398467089000064], [4.746331902000065, 52.39844501200008], [4.74849183300006, 52.39817001700004], [4.750518639000063, 52.397905879000064], [4.752482993000058, 52.39764983800006], [4.754978703000063, 52.39732681300006], [4.755425837000075, 52.39726881100006], [4.756052547000024, 52.397192063000034], [4.756048044000067, 52.39717910600007], [4.756028721000064, 52.39712359300006], [4.75602146600005, 52.39710271200005], [4.756586042000038, 52.397028668000075], [4.757187784000052, 52.39694469900007], [4.757446897000023, 52.39689339100005], [4.757590802000038, 52.39684961300003], [4.757673763000071, 52.39679736800008], [4.757745791000048, 52.396742188000076], [4.757817373000023, 52.39666353900003], [4.757856814000036, 52.396587596000074], [4.757865868000067, 52.396501433000026], [4.757876590000023, 52.396022524000045], [4.757893918000036, 52.39571782400003], [4.757921102000068, 52.39542358400007], [4.757949194000048, 52.39498883400006], [4.757987280000066, 52.39455274300008], [4.757998808000025, 52.39425392600003], [4.75800931200007, 52.39402928800007], [4.758006039000065, 52.393772383000055], [4.758005470000057, 52.39372754900006], [4.758008408000023, 52.39320587900005], [4.758017689000042, 52.392927677000046], [4.75802260200004, 52.39258144900003], [4.758022030000063, 52.39233911800005], [4.758027201000061, 52.392140391000055], [4.758028190000061, 52.39195887000005], [4.758037897000065, 52.39155228000004], [4.758046071000024, 52.39095144700008], [4.758020343000055, 52.39007083300004], [4.75801744000006, 52.389971], [4.758005130000072, 52.38954970600008], [4.758131314000025, 52.38885938900006], [4.758166782000046, 52.38866534300007], [4.758264790000055, 52.38812908800003], [4.758322457000077, 52.38781355500004], [4.758342093000067, 52.387706112000046], [4.758382113000039, 52.38759902900006], [4.758497953000074, 52.387239693000026], [4.758512688000053, 52.387193997000054], [4.758942689000037, 52.384419843000046], [4.758942697000066, 52.38435085300006], [4.758944253000038, 52.384268012000064], [4.758945757000049, 52.38418773300003], [4.75896147800006, 52.38400808800003], [4.758964779000053, 52.38396066800004], [4.758964966000065, 52.38394748400003], [4.758968527000036, 52.38390036200008], [4.758980391000023, 52.38374304000007], [4.758986030000074, 52.38366848100003], [4.758993878000069, 52.383420397000066], [4.758995627000047, 52.383362238000075], [4.759007386000064, 52.38297077500005], [4.759008068000071, 52.38294749100004], [4.759008727000037, 52.38292481000008], [4.759013386000049, 52.38276597600003], [4.759037608000028, 52.38201096100005], [4.759038107000038, 52.38199547800008], [4.759040582000068, 52.381918205000034], [4.759046256000033, 52.38179451900004], [4.759052184000041, 52.381672577000074], [4.759054179000032, 52.38155345500007], [4.75905472900007, 52.38152189300007], [4.759063603000072, 52.381318484000076], [4.75906449200005, 52.38129408700007], [4.759065702000044, 52.38126050600005], [4.759071225000071, 52.38110911900003], [4.759083825000062, 52.38075769200003], [4.759084299000051, 52.38073563800003], [4.759088251000037, 52.380554053000026], [4.759091427000044, 52.380407578000074], [4.759101626000074, 52.380025544000034], [4.759123503000069, 52.379343704000064], [4.759123954000074, 52.37932942500004], [4.758519356000022, 52.37889230500008], [4.757886756000062, 52.378434936000076], [4.757255695000026, 52.37797870400004], [4.756717121000065, 52.377837947000046], [4.756601207000074, 52.37780765200006], [4.75643311500005, 52.377763723000044], [4.756468143000063, 52.37771821600006], [4.756985216000032, 52.37704650000006], [4.757529656000031, 52.37618903300006], [4.758046217000071, 52.37506550300003], [4.758379629000046, 52.37401549800006], [4.758516151000038, 52.37325954200003], [4.758566819000066, 52.37275564200007], [4.758595616000036, 52.37221783100006], [4.75857392000006, 52.371594548000076], [4.758509997000033, 52.37124143800003], [4.758440553000071, 52.370957829000076], [4.758296934000043, 52.37041886000003], [4.757982717000061, 52.36923955700007], [4.757892282000057, 52.36891762800008], [4.75778036600002, 52.36851919800006], [4.756627254000023, 52.36441387500008], [4.756482772000027, 52.363899453000045], [4.755472046000023, 52.36039145600006], [4.755095958000027, 52.35903453700007], [4.754901057000041, 52.35838407400007], [4.754836372000057, 52.357907563000026], [4.754940176000048, 52.35721912200006], [4.755103143000042, 52.356832061000034], [4.755313249000039, 52.35653728600005], [4.755683053000041, 52.35615027600005], [4.756105250000076, 52.35582966800007], [4.756652177000035, 52.35551979000007], [4.757329364000043, 52.35520311500005], [4.758079680000037, 52.35491582000003], [4.761725790000071, 52.35349455900007], [4.762121930000035, 52.35334012900006], [4.764936921000071, 52.352233633000026], [4.769132568000032, 52.35058471000008], [4.771739589000049, 52.349558639000065], [4.775171886000066, 52.34815406200005], [4.776867667000033, 52.34745738200007], [4.778735901000061, 52.34668981600004], [4.781457206000027, 52.34557999200007], [4.783289274000026, 52.34483023400003], [4.786167765000073, 52.343650369000045], [4.786821360000033, 52.34338354800008], [4.78814961300003, 52.34284132100004], [4.79015673300006, 52.34200818100004], [4.79054059200007, 52.341841946000045], [4.791225989000054, 52.34142465200006], [4.791436879000059, 52.34129626300006], [4.791780866000067, 52.34102768500003], [4.79231862000006, 52.34050403600003], [4.794996166000033, 52.33786969800008], [4.796084695000047, 52.33679862400004], [4.797325700000044, 52.335596691000035], [4.79776496300002, 52.33528277800008], [4.79821567700003, 52.335041956000055], [4.799786791000031, 52.334388656000044], [4.802604618000032, 52.33321722200003], [4.802848429000051, 52.33311585700005], [4.803254307000032, 52.33294711800005], [4.803492214000073, 52.332848212000044], [4.80473999000003, 52.33232942600006], [4.806100690000051, 52.33176350900004], [4.807718156000021, 52.331090774000074], [4.811779070000057, 52.32941722000004], [4.81266757700007, 52.32905101400007], [4.815435451000042, 52.32789294600008], [4.816403667000031, 52.32740606700003], [4.81712839100004, 52.32692051500004], [4.817710838000039, 52.326438265000036], [4.818135598000026, 52.325969490000034], [4.818425415000036, 52.325557453000044], [4.818752201000052, 52.32556051500006], [4.818772280000076, 52.32556070100003], [4.81928343200002, 52.32556548300005], [4.819432600000027, 52.32556785300005], [4.819468441000026, 52.32556971400004], [4.81948632600006, 52.325574033000066], [4.819497292000051, 52.32557916400003], [4.819550553000056, 52.325621743000056], [4.81961466100006, 52.32567875500007], [4.819647453000073, 52.32570345800008], [4.819696805000035, 52.325728240000046], [4.819747619000054, 52.325745408000046], [4.819827525000051, 52.32575425700003], [4.819886789000066, 52.325758775000054], [4.820280356000069, 52.32576128100004], [4.820966455000075, 52.32575102100003], [4.821904287000052, 52.325741951000055], [4.822386363000021, 52.32573324200007], [4.822999264000032, 52.32572515600003], [4.823758140000052, 52.32571436400008], [4.823957417000031, 52.32571105200003], [4.824248523000051, 52.32570989300007], [4.824379993000036, 52.32571054600004], [4.82448207300007, 52.32571187600007], [4.824737183000025, 52.32571986500005], [4.825178443000027, 52.32573126400007], [4.825515500000051, 52.32580480200005], [4.825585997000076, 52.32582351700006], [4.825796426000068, 52.32587445200005], [4.826008297000044, 52.325920315000076], [4.82606061000007, 52.32592818400008], [4.826157422000051, 52.32593776600004], [4.826446751000049, 52.325967062000075], [4.826850851000074, 52.32601039200006], [4.827123641000071, 52.32603792800006], [4.827410293000071, 52.32606791900008], [4.827833268000063, 52.326110552000046], [4.828395557000022, 52.32616705500004], [4.828520182000034, 52.32618017200008], [4.828678638000042, 52.32619530900007], [4.828934123000067, 52.32621925400008], [4.829303354000047, 52.32625824000007], [4.830214578000039, 52.32635602300007], [4.830559052000069, 52.32638895700006], [4.830968017000032, 52.326426265000066], [4.831450253000071, 52.326474233000056], [4.832239551000043, 52.32655480000005], [4.833011105000026, 52.326635063000026], [4.833898132000058, 52.32672877700003], [4.834668150000027, 52.32681504400006], [4.835099626000044, 52.32686515100005], [4.835743453000021, 52.32694161000006], [4.836399209000035, 52.32701561300007], [4.837183147000076, 52.32710633200003], [4.838144442000043, 52.327217148000045], [4.839252814000076, 52.32734380900007], [4.839404903000059, 52.32735957600005], [4.83941365000004, 52.32754581700004], [4.839630835000037, 52.327558785000065], [4.83962916400003, 52.32780592300003], [4.839621198000032, 52.328105539000035], [4.839586386000065, 52.32836355300003], [4.839553460000047, 52.328587592000076], [4.839526164000063, 52.328788055000075], [4.839509510000028, 52.328907264000065], [4.839477874000067, 52.329122951000045], [4.839476094000077, 52.329145906000065], [4.840291192000052, 52.32949965100005], [4.84041121000007, 52.329551894000076], [4.840475309000055, 52.32957655600006], [4.840517007000074, 52.329589260000034], [4.840621942000041, 52.329610811000066], [4.840915876000054, 52.329661943000076], [4.841045493000024, 52.32968295200004], [4.84133715400003, 52.32974013000006], [4.841476712000031, 52.32976759300004], [4.841985088000058, 52.32986138600006], [4.842680099000063, 52.32998539000005], [4.843152283000052, 52.33006878400005], [4.843295040000044, 52.330094004000046], [4.84346213200007, 52.33012307400003], [4.843514948000063, 52.33013119000003], [4.843642947000035, 52.33015637800003], [4.843749568000021, 52.33017709000006], [4.843814125000051, 52.33018962700004], [4.843960562000063, 52.330218683000055], [4.84449831400002, 52.329995017000044], [4.844623382000066, 52.32994196000004], [4.844939081000064, 52.32980805100004], [4.844951734000063, 52.329802689000076], [4.845111603000021, 52.329734872000074], [4.845236259000046, 52.32968178500005], [4.845573988000069, 52.32973546900007], [4.84636011200007, 52.32986280800003], [4.847350866000056, 52.33001647400005], [4.847500075000028, 52.33003842800008], [4.847544907000042, 52.33004453800004], [4.847564115000068, 52.33004659300008], [4.847623154000075, 52.330071462000035], [4.84763754100004, 52.33007545500004], [4.847645431000046, 52.330085333000056], [4.847668724000073, 52.33014840800007], [4.847678084000052, 52.33017009300005], [4.847742769000035, 52.330257947000064], [4.847958450000021, 52.330549217000055], [4.847987104000026, 52.33056706200006], [4.848006301000055, 52.33057009800007], [4.848136261000036, 52.330565773000046], [4.84842872300004, 52.33055818000008], [4.848784931000068, 52.330543084000055], [4.849443287000042, 52.330517549000035], [4.850085629000034, 52.33049389800004], [4.85065133300003, 52.330473733000076], [4.851014555000063, 52.33046079200005], [4.851567475000024, 52.33043981000003], [4.851604986000041, 52.330438686000036], [4.852056355000059, 52.33042515100004], [4.852243163000026, 52.330419551000034], [4.852497231000029, 52.330411936000075], [4.85299227400003, 52.33039709500008], [4.854001122000057, 52.33036627600006], [4.85494248200007, 52.33033813000003], [4.855476426000052, 52.330324837000035], [4.855914169000073, 52.33031814700007], [4.855993992000037, 52.33007660800007], [4.856127075000074, 52.32968127600003], [4.856196090000026, 52.32968073200004], [4.856258935000028, 52.32949946000008], [4.856327828000076, 52.32931529500007], [4.856370489000028, 52.329170558000044], [4.856408123000051, 52.32896043100004], [4.856421830000045, 52.32884594300003], [4.856449730000065, 52.328031614000054], [4.856442091000076, 52.32780563500006], [4.856355305000022, 52.322951500000045], [4.856334047000075, 52.32176239200004], [4.856568584000058, 52.32176714600007], [4.856568006000032, 52.32172470300003], [4.856566162000036, 52.32159063300003], [4.856565765000028, 52.32156244600003], [4.856725105000066, 52.321555817000046], [4.856746853000061, 52.32155490800005], [4.856754557000045, 52.32141349300008], [4.856848385000035, 52.321414677000064], [4.85696153400005, 52.32141681100006], [4.857056250000028, 52.32141859200004], [4.857273969000062, 52.32142269500008], [4.857495472000039, 52.32142686800006], [4.857613460000039, 52.32142909500004], [4.857625949000067, 52.32158465800006], [4.857629996000071, 52.32163512400007], [4.857640543000059, 52.32167068200005], [4.857650104000072, 52.32168935700008], [4.857664080000063, 52.32170184000006], [4.857683249000047, 52.32171429300007], [4.85769788500005, 52.321716938000066], [4.857766813000069, 52.32172757400008], [4.857781117000059, 52.32172978600005], [4.857862819000047, 52.32173439300004], [4.858044125000049, 52.321738107000044], [4.858223212000041, 52.32174212500007], [4.858237612000039, 52.321742450000045], [4.858314177000068, 52.32174486000008], [4.858336742000063, 52.321745572000054], [4.858409308000034, 52.32174760400005], [4.858435012000029, 52.32174832100003], [4.85850221100003, 52.32175020300008], [4.858585891000075, 52.32175254500004], [4.85870557800007, 52.32175503000008], [4.858756873000061, 52.32175609500007], [4.858818287000076, 52.32175721400006], [4.85893181900002, 52.32175929300007], [4.859022753000033, 52.32176095800003], [4.859159119000026, 52.32176579000003], [4.859185515000036, 52.321766214000036], [4.859254719000035, 52.321767313000066], [4.859344820000047, 52.32176874000004], [4.859521446000031, 52.32177252000008], [4.859588242000029, 52.32177377100004], [4.859676829000023, 52.321775424000066], [4.859791064000035, 52.321777560000044], [4.859913292000044, 52.321779839000044], [4.860042001000068, 52.321782237000036], [4.860168510000051, 52.32178459800008], [4.860301457000048, 52.32178707800006], [4.860384619000058, 52.32178862500007], [4.860477899000045, 52.32179037000003], [4.860603895000054, 52.321792720000076], [4.860693993000041, 52.321794397000076], [4.860842910000031, 52.32179717100007], [4.861061717000041, 52.321801245000074], [4.861749960000054, 52.32180785300005], [4.862614041000029, 52.32182417900003], [4.865332429000034, 52.32187070100008], [4.866353144000072, 52.32188741200008], [4.869043683000029, 52.32193142500006], [4.869143301000065, 52.32193305700008], [4.869235527000058, 52.32193471000005], [4.872476207000034, 52.321992969000064], [4.872706382000047, 52.32199710700007], [4.872825958000021, 52.32199920900007], [4.876305974000047, 52.32206032700003], [4.88061510700004, 52.32213659700005], [4.881903418000036, 52.322159371000055], [4.882359520000023, 52.32216742900005], [4.884237701000075, 52.32220375600008], [4.889941742000076, 52.32231390100003], [4.892475047000062, 52.32235998500005], [4.89257793400003, 52.322361853000075], [4.892629320000026, 52.32236278700003], [4.892805663000047, 52.32236599600003], [4.892833864000067, 52.32236650900006], [4.893444270000032, 52.32237760500004], [4.893639822000068, 52.322383966000075], [4.893951195000056, 52.32239664300005], [4.894378387000074, 52.32241433100006], [4.894513236000023, 52.32242017800007], [4.894560555000055, 52.322421372000065], [4.894628719000025, 52.32242111700003], [4.894697738000048, 52.32242177300003], [4.894740047000028, 52.32242246100003], [4.894778631000065, 52.32242308900004], [4.894812537000064, 52.322423634000074], [4.894866606000051, 52.32242190900007], [4.894915135000076, 52.32242125700003], [4.894950849000054, 52.32241879000003], [4.895130387000052, 52.322406415000046], [4.89514305900002, 52.322406459000035], [4.895157932000075, 52.322406511000054], [4.895224592000034, 52.322406896000075], [4.895254306000027, 52.32240719100008], [4.895395306000069, 52.32240860400003], [4.895417374000033, 52.32240792300007], [4.895427713000061, 52.32240804600008], [4.895442438000032, 52.32240821500005], [4.896291158000054, 52.32242000800005], [4.896407231000069, 52.32232120200007], [4.897145626000054, 52.32189658000004], [4.898280097000054, 52.321644124000045], [4.899346526000045, 52.321550622000075], [4.900063205000038, 52.321550725000066], [4.900197001000038, 52.32155074600007], [4.900922053000045, 52.32156578100006], [4.901600318000021, 52.321528373000035], [4.902093150000042, 52.32144999900004], [4.902531843000077, 52.32132450300003], [4.902971133000051, 52.321145424000065], [4.903355654000052, 52.32097281400007], [4.904091901000072, 52.32064432700008], [4.904702530000066, 52.32039399300004], [4.905518907000044, 52.320144404000075], [4.907840007000061, 52.31950500500005], [4.909050229000059, 52.31882583500004], [4.90913474000007, 52.31825336000003]]]]}}]}