{"type": "FeatureCollection", "features": [{"type": "Feature", "properties": {"shapeName": "Madrid", "shapeISO": "", "shapeID": "93216281B77569616952792", "shapeGroup": "ESP", "shapeType": "ADM2"}, "geometry": {"type": "MultiPolygon", "coordinates": [[[[-4.27501122691642, 40.6765234229], [-4.27667340379863, 40.6774172599555], [-4.2781012516937, 40.6781856484023], [-4.27824221364497, 40.6782285666461], [-4.28026852265111, 40.679674944278], [-4.28238275977459, 40.6811859182807], [-4.28440144865017, 40.6822162331143], [-4.2866572343964, 40.6828926409984], [-4.28812451528787, 40.6831718305485], [-4.28869194056118, 40.6823795503079], [-4.28895245206105, 40.6819973226173], [-4.28924880124289, 40.6814561657431], [-4.28947971065914, 40.6810617216505], [-4.28964316758135, 40.680888477045], [-4.28981381624251, 40.680726367727], [-4.28993025494068, 40.6806090836453], [-4.29109117482357, 40.6804266352194], [-4.29144255579788, 40.6802397218403], [-4.29168871861987, 40.6800566326878], [-4.29180516807662, 40.6799451440365], [-4.29187605598416, 40.6798437717914], [-4.29191662659734, 40.679753436658], [-4.29241649575194, 40.6787435634459], [-4.29265510015139, 40.6782638362423], [-4.29429772175068, 40.676527542912], [-4.29518086013236, 40.67610521487], [-4.29622748549032, 40.6758491149685], [-4.29652234029755, 40.6757810560075], [-4.29667358152254, 40.6757382861941], [-4.29915752923746, 40.6745786498814], [-4.30044637815506, 40.6739427798672], [-4.30078258351768, 40.673761418495], [-4.30125538293365, 40.673525476868], [-4.30166036146034, 40.6733056089908], [-4.30194239283758, 40.6731684287606], [-4.3020644290347, 40.6731081331033], [-4.30246890806779, 40.6728995041864], [-4.30283598150486, 40.6726899110312], [-4.30314201842587, 40.6725136082491], [-4.30336386650901, 40.6723810450653], [-4.30366919652627, 40.6722219729963], [-4.30393687292135, 40.6720676323616], [-4.30417403906898, 40.671929920899], [-4.30443401962093, 40.6717811601775], [-4.30464080580444, 40.6716538319535], [-4.30477976232256, 40.6715368414286], [-4.30485550796779, 40.6714774307265], [-4.30580059126324, 40.6710253332267], [-4.30605985882283, 40.6709351314969], [-4.30640970988536, 40.6707881646909], [-4.30681143152489, 40.6706590443911], [-4.30704645667351, 40.6705838986157], [-4.30737214657458, 40.6704873116556], [-4.30767554698921, 40.6703853460113], [-4.30805323785614, 40.6703011176643], [-4.30850669350153, 40.6701903717236], [-4.30890035070469, 40.6700781299142], [-4.30916494408691, 40.6700148860335], [-4.30938425141435, 40.6699566327212], [-4.30965625679081, 40.6698935157664], [-4.30986839843676, 40.6698292302332], [-4.31027161079393, 40.6696605749135], [-4.3106822763367, 40.6694858797545], [-4.31110816425868, 40.6693062175929], [-4.31152551402425, 40.6691604462613], [-4.3119585193881, 40.6689921696998], [-4.31229351481002, 40.6688448702758], [-4.31261834938289, 40.6687054883832], [-4.31290588717829, 40.668542680058], [-4.31465168477955, 40.6676811986079], [-4.3149011083064, 40.667558110329], [-4.31544051662639, 40.6672449719582], [-4.3174068087728, 40.6669335261559], [-4.31742865884667, 40.6668433855255], [-4.31762281856435, 40.6658860681252], [-4.31847956071543, 40.6643358369263], [-4.31860522244727, 40.661703952287], [-4.31954758392637, 40.6609004851016], [-4.32158058729703, 40.6596160455575], [-4.32415930821959, 40.658415419695], [-4.32477257908092, 40.6577237383861], [-4.32376800104844, 40.6541681135981], [-4.32341062143661, 40.652244410047], [-4.32256337447633, 40.6506686371076], [-4.32178720014792, 40.6496956079222], [-4.32038473292279, 40.6482215901333], [-4.32010099195549, 40.6478145427321], [-4.31995066787583, 40.6477653587602], [-4.31970985077778, 40.6475123077387], [-4.31855548559933, 40.6477507071946], [-4.31829735556211, 40.6478369827317], [-4.31261815642273, 40.6487456649287], [-4.31253219010822, 40.6487911213383], [-4.30526278178914, 40.6503389870602], [-4.30192473471984, 40.6512453525906], [-4.2959647119487, 40.6519074270321], [-4.2934582826958, 40.6520219523241], [-4.29030723999027, 40.6520600255714], [-4.28572383335282, 40.6526336466281], [-4.28154374952087, 40.6531564415652], [-4.27631376596959, 40.6525416156181], [-4.27363688523759, 40.6528963203455], [-4.27282959174964, 40.6530312846529], [-4.27238039278508, 40.6530218980271], [-4.27216325560784, 40.6530171880164], [-4.2718935556284, 40.652967001162], [-4.27157871736091, 40.6529285735092], [-4.27123404431517, 40.652884180164], [-4.27096413675591, 40.6528343499284], [-4.27034628807991, 40.6528246899831], [-4.26933577474259, 40.6530086625427], [-4.26736779356942, 40.653160904304], [-4.26654771836974, 40.65307024744], [-4.26335971419153, 40.6520540022628], [-4.26211076352379, 40.6518174806927], [-4.26008649919479, 40.6516900221059], [-4.25604644994143, 40.6514010806393], [-4.25410736543374, 40.6586652285946], [-4.25446103665269, 40.6620688876952], [-4.25597831003219, 40.6631044303887], [-4.25604445298655, 40.6633202857313], [-4.25655074976889, 40.6638192362325], [-4.2574251734597, 40.6643953142923], [-4.25884355130958, 40.665059825077], [-4.25985236197409, 40.6657479963388], [-4.26097801400168, 40.666840996512], [-4.26539472849396, 40.6710975026456], [-4.26740814133066, 40.6745427469288], [-4.26955401911643, 40.6753184479124], [-4.26955731932541, 40.6753338865943], [-4.26993918506787, 40.675500805215], [-4.27015081798136, 40.6755337153383], [-4.27097102006695, 40.6758304111175], [-4.2717479233388, 40.6761247628961], [-4.2734096644713, 40.6764135082053], [-4.27489246140853, 40.6764595562257], [-4.27501122691642, 40.6765234229]]], [[[-4.57900552066485, 40.2174030460104], [-4.57727146224773, 40.2166159070549], [-4.57549279798518, 40.215928391827], [-4.57476726870721, 40.214682791354], [-4.57430572104961, 40.2138905520354], [-4.5740960434825, 40.2137808012435], [-4.57262849993881, 40.213012511911], [-4.57270181683905, 40.2126580112562], [-4.57295184133883, 40.2114486325857], [-4.57306184094367, 40.2109165266568], [-4.57352742697565, 40.2091984625063], [-4.57365328094694, 40.2090359388806], [-4.57401722260454, 40.2085660642034], [-4.57505409313977, 40.2072271976838], [-4.57517037915498, 40.2070770369004], [-4.57507995653511, 40.2070597214798], [-4.56726295796818, 40.2055627739868], [-4.56094655286259, 40.2037291886632], [-4.55853715825092, 40.2031852901238], [-4.55609876795164, 40.2027980602455], [-4.55495914854326, 40.2026168358821], [-4.55168601014314, 40.202096943333], [-4.55052878263037, 40.2018424212531], [-4.54887374431465, 40.2014400023106], [-4.5482537721704, 40.2012895495147], [-4.54799200143722, 40.2012254840829], [-4.54641742154448, 40.2008431118165], [-4.5454030061755, 40.2006677462736], [-4.54068164072613, 40.2002509050601], [-4.5404350462888, 40.2002289126632], [-4.53586141221481, 40.1995599725633], [-4.53419407960946, 40.2004620699543], [-4.53375809755766, 40.2006978673683], [-4.53321496203082, 40.2009914481895], [-4.52842343624697, 40.200559332948], [-4.52431362296788, 40.2022351457306], [-4.52321275257316, 40.2023937829561], [-4.52214368905952, 40.2023988392526], [-4.52097434882531, 40.2026484452148], [-4.51951437053916, 40.2030369899], [-4.51891062126918, 40.203369416893], [-4.5181719445984, 40.2039555023893], [-4.51756755547777, 40.2046105798199], [-4.51728838603692, 40.2049131335085], [-4.51725374505818, 40.2049641586622], [-4.51688088776616, 40.2055087937142], [-4.51688466197661, 40.2057679779536], [-4.51693800107195, 40.2061676140037], [-4.51698657994926, 40.2064816429469], [-4.51703846527986, 40.2067045817998], [-4.51700701123207, 40.2069717097606], [-4.51700726177643, 40.20718246503], [-4.51710369331282, 40.2074063501259], [-4.51720890151649, 40.2075964855534], [-4.51722952931783, 40.2078587296483], [-4.51735731287038, 40.2080378289676], [-4.51745729356487, 40.2081594364077], [-4.51750493478379, 40.2082913606063], [-4.51747255144996, 40.2084780228822], [-4.51743082962415, 40.2088705939148], [-4.51739004568269, 40.2094055848569], [-4.51734059271083, 40.209747333763], [-4.51731292262061, 40.2100487631172], [-4.51723333314277, 40.2103219339796], [-4.51705662967679, 40.2105789152065], [-4.51685814452872, 40.2108696409141], [-4.51665243810457, 40.2112121296103], [-4.5165353641967, 40.2114459389182], [-4.51652125396972, 40.2115542311142], [-4.51657364776931, 40.2116277402553], [-4.51669313268528, 40.2117011565296], [-4.51672933041198, 40.2118611866143], [-4.5167350472558, 40.2118870123936], [-4.51707482684949, 40.2127267520049], [-4.51733090060439, 40.2136693442134], [-4.51711341128759, 40.2144559644943], [-4.51693077802991, 40.2147194472435], [-4.51668665495032, 40.2149208435122], [-4.5163457128424, 40.2150588691332], [-4.51607931834321, 40.2152307350223], [-4.51596875650499, 40.2153508545999], [-4.51579922543425, 40.2155505305531], [-4.51554065740317, 40.2157506026762], [-4.51532625435234, 40.2159337554139], [-4.51501539953477, 40.216122863597], [-4.51468214163236, 40.216294988826], [-4.51458632283257, 40.2164091970532], [-4.5145576531003, 40.2165571921576], [-4.51449944765977, 40.2167338038356], [-4.51441875379443, 40.2168821103424], [-4.51422626779597, 40.2169851407757], [-4.51395951705487, 40.2171059444937], [-4.51356657355893, 40.2172268769542], [-4.51315098209519, 40.2173427705637], [-4.51277250569633, 40.2174354504459], [-4.51245340170787, 40.2175049420906], [-4.5122900088473, 40.2175228430518], [-4.51189720845582, 40.2176783120906], [-4.51164530506769, 40.2178044922467], [-4.5113494296912, 40.217999090852], [-4.51109809092249, 40.2182050697556], [-4.51087637054069, 40.2183880927685], [-4.51061039375812, 40.2186168058466], [-4.51038874973312, 40.2188054936063], [-4.51016686046806, 40.2189657521594], [-4.50999647607149, 40.2190403926077], [-4.50978937760588, 40.2191892549801], [-4.50961859733016, 40.2192069204096], [-4.50944786425438, 40.2192418048816], [-4.50920323987441, 40.219339589199], [-4.50894313179325, 40.2193519900143], [-4.50865999946102, 40.2192624463072], [-4.50842209663658, 40.219240540418], [-4.50813237460857, 40.219258955997], [-4.50784320571859, 40.2193685791192], [-4.50759911899528, 40.2195570054666], [-4.50748855227067, 40.2196885123352], [-4.50734863453697, 40.2198710766716], [-4.50717111553944, 40.2200084873879], [-4.50683762817869, 40.2201294187437], [-4.50659993224822, 40.2201589772874], [-4.5063106129242, 40.220245513156], [-4.50608779671412, 40.2202919441202], [-4.50588767093345, 40.220378146224], [-4.50560632771338, 40.2205328292045], [-4.50536167409693, 40.2206250445804], [-4.50511700804784, 40.2207228383074], [-4.50493862686437, 40.2207808141862], [-4.50476094731024, 40.2207649572051], [-4.50469345867957, 40.220747402466], [-4.50459635079737, 40.2206795519471], [-4.50440313705983, 40.2206802326213], [-4.50429695578788, 40.2207230907259], [-4.50420293900855, 40.2207608986196], [-4.50401030612568, 40.2208525671381], [-4.50368359509505, 40.2209054141599], [-4.50340076052784, 40.2208554354093], [-4.50301294086071, 40.220675211416], [-4.50284364486251, 40.2206425004729], [-4.50269282430356, 40.2206138674987], [-4.5023805231984, 40.2206038798024], [-4.50195724422305, 40.220662565814], [-4.50156368511055, 40.2207211392838], [-4.50127447160653, 40.2208248002223], [-4.50101524641005, 40.2209342464643], [-4.50085244128942, 40.2210712346434], [-4.50083142699998, 40.2212533527379], [-4.50084880221421, 40.2213132213884], [-4.50089250805552, 40.2214634243327], [-4.5009012943695, 40.2216739809656], [-4.50088783137076, 40.2218671979887], [-4.50062050346956, 40.2219141197798], [-4.50030863664163, 40.2219664870676], [-4.50003384751157, 40.2219965130527], [-4.49990725371042, 40.2219797631849], [-4.49979547487769, 40.2219292203455], [-4.49966146836048, 40.2219125607113], [-4.4994977593831, 40.2218848301374], [-4.49928147830033, 40.2217833478965], [-4.4992090382599, 40.2217667755214], [-4.49885848692968, 40.2217420373941], [-4.49841830690676, 40.2217106325705], [-4.49838518871719, 40.2217082545208], [-4.49815111837059, 40.2216915129492], [-4.49796499455652, 40.2216782514428], [-4.49793877093675, 40.2216690321229], [-4.49781618211433, 40.2216586866823], [-4.4975035785041, 40.2216146812541], [-4.49633129068399, 40.2223749630127], [-4.49553502136821, 40.2228914460973], [-4.49211417261522, 40.2238426925726], [-4.49034110427775, 40.2243356950228], [-4.487404599512, 40.2254230178421], [-4.48622665373693, 40.2260254228155], [-4.48292680413655, 40.2272964565254], [-4.48230525489669, 40.2277682749243], [-4.4813734616018, 40.2284747306429], [-4.48076084561232, 40.2293507316829], [-4.48066864027353, 40.2295088091403], [-4.48050850795069, 40.2297060647004], [-4.48032812662996, 40.2298453703196], [-4.48031981772356, 40.2298516529958], [-4.48002247706311, 40.229978220398], [-4.47998245158077, 40.2299956240749], [-4.47969841171905, 40.2300715741867], [-4.47931121698915, 40.2301066836155], [-4.47880663527187, 40.2300543352815], [-4.47826465830476, 40.2299950778829], [-4.47765559874552, 40.22995838481], [-4.47707602845623, 40.2299843363851], [-4.4767780381377, 40.2301087945977], [-4.47655452112535, 40.2302218842786], [-4.47619696193592, 40.2304201002122], [-4.47611158611324, 40.2304612438745], [-4.47584661813876, 40.2305896260686], [-4.47559359621263, 40.2306800460611], [-4.47549279473749, 40.2307066690522], [-4.47519185868593, 40.2307865187813], [-4.47480192763465, 40.2309801137616], [-4.47475954705049, 40.2310013973091], [-4.47437214980191, 40.2311995527813], [-4.47401462897951, 40.2313634531099], [-4.47371672246666, 40.2314646566616], [-4.47358124845189, 40.2314641218321], [-4.47327112672326, 40.2314630109227], [-4.47272904728457, 40.2313807957285], [-4.47216480557313, 40.2313043338224], [-4.46944535664506, 40.2313213420615], [-4.46908963599604, 40.2313821645606], [-4.46537716223578, 40.232011719232], [-4.4646263727792, 40.2320655940399], [-4.46444846952202, 40.2320865879006], [-4.46294607923316, 40.2322640455234], [-4.46225437612039, 40.2323651299885], [-4.46139183408848, 40.2324910716368], [-4.46081196502501, 40.2325567702416], [-4.45890868055149, 40.2327716587921], [-4.45870286562604, 40.2327590141383], [-4.45554402404673, 40.2325690991226], [-4.45486110622746, 40.2326318403202], [-4.45436179923637, 40.232677874583], [-4.45292281672879, 40.2331004261625], [-4.45275409462095, 40.2331497632713], [-4.45241492184359, 40.2331876187126], [-4.45176520004298, 40.2332597374232], [-4.45043734183102, 40.2333001669627], [-4.45038658464764, 40.2333016456338], [-4.44995933659026, 40.233314718793], [-4.44750560055279, 40.2336119299231], [-4.4472077669249, 40.2337361499433], [-4.44676836274426, 40.233888040048], [-4.44623905996082, 40.2341652695215], [-4.44561286430619, 40.2345162162778], [-4.44497181647098, 40.2348383183781], [-4.44438306602366, 40.2351322376312], [-4.44377971948578, 40.2353921383446], [-4.44293822829708, 40.2356847058719], [-4.44218614706313, 40.2359437125539], [-4.44098682968347, 40.236428822891], [-4.43920745395522, 40.2370025711934], [-4.43870128155586, 40.2371485113884], [-4.43857483198144, 40.2370926513897], [-4.43813213829886, 40.2372299101455], [-4.43751783609354, 40.2376418934873], [-4.43744828300411, 40.2376888551159], [-4.43717992132468, 40.2380962408485], [-4.43620472974806, 40.2390421263876], [-4.43618423225701, 40.2390737762171], [-4.43459601981786, 40.2434718034343], [-4.4345227604098, 40.2438806692613], [-4.43452756208788, 40.2444119965022], [-4.43475915207683, 40.2455058365551], [-4.43504664717784, 40.2468627501443], [-4.43606988300955, 40.2501225807109], [-4.43607920816641, 40.2502592608359], [-4.43606838012808, 40.2534432210032], [-4.43638991652982, 40.2550487208673], [-4.43609285562633, 40.255612639888], [-4.43603495201972, 40.2557225882168], [-4.43561701338519, 40.2572142632671], [-4.43526199873736, 40.2589855437955], [-4.4350132737926, 40.2592773729684], [-4.43503464249583, 40.2593036763698], [-4.43381279578959, 40.2592832657789], [-4.43366425457003, 40.2592649225088], [-4.43300841248489, 40.2591823949822], [-4.43293641703532, 40.2591489401221], [-4.43288154736886, 40.2591217905208], [-4.43283531504804, 40.2590944494714], [-4.432806433314, 40.2590666542382], [-4.43272127917329, 40.2589320117478], [-4.43265406807409, 40.2588117865225], [-4.43259606097493, 40.2587433667653], [-4.43252907275471, 40.2586872091929], [-4.43248982081953, 40.2586663036966], [-4.43245316326774, 40.258656847418], [-4.43241669077721, 40.2586553801515], [-4.43225457091125, 40.2586646926879], [-4.4320398021973, 40.258679189534], [-4.43183137817416, 40.2586708522251], [-4.43162096056136, 40.258665228851], [-4.43157141291747, 40.2586677570321], [-4.43145894941036, 40.2586846881833], [-4.43139691068197, 40.2586996591082], [-4.4313468420542, 40.2587181694449], [-4.43129930931679, 40.258746910375], [-4.43112648014593, 40.2588633490665], [-4.43097008736621, 40.2589750797532], [-4.43092909772639, 40.2589988424848], [-4.43073740712622, 40.2589880007918], [-4.4296046522142, 40.2588038062295], [-4.4292038814266, 40.2586645261028], [-4.42906277440497, 40.2585318781986], [-4.42898113067716, 40.2584547457108], [-4.42881364787728, 40.2583189542597], [-4.42863569072118, 40.2581878098149], [-4.4284631423214, 40.2580917463358], [-4.42805050045038, 40.2578726481726], [-4.42767700954831, 40.2577257628921], [-4.42717371852889, 40.2575562822146], [-4.42704836686603, 40.2577999909145], [-4.42698260464713, 40.2579748977575], [-4.42691536328693, 40.2581856371007], [-4.42686163399971, 40.2584267256333], [-4.4268363621599, 40.2585706171653], [-4.42683109474808, 40.2587046900031], [-4.42682773060058, 40.258887590111], [-4.42684514746872, 40.2590412255638], [-4.42687305240331, 40.2591969438691], [-4.42692943909641, 40.2594151828307], [-4.42699118715137, 40.2596171341972], [-4.42707885553657, 40.2599268122997], [-4.42708699864825, 40.2599881219769], [-4.42690312925882, 40.2611885774598], [-4.42666359761841, 40.2615931613376], [-4.4264496064753, 40.261711057125], [-4.4255871827518, 40.2621867726873], [-4.42407309680572, 40.2630612669498], [-4.42217183524655, 40.2639782035279], [-4.42172684775013, 40.2641762610634], [-4.42117275743399, 40.2644443275057], [-4.42072855519867, 40.2646923223271], [-4.42004516004965, 40.2650808961595], [-4.41965161081862, 40.2655048254917], [-4.41907830220186, 40.2660235130012], [-4.41787341528269, 40.2673693543121], [-4.41756671222331, 40.2677120734658], [-4.41664407134568, 40.2687430723108], [-4.41571098182887, 40.2697854527701], [-4.41544374147881, 40.2699418743106], [-4.41528594677278, 40.2699359219185], [-4.41414904999505, 40.2698946443685], [-4.41357446702682, 40.2705412998407], [-4.41326060512026, 40.2710306145249], [-4.41281761710757, 40.2712052342255], [-4.41230100065573, 40.271408758815], [-4.41227969032961, 40.2714974190193], [-4.41221077369211, 40.2717835650773], [-4.41208124201804, 40.2723215156163], [-4.41197120650901, 40.272410522502], [-4.41180493057016, 40.2725448702549], [-4.41144755424695, 40.2727609456482], [-4.41101489057179, 40.2730228282331], [-4.40911414705876, 40.2738117343777], [-4.40893732986477, 40.2739365793561], [-4.40767693063908, 40.2737013068922], [-4.40651746180176, 40.2758631835089], [-4.40570845056034, 40.2763360092159], [-4.40484792829854, 40.2770987203761], [-4.40441993496459, 40.277675060621], [-4.40328990031362, 40.2789389473144], [-4.40273250899217, 40.279553719935], [-4.40059055345231, 40.2819151822273], [-4.39727438677928, 40.2846479630249], [-4.39589448274379, 40.2854502741416], [-4.39575629843295, 40.285530581707], [-4.39453514127609, 40.2861053985606], [-4.39378902740285, 40.286506993237], [-4.39304582914795, 40.2869072698035], [-4.3926502626927, 40.2869249828087], [-4.39253199814936, 40.2869303478723], [-4.39167071179334, 40.2869688652131], [-4.39111301140977, 40.2868246736873], [-4.39093746423623, 40.2867794877361], [-4.39024282573521, 40.2867518020792], [-4.39022194563272, 40.2867554313502], [-4.38926605411247, 40.2866795932523], [-4.38637993778447, 40.2875799497134], [-4.38451536746497, 40.2882698004436], [-4.38348292399382, 40.2890488614805], [-4.38358955491634, 40.2891430863848], [-4.38377477764648, 40.2892831767275], [-4.38404573956603, 40.2894691014853], [-4.38422104181498, 40.2895904817518], [-4.38447010880277, 40.289744988983], [-4.38485076523055, 40.2899504530013], [-4.38491300509522, 40.2900020016344], [-4.38497304669214, 40.2900634403075], [-4.38500203693887, 40.2901029196433], [-4.38501681965201, 40.2901247018827], [-4.38503865694555, 40.2901662762818], [-4.38505253950996, 40.2902138391861], [-4.38506964598827, 40.2902991801544], [-4.38509005799262, 40.2903985968601], [-4.38510490500283, 40.2904726796615], [-4.38514356587577, 40.2908044833746], [-4.38515799543613, 40.2910540223368], [-4.38515589248002, 40.2912990684779], [-4.38513011503728, 40.2915321140815], [-4.38507649037207, 40.291840748314], [-4.38503610922984, 40.2921678048231], [-4.38500051986848, 40.2922748102607], [-4.38494856395934, 40.2924357419421], [-4.38489675816498, 40.2926093784783], [-4.38485942238714, 40.2927875935701], [-4.38484117217935, 40.2929381482326], [-4.38483150236139, 40.2930947937962], [-4.38484058934021, 40.2931977244138], [-4.38484678135956, 40.2932669062763], [-4.38485408908728, 40.2934594697416], [-4.38482969533576, 40.293648011953], [-4.38479912387001, 40.2939339531497], [-4.38478008677249, 40.2941558237409], [-4.38475684016957, 40.2944002714411], [-4.38472439637683, 40.2947638500844], [-4.3845965420479, 40.2953087301756], [-4.3844923456072, 40.2956223377211], [-4.38444208174966, 40.2958111362108], [-4.38429003099566, 40.2961975235214], [-4.38419957167387, 40.2964311483576], [-4.38390191620861, 40.2972473851141], [-4.38378396471689, 40.2975191094627], [-4.38364571579129, 40.2978955259903], [-4.38345815205152, 40.2982761307011], [-4.38333764606282, 40.2985354660809], [-4.38327051212744, 40.2987051858155], [-4.38318927460889, 40.2988811198999], [-4.38307475018996, 40.2990906097823], [-4.38299881608925, 40.2992292616236], [-4.38297237059461, 40.2993207929265], [-4.38295922953936, 40.2994262171558], [-4.38300440694684, 40.2995034032148], [-4.38313919443011, 40.2995979613744], [-4.38341169028671, 40.299746032237], [-4.38376070127213, 40.2998975068466], [-4.38426193028213, 40.3000626789128], [-4.38456534329099, 40.3001739110902], [-4.38475585555098, 40.3002301884489], [-4.38490168086481, 40.3002768654979], [-4.38508454558521, 40.3003665767811], [-4.3854177181477, 40.3005481636559], [-4.38557232269965, 40.3006282489805], [-4.38578143189326, 40.3007195896233], [-4.38592339877421, 40.3007573026981], [-4.38605145263117, 40.3007567563573], [-4.38618188433986, 40.3007390029174], [-4.38631614572123, 40.3007545044043], [-4.38651191107952, 40.3008323114996], [-4.38671516553538, 40.3009246132406], [-4.38690485509579, 40.3009944102403], [-4.38703467965929, 40.301013686677], [-4.38711656260566, 40.3010556933918], [-4.38713258405876, 40.3010837265497], [-4.3871507574397, 40.3011158970522], [-4.38717428714853, 40.3011696682611], [-4.38714413549501, 40.3012526679053], [-4.38706557604177, 40.3013736720427], [-4.38696942886488, 40.301508832244], [-4.38685927747622, 40.3016424710991], [-4.38659441221818, 40.3019243590752], [-4.38626085940186, 40.3022459204918], [-4.38584758267239, 40.3025835266983], [-4.38571115901785, 40.3026967580757], [-4.38544116417661, 40.3029054992449], [-4.38534943271137, 40.3030228175775], [-4.38526683177816, 40.3031221197721], [-4.38520330457171, 40.3032343656065], [-4.38515054660579, 40.3033107907929], [-4.38513256378855, 40.3034075078199], [-4.38512886672988, 40.3035145327067], [-4.38512677269178, 40.3035885639921], [-4.38510423126634, 40.3036365853585], [-4.38506064135872, 40.3036848294702], [-4.38498891273672, 40.3037505332052], [-4.38486095670762, 40.3038809199755], [-4.3847583879668, 40.303985745621], [-4.38470232051665, 40.3040639066042], [-4.38467769949134, 40.3041245521921], [-4.3846451418505, 40.3042024143224], [-4.38461276741449, 40.3042791478505], [-4.38459198529463, 40.3043058602371], [-4.38456323029563, 40.3043382986115], [-4.38444957052832, 40.3044227659598], [-4.38428324846007, 40.304511129378], [-4.38411349630663, 40.3046077541066], [-4.38403098614864, 40.3046692139121], [-4.38399462606026, 40.3047291073158], [-4.38398393051426, 40.3047815994751], [-4.38398619435197, 40.3048372968175], [-4.38401049220677, 40.3048758750415], [-4.38403274557405, 40.3049212162969], [-4.38402988512243, 40.3049612274832], [-4.38399783561972, 40.3050038365363], [-4.38390952943065, 40.3050589507483], [-4.38380198823034, 40.3050917677415], [-4.3837485322246, 40.3051211230779], [-4.38369739685051, 40.3051560811874], [-4.3836631150742, 40.3052060401789], [-4.3836225604597, 40.3052909836512], [-4.38358089964858, 40.3053890096144], [-4.38353814217956, 40.3054789279144], [-4.38340018667826, 40.3056382335181], [-4.38324408441763, 40.3058380778862], [-4.38317822450757, 40.3059516946832], [-4.38311157213345, 40.3060333539041], [-4.38300942027138, 40.3060950400819], [-4.38291886573982, 40.3061625633271], [-4.38286346823177, 40.3062165025402], [-4.38276265151206, 40.3063462978541], [-4.38258097592267, 40.3065586098928], [-4.38247410637759, 40.3066768822047], [-4.38232473832325, 40.3067997242986], [-4.3821346069227, 40.3069433232877], [-4.38190151735406, 40.3071082682486], [-4.38170313540099, 40.3072440823182], [-4.38162888112886, 40.3072995856741], [-4.38160919551632, 40.3073197613491], [-4.38159447058219, 40.3073433519728], [-4.38158797861561, 40.3073676409075], [-4.38158472661938, 40.307388512809], [-4.38159215806864, 40.307407342591], [-4.3816138039018, 40.30742589023], [-4.38164357115329, 40.3074429893986], [-4.38167804897424, 40.3074566539581], [-4.38169939265905, 40.3074718583982], [-4.38172740369409, 40.3075146221928], [-4.38174309300265, 40.3075397685177], [-4.38175800855608, 40.3075728143868], [-4.3817704157317, 40.3076041972891], [-4.38177479095577, 40.3076502003252], [-4.38177225146711, 40.3076942642591], [-4.3817583050737, 40.3077648284943], [-4.38174751810375, 40.3078135915274], [-4.38173452844411, 40.3078641946236], [-4.38173238149123, 40.3078786597712], [-4.381734010631, 40.3078929166448], [-4.38174006509173, 40.3079012901552], [-4.38176984405977, 40.3079189522044], [-4.38180885057978, 40.3079353848976], [-4.38183024108513, 40.307941315977], [-4.38205915865543, 40.3079684229722], [-4.38238562941879, 40.3080005572942], [-4.38243520091161, 40.3080080514372], [-4.38252751805452, 40.3080337709217], [-4.38258784983123, 40.3080503804465], [-4.38262943643899, 40.3080688332311], [-4.38289310814457, 40.3082467529716], [-4.38298923057489, 40.3083058240249], [-4.38307434615748, 40.3083583103861], [-4.38340888401183, 40.3085513792137], [-4.38342454361484, 40.3085618899774], [-4.38344122868991, 40.3085780621955], [-4.38346074564716, 40.3086059383718], [-4.38346934865324, 40.308630860148], [-4.38347612940695, 40.3086750101956], [-4.38347818897395, 40.3087181375924], [-4.38348321796394, 40.3087880995582], [-4.38347750784727, 40.3087966136867], [-4.38346699527271, 40.3088040591441], [-4.383436767318, 40.308818497069], [-4.38335015299482, 40.3088448875564], [-4.38323448771547, 40.3088859233963], [-4.38317413641321, 40.3089235509471], [-4.38313488916396, 40.3089645602519], [-4.38310443096215, 40.3090217930573], [-4.38307181258279, 40.3090993216796], [-4.38302005328713, 40.3091579352712], [-4.38294724691178, 40.3092280829906], [-4.38287657486645, 40.309281270684], [-4.38285571846582, 40.3092994376917], [-4.38283986637146, 40.3093205603698], [-4.38282482674778, 40.3093404471097], [-4.38281248701323, 40.3093664951803], [-4.38280807493649, 40.3093845656997], [-4.38280736237988, 40.3094037181025], [-4.38281124557104, 40.3094243068672], [-4.38282002301852, 40.3094474850679], [-4.38283941651658, 40.3094787843204], [-4.38285534036298, 40.3095022422743], [-4.38286260142726, 40.3095156687957], [-4.38286514987797, 40.3095290848638], [-4.38286430905485, 40.309544410129], [-4.38285989203863, 40.3095606608523], [-4.38285432248386, 40.3095760429669], [-4.38284287525218, 40.3095914723443], [-4.38283021220628, 40.3096044557143], [-4.38277136349782, 40.3096580864484], [-4.38270926295559, 40.3097325890746], [-4.38261846261948, 40.309839232426], [-4.38260496120127, 40.3098655908173], [-4.38258823208796, 40.3099108352124], [-4.38256319466996, 40.3099569963067], [-4.38250933304181, 40.3100272046196], [-4.38247962094688, 40.3100669736209], [-4.38243965996592, 40.3101271351003], [-4.38241016590122, 40.3101775995296], [-4.38236769908655, 40.3102952225784], [-4.38233503336756, 40.3103687271245], [-4.38231676477542, 40.3103943659764], [-4.38229481489398, 40.3104151667754], [-4.38226807474292, 40.3104334771167], [-4.38223196157017, 40.3104483541796], [-4.38216416093729, 40.3104671345725], [-4.38210437115543, 40.3104849912794], [-4.38204620961843, 40.3105079578325], [-4.38201255646527, 40.3105348235292], [-4.38198492359493, 40.3105683739509], [-4.38192671603745, 40.3106535276923], [-4.38189298110454, 40.310730506256], [-4.38186380768983, 40.3107967322624], [-4.38184656005877, 40.3108267783489], [-4.38182244478496, 40.3108531922065], [-4.38176692575887, 40.3108969873894], [-4.38173208899113, 40.3109199257563], [-4.38169355181306, 40.3109394200905], [-4.38160366939949, 40.3109704455574], [-4.38159068483157, 40.31097490954], [-4.3814854867219, 40.3110094851742], [-4.38144597410245, 40.3110280715298], [-4.38140999974747, 40.3110493342205], [-4.38137857283006, 40.3110756175757], [-4.38135452648669, 40.311106302251], [-4.38133733740443, 40.3111290297419], [-4.38132497384547, 40.3111539518242], [-4.38131725382875, 40.3111853524337], [-4.38131667711034, 40.3112151206102], [-4.38132658912118, 40.311296956484], [-4.38132650018797, 40.3113492454098], [-4.38131931292255, 40.3113995115407], [-4.38130604195568, 40.3114431652172], [-4.38128325259524, 40.3114812382226], [-4.3812341240299, 40.3115503015542], [-4.38118754244678, 40.3116285594236], [-4.38116600935227, 40.3116727348602], [-4.38114026325989, 40.3117964916925], [-4.38112021286274, 40.3118543882973], [-4.38110215133567, 40.3118906170616], [-4.38103803767552, 40.3119778944035], [-4.38102466298005, 40.3120094404496], [-4.3810240140756, 40.3120420126579], [-4.38107901342889, 40.3121413545954], [-4.38126669202752, 40.3123905541195], [-4.38133669067655, 40.3124860143501], [-4.38134299056166, 40.3125066955645], [-4.38134335707427, 40.3125246772287], [-4.38132684514103, 40.3125789557821], [-4.38130769161884, 40.3126158496374], [-4.38125834949894, 40.31268427208], [-4.38115437848795, 40.3127791880567], [-4.38108024052756, 40.3128359371517], [-4.38103495465745, 40.3128679910843], [-4.38097688486255, 40.3129065085272], [-4.3808794879291, 40.3129706197737], [-4.38081563713396, 40.3130136111727], [-4.38075055709239, 40.3130504236036], [-4.3806254181093, 40.3130990077344], [-4.38045591679498, 40.3131551058266], [-4.38027628158593, 40.3132329328876], [-4.38021238352146, 40.3132741948452], [-4.38015921942631, 40.313320787989], [-4.38001187497145, 40.3134736477461], [-4.37992741980312, 40.3135523569588], [-4.37990070944038, 40.3135734093846], [-4.37987166600892, 40.3135900125874], [-4.37984954319843, 40.3136019565615], [-4.37983201077902, 40.3136084761881], [-4.3798085171394, 40.313612315493], [-4.37974157827768, 40.3136167664835], [-4.37972396345371, 40.3136206615175], [-4.379694789758, 40.3136328336703], [-4.37965763023334, 40.3136501685666], [-4.37962855963462, 40.3136674069693], [-4.37960404980095, 40.3136841628559], [-4.37951715756014, 40.3137527482812], [-4.37947542273036, 40.3137829838501], [-4.37943588877303, 40.313805081199], [-4.37936358247749, 40.3138383799584], [-4.37934151536252, 40.3138530891372], [-4.37931724468018, 40.3138731753738], [-4.37930460935714, 40.3138869206116], [-4.37927515719924, 40.3139396359496], [-4.37925442639069, 40.3139676122519], [-4.37923606510258, 40.3139885248438], [-4.37920247052959, 40.3140177900736], [-4.37916767877864, 40.3140434074281], [-4.37911654038447, 40.3140755881927], [-4.3790651971744, 40.3140978039462], [-4.379021906056, 40.314109319921], [-4.37891281505443, 40.3141284578793], [-4.37885212620969, 40.3141518839587], [-4.37879394979907, 40.3141846716072], [-4.37871415622261, 40.3142524495816], [-4.37867737543575, 40.3142936047025], [-4.37864394808371, 40.3143317278282], [-4.37860248891074, 40.3143727619501], [-4.37855052715603, 40.3144218040033], [-4.37850327652275, 40.3144674115554], [-4.3784871543571, 40.3144884367376], [-4.37847689222915, 40.3145082659688], [-4.37848139338424, 40.3145487522934], [-4.37848532657366, 40.3145749754433], [-4.37848572991722, 40.314594803917], [-4.37848275579655, 40.3146157396147], [-4.37847477586065, 40.314635452681], [-4.37846336276496, 40.3146527097671], [-4.37845186702427, 40.3146681441494], [-4.37831836285292, 40.3148147679911], [-4.37831162866916, 40.3148272354503], [-4.37829063075414, 40.3148978675537], [-4.3782881984711, 40.3149521045088], [-4.37832416273803, 40.3151542210907], [-4.37852209954074, 40.3158630007057], [-4.37857729892798, 40.3160273179224], [-4.37863146802791, 40.3161409724408], [-4.37867994120612, 40.3162096504282], [-4.37875304995669, 40.3162780347339], [-4.37884035155373, 40.3163508994507], [-4.3789017730444, 40.3164113950022], [-4.37895949870313, 40.3164791851302], [-4.37904068118063, 40.3165865381586], [-4.37906982259979, 40.3166382425407], [-4.3790885659482, 40.3166920773666], [-4.37910026650479, 40.3167460135216], [-4.37910488816413, 40.31679579209], [-4.37910594201723, 40.3168475805736], [-4.37909965205711, 40.3168910782424], [-4.37907747358869, 40.3169487068322], [-4.3790465652171, 40.3169997728095], [-4.37894921928134, 40.3171315621088], [-4.37891164959515, 40.3171860407875], [-4.37888348211604, 40.3172477495675], [-4.37887365493104, 40.3172889697256], [-4.37888780865186, 40.3173521119797], [-4.37891025618208, 40.3174067748986], [-4.37896506048975, 40.3174973364068], [-4.37966328304211, 40.3180109617323], [-4.37863238797219, 40.3177908951609], [-4.3776342626735, 40.3175778584424], [-4.37692277900217, 40.3173160655999], [-4.37641118215966, 40.3170428893479], [-4.37630364734705, 40.3169496521061], [-4.37595960445622, 40.3166510668183], [-4.37577617566173, 40.3164918977913], [-4.37564646081472, 40.3163178396722], [-4.37524387534685, 40.3157775034853], [-4.37534760381272, 40.3150916009054], [-4.37479386968683, 40.31488205109], [-4.37320099949125, 40.3142792689725], [-4.37188155939183, 40.3142138315304], [-4.36974493894643, 40.3144733568213], [-4.36736107827431, 40.3141503490213], [-4.3652781528981, 40.3141569359968], [-4.36485222287732, 40.3140448471328], [-4.36309637637463, 40.3115879454106], [-4.35753812612544, 40.3096444898432], [-4.35690280796792, 40.3096519444124], [-4.35706912923542, 40.3088853625713], [-4.35638682149957, 40.3086208462097], [-4.35661553237307, 40.3079396809178], [-4.35711493058059, 40.3059667205847], [-4.35707681596141, 40.3047088376218], [-4.35704890542202, 40.3039802499439], [-4.35689695347857, 40.3034604552387], [-4.35690139474935, 40.3029428159318], [-4.35706675842348, 40.2999581585085], [-4.35719810649104, 40.2997494215216], [-4.35758475316735, 40.2984745830825], [-4.35779050859, 40.2976182432384], [-4.35821721544788, 40.2955758584361], [-4.35819547494977, 40.2953531428628], [-4.35817508535553, 40.295142798685], [-4.35805596434972, 40.2951356044396], [-4.35824154371102, 40.2948365946197], [-4.35844282831842, 40.2944979764121], [-4.35856398140583, 40.2940842584528], [-4.35865317709846, 40.2937723325268], [-4.35861545666824, 40.2934648326683], [-4.35848647027154, 40.293246896882], [-4.35839305626177, 40.2930977332928], [-4.35841018443929, 40.2930012212645], [-4.35845325865719, 40.2927457842205], [-4.35845859105669, 40.2925125834532], [-4.35839493643566, 40.2923694938586], [-4.35854388429629, 40.2923658253298], [-4.35851995677038, 40.2921094636094], [-4.35851893628424, 40.2920787736455], [-4.35851716993071, 40.2920481574365], [-4.35851434446552, 40.2920172224298], [-4.35851056578242, 40.2919868400247], [-4.35850614313782, 40.2919565084824], [-4.35850074472962, 40.2919256036902], [-4.3584944257517, 40.2918955352913], [-4.35848740879975, 40.2918655130965], [-4.35847944873256, 40.2918352014433], [-4.3584599079869, 40.291807138422], [-4.35828461815917, 40.2908082191432], [-4.3576878590008, 40.2895716182682], [-4.35834812683981, 40.2890225790562], [-4.35812328409713, 40.2887638445469], [-4.35811357869879, 40.2886677559695], [-4.35811115414583, 40.2886442216887], [-4.3580682279157, 40.2885754186636], [-4.35792873028708, 40.2884937235867], [-4.35776684606712, 40.2884063266192], [-4.35765627962531, 40.2883593174829], [-4.35753939228309, 40.2882725067124], [-4.35734209834625, 40.2881047557579], [-4.3571197446522, 40.2877433558805], [-4.35706387694107, 40.2874554575522], [-4.35704666114417, 40.2873666962712], [-4.35703157969886, 40.287053812679], [-4.35710211072318, 40.2868953944218], [-4.35727030588706, 40.2867042150258], [-4.35743594534399, 40.286621092606], [-4.35757194700329, 40.2865373416726], [-4.3576350506385, 40.2863791042418], [-4.35768452535277, 40.2861692405453], [-4.35777812980539, 40.2859827688789], [-4.35778112096795, 40.2858575273957], [-4.35772352930411, 40.2857715094461], [-4.35762511068895, 40.285519834038], [-4.35731335225717, 40.2851629539265], [-4.357034945486, 40.2849714763355], [-4.35682480348988, 40.2847239909852], [-4.35679300492547, 40.2844903054609], [-4.35692711261762, 40.2841621215248], [-4.35710353100918, 40.2839426328235], [-4.35727005736696, 40.2838139909816], [-4.35736202562504, 40.2837070568962], [-4.35774494244552, 40.2829100043243], [-4.35783637752793, 40.2825016119782], [-4.35793780763184, 40.2816552700247], [-4.35799432734481, 40.2810975554754], [-4.35806284724144, 40.2804223164996], [-4.35811551995812, 40.2800759196636], [-4.35822268010001, 40.278660956089], [-4.35833183065215, 40.2774845699211], [-4.35837067192742, 40.2767622718004], [-4.35837000024198, 40.2767470770838], [-4.35836899487473, 40.2767335754631], [-4.35834344141032, 40.2763296347145], [-4.35832240017144, 40.2756295592054], [-4.35821456999798, 40.2748202467618], [-4.3580488503184, 40.2739417434374], [-4.35789219747822, 40.27364403444], [-4.35751176315398, 40.2730300015256], [-4.35726301012212, 40.2725258610553], [-4.35718600984181, 40.2723144908058], [-4.35714157730686, 40.2719839052392], [-4.35708906636275, 40.2713629306775], [-4.35698465407625, 40.2709936619351], [-4.35697935953286, 40.2709635834205], [-4.35685913502463, 40.2702670975004], [-4.35587457007396, 40.2694396844811], [-4.35523570082027, 40.2688437447058], [-4.35521614170727, 40.2688252134981], [-4.3542914618622, 40.2676407451999], [-4.35340798315331, 40.266487315711], [-4.35333176141606, 40.2663878230503], [-4.35238589080283, 40.2651197643875], [-4.3517874895031, 40.2643028445934], [-4.35133576203234, 40.2636867696405], [-4.35100064461727, 40.2632432780795], [-4.3508220086365, 40.2629700945485], [-4.35069530762152, 40.2627711240357], [-4.35027803650607, 40.2619865829897], [-4.35016152552843, 40.2617824253723], [-4.34974164676342, 40.2610481037745], [-4.34923158334511, 40.2601377439153], [-4.34921277074047, 40.2601043092992], [-4.34901248100505, 40.2595486509709], [-4.34892938379532, 40.2593191312935], [-4.34855658025748, 40.2583522275779], [-4.34796787562422, 40.2570668329071], [-4.3479305602512, 40.2566012460352], [-4.34788518905066, 40.2560370237395], [-4.34720053848168, 40.2554402691088], [-4.34627775848946, 40.2548603578183], [-4.34576449163799, 40.2545481987417], [-4.34559319099372, 40.2543035698676], [-4.34550377241879, 40.2541672226003], [-4.34538460922631, 40.2539906968651], [-4.34521594514181, 40.2538035811336], [-4.34475936504223, 40.2532969368017], [-4.34513820763209, 40.2528814241355], [-4.34519587138847, 40.2527897402463], [-4.34583624431389, 40.2517714683401], [-4.34591041938003, 40.2515836689227], [-4.34595473310622, 40.2513277168324], [-4.34596933072958, 40.2509692762627], [-4.34598395709902, 40.2507644523257], [-4.34595391653762, 40.2504003503567], [-4.34592401188422, 40.2501555849669], [-4.34650684858771, 40.248733265209], [-4.34666969951116, 40.2482741633178], [-4.34693241454569, 40.2475828124064], [-4.34708949754951, 40.2470042396838], [-4.34726197408409, 40.2463403425952], [-4.34734150732607, 40.2460342054759], [-4.34793028766008, 40.2438844889], [-4.34797825481711, 40.242617038677], [-4.34800771500876, 40.2410599415206], [-4.34805184586669, 40.240048613912], [-4.34811165098546, 40.2397041137513], [-4.34821728298139, 40.2368446011632], [-4.34814160081702, 40.2368828073979], [-4.34769353858726, 40.2370043627505], [-4.34722302762493, 40.2371140796719], [-4.3467152992092, 40.2372466075942], [-4.34623605204954, 40.2374582652863], [-4.34572623071344, 40.2377215153387], [-4.34524677442407, 40.2379391984406], [-4.34490514422317, 40.2381009711102], [-4.34477474387824, 40.2381627154645], [-4.3444296843499, 40.2383644019471], [-4.34427124355137, 40.2385053407483], [-4.34412760667261, 40.2386747807508], [-4.343968757439, 40.2388439129677], [-4.34378105625702, 40.2389617779223], [-4.34351904719602, 40.2390731770681], [-4.34320451301612, 40.2392128484288], [-4.34301638150622, 40.2393650483657], [-4.34294770966004, 40.2394778949776], [-4.3428642014204, 40.2396021749902], [-4.34269710643259, 40.2398282132067], [-4.34247816312513, 40.240042526374], [-4.34224500539315, 40.2402168393124], [-4.34201983009078, 40.2403513875312], [-4.34170571898736, 40.2404680911517], [-4.34117120601491, 40.2403728087701], [-4.34050351546857, 40.2402365286253], [-4.33987274510794, 40.2401064465445], [-4.33924194259943, 40.2399932532869], [-4.3385749921988, 40.2397886659789], [-4.33835410904683, 40.2396219895828], [-4.33807501321555, 40.2393693649146], [-4.33781848766038, 40.2390945573848], [-4.33753115253358, 40.2388932064247], [-4.33733137115044, 40.2388233438444], [-4.33704140810866, 40.2387982141075], [-4.33678806338993, 40.2388245539631], [-4.33653410790817, 40.2388849433067], [-4.33622753044937, 40.2389960056802], [-4.33598800228402, 40.2390850867139], [-4.33575685857491, 40.2391172949441], [-4.33571588731309, 40.2391088576771], [-4.33549718886393, 40.2390639619904], [-4.33466824073668, 40.2387617483325], [-4.33406159594513, 40.238511986617], [-4.3337283782217, 40.2383898798928], [-4.33335087225414, 40.238256101152], [-4.33306314285051, 40.2380831771464], [-4.33289415324153, 40.2379281668509], [-4.33274766676478, 40.2377677851497], [-4.332452402209, 40.2376004804329], [-4.33197302145405, 40.2373063144663], [-4.33154533104581, 40.2370358529347], [-4.33109465614922, 40.236810404528], [-4.33066758089348, 40.2364998265326], [-4.33014507850343, 40.2360975598143], [-4.32987985720399, 40.2359134435319], [-4.32960653203826, 40.2357862293534], [-4.32869392360412, 40.2350849982644], [-4.32821554347955, 40.2347228089903], [-4.32775140140469, 40.2344122562593], [-4.32724301493965, 40.2340554747415], [-4.32704465109812, 40.2338773981392], [-4.32670541660348, 40.2336697464961], [-4.32646968080725, 40.2335030755259], [-4.32638181928427, 40.2334057213247], [-4.32643708797861, 40.2331902761372], [-4.32653851871274, 40.2328726711318], [-4.32653863459015, 40.2328554434432], [-4.32654018687896, 40.2327476230322], [-4.32657293765758, 40.2325432555659], [-4.32660587259086, 40.2323274668167], [-4.32657119634204, 40.2321566413283], [-4.32652898398906, 40.231985760114], [-4.32634685292828, 40.2317284683374], [-4.32631106887081, 40.2316783222555], [-4.32609876193486, 40.231379568125], [-4.3257769503658, 40.2310017162134], [-4.32484005595563, 40.2299366011534], [-4.32421362754822, 40.2293440221829], [-4.32405382097258, 40.2292107996938], [-4.32357501611103, 40.2285144408485], [-4.3230533967649, 40.2272315205866], [-4.32291617582168, 40.2270926086179], [-4.32156364057919, 40.2264940362943], [-4.32147609034801, 40.2264553431141], [-4.32133747380683, 40.2266179626132], [-4.32121459748058, 40.2267525856803], [-4.32107693964647, 40.2268869644978], [-4.32090812105174, 40.2270663468546], [-4.32071757195134, 40.2272280819688], [-4.32048178503825, 40.2274182734317], [-4.32024656125234, 40.22757357294], [-4.31850613737309, 40.2288715374263], [-4.31788503679576, 40.2292981756298], [-4.31759204830823, 40.2294945750468], [-4.31732633589302, 40.2296768538682], [-4.31713348603943, 40.229808918029], [-4.31665982266569, 40.2301403229709], [-4.31630632673566, 40.2303990432844], [-4.316282918436, 40.23042215205], [-4.31607241336733, 40.2306301148267], [-4.31589143386572, 40.2307875789042], [-4.31567221872154, 40.2310192389579], [-4.31543789379232, 40.231267399242], [-4.31521115913176, 40.231503985964], [-4.31501510810923, 40.2316785437718], [-4.31455668793826, 40.2319873162074], [-4.3142786279168, 40.2321725466232], [-4.31406003726545, 40.2323639617809], [-4.31361582927233, 40.2327239129128], [-4.31323142495918, 40.2330504653245], [-4.31284024728049, 40.2333370852223], [-4.3126066790184, 40.2335340540465], [-4.31114898097572, 40.2345790355075], [-4.31109502280438, 40.2345610225246], [-4.30952115803802, 40.2340383440869], [-4.3093374686519, 40.2339610304145], [-4.30917553602767, 40.2339071190498], [-4.30895340719063, 40.2338747217818], [-4.30859566444389, 40.2338910788965], [-4.30817191475134, 40.233883638112], [-4.30796405806931, 40.2338686036101], [-4.30783250698247, 40.2338079676873], [-4.30780996645536, 40.2337976321847], [-4.30761199573306, 40.2337030757381], [-4.30736971157132, 40.233602082879], [-4.30708475203494, 40.233426330041], [-4.30669073532051, 40.2331745021546], [-4.3061088833957, 40.2327318524166], [-4.3058438345728, 40.2321465999112], [-4.30598801928465, 40.2316064146126], [-4.30619601907992, 40.2308264900464], [-4.30629764818298, 40.2306631438738], [-4.30648395877289, 40.2304045970701], [-4.30666092868052, 40.2302084448759], [-4.30724173083419, 40.2296949192935], [-4.30778869598586, 40.2293174878313], [-4.30893988538605, 40.2283820658619], [-4.30971386485167, 40.2279054380506], [-4.30978685835839, 40.2275421136549], [-4.30940414460635, 40.2268561722334], [-4.30972344448589, 40.22643810084], [-4.3091834548583, 40.2258304167338], [-4.30818303858949, 40.2251617640601], [-4.30773688801552, 40.2247144464843], [-4.30733405838739, 40.2238974842881], [-4.30697516893887, 40.2235698919629], [-4.3069825405258, 40.223131743154], [-4.3068471140008, 40.2223342813962], [-4.30676406515658, 40.2219640216137], [-4.30631016530814, 40.2218554540578], [-4.30617149147941, 40.2218222752875], [-4.30587937864942, 40.221743287315], [-4.30414311968612, 40.2212752504678], [-4.3031709270893, 40.2211528641287], [-4.30103589091149, 40.220769679702], [-4.30033930256646, 40.2206157277164], [-4.29754032558907, 40.2199080169721], [-4.29752479644131, 40.2199025604101], [-4.29730371679042, 40.2198262094787], [-4.2970305770078, 40.2197160945015], [-4.29683421915997, 40.2195791546391], [-4.29669289625272, 40.2194569262083], [-4.29547054960923, 40.2187349563734], [-4.29506526130137, 40.2189588188494], [-4.29452536013983, 40.2192272485101], [-4.29388052006069, 40.2195396420302], [-4.29332458398992, 40.2198703051705], [-4.2926921565483, 40.2203367113376], [-4.29215785357036, 40.2207075456559], [-4.29172866849719, 40.2210162707711], [-4.2911931314125, 40.2214666291317], [-4.29108481359371, 40.2216213483073], [-4.29065193342459, 40.2222408230641], [-4.29008746062857, 40.2230831376562], [-4.28950772229775, 40.2239368283408], [-4.28902675996859, 40.2246721073233], [-4.28853056727104, 40.2254239104446], [-4.28813233394117, 40.2261026838736], [-4.28775031203637, 40.2267020969594], [-4.2874076803524, 40.2271655983265], [-4.2871111159344, 40.2275496621289], [-4.28673365301184, 40.2278873993873], [-4.28650024537152, 40.2280064447451], [-4.28616336097029, 40.2281781632556], [-4.28558581610783, 40.2284629650327], [-4.28496515211173, 40.2286621296883], [-4.28433798294023, 40.2288154813213], [-4.28355418805789, 40.2289735673196], [-4.28280784866806, 40.2291314412892], [-4.28216589698184, 40.229273691518], [-4.28172452733498, 40.2293309371815], [-4.28144403826899, 40.2295024239524], [-4.28096146825367, 40.2297217170975], [-4.28043380836761, 40.2299454633815], [-4.27993778023844, 40.2301131138176], [-4.27947090222213, 40.230298516805], [-4.2790403415879, 40.230518872071], [-4.27869259145295, 40.2307000810476], [-4.27824552381782, 40.2309655764537], [-4.27787655315723, 40.231118444436], [-4.27741940523476, 40.2312240957407], [-4.2768151132483, 40.2312816254144], [-4.27619457210779, 40.231384510086], [-4.2756156618061, 40.2315848622032], [-4.27500319314031, 40.2319098118743], [-4.2746558343829, 40.2321546409653], [-4.2743494753438, 40.2323707470562], [-4.27383226994722, 40.2327429977834], [-4.27330077613502, 40.233097948352], [-4.27269265060776, 40.233519618081], [-4.27229830922597, 40.2337629601314], [-4.27190350594682, 40.2340234876918], [-4.27144604249039, 40.2343908717612], [-4.27097469645206, 40.2348575317885], [-4.27093209813289, 40.2348998988759], [-4.27057312077396, 40.2351620571348], [-4.27010711882203, 40.2355464452226], [-4.26969162195197, 40.2359773774727], [-4.26937754524012, 40.236495800102], [-4.26913661820657, 40.2370496846949], [-4.26897002587264, 40.2376106365597], [-4.26882140058004, 40.2380634814798], [-4.26868306826124, 40.2386706584273], [-4.26856734459442, 40.2392608943956], [-4.26839219060679, 40.2398557230958], [-4.26827931671344, 40.2403551775117], [-4.26812942472342, 40.2408537525076], [-4.26797250251802, 40.2413407963434], [-4.26782393194983, 40.2417995403187], [-4.26758478499568, 40.2423020833595], [-4.26738605295257, 40.2426972801812], [-4.26711335827186, 40.243079545379], [-4.26668552536774, 40.2434307425865], [-4.26624992804391, 40.243792493814], [-4.26571741656203, 40.2441586819001], [-4.26513187825553, 40.2445581051192], [-4.26453261883483, 40.2449112643696], [-4.26406014101901, 40.2452668931432], [-4.26366994187164, 40.2456016746288], [-4.26325549477518, 40.2459925753996], [-4.2631517357666, 40.2460982676782], [-4.26287105419762, 40.2463840485892], [-4.26254735283672, 40.2467313187763], [-4.26222929637952, 40.2471410543516], [-4.26197493866558, 40.2476494616609], [-4.26184139649934, 40.2480854110053], [-4.26180848312565, 40.2481931363718], [-4.26165323987149, 40.2488568157679], [-4.26131155487341, 40.2501645188336], [-4.26127937362666, 40.2505116105145], [-4.2612839712043, 40.2509214060205], [-4.26128816140375, 40.2514052768731], [-4.26127005236762, 40.2518548004034], [-4.26121490692863, 40.2522871868652], [-4.26121190745388, 40.2527197368336], [-4.26123124369037, 40.2531466950955], [-4.26126518118001, 40.2536307612403], [-4.26130675515389, 40.2540689357987], [-4.26134900920781, 40.2544051881171], [-4.26136935247879, 40.2546838766519], [-4.26133003950702, 40.2549854197023], [-4.26128353102979, 40.2552470948258], [-4.26118480258683, 40.2555313309629], [-4.26104925795124, 40.2557755772053], [-4.26092855455876, 40.2560028241557], [-4.26078557316502, 40.2562587450844], [-4.2606496366462, 40.2565141552432], [-4.26056581996891, 40.2567926726432], [-4.26044456833483, 40.2571054061537], [-4.2603455614141, 40.2574295004911], [-4.26016470180131, 40.2577476194381], [-4.25999203475744, 40.2579914936279], [-4.25984157330204, 40.2581961453006], [-4.25959424627103, 40.2584569747378], [-4.25942927263776, 40.2586273028799], [-4.25914479085554, 40.2588712147775], [-4.25886052422251, 40.259097844598], [-4.25852370210179, 40.2593638968398], [-4.25812695352935, 40.2596871908009], [-4.257872163467, 40.259931075566], [-4.25761770398468, 40.2601407608918], [-4.25725893710588, 40.2603613207533], [-4.25700065838875, 40.2605234742404], [-4.25695239192231, 40.2605539962782], [-4.25660102586485, 40.2607918924231], [-4.25643074203344, 40.2609015364671], [-4.25624957519684, 40.2610183148675], [-4.25593544422347, 40.2612391987357], [-4.25561397366537, 40.2614484431602], [-4.25527758458471, 40.2616581177924], [-4.25492616634051, 40.2618845706547], [-4.25453715090673, 40.2621735205135], [-4.25423028101576, 40.2624114832134], [-4.2539461282319, 40.2626326372995], [-4.253766100643, 40.2628142058195], [-4.25357766835114, 40.2631377573847], [-4.25335926463483, 40.2635069715573], [-4.25321535093303, 40.2638536671419], [-4.25318540612263, 40.2639066482691], [-4.25304203357537, 40.2641604015949], [-4.25283119718157, 40.264501180911], [-4.25262073808018, 40.264790754342], [-4.25241746190779, 40.2651201365978], [-4.25228901747663, 40.2653983392681], [-4.25228211520498, 40.2654226257422], [-4.25216687506266, 40.2658250595085], [-4.25210682088927, 40.2660914936748], [-4.25208226993256, 40.2662004091246], [-4.25194515827025, 40.2666610723322], [-4.25178585344982, 40.267070454507], [-4.25167981839709, 40.2673316473394], [-4.251595715789, 40.2676614766554], [-4.25159338789032, 40.2679687742255], [-4.25157631271339, 40.2682760877206], [-4.25156631626093, 40.2686289359996], [-4.25157117280805, 40.2690215420225], [-4.25149372609777, 40.2694198290456], [-4.25136465126878, 40.2698008042427], [-4.25120590753072, 40.2701414855801], [-4.25100227534593, 40.2704995439753], [-4.25085156349274, 40.27077763786], [-4.25071226564867, 40.2709970495077], [-4.25062309818465, 40.2712243650752], [-4.25039278932949, 40.2717307965122], [-4.25013996101847, 40.2719925380273], [-4.24978310544446, 40.2722936910939], [-4.24938138441956, 40.2726524944935], [-4.24901700617179, 40.2728858612797], [-4.24874161864724, 40.2730510279179], [-4.248362431252, 40.2733073409044], [-4.24800514564133, 40.2734780593847], [-4.24742478006888, 40.2737002829296], [-4.24685186242843, 40.2739452418841], [-4.24635343146205, 40.2741505105701], [-4.24598885872107, 40.2742129960372], [-4.2456166389449, 40.2741792787786], [-4.24506564380886, 40.2740776644347], [-4.24440310831836, 40.2740267968314], [-4.24431888192352, 40.2740213451502], [-4.24363656535921, 40.2739764804007], [-4.24289203026555, 40.2739371201216], [-4.24230406045421, 40.2739660555238], [-4.24185005729951, 40.2740061852285], [-4.2414480989391, 40.2740723449413], [-4.24143339518315, 40.2740750290904], [-4.24091976558454, 40.2741604312245], [-4.24036156234845, 40.2741893308915], [-4.2397586571472, 40.2741840925451], [-4.2394116091211, 40.2741434396781], [-4.2391780784219, 40.2741160987725], [-4.23860480260578, 40.2739916866954], [-4.238135959333, 40.2739296202982], [-4.23756273711327, 40.2739185346467], [-4.23706402031531, 40.2739587589621], [-4.23659518550859, 40.2739308960031], [-4.23595493780766, 40.2739027133091], [-4.23540413309624, 40.2739144778763], [-4.23478654743952, 40.2739772401176], [-4.23408695383739, 40.2741316642553], [-4.23349164553835, 40.2743818194313], [-4.23294094989223, 40.2746951936907], [-4.23250963385636, 40.2751163854971], [-4.23211530292471, 40.2755201990599], [-4.23184025004805, 40.2759641692935], [-4.23163944286083, 40.2763336022438], [-4.23148100905946, 40.2766661931519], [-4.22951000624275, 40.2760674798264], [-4.22940622493111, 40.2760458027394], [-4.22932703738571, 40.2760297350259], [-4.2292903969019, 40.2760202373114], [-4.22925959433474, 40.2760068201528], [-4.22922398834046, 40.2759891804046], [-4.22919769705278, 40.2759707748816], [-4.22918445049559, 40.2759537758897], [-4.22914046628434, 40.2758605537887], [-4.22908814121567, 40.2757646853754], [-4.22903118263678, 40.2756707317312], [-4.22898544180144, 40.2756037633717], [-4.22893246299425, 40.2755401368044], [-4.22885444427703, 40.2754536905386], [-4.22877775245604, 40.2753796175398], [-4.22866092492442, 40.2752962790438], [-4.22851349162335, 40.2752104648643], [-4.22839098415325, 40.2751309087875], [-4.22835269857739, 40.2750986442514], [-4.22834522549254, 40.2750743677892], [-4.22833966401374, 40.2749557775914], [-4.22837728920488, 40.2744351066527], [-4.22842315519853, 40.2741057900657], [-4.22848096003367, 40.2737999512874], [-4.22849961983874, 40.2735331026714], [-4.22850449499579, 40.2732168646363], [-4.22850182750081, 40.2729287130598], [-4.22847348515219, 40.2726730151826], [-4.22846165104543, 40.2725974946428], [-4.22845382372555, 40.2725624261406], [-4.22844636770871, 40.2725390726803], [-4.22843556292558, 40.2725166903433], [-4.22841853739067, 40.2724898440137], [-4.22839091201126, 40.2724639985814], [-4.22836365216984, 40.2724425662543], [-4.22833392794292, 40.272424863766], [-4.22822224753982, 40.272366927612], [-4.22802736381995, 40.2723216988614], [-4.22790463739731, 40.2723032941627], [-4.22768444809211, 40.2722814190466], [-4.22759941360097, 40.2722723746742], [-4.22757107085541, 40.2722663644213], [-4.22754400147698, 40.272258697477], [-4.2275118781664, 40.2722444830938], [-4.22747625277888, 40.2722259513002], [-4.22744896026134, 40.2722062146758], [-4.22742368516507, 40.2721814312463], [-4.22740579447686, 40.2721565598646], [-4.22738982097456, 40.2721268868959], [-4.22738114454648, 40.2721053149433], [-4.22737117440721, 40.2720713413084], [-4.22736711645501, 40.2720433376733], [-4.22736770754647, 40.2720135926761], [-4.22738701144359, 40.2718449312067], [-4.22742726613077, 40.2716568937294], [-4.22745133530952, 40.2714991703497], [-4.22746743887815, 40.2713377729217], [-4.22624828172273, 40.2699531738858], [-4.22619574863588, 40.2698934827062], [-4.22494098880218, 40.2702603787235], [-4.22423779923015, 40.2703724659584], [-4.22355878875803, 40.2704809228257], [-4.22285106363787, 40.2710199296628], [-4.22166448436896, 40.2710955262762], [-4.221581349781, 40.2723576819616], [-4.22106526854858, 40.2724352188067], [-4.22105142863689, 40.2724310046844], [-4.22098879610868, 40.272627049169], [-4.21977608011465, 40.2720444116952], [-4.21971804984561, 40.2720268524297], [-4.21965796153627, 40.2720086118716], [-4.21956587793143, 40.2720853938065], [-4.2190669751822, 40.2725013238541], [-4.21874107807524, 40.2726939834275], [-4.21831922203127, 40.2727794800368], [-4.21776809482468, 40.2727769968595], [-4.21756548423237, 40.2728551306745], [-4.21707350153721, 40.2726390225645], [-4.2168363964701, 40.2725345341795], [-4.21656006827837, 40.2721457034622], [-4.21649213857493, 40.2720284082881], [-4.2164740011554, 40.2720017440978], [-4.21643861515367, 40.2719531060691], [-4.21641380257153, 40.2719241109806], [-4.21637191885779, 40.2718840106406], [-4.21629786735201, 40.271812716815], [-4.21621528336636, 40.271737008113], [-4.21618036175377, 40.2716957083861], [-4.21609377489719, 40.2715811901809], [-4.21600550666862, 40.271454865212], [-4.21594259599649, 40.2713594098446], [-4.21584444247526, 40.2711955884705], [-4.21572273333068, 40.2709698295705], [-4.21562580511154, 40.2708122835753], [-4.21550138901313, 40.2706217584249], [-4.21540314419364, 40.2704623631322], [-4.2153299431761, 40.2703775592917], [-4.21526424129452, 40.2703215147832], [-4.21513543264213, 40.2702173801805], [-4.21503645728454, 40.2701455274458], [-4.21494376868003, 40.2700842573095], [-4.21477273439113, 40.2699948366103], [-4.21471456868344, 40.2699689832292], [-4.21464340067982, 40.2699353834062], [-4.21460554643758, 40.2699149473865], [-4.21457317632959, 40.2698899971757], [-4.21442849727567, 40.269756332283], [-4.21440220267652, 40.2697350560158], [-4.21432842134728, 40.2696835601339], [-4.21425829885622, 40.2696455471963], [-4.21403179225058, 40.2695407423067], [-4.21391466900552, 40.2694995927804], [-4.21374557163138, 40.2694453665724], [-4.21351268279735, 40.2693849120334], [-4.213321343328, 40.2693372030538], [-4.2131914831539, 40.2693098484573], [-4.21309127161141, 40.2692962594943], [-4.21294401059495, 40.2692818682901], [-4.21281230205992, 40.2692749722739], [-4.21271672874322, 40.2692671288443], [-4.21264238873345, 40.2692480369032], [-4.21257011740064, 40.2692254171], [-4.21238349023121, 40.2691775515907], [-4.21226077983761, 40.2691556657939], [-4.21213002259711, 40.2691436080534], [-4.21184268234482, 40.2691231257154], [-4.21178634034162, 40.2691207440326], [-4.21171918375619, 40.2691244198065], [-4.21164646777906, 40.2691295287496], [-4.21158998805204, 40.2691338718803], [-4.21129791431212, 40.269177483005], [-4.21121578763391, 40.2691873655208], [-4.21111476489366, 40.2691965221659], [-4.21103250077323, 40.2692000946212], [-4.21098794702444, 40.2691966710805], [-4.21094193382803, 40.2691926481478], [-4.21081212502602, 40.2691681056636], [-4.21071768308646, 40.2691482605412], [-4.21060779078161, 40.2691261827314], [-4.2105545108038, 40.2691032701869], [-4.21043340405416, 40.2690352434584], [-4.2102550150909, 40.2689244964795], [-4.20993846414824, 40.2687232106143], [-4.20961602645344, 40.2685139905691], [-4.20948409268429, 40.2684360893741], [-4.20935019786094, 40.2683697658077], [-4.20921257509303, 40.2683119121395], [-4.20905177755548, 40.2682649027389], [-4.20895370937425, 40.2682398006117], [-4.20883932868576, 40.2682239279086], [-4.20869221159167, 40.2682173298749], [-4.20861591677626, 40.268224455011], [-4.20845997553115, 40.2682540166064], [-4.20832883048283, 40.2682842060504], [-4.20818462393028, 40.2683109148274], [-4.20801337359607, 40.2683370587934], [-4.20793838942268, 40.2683531514953], [-4.20785308055135, 40.2683803369371], [-4.20768839804826, 40.2684406148383], [-4.20743762853366, 40.2685580974935], [-4.20713795816519, 40.2687110338838], [-4.20690137103015, 40.2688249550144], [-4.20683709810485, 40.2688481480674], [-4.20676102633299, 40.2688692118849], [-4.20651445221206, 40.2688920537551], [-4.20638064873757, 40.2689114670647], [-4.20616939068881, 40.2689361922268], [-4.20601563404993, 40.2689496194003], [-4.20580031011327, 40.2689511121325], [-4.205713373855, 40.2689574235843], [-4.2054918251336, 40.2689866098492], [-4.20527111240164, 40.2690170625377], [-4.20516066291856, 40.2690253031838], [-4.20502324492176, 40.2690292164574], [-4.20489625459446, 40.2690370967021], [-4.2048127886228, 40.2690370388232], [-4.20474912222903, 40.2690323357017], [-4.20468911130819, 40.2690265022502], [-4.20458074760263, 40.2690090493247], [-4.20446494480743, 40.2689866061483], [-4.20445469130983, 40.2689849635233], [-4.20441260531289, 40.2689781419474], [-4.20426442597637, 40.2689537833324], [-4.20420550216207, 40.268947076767], [-4.20396888433087, 40.268930394988], [-4.20384855037693, 40.2689155807315], [-4.20365510087542, 40.2688851557808], [-4.20323052922439, 40.2688175029189], [-4.20344396534262, 40.2690486276985], [-4.20377532510486, 40.2694307430928], [-4.20410385068237, 40.269784089134], [-4.20425336723733, 40.2699257498118], [-4.20427720474143, 40.2699435197999], [-4.20430473691098, 40.2699623774571], [-4.20432962691095, 40.2699773211507], [-4.20443872555228, 40.2700310698703], [-4.20447353167628, 40.2700472211154], [-4.20448613144644, 40.2700530670646], [-4.20450524849401, 40.2700672963866], [-4.20452197332797, 40.2700815688871], [-4.20454465833189, 40.2701028985741], [-4.2046239006717, 40.2701921887173], [-4.20467199287874, 40.2702529627186], [-4.20470363407049, 40.2703005686044], [-4.20472419673828, 40.2703408952202], [-4.20473291572299, 40.2703712445453], [-4.20473590236089, 40.2703998952213], [-4.20473141496887, 40.2704162708484], [-4.20472232189085, 40.2704380171494], [-4.2046867898683, 40.2704904970915], [-4.20475598863431, 40.2705376371351], [-4.20478095887218, 40.2705570844178], [-4.20480240669843, 40.2705777384337], [-4.20481096601932, 40.2705911189492], [-4.20481819369122, 40.2706027951412], [-4.2048233145833, 40.2706242112279], [-4.20482493105585, 40.2706513601778], [-4.20482593806729, 40.2707081247825], [-4.20482087965394, 40.2707541009382], [-4.20480138531396, 40.2708516118485], [-4.20476486386418, 40.2709756097143], [-4.20472702717272, 40.2711010042425], [-4.20470870212348, 40.2711867810094], [-4.20470665886556, 40.2712102445616], [-4.20463118600866, 40.2715984341359], [-4.20459545012833, 40.2716764461509], [-4.20441919168643, 40.2720612793877], [-4.20430443089226, 40.2722033814596], [-4.20417882227932, 40.2723535839737], [-4.20409134629657, 40.2724572894972], [-4.20405007448653, 40.2725134624868], [-4.20401219826887, 40.2725733102087], [-4.2039848706196, 40.2726240945074], [-4.20396326613701, 40.2726676046849], [-4.20393849329642, 40.2727281598774], [-4.20390048467843, 40.2728411769922], [-4.20384768418415, 40.2729767190981], [-4.20382536324222, 40.273044519191], [-4.20379319958295, 40.273220530237], [-4.2036488861974, 40.2734354334364], [-4.20359744543716, 40.2735193022514], [-4.20355077233495, 40.2736142035371], [-4.20349392604546, 40.2737256283972], [-4.20348154905748, 40.2737599468854], [-4.20345945409474, 40.2738385554307], [-4.20344608132628, 40.2738756079325], [-4.20342658024693, 40.2739082895703], [-4.20339099797853, 40.2739582133991], [-4.2032981604437, 40.2740944896621], [-4.2032827051727, 40.274153017484], [-4.20328449731171, 40.2741890526279], [-4.20329195782014, 40.2742781647691], [-4.20331771431598, 40.2744022179622], [-4.20332257467135, 40.2744557236443], [-4.20328369062459, 40.2745404150076], [-4.20316596011838, 40.2751992919953], [-4.20321012219606, 40.275388504715], [-4.20323528111991, 40.2756480774769], [-4.20325839951652, 40.2758325224088], [-4.20329475068235, 40.2760943554988], [-4.20335681798031, 40.2763450627751], [-4.20341242547909, 40.2765589635711], [-4.2034409074774, 40.2766424197747], [-4.20354208293123, 40.2768422431797], [-4.20355877356496, 40.2769144244665], [-4.20356405392644, 40.277020394558], [-4.20356903622867, 40.2771615032413], [-4.20360210746018, 40.2774424973129], [-4.20368780779296, 40.2778894367245], [-4.20372546052175, 40.2780970969232], [-4.20374895056811, 40.2782247863639], [-4.20384783772455, 40.2785600711355], [-4.20400678052938, 40.2790383214917], [-4.20420039803504, 40.2795986349951], [-4.20438761136802, 40.2801434220657], [-4.20449893013891, 40.2805127597147], [-4.20455006367122, 40.2806805836712], [-4.20455905668121, 40.2807280903889], [-4.20455982294417, 40.2807713301363], [-4.20449510561615, 40.2811656826209], [-4.20448081791154, 40.2812892695052], [-4.20448381668793, 40.2813180994518], [-4.20449257326536, 40.2813557688567], [-4.20452912031742, 40.2814887994109], [-4.2045581745356, 40.2816055739538], [-4.20458400020172, 40.2817332204474], [-4.20458684139131, 40.2817584694146], [-4.20458643014457, 40.2818701367595], [-4.20460408877484, 40.2820674122507], [-4.20461587651766, 40.2821309158022], [-4.20463726238249, 40.2822174050561], [-4.20466623885646, 40.2823173288136], [-4.20469964649776, 40.2827910812105], [-4.20470379413812, 40.2828500208735], [-4.20473802716135, 40.28331714676], [-4.20471136025339, 40.283450870705], [-4.20458242253994, 40.2840980480764], [-4.20439000247071, 40.2851867654368], [-4.20432924057817, 40.2854086822132], [-4.20424148565448, 40.2857046413373], [-4.20412770634305, 40.2861254210965], [-4.20384165151232, 40.2871834675225], [-4.20374579568484, 40.2873717082933], [-4.20364780745366, 40.2874802598685], [-4.20203646429423, 40.2892642768411], [-4.20202452029419, 40.2892743469139], [-4.20192454768454, 40.2893173763126], [-4.20189289773024, 40.2893236655463], [-4.20186830025075, 40.2893256102817], [-4.2018458782892, 40.2893258432193], [-4.20179874914447, 40.2893218283099], [-4.20175385610247, 40.289316771259], [-4.20171625320936, 40.2893136762512], [-4.20165263393626, 40.2893124344703], [-4.20158322919908, 40.2893131553269], [-4.20154799637532, 40.2893152733573], [-4.20145874397214, 40.2893253598899], [-4.20138837927422, 40.2893379149745], [-4.20133454538087, 40.2893497352929], [-4.20127365178585, 40.2893703928303], [-4.20110324407143, 40.2894469419453], [-4.2009085281803, 40.2895410956248], [-4.20076745265295, 40.2896090015346], [-4.20067525330316, 40.2896550035869], [-4.2005796520249, 40.2897082274854], [-4.20047482312285, 40.2897696849265], [-4.20030889818858, 40.2898316658917], [-4.20021066812366, 40.2898643083087], [-4.20009720692567, 40.2898980513794], [-4.19999180296322, 40.2899250456938], [-4.19987942491264, 40.2899526753101], [-4.19964728520165, 40.2900052687537], [-4.19955008119969, 40.2900333393869], [-4.19945537631085, 40.2900640467248], [-4.1993266737818, 40.2901068405913], [-4.19922389178522, 40.2901385268119], [-4.19907745596915, 40.290185068337], [-4.19900622405871, 40.2902119329156], [-4.19897121761039, 40.2902311915899], [-4.19893616444968, 40.2903117763308], [-4.19891799276311, 40.290345526528], [-4.19887786853983, 40.2904050640582], [-4.19883870712284, 40.2904551114774], [-4.19880642436645, 40.2904923692605], [-4.19876951977796, 40.2905351299657], [-4.19871073364429, 40.2906004899617], [-4.19868300842285, 40.2906324143233], [-4.19862784737282, 40.2907068597821], [-4.19858325637247, 40.2907724191321], [-4.19856510650572, 40.2908063910074], [-4.19851142571198, 40.2909089548821], [-4.19847614508841, 40.2909734164979], [-4.19845559721371, 40.2910113256843], [-4.19841842704575, 40.2910984515394], [-4.198407092028, 40.2911227807067], [-4.19840029690297, 40.2911335493112], [-4.19835549263165, 40.2911987657754], [-4.19830018327966, 40.2912688242145], [-4.19827248642282, 40.2912997242188], [-4.19825294876892, 40.2913253911857], [-4.1982119592925, 40.2913984509744], [-4.19818460983338, 40.2914527883699], [-4.19817556179693, 40.2914772955042], [-4.19817243044805, 40.2914917659183], [-4.19816949637213, 40.2915323234524], [-4.19816746483408, 40.2916061193053], [-4.19816077373074, 40.2916360130083], [-4.19815189790727, 40.2916614607864], [-4.19813934441962, 40.2916902980696], [-4.19809284133231, 40.2917898569984], [-4.19808153220096, 40.2918198474054], [-4.19806710740048, 40.2918565959399], [-4.19803968890279, 40.2919694926483], [-4.19801326371872, 40.2920761853604], [-4.19798108911432, 40.2921883269544], [-4.19792718211247, 40.2923339624297], [-4.19790686529485, 40.2923802154581], [-4.19792632971625, 40.2925455546494], [-4.19793284149875, 40.2926545942542], [-4.19763330609879, 40.2933160443943], [-4.19740187249925, 40.2938268865789], [-4.19731913495453, 40.2938589034922], [-4.19722712680819, 40.2939988244133], [-4.19717195513416, 40.2940696942984], [-4.19710584077007, 40.2941279994279], [-4.19701516890595, 40.2941856186246], [-4.19691945921326, 40.2942344640713], [-4.19677939209753, 40.2942944751041], [-4.19665665617857, 40.2943425921494], [-4.1964416112475, 40.2944150882013], [-4.19603702793998, 40.2945652205692], [-4.19573459123495, 40.2946971488861], [-4.19559597130133, 40.294769552035], [-4.19553096409012, 40.2948152689556], [-4.19546271732443, 40.2948857941159], [-4.19537468922355, 40.294960465085], [-4.19528492963802, 40.2950180572682], [-4.19518464890624, 40.295065017237], [-4.1950770199554, 40.2951048904989], [-4.19496249956702, 40.2951465930931], [-4.19480099910965, 40.2951951234086], [-4.19446965462642, 40.295283439792], [-4.1924307475201, 40.2965664096827], [-4.19158278101104, 40.2969950212472], [-4.19124840838279, 40.2971640669998], [-4.19087156421212, 40.2973543209898], [-4.19084188787725, 40.2973394237675], [-4.19078007432089, 40.2973068179503], [-4.19071720194753, 40.2972742657239], [-4.19063770392478, 40.2972389270044], [-4.19055713604797, 40.2972044040931], [-4.19048718204932, 40.2971780969573], [-4.19040676413323, 40.2971539196881], [-4.19030739968302, 40.2971270092239], [-4.18997163969897, 40.2970285587492], [-4.18990811336142, 40.2970123202873], [-4.18966322833387, 40.2969489604601], [-4.18915746179625, 40.2968316292273], [-4.18884310172358, 40.2967490580411], [-4.18851182446294, 40.2966443537855], [-4.18822717062403, 40.2965774580287], [-4.18770133171441, 40.2964482856992], [-4.18766463427056, 40.2964433741869], [-4.18761152946425, 40.2964339773172], [-4.1875537539768, 40.2964193953194], [-4.18750055150525, 40.2964047387392], [-4.18744946603094, 40.2963849928305], [-4.18738429301632, 40.2963586347306], [-4.18724091316032, 40.2962964801007], [-4.18715192733912, 40.2962540374043], [-4.18705104994425, 40.296204396832], [-4.18695947294221, 40.2961524145667], [-4.18687272424161, 40.2960992444106], [-4.18677265570247, 40.2960326862544], [-4.18656073587563, 40.2958777824206], [-4.18585314197427, 40.2954592232986], [-4.18536908850616, 40.2950358309998], [-4.18475388883244, 40.2944975139207], [-4.18443280759372, 40.2943026238836], [-4.18370359174801, 40.2940489414783], [-4.18356154882121, 40.2939997190239], [-4.18262175816683, 40.2936724413929], [-4.18217317993814, 40.2935869698329], [-4.18167864659446, 40.2935649720726], [-4.18125658753127, 40.2936517365969], [-4.18098696089366, 40.2937071642903], [-4.18016059617223, 40.2935444275763], [-4.18014544967824, 40.293539455895], [-4.17962805960044, 40.2933696723468], [-4.17841699225689, 40.2927333630918], [-4.1778683327224, 40.2923065231311], [-4.17754555106741, 40.2917198898262], [-4.17752818564008, 40.2916883685438], [-4.1775241665775, 40.2916665805222], [-4.17747755928559, 40.291549212321], [-4.17745545063873, 40.2914854459287], [-4.17743290911379, 40.2914152922855], [-4.17742410888437, 40.2913742781398], [-4.17740918222113, 40.2912688516227], [-4.17734051823117, 40.290964091732], [-4.17722860378103, 40.2907598663021], [-4.17716588276109, 40.2906038183076], [-4.17712975855704, 40.2904897024114], [-4.17711422357227, 40.2904658300481], [-4.17708772279163, 40.2904387835253], [-4.17704371507536, 40.290406862594], [-4.17700092543876, 40.2903774555153], [-4.17696972548582, 40.2903507938237], [-4.17689075099593, 40.290273200094], [-4.17671642381174, 40.2901264075043], [-4.1765508572385, 40.2899424424601], [-4.17644459092955, 40.2898425721912], [-4.17638953418651, 40.2897972348902], [-4.17633483307392, 40.2897635432962], [-4.17623645270005, 40.289712368373], [-4.17605964401795, 40.289629143129], [-4.17599777799278, 40.289592206456], [-4.17592985547585, 40.2895433377652], [-4.17577975169758, 40.2894315370534], [-4.17563858842306, 40.2893030475725], [-4.17541561219883, 40.2891244255802], [-4.1753583823264, 40.2890833791297], [-4.17530737982984, 40.2890523267617], [-4.17520272891864, 40.2889959572742], [-4.17487622014709, 40.2888872236906], [-4.17472943406673, 40.2888384304803], [-4.17465490713583, 40.2888157548523], [-4.17460529683505, 40.2888038258092], [-4.17454857355564, 40.2887915771919], [-4.17448614162466, 40.2887802606941], [-4.17442947042371, 40.2887729882627], [-4.17426230593299, 40.2887622625489], [-4.17406528891595, 40.2887352060153], [-4.17385424141803, 40.2887121623836], [-4.17377888028334, 40.2886996006096], [-4.17371733727042, 40.2886856185824], [-4.17357183156501, 40.28863188109], [-4.17338133376595, 40.2885645563948], [-4.17323171701097, 40.2884923440099], [-4.17305823615994, 40.2883958898166], [-4.17286579207474, 40.2882814948899], [-4.17261168989638, 40.2881500612493], [-4.17257960209845, 40.2881340948687], [-4.172541717448, 40.2881182220386], [-4.17248619808502, 40.2881000942346], [-4.17252278994495, 40.2879987816817], [-4.17256585169203, 40.2878802546389], [-4.1726672616144, 40.2876855323825], [-4.17271819659441, 40.2875695877408], [-4.17274476716191, 40.2874690928165], [-4.17277754597961, 40.2872598633891], [-4.17282442240254, 40.2869091616868], [-4.17290923442794, 40.2866476027064], [-4.17305211503958, 40.286270724953], [-4.17312890752166, 40.2860158812585], [-4.17316250271664, 40.2858506659401], [-4.17317410514347, 40.2857012198105], [-4.17320227652416, 40.2854295517508], [-4.17322936522157, 40.2850896399059], [-4.17324102832421, 40.2848092088425], [-4.17323812483713, 40.2847050712053], [-4.17322055319248, 40.2846455644763], [-4.17318520134724, 40.284576588239], [-4.17313229506858, 40.2845095561717], [-4.17303630019902, 40.2844015247461], [-4.17295519572861, 40.2843301232288], [-4.17282749309943, 40.2842315352725], [-4.17274612280267, 40.2841817478609], [-4.17260715971641, 40.2840548529439], [-4.17254927048289, 40.2838541812349], [-4.17248734871203, 40.2836755229371], [-4.17245524471639, 40.2835857509092], [-4.17244024016021, 40.2835381751263], [-4.17243371444212, 40.2834885587782], [-4.17243245964881, 40.2834159360505], [-4.172446505011, 40.2832858525766], [-4.1724705348397, 40.2831728689707], [-4.17252080547489, 40.2830186426206], [-4.17252711757794, 40.2829797271293], [-4.17252998006049, 40.282943562962], [-4.17252217010739, 40.2829003938182], [-4.17251328423973, 40.2828599343752], [-4.17250091979379, 40.2828251496231], [-4.17245106958632, 40.2827271183593], [-4.17237118405396, 40.2825927921783], [-4.17224175470324, 40.2823969292618], [-4.17213707757768, 40.2822556357211], [-4.17176560065372, 40.2817971218528], [-4.17153134984815, 40.2815151459991], [-4.17140122354978, 40.2813369318578], [-4.17132145854244, 40.281212549419], [-4.17130443636614, 40.2811811534376], [-4.17129812839619, 40.2811560328043], [-4.17129383154752, 40.2811076390777], [-4.17129636679991, 40.2809884632206], [-4.17128587537571, 40.2808579377013], [-4.17126697302552, 40.2807157856106], [-4.17013118458775, 40.2791711961522], [-4.16887848204245, 40.2777426347175], [-4.16881820032397, 40.2775724100097], [-4.16880147531479, 40.277497691177], [-4.16876651333049, 40.2774265239678], [-4.16821635432779, 40.276305395886], [-4.16778085092461, 40.2752838855815], [-4.16755449661061, 40.274753509217], [-4.16721684173967, 40.2735857378134], [-4.16714685019357, 40.2733629064683], [-4.16705238123544, 40.2730631818511], [-4.16696801948329, 40.2727954499938], [-4.1657527593539, 40.2718887760873], [-4.1652152243441, 40.2714071380673], [-4.16485177791299, 40.270789171936], [-4.16374334071711, 40.2699354552748], [-4.16293878129094, 40.2696552545349], [-4.16154828879053, 40.2694986129436], [-4.16067903132832, 40.2695608276699], [-4.16004758036687, 40.2697743691534], [-4.15996253396427, 40.2698414357048], [-4.15973568908464, 40.2700196146903], [-4.15932806065004, 40.270340706639], [-4.1586400980945, 40.2706893797309], [-4.15828808766318, 40.2707379496268], [-4.15795821254291, 40.2707052152544], [-4.15735357415975, 40.2704229746225], [-4.15646605027276, 40.2694138234792], [-4.15602513577166, 40.2690758847377], [-4.1552196975827, 40.2687415844046], [-4.15399217101935, 40.2684835616321], [-4.15330449138238, 40.2681570823867], [-4.15289151617224, 40.2678379459686], [-4.15258543140887, 40.2676011545905], [-4.15232726827252, 40.2674010471139], [-4.15199573070564, 40.2672692122937], [-4.15130135456854, 40.267240087398], [-4.15051138276411, 40.2671218181037], [-4.15022673213445, 40.2669805028693], [-4.14992544222727, 40.266551061599], [-4.14971899716877, 40.2664193245767], [-4.14968431274488, 40.266396924967], [-4.14930274256636, 40.2661529659323], [-4.14909319246903, 40.2660187848044], [-4.14800393826989, 40.2663702534356], [-4.14710474253983, 40.2666601425308], [-4.14489531268931, 40.2649138022135], [-4.14407721689735, 40.2642666731961], [-4.14464337298135, 40.2603904167703], [-4.14484688181217, 40.2589977490886], [-4.14485763015977, 40.2589800870061], [-4.14531602053006, 40.2582273329922], [-4.14631026356548, 40.2572174774493], [-4.14638585106874, 40.2570585062721], [-4.14659415278827, 40.2566200640395], [-4.14671100871762, 40.2558801597007], [-4.14697031101419, 40.2552199252056], [-4.14776588277298, 40.2541737356142], [-4.14865013562391, 40.2526880327985], [-4.14942482941342, 40.2510665837977], [-4.14944505526312, 40.2510241526925], [-4.15062323863881, 40.2493772285387], [-4.15072688086639, 40.2492323184892], [-4.14976635802612, 40.2487760030989], [-4.14971599800334, 40.2487094982057], [-4.1493682823624, 40.2477242023997], [-4.14929769089375, 40.2475239769363], [-4.14868633074905, 40.2467633457841], [-4.14843417724208, 40.246449640899], [-4.14576983814524, 40.2451770872447], [-4.14372894397338, 40.2448295921842], [-4.14362003568142, 40.2448638896825], [-4.14357508970489, 40.2448784106152], [-4.13823284240029, 40.2465689928325], [-4.13814868968708, 40.2466402638617], [-4.13683481833517, 40.2475180546622], [-4.13630989792332, 40.2477666473805], [-4.13570478542802, 40.248141771056], [-4.13390709727569, 40.24821345529], [-4.13311776468327, 40.2482065474478], [-4.13146734664879, 40.2489805891774], [-4.13120321268833, 40.2487836351651], [-4.13081111872806, 40.2484908543689], [-4.13036209305881, 40.247851737092], [-4.13002739703477, 40.2475216684726], [-4.12943184064275, 40.2470590083477], [-4.12879001960644, 40.2466418420227], [-4.12812604206132, 40.2463059702181], [-4.12772216370725, 40.2461841133066], [-4.12734616355296, 40.2460703241406], [-4.12724576734914, 40.2460577518443], [-4.12499225542403, 40.2462077796137], [-4.12462383297929, 40.2461024442233], [-4.1245031514979, 40.2460665660458], [-4.12445112107665, 40.2460481792979], [-4.12442036635459, 40.2460358565537], [-4.12437653911183, 40.2460119406804], [-4.12434434462706, 40.2459888639004], [-4.12431221099102, 40.2459621264264], [-4.12423124240721, 40.2458906029838], [-4.12420721320564, 40.2458721665254], [-4.12412530008943, 40.2458161807341], [-4.12403849342563, 40.245763007165], [-4.12372195723608, 40.2455982484174], [-4.12325364770728, 40.2453618009086], [-4.12287639324822, 40.245165248862], [-4.12269448889478, 40.2450444799087], [-4.12231961932565, 40.2447559903217], [-4.122257509713, 40.2447084503322], [-4.12220507325323, 40.2446681421123], [-4.12173977239789, 40.2442610426873], [-4.12166708173981, 40.2441975572284], [-4.12154450805027, 40.2440945771679], [-4.12145258777742, 40.2440213751834], [-4.12121973815067, 40.2438724960194], [-4.12097201105069, 40.2437549619121], [-4.1208301828684, 40.2437096008245], [-4.12075781863596, 40.2436658191019], [-4.12046216699383, 40.2435605725246], [-4.11976759728286, 40.2435042316854], [-4.11933267155101, 40.2435084394349], [-4.11858466740464, 40.2437769372021], [-4.11825597767702, 40.2438071413571], [-4.11677161466696, 40.2436232749393], [-4.11600799757609, 40.243657669214], [-4.11543423069417, 40.2437983382668], [-4.11469352935833, 40.2437964664372], [-4.11368010498762, 40.2436530686482], [-4.11319889601546, 40.2437027444481], [-4.11219343715659, 40.2440457504543], [-4.1118535775453, 40.2441120803388], [-4.1115007836213, 40.2441064603582], [-4.11120588034953, 40.2440462285882], [-4.1108498471871, 40.2438424366739], [-4.10880023759893, 40.242880097326], [-4.10839852137301, 40.242757817764], [-4.10768207401862, 40.2428007143948], [-4.10615838913116, 40.2423648319413], [-4.10554275329631, 40.2421004407372], [-4.10469378893371, 40.2419463835868], [-4.10424462815075, 40.2417975149983], [-4.10392626254814, 40.2421211447982], [-4.10309964665285, 40.2429616055919], [-4.10274992850499, 40.2431451216057], [-4.10240137750314, 40.2434006985962], [-4.10218256548125, 40.2436820663366], [-4.10171492883085, 40.2445694154321], [-4.10093660447046, 40.245874139301], [-4.10061211964854, 40.2461130450838], [-4.10057970219687, 40.2461371101455], [-4.10056481400269, 40.2461479500978], [-4.09993527816024, 40.2464782647637], [-4.09976259296957, 40.2467051345608], [-4.09968438737544, 40.2469581337039], [-4.09603931666162, 40.2491369505545], [-4.09426630639546, 40.2500185683225], [-4.09406908756303, 40.2501826336429], [-4.09037995462619, 40.2525598412972], [-4.08988545362184, 40.2525194390268], [-4.08959821191985, 40.2529365458869], [-4.08884967817024, 40.2530533575871], [-4.08723493082947, 40.2541896151185], [-4.08559820350418, 40.257217472464], [-4.08499788477558, 40.2579167448296], [-4.08486140710477, 40.25820636465], [-4.08427557528382, 40.2589377615361], [-4.08373696071084, 40.2598142335918], [-4.08045651892223, 40.2669396485178], [-4.07723656446538, 40.2658420432245], [-4.0753754680974, 40.2652076141915], [-4.0745162818266, 40.2652922414765], [-4.07289438847147, 40.2654514378929], [-4.07233200170093, 40.2651199351943], [-4.06809922119555, 40.2626279047562], [-4.06763964776609, 40.2622944821259], [-4.06586775817494, 40.2611587746122], [-4.06497868585522, 40.2605892500868], [-4.06451645586962, 40.2603592658964], [-4.06314827790258, 40.2585970444189], [-4.06276058440226, 40.2579626460612], [-4.06253840255015, 40.2577341066613], [-4.06160564897531, 40.2571185054191], [-4.05734897259602, 40.2543099302781], [-4.05733701438591, 40.2543022525712], [-4.05725131763979, 40.2542454967221], [-4.05719005702899, 40.25416048333], [-4.05714575041141, 40.2541012942055], [-4.05709633310046, 40.2540352103812], [-4.05706636170933, 40.2539940603351], [-4.0570422931479, 40.2539609048509], [-4.05702913213949, 40.253950893208], [-4.05700074337109, 40.2539369821042], [-4.05697603251423, 40.2539335726973], [-4.0567566264054, 40.2539601390301], [-4.05662012709433, 40.2538780508757], [-4.05641034022236, 40.2537617211944], [-4.05617422367753, 40.2536298654367], [-4.055175951517, 40.2531121618421], [-4.05458434083379, 40.2527950145294], [-4.054203053892, 40.2526010892808], [-4.05299752866918, 40.251988744773], [-4.05268688335807, 40.2518319179908], [-4.05234103017705, 40.2516573243808], [-4.05208612775377, 40.2515285586587], [-4.04371758536874, 40.2500384372938], [-4.04186987058744, 40.2497093613685], [-4.03862022405491, 40.249750961616], [-4.03452602594136, 40.2498029778761], [-4.03151448144349, 40.2497252999031], [-4.02596191009522, 40.2495817834202], [-4.02402779879646, 40.2489683362615], [-4.02376833643276, 40.2490195561412], [-4.02419855505726, 40.2482812124755], [-4.0243951522555, 40.2481073659694], [-4.02474384411281, 40.2477989365007], [-4.02486983103476, 40.2475913761479], [-4.02488633508695, 40.2475772010561], [-4.02497337414583, 40.2475015413808], [-4.02507425166083, 40.247406792654], [-4.02519683127293, 40.2472750737406], [-4.02535953240363, 40.2470634276665], [-4.02553002359831, 40.2468351908575], [-4.02566232208348, 40.2466421278338], [-4.02572101855584, 40.2465489533395], [-4.0258753575531, 40.24634742821], [-4.02598594048795, 40.2461851116103], [-4.02608060193427, 40.2460023858793], [-4.02616018638023, 40.245822358415], [-4.02622242256144, 40.2456605644263], [-4.02629149671859, 40.2454860522612], [-4.02637824118543, 40.2453032379832], [-4.02646154061536, 40.2451449022171], [-4.02659614777079, 40.2448680188373], [-4.02662919645075, 40.2447936825298], [-4.02664123726449, 40.2447395206357], [-4.02664613672912, 40.244674723696], [-4.0266448193912, 40.2445126474406], [-4.02666678140327, 40.2440214739218], [-4.02666864989903, 40.2436762791691], [-4.02681805220064, 40.2432869108282], [-4.02679548097776, 40.2430331648085], [-4.02674648361021, 40.2428297668141], [-4.02666298063128, 40.2425205712204], [-4.02654624635673, 40.2421864819962], [-4.02645805184713, 40.2419522410386], [-4.02638591324822, 40.2416887355498], [-4.02632820906763, 40.2414496062656], [-4.02628502490224, 40.2411502690604], [-4.0262708911626, 40.2408437821956], [-4.02626639329796, 40.2405456397046], [-4.026280164375, 40.2404391496253], [-4.02631256131369, 40.2403344467886], [-4.02632090845929, 40.2401104000125], [-4.02638497989863, 40.2397562749788], [-4.02636210736923, 40.2395645318442], [-4.02634296479449, 40.2393124983396], [-4.02630448635758, 40.2390218332131], [-4.02628966278234, 40.2388055872162], [-4.02627773207919, 40.2386480322287], [-4.02627132864215, 40.2384563535348], [-4.02624972236293, 40.2382736761817], [-4.02622674607847, 40.2381422805844], [-4.02616630609925, 40.2379592543041], [-4.02611521941206, 40.2378528589054], [-4.02610072574566, 40.2371923654313], [-4.0260362389195, 40.2368871877795], [-4.02608900982845, 40.2368056371802], [-4.02615665600117, 40.2367005886862], [-4.02620476976477, 40.236613728502], [-4.02621809807168, 40.2365666805693], [-4.02622085362528, 40.2365111063255], [-4.02622034116493, 40.2364009179046], [-4.02621127069341, 40.2362656908293], [-4.02618851924432, 40.2360867789143], [-4.02617693928745, 40.2359382858941], [-4.02615913694759, 40.2356107343673], [-4.02210361962315, 40.233587459194], [-4.02099760114365, 40.2317075424528], [-4.02094196269819, 40.2316472211845], [-4.02060945272054, 40.230834821227], [-4.02004990130419, 40.230362266673], [-4.0189798368839, 40.2295259541132], [-4.01676091531465, 40.2271231187965], [-4.01433903344965, 40.2245722401862], [-4.01431977918284, 40.2245550562553], [-4.01034722396872, 40.2210580872875], [-4.00880318100563, 40.2198157223865], [-4.00621753523833, 40.2182747394683], [-4.00617455539539, 40.2182492115864], [-4.00228570509165, 40.2178046836266], [-4.00151394715971, 40.2176410940927], [-4.00122338613641, 40.2175415666917], [-3.99857600823378, 40.2154771107666], [-3.99797742900646, 40.2150247252941], [-3.99694908199113, 40.2142472979243], [-3.9948975685296, 40.2124249912269], [-3.99354231050288, 40.2123936604687], [-3.99123124221347, 40.2097405447762], [-3.99100268884438, 40.2094784182514], [-3.99029182471603, 40.2095582656257], [-3.98835251792965, 40.2097767271084], [-3.9880254404364, 40.2097567334268], [-3.98773633113694, 40.2098461382868], [-3.98618320150286, 40.2100210990347], [-3.9819735613342, 40.2108893191314], [-3.97692733418232, 40.2119286549511], [-3.97372322176244, 40.2119455043669], [-3.96723218810399, 40.2119807993486], [-3.96421796832945, 40.2121607952966], [-3.96255857044089, 40.2122597196539], [-3.96210457537099, 40.212286775708], [-3.95618571398846, 40.2114644578803], [-3.95445846898985, 40.2121577870493], [-3.95291694890317, 40.2123392989967], [-3.95295165464373, 40.2120474515635], [-3.9529697046966, 40.2118941454967], [-3.95298841017594, 40.211735203238], [-3.95300147026705, 40.2115402704033], [-3.95302721800261, 40.2111491354604], [-3.9529861568292, 40.2109975883812], [-3.95298492082745, 40.2109846236285], [-3.95296732495592, 40.210728028596], [-3.95295801179309, 40.2103208659505], [-3.95295732458191, 40.2101857360041], [-3.95295545878108, 40.2100524052394], [-3.95296577772873, 40.2099505114959], [-3.95299249362528, 40.209842166859], [-3.95305407762959, 40.2096308384074], [-3.9531114242807, 40.2094412071866], [-3.95315953265742, 40.2092696216102], [-3.95318755111113, 40.2091721180117], [-3.95322814970272, 40.2089527448501], [-3.95324583127999, 40.2087994416996], [-3.95325844076348, 40.2086967188995], [-3.95326753710405, 40.2085885369086], [-3.9532800181475, 40.2084613126318], [-3.95329778787124, 40.2083135011365], [-3.95330903208364, 40.2081972204395], [-3.95332070838572, 40.2081079320907], [-3.95335656971282, 40.2078970398286], [-3.95338762478954, 40.2077686011272], [-3.95341428409223, 40.2076584507436], [-3.95349110172713, 40.2073524351245], [-3.95353123486075, 40.2071971360533], [-3.95359628726036, 40.2069740258961], [-3.95383950540092, 40.2063034882043], [-3.95398307666887, 40.2059825500959], [-3.95407324605826, 40.2057942272562], [-3.95417851863365, 40.2055899815922], [-3.95445396853554, 40.2050309312174], [-3.95476559731624, 40.2043049024033], [-3.95487001730973, 40.2040381690556], [-3.95512142628848, 40.2033677016541], [-3.95516611971181, 40.2031072077236], [-3.95520174515287, 40.2028985742623], [-3.95534972478804, 40.2023759412067], [-3.95539465488067, 40.2022286065595], [-3.95544976771134, 40.2020667415195], [-3.95555435792287, 40.2018089200294], [-3.95559967458679, 40.2016891730096], [-3.9556835407893, 40.2014783314323], [-3.95579226867172, 40.2011802479708], [-3.95585095082565, 40.2010138809716], [-3.9559027970923, 40.2008557542829], [-3.95597171801189, 40.200650597182], [-3.95602548450221, 40.2004727885978], [-3.95609506105214, 40.20023064702], [-3.95613529472859, 40.2000889816327], [-3.95624695964394, 40.1995952168697], [-3.95626473910006, 40.1994410019604], [-3.95629779868022, 40.1990853568774], [-3.95628184392136, 40.1990721737279], [-3.95465851274447, 40.1977545448059], [-3.95393881089113, 40.1974611906129], [-3.95351846237732, 40.1980142202441], [-3.952530291547, 40.1972865639458], [-3.95075222107083, 40.1968134947101], [-3.94997695423698, 40.1993586943518], [-3.94915142876215, 40.1995321381307], [-3.94859201445934, 40.1981953804889], [-3.94861303773194, 40.1958790112514], [-3.94870106184999, 40.1930768306167], [-3.94771195884345, 40.1929778505718], [-3.94608550281423, 40.1940279200664], [-3.94531229589974, 40.1945271318045], [-3.94358439723052, 40.1955939256696], [-3.9431424189242, 40.1958909176956], [-3.94281946739305, 40.1962209762317], [-3.94231168211034, 40.1970186841045], [-3.94249090472514, 40.1974203906846], [-3.94173872044439, 40.197928777881], [-3.94145699253538, 40.1992239049012], [-3.94120538686704, 40.2000396021443], [-3.94157867291127, 40.2004025685086], [-3.94112044635164, 40.2011191546063], [-3.9409852403313, 40.2016439184121], [-3.94041350597432, 40.2012339609548], [-3.9401521159896, 40.20123606459], [-3.94013299078881, 40.201242047215], [-3.93862863614978, 40.2032277537947], [-3.93866237151657, 40.2036037157023], [-3.93840829558026, 40.2034394555486], [-3.9378185363249, 40.2032730464718], [-3.93703973283728, 40.202932720446], [-3.93648273341258, 40.2026892320771], [-3.93583613595253, 40.2026584212682], [-3.93488508237472, 40.2027111605933], [-3.93411145415032, 40.2028435329077], [-3.93337386723347, 40.2030386960775], [-3.93166978290244, 40.2038722475939], [-3.93145146354232, 40.2039362399068], [-3.93141350702662, 40.2039445546287], [-3.93129870587011, 40.2039655698411], [-3.93128808180734, 40.2039673445594], [-3.93114370791251, 40.2039764859232], [-3.93103325300124, 40.2039671422124], [-3.93099518675162, 40.2039642831359], [-3.9304005999499, 40.2038553992684], [-3.92971621216249, 40.2036446668903], [-3.92950509549429, 40.2035403807103], [-3.92935886964291, 40.2034546808493], [-3.92929131082972, 40.2034165742819], [-3.9292405617579, 40.2033953810772], [-3.92915899347995, 40.2033608633393], [-3.92905750720906, 40.2033192571151], [-3.92890268322528, 40.2032556337073], [-3.92869099788596, 40.2031610455382], [-3.92852777338095, 40.2030848218044], [-3.92833608577881, 40.2029837067754], [-3.92814549261684, 40.2028686304729], [-3.92811927977687, 40.2028556693449], [-3.92809252704938, 40.2028368200965], [-3.92781484004835, 40.2026714348205], [-3.92754106992002, 40.2024934431643], [-3.92732045259455, 40.2023358590202], [-3.92710291040822, 40.2021613574028], [-3.92698287646805, 40.2020558965173], [-3.92685911788986, 40.2019465237646], [-3.92674007116833, 40.2018324178302], [-3.92664351179057, 40.2017252700743], [-3.92648524932715, 40.2015356525991], [-3.9264654694558, 40.2015121615306], [-3.92636014219362, 40.2013706037938], [-3.92624996472235, 40.2012173987707], [-3.92612556153024, 40.2010544374765], [-3.92599046444357, 40.200872924326], [-3.92585587911518, 40.2007501231402], [-3.92568900921535, 40.2005752134752], [-3.92550324834574, 40.2003880668293], [-3.92535796369636, 40.2002524337512], [-3.92527617156302, 40.2001866100422], [-3.92513957747239, 40.2000779010768], [-3.92508768578019, 40.2000682756174], [-3.92406038320107, 40.1991975456227], [-3.92379054186613, 40.1990342604187], [-3.92340015116342, 40.1988473813086], [-3.92280899677263, 40.19856460871], [-3.92219412062189, 40.1980369165026], [-3.92212622647268, 40.1979340838231], [-3.92205916761507, 40.1978507282046], [-3.92197704783594, 40.197762969304], [-3.92189226961843, 40.1976727704896], [-3.92183764935422, 40.1975425885769], [-3.92178320695643, 40.1974258962367], [-3.92173722489197, 40.1973405157713], [-3.92156411145188, 40.1968627377865], [-3.92054315726685, 40.1952131788698], [-3.9191644175789, 40.194034897933], [-3.91734342898492, 40.1922742644271], [-3.91721192082528, 40.1922139305922], [-3.91653956383845, 40.191902240994], [-3.91649901641791, 40.1918774245878], [-3.91644445438507, 40.1918185317287], [-3.91632425068992, 40.1916978576272], [-3.91625733008062, 40.1916280883716], [-3.91621927950101, 40.1915905767987], [-3.91615892286651, 40.1915522018509], [-3.91610204460567, 40.1915221326741], [-3.91602641993349, 40.1914929863536], [-3.91596267907417, 40.191469156822], [-3.91588963975337, 40.1914553240791], [-3.91577667943004, 40.191437542313], [-3.91568741887013, 40.1914337437651], [-3.91557828457419, 40.1914532805274], [-3.91533758728204, 40.191429739879], [-3.9153041133596, 40.1914184907331], [-3.91526996398326, 40.1914032602693], [-3.91516220020597, 40.1913493482113], [-3.91513625506393, 40.1913414539684], [-3.91511047816687, 40.1913369513314], [-3.91505397848105, 40.1913396502893], [-3.91489563772182, 40.1913559763828], [-3.91471772368485, 40.191363377234], [-3.91448825533879, 40.1913125882283], [-3.91446728146849, 40.1913034876154], [-3.91435010971438, 40.1912386537412], [-3.9142200979199, 40.1911638003783], [-3.91410370190351, 40.1910802572761], [-3.91404568054605, 40.1910482615199], [-3.91390020197908, 40.1909773207218], [-3.91377622036772, 40.1909150443676], [-3.91364613865378, 40.1908657939433], [-3.913423350386, 40.1908001451517], [-3.91311544901823, 40.1907123332409], [-3.91304022582243, 40.1907012497813], [-3.91288349682532, 40.1906745470126], [-3.91283283184332, 40.1906641356211], [-3.91278589049328, 40.1906520150685], [-3.91272077689309, 40.1906307734551], [-3.91267239722514, 40.1906113169304], [-3.91264639682983, 40.1905979328748], [-3.9126285961545, 40.1905845592446], [-3.91261189479243, 40.1905685445345], [-3.91259873970881, 40.1905481942917], [-3.9125697925517, 40.1904950168496], [-3.91253248967749, 40.1904259646764], [-3.9125205395981, 40.1904108556629], [-3.91250751094348, 40.1903974443963], [-3.91248603183797, 40.1903830343095], [-3.91246829100943, 40.1903714755016], [-3.91244234776402, 40.1903562899708], [-3.91241979788489, 40.1903446429875], [-3.91240097155378, 40.1903369082259], [-3.91237629470193, 40.1903309088187], [-3.91218418500364, 40.1902952593727], [-3.91196691340159, 40.1902159309768], [-3.91193402042314, 40.1902009433479], [-3.9118948317981, 40.1901804180234], [-3.91187121101703, 40.1901710316966], [-3.91184291355305, 40.1901637700309], [-3.91170422120621, 40.1901470082968], [-3.91152385864391, 40.1901112652326], [-3.91134726494985, 40.1900828122825], [-3.91119526516305, 40.1900541654774], [-3.91116942702388, 40.1900436702962], [-3.91070908196411, 40.1899346763992], [-3.9106696171526, 40.1899209098155], [-3.91046892946886, 40.1898475984918], [-3.91032588720942, 40.189774959682], [-3.91026094421764, 40.1897501316686], [-3.9102244838997, 40.1897414090461], [-3.91017149041131, 40.1897316902411], [-3.91011721036637, 40.189725988028], [-3.91005727566893, 40.1897273453981], [-3.90999979067727, 40.1897322979457], [-3.90992128445539, 40.1897437926948], [-3.90987223256491, 40.1897543137279], [-3.90968604104906, 40.1898042020941], [-3.90943189641589, 40.1898701044809], [-3.90928547461786, 40.1898991917967], [-3.90917990460567, 40.1899153312818], [-3.90906852429021, 40.1899288280854], [-3.90898166888035, 40.1899376091038], [-3.90890776859647, 40.1899415135317], [-3.90876326058699, 40.1899447102266], [-3.90866349009829, 40.1899518216422], [-3.90839622602991, 40.189945008051], [-3.90831539023073, 40.1899202893056], [-3.90819276660121, 40.1898861369207], [-3.90813155384781, 40.1898755309331], [-3.90806920333385, 40.189871772025], [-3.9079706718651, 40.1898689097714], [-3.90777195162922, 40.1898603327824], [-3.90767323314314, 40.1898622752579], [-3.90752062845643, 40.1898713126455], [-3.90618444596726, 40.1897404464348], [-3.90568179237628, 40.1897342446633], [-3.90564606882185, 40.1897196094863], [-3.90562020711864, 40.1897133293461], [-3.90557535254437, 40.1897048458535], [-3.90552829070497, 40.1896989030684], [-3.90550475035293, 40.1896981681119], [-3.90548383701162, 40.1897003190568], [-3.90546019840641, 40.1897039221828], [-3.9054402899431, 40.1897085769067], [-3.9053513395633, 40.1897300725725], [-3.90532906503618, 40.1897337857001], [-3.90530202574615, 40.1897357853845], [-3.90525526454815, 40.1897381439913], [-3.90520349270525, 40.1897374226724], [-3.90515169092316, 40.1897344492354], [-3.90512812359526, 40.1897290026863], [-3.90510689280181, 40.1897219934621], [-3.90505841072593, 40.1896980747841], [-3.90503711975539, 40.1896909887326], [-3.90501245201766, 40.1896902983812], [-3.90497381987741, 40.18969248256], [-3.90493173406408, 40.1897023839611], [-3.90490254806531, 40.1897161260861], [-3.90488147500843, 40.1897326201983], [-3.90486524509207, 40.1897527209391], [-3.90485739761176, 40.1897716610818], [-3.90484330374126, 40.1898139123381], [-3.90449154307914, 40.1900318488427], [-3.90423581533542, 40.1900315060902], [-3.90415949716384, 40.1900384301558], [-3.90409270809514, 40.1900479153226], [-3.90399795794429, 40.1900728678204], [-3.90388581997487, 40.1901154115605], [-3.90385986679574, 40.1901218249457], [-3.90383526865151, 40.1901236894169], [-3.9037154835295, 40.190115615294], [-3.90366956213976, 40.1901131583699], [-3.9036201585487, 40.1901155781973], [-3.90352513385963, 40.1901271301865], [-3.90342560142447, 40.1901504709081], [-3.90333850616441, 40.1902250125262], [-3.903246815465, 40.1902915762957], [-3.90316164479518, 40.1903468598066], [-3.90306119443957, 40.1904001364556], [-3.90299936490917, 40.1904286465607], [-3.90281015381356, 40.1905005076444], [-3.90271773189913, 40.1905350133365], [-3.90263248425001, 40.1905818627896], [-3.90255675177997, 40.19062570157], [-3.90238299065458, 40.1907252520857], [-3.90229319400419, 40.1907725653881], [-3.90225704748494, 40.1907874872646], [-3.9022194703234, 40.1907967860439], [-3.90217841821324, 40.1908034156418], [-3.9021526471837, 40.1908046303169], [-3.90210453783728, 40.1908033159893], [-3.90201037241994, 40.1907894096296], [-3.90194667434267, 40.1907752658111], [-3.9018818079399, 40.1907560633194], [-3.90174502623458, 40.1907120823129], [-3.90141315420461, 40.1905733333798], [-3.90129144558264, 40.1905309237077], [-3.90116407562872, 40.1904951156661], [-3.90108153572548, 40.1904741308771], [-3.90096626808513, 40.1904540604164], [-3.90077099407327, 40.1904285521184], [-3.900723725968, 40.1904228533033], [-3.90070787160156, 40.1904191744427], [-3.90066723541136, 40.1904097697065], [-3.90064005239089, 40.1903991688758], [-3.90060343616157, 40.190385043582], [-3.90050407081306, 40.1903353675957], [-3.90040364994406, 40.1902919945764], [-3.90029632911539, 40.1902559079013], [-3.90024919002087, 40.1902481391108], [-3.90020798340048, 40.1902412836896], [-3.90017049921164, 40.1902417752003], [-3.90005928853665, 40.190271357135], [-3.89994123732173, 40.190311127625], [-3.89983706780325, 40.1903457223486], [-3.8997106661777, 40.1903856701072], [-3.89948696080788, 40.1904379733824], [-3.89732052152093, 40.1897053240768], [-3.89690143126502, 40.1895732219616], [-3.89442374394386, 40.1887327751454], [-3.89429367965519, 40.1887523617289], [-3.89272374761727, 40.1889891492349], [-3.88519102265245, 40.1896866565221], [-3.88469791228458, 40.1897084447759], [-3.88326737725435, 40.18900763191], [-3.88271518971931, 40.1890028344698], [-3.8814837059276, 40.189156367531], [-3.88091860543059, 40.1890615665742], [-3.88057353138831, 40.1889700734796], [-3.87774772680027, 40.1882207570492], [-3.87772623274529, 40.1882620250903], [-3.87624597410765, 40.1911061098615], [-3.87620561794801, 40.1910959044011], [-3.87466460838377, 40.1907050537802], [-3.87107193704848, 40.1897937594286], [-3.86965489452884, 40.189218807017], [-3.86923858071719, 40.1891025601429], [-3.86803205217018, 40.1886245463913], [-3.86672261373665, 40.1881055700595], [-3.86658024693378, 40.1880213163494], [-3.86597150717478, 40.1877868507912], [-3.86542901996458, 40.1874386443243], [-3.86500031167666, 40.1871635148306], [-3.86459217037044, 40.186821956638], [-3.86415731928716, 40.1864580730146], [-3.86381400898384, 40.1862443185432], [-3.86373806350004, 40.1862235806106], [-3.86270075649664, 40.1854965586475], [-3.86200952174481, 40.1850123205172], [-3.85949833437399, 40.183267549819], [-3.85853428486896, 40.1829861241164], [-3.858726914932, 40.182584485905], [-3.85817279737059, 40.1822766462335], [-3.85683859983703, 40.1815258020073], [-3.85594564025743, 40.1809145399372], [-3.8552968742643, 40.1805478895479], [-3.8547113890962, 40.1804964420735], [-3.85447487086357, 40.180246393214], [-3.8542905383639, 40.1802027865683], [-3.85423407834996, 40.1801889233882], [-3.85376976506861, 40.1799307332614], [-3.85370996254741, 40.1794058163859], [-3.85344008333876, 40.1793982337886], [-3.85283651908061, 40.1789775527476], [-3.85148648339178, 40.1775077034423], [-3.85164364159946, 40.1756597966397], [-3.85207999375713, 40.1730919080386], [-3.85184045091237, 40.1728224843588], [-3.85186087489639, 40.1726298021892], [-3.85189211560705, 40.1722175966437], [-3.8518986316471, 40.1721334029553], [-3.85203103018427, 40.1717350914366], [-3.85218715052736, 40.171256808036], [-3.85228231232542, 40.1708696901978], [-3.85250524527569, 40.1703980132481], [-3.85267024079771, 40.1698228657682], [-3.85271874443316, 40.16962565341], [-3.85278926436066, 40.1693390100296], [-3.85279502357702, 40.1693006777893], [-3.85164210915861, 40.168347414033], [-3.84948394163777, 40.1674039838214], [-3.84683819292025, 40.1662473008572], [-3.84668021057263, 40.1661798886967], [-3.84604991429267, 40.165928292156], [-3.84551541287102, 40.1657069623564], [-3.84502453927738, 40.1655036913816], [-3.84454777944386, 40.1653294369831], [-3.84442611567029, 40.16528415133], [-3.84418833460854, 40.1651969177132], [-3.84382664393087, 40.1649108561544], [-3.84346589578411, 40.1646021364564], [-3.84289740593969, 40.1642835449882], [-3.84244820453421, 40.1639561625433], [-3.8420009905924, 40.1635658698172], [-3.84165506320513, 40.1632631407539], [-3.84134437543981, 40.1630063790939], [-3.84112206613323, 40.1627743134563], [-3.84108986518853, 40.1627520239257], [-3.84092681032849, 40.1626394513168], [-3.84086816319931, 40.1625987854844], [-3.84084611197156, 40.1625939488924], [-3.8381184863075, 40.1619861455886], [-3.8347392094899, 40.1614054707515], [-3.83421046178365, 40.1613144904222], [-3.83418283328543, 40.1613098143025], [-3.83416711986783, 40.1616038426094], [-3.83414078567146, 40.1621018172123], [-3.83413994493217, 40.1621166497512], [-3.83337729591723, 40.1619273318925], [-3.83336663021986, 40.1619246791993], [-3.83014067583001, 40.1637028446085], [-3.82815327363814, 40.1648915034639], [-3.82813210555891, 40.1649046385973], [-3.82806226352007, 40.1649465492261], [-3.82785986105818, 40.1649994948405], [-3.82741596699565, 40.1651610484436], [-3.82699497602931, 40.1653061506931], [-3.82657290057922, 40.1654856242178], [-3.82612597223863, 40.1657320674772], [-3.82574427877448, 40.1660321000759], [-3.82536961540815, 40.1663371490729], [-3.82510077314987, 40.1665876777744], [-3.82480214777276, 40.1668130595811], [-3.82453120173385, 40.1670328993293], [-3.8228068208673, 40.1683180560233], [-3.82202036649731, 40.1689041659175], [-3.82162435726648, 40.169060409093], [-3.82121215223616, 40.1692845709643], [-3.82080661947925, 40.1695604109803], [-3.82038551712184, 40.1698817900042], [-3.82004586887832, 40.1700947281534], [-3.81969516272431, 40.1703147069759], [-3.81965542215445, 40.1703338810214], [-3.81935836635797, 40.1704770598242], [-3.81908894633292, 40.1706000608039], [-3.81869922483704, 40.1708188151452], [-3.81833207349827, 40.1710207433816], [-3.8179356846796, 40.1711882946859], [-3.8175555385105, 40.1712700458798], [-3.8171100057552, 40.171271501924], [-3.8169247377792, 40.1712469073776], [-3.81687517857093, 40.1710924523815], [-3.81669987497262, 40.1709196514327], [-3.81650890488686, 40.1707806430539], [-3.81622054101248, 40.170703428078], [-3.81603512711782, 40.1706846567108], [-3.81586657083118, 40.1705517980988], [-3.81564669082933, 40.170378629877], [-3.81538072463655, 40.1702960403579], [-3.81483813176633, 40.1703133745012], [-3.81459301327809, 40.1703167886584], [-3.81448676930244, 40.1703017697164], [-3.81437808396493, 40.1702861631527], [-3.81426932852676, 40.1701196150623], [-3.81428373056966, 40.1700182761904], [-3.81428624829513, 40.1699998559221], [-3.81426571370604, 40.1698911392393], [-3.81419245609464, 40.1698333634168], [-3.81408198583842, 40.1697815093676], [-3.8140303206102, 40.1697576599222], [-3.8137333804228, 40.1697546795656], [-3.81346544055204, 40.1697806479469], [-3.8131543443202, 40.1697317197149], [-3.8129414810946, 40.1695757487402], [-3.81280301747163, 40.1694145744111], [-3.81271513599625, 40.1693395169192], [-3.81261229884862, 40.1692699998927], [-3.81189801243359, 40.1692477358769], [-3.81160072217683, 40.1692809650929], [-3.81129624398574, 40.1693027322003], [-3.81085781274195, 40.1693354293132], [-3.81062814765975, 40.1692489515634], [-3.81033215364269, 40.1690881909325], [-3.81030903597055, 40.1691193224966], [-3.81029350408667, 40.1691402654061], [-3.80992040921648, 40.169646275421], [-3.80962054870293, 40.1701078513531], [-3.80937309306147, 40.1705014897605], [-3.80918515184856, 40.1709003425398], [-3.80863395600098, 40.1723475258316], [-3.80862672635958, 40.1723667480379], [-3.80776738178911, 40.1744830786884], [-3.80697436367594, 40.1767932673588], [-3.80679980341011, 40.1773018244117], [-3.80670928496834, 40.1772827471831], [-3.80461907148421, 40.1768426460666], [-3.80373842869045, 40.1763484164225], [-3.80264717241752, 40.1762356807387], [-3.80136486238373, 40.1758197192913], [-3.80006732051598, 40.1754722297509], [-3.8000540254498, 40.1756518655657], [-3.79884195609954, 40.1752054559533], [-3.79906049054218, 40.1747663832911], [-3.79917911577039, 40.1745281002224], [-3.79930093702919, 40.1742833311432], [-3.79706184027094, 40.1726320321351], [-3.7956965936488, 40.1713801090792], [-3.79412169971911, 40.1702737579377], [-3.78985459234147, 40.1668884673278], [-3.78979523526075, 40.1668347713579], [-3.78431038893555, 40.1627007008092], [-3.78396406564626, 40.1622322721441], [-3.78275972504898, 40.1606052129779], [-3.78177064321819, 40.159268348338], [-3.78046980722832, 40.1575102063224], [-3.77902672032178, 40.1558542743544], [-3.77899446451133, 40.1558173376495], [-3.7791029994938, 40.1550479812581], [-3.77923340290216, 40.1541219969183], [-3.77915448770108, 40.153473948925], [-3.77910379936286, 40.1530575857004], [-3.77896644906452, 40.1519282616486], [-3.77865035585858, 40.1493328774831], [-3.7785375094926, 40.1488714517234], [-3.77821929208299, 40.1475699297964], [-3.77784439726715, 40.146608420539], [-3.77764104922955, 40.1462764458459], [-3.77572449626583, 40.1439558634099], [-3.77527457505577, 40.1436164937302], [-3.77351384116628, 40.1426011859108], [-3.77242797561715, 40.1420859089211], [-3.77202438052628, 40.140656111944], [-3.77187127975409, 40.1395759721053], [-3.76928170089468, 40.1389535417786], [-3.76846677891335, 40.1388145680722], [-3.76755278802751, 40.138658681491], [-3.76658640469936, 40.1383903354519], [-3.76283091860234, 40.1373474700789], [-3.76144291402544, 40.1370041248869], [-3.76066508135065, 40.1368121188319], [-3.7582616441979, 40.1360260127557], [-3.75649254429817, 40.1352717911668], [-3.75462839006497, 40.1344099978394], [-3.75358137755018, 40.1342005984648], [-3.75180662365405, 40.1339869087096], [-3.74567641595063, 40.132639068136], [-3.74512481084033, 40.1326426162007], [-3.74268618398294, 40.1339826759781], [-3.74213662613315, 40.1341753772847], [-3.74044142481821, 40.1348474080237], [-3.74017309487332, 40.1349537619277], [-3.73992769634812, 40.1351007043136], [-3.73969700109964, 40.1352390093689], [-3.73967158880641, 40.1352542500081], [-3.73669648356973, 40.1380210750598], [-3.73463674723458, 40.1396918972782], [-3.73377719964487, 40.1405418084146], [-3.73306862561674, 40.141242462691], [-3.73230676746803, 40.1418369839546], [-3.73160179264043, 40.142386915519], [-3.72997082488531, 40.1435594165834], [-3.72849006532717, 40.1445147372785], [-3.72742132596393, 40.1450987925312], [-3.72452159406619, 40.146683869013], [-3.72366900392833, 40.1471036318482], [-3.72330642602323, 40.1471319877716], [-3.72278918854921, 40.1471722124462], [-3.72173685890625, 40.1475751793115], [-3.72147881963751, 40.147634113931], [-3.7212097909251, 40.1476957681695], [-3.72066072390826, 40.1479512557124], [-3.71948958398416, 40.1471116163844], [-3.71910738766168, 40.1476095219106], [-3.71814502878602, 40.1465253671058], [-3.71794897147523, 40.146401962691], [-3.7158727025456, 40.1450945813451], [-3.71571488831312, 40.1450312875022], [-3.7142673600626, 40.1439598969337], [-3.71375271530599, 40.143579389264], [-3.71234698101655, 40.1428860866168], [-3.71198412832708, 40.1427075658996], [-3.71194872933222, 40.1426895482844], [-3.71270901487966, 40.1418183057121], [-3.7128419635101, 40.1416662001398], [-3.7094120312499, 40.1406917179906], [-3.70581986960598, 40.1388487090367], [-3.70454792293137, 40.137486781239], [-3.70368139525464, 40.1372310094156], [-3.7028060446379, 40.1371146974425], [-3.6999046211053, 40.1360601426521], [-3.69910262485712, 40.1357260056131], [-3.69623584867478, 40.1345326284373], [-3.6949951237285, 40.1337967992619], [-3.69155734268594, 40.1329609162687], [-3.69143951959193, 40.1329531734361], [-3.69013977659731, 40.1328657639737], [-3.68949712706242, 40.1328650873633], [-3.68834277516432, 40.1328635082523], [-3.68761372620345, 40.1330249423452], [-3.68688147301953, 40.1331599254975], [-3.68594367156041, 40.132989799262], [-3.68365993846983, 40.1324407742786], [-3.68341587484125, 40.1327930217446], [-3.68237307445707, 40.1342992504107], [-3.68170635200428, 40.1349743837177], [-3.68118290857975, 40.1353356064424], [-3.68004654869346, 40.1361193376033], [-3.6796583813134, 40.1363333392962], [-3.6792457791518, 40.1368566208403], [-3.67878064463013, 40.1374466537371], [-3.67862471593193, 40.1379971459034], [-3.67857423049785, 40.1380847210843], [-3.67808092252278, 40.1389418219689], [-3.67571229933983, 40.1399467101407], [-3.67348145581626, 40.1406671545587], [-3.67144056344082, 40.1413676248742], [-3.67046425390404, 40.1417025296654], [-3.67018998958034, 40.1418662878914], [-3.66967934241786, 40.1421665548929], [-3.66942440817386, 40.1422817735779], [-3.66889918517289, 40.1425179288814], [-3.66809486721683, 40.1428966725338], [-3.66766068184282, 40.1431557397095], [-3.6673345921648, 40.1433107804887], [-3.66619447836137, 40.1402028815251], [-3.66633161578137, 40.137530217971], [-3.66588690706317, 40.1354444230965], [-3.66586839817505, 40.1353576102987], [-3.66388455172844, 40.1327118083812], [-3.66317560461944, 40.1314753758489], [-3.66136373240244, 40.129546319398], [-3.66062301216188, 40.1283602460581], [-3.65817504805466, 40.1280532664006], [-3.65680419985403, 40.1278808592732], [-3.65641622683916, 40.1254039123004], [-3.65595653725166, 40.1250915911724], [-3.65590349901774, 40.1250555375981], [-3.65575176188815, 40.1250381469785], [-3.6541644738154, 40.1246244916669], [-3.65358413501484, 40.1251500519344], [-3.65349754000036, 40.1252226166678], [-3.65312334780057, 40.125136321792], [-3.6515872099602, 40.1247674371432], [-3.65061744627164, 40.1246137438694], [-3.64820207859357, 40.1243037048644], [-3.64659229428695, 40.1231531506931], [-3.64592165673581, 40.1226856328052], [-3.64539667509696, 40.1224159719298], [-3.64441648635813, 40.1223732192733], [-3.64098908929191, 40.1204645511259], [-3.63627623981602, 40.119513977471], [-3.63587520350624, 40.1194329971789], [-3.63545928018991, 40.1193491265115], [-3.63323719788734, 40.1188937629169], [-3.62987640040141, 40.1179870901074], [-3.6289434601367, 40.1177353579439], [-3.62673510023274, 40.1166601716606], [-3.62672148446797, 40.1166535107768], [-3.62639491814837, 40.1163718692971], [-3.62530022122941, 40.1154287083798], [-3.62521236132079, 40.1151822440457], [-3.62502756770546, 40.1149450519854], [-3.62480625660818, 40.1146844066057], [-3.62445907113672, 40.1144093775039], [-3.62443620452117, 40.1143950536557], [-3.62407362062367, 40.1141680561875], [-3.62358115519256, 40.1140096633488], [-3.62303808610004, 40.1138109977369], [-3.62263417122976, 40.1136712697216], [-3.6223320303255, 40.1135913449136], [-3.62211463173854, 40.1134331079445], [-3.62188190786609, 40.1132918431151], [-3.62116057599105, 40.1150550529143], [-3.6211243927497, 40.1151435211777], [-3.6208424273272, 40.1149579896395], [-3.61999835326367, 40.1144027940074], [-3.61948566983874, 40.114023863646], [-3.61940434041787, 40.113963942105], [-3.6191857564189, 40.1138395405173], [-3.61900159235125, 40.1137904094126], [-3.61508638992369, 40.1120356411052], [-3.61238943543836, 40.1113593671323], [-3.60797879477225, 40.1095427997896], [-3.60756609381083, 40.1090274796921], [-3.60708635734872, 40.109137546717], [-3.60671494038366, 40.1092051174189], [-3.60649103017592, 40.1089903188493], [-3.60931967463505, 40.1038225732171], [-3.60967959462783, 40.1033972302138], [-3.61036768204466, 40.1029335558682], [-3.61325070651998, 40.1012695787168], [-3.61361505908278, 40.100922292655], [-3.61382071238695, 40.1007265491013], [-3.61417864395186, 40.1000849731485], [-3.61436132574673, 40.0995254117347], [-3.61430983498812, 40.0990107202021], [-3.61428396921626, 40.098750999944], [-3.6138998211333, 40.0977800040755], [-3.61324570844573, 40.0967924172332], [-3.61157421102597, 40.0948551887124], [-3.61119576562086, 40.0945148227094], [-3.61074863169997, 40.0943640185567], [-3.61009211880544, 40.0944125261621], [-3.60935189365128, 40.0946523606734], [-3.60783451760047, 40.0951451605383], [-3.60724426836271, 40.0953081762496], [-3.60640680233378, 40.0955400552231], [-3.60582042016962, 40.0955611427589], [-3.60530330517833, 40.0954557314327], [-3.60487932033319, 40.0952687453859], [-3.60444007101265, 40.0947032024692], [-3.60423818363571, 40.0943526219499], [-3.60404709257123, 40.0940207583036], [-3.60390186613777, 40.0935169796166], [-3.60403737523481, 40.0929216413555], [-3.60433572450588, 40.0921900942097], [-3.60497134374158, 40.0910878239143], [-3.60509795221098, 40.0909359277731], [-3.60681690364318, 40.0888798339145], [-3.60765707099574, 40.0876769394013], [-3.60767700910348, 40.0876093035553], [-3.60777702348359, 40.0872806680255], [-3.60790878073501, 40.0868849319599], [-3.60800127486992, 40.0865564538404], [-3.60803604140509, 40.0864408546884], [-3.60810154571973, 40.0862225916034], [-3.60822161430138, 40.0859573047863], [-3.60843573966718, 40.0855398896419], [-3.60862514013747, 40.0852107686286], [-3.60865621408567, 40.0851569647764], [-3.60886233592377, 40.0847624216025], [-3.60894250896336, 40.0846088910394], [-3.60906848390077, 40.0843677317153], [-3.60926758950176, 40.0839559127261], [-3.60942581420157, 40.0836631048159], [-3.60952842881923, 40.0834769793545], [-3.60969363681114, 40.08323880812], [-3.6100360603917, 40.0827955356691], [-3.61035565040658, 40.0823816636483], [-3.61069600063502, 40.0819411186122], [-3.611521585084, 40.0822572636779], [-3.61695564558686, 40.0804102025558], [-3.61910207915912, 40.0799319417602], [-3.61923888134069, 40.0799013662942], [-3.62166730576136, 40.0806786685841], [-3.62331991827854, 40.0812078295176], [-3.62499387595458, 40.0807242409859], [-3.62895409354107, 40.0783286577165], [-3.62900854011091, 40.0779921918763], [-3.62898934877637, 40.07757580108], [-3.62888206919756, 40.0770333574052], [-3.62871576437083, 40.0764452582164], [-3.62847473718776, 40.0758968060781], [-3.62824054056619, 40.0754624124511], [-3.6279012877447, 40.0751415229744], [-3.62748070461351, 40.0747975190591], [-3.62710367986608, 40.074585069104], [-3.62672719056666, 40.0742867427621], [-3.62648855075528, 40.0741283449907], [-3.62564389848615, 40.0734994226632], [-3.62353547825455, 40.0724927059796], [-3.61988626926379, 40.070980658265], [-3.61881384942801, 40.0704007676147], [-3.61804690410532, 40.0698823048597], [-3.61758444794044, 40.0693171661099], [-3.61726206349151, 40.0686792023598], [-3.61710278973294, 40.068121454602], [-3.61709253086431, 40.0680854715664], [-3.61722600707657, 40.0672829055133], [-3.61750157311402, 40.0666327452679], [-3.61823419355425, 40.0659531173193], [-3.61915498026745, 40.0653355464746], [-3.62020579350649, 40.0648342338626], [-3.62112932874334, 40.0645231226597], [-3.62145052482945, 40.0644639638798], [-3.62240295770709, 40.0639280426449], [-3.62293951449431, 40.0626698116389], [-3.62364727825238, 40.0613241345261], [-3.6242824587237, 40.0606202160133], [-3.62247768690221, 40.0593944832861], [-3.62151320471382, 40.0587397067734], [-3.62006221775242, 40.0580109451397], [-3.62006642537836, 40.0572220176545], [-3.62012731398833, 40.0570070807658], [-3.62068051091333, 40.0563267580821], [-3.6212098487992, 40.0562817071767], [-3.62124011731788, 40.0560600096532], [-3.62139765292372, 40.0556190558209], [-3.62150222670728, 40.0553938173948], [-3.6216152349159, 40.0551506900761], [-3.62193259443442, 40.0548044185832], [-3.62236637561376, 40.0545233944417], [-3.62283012286132, 40.054237396216], [-3.62336004166949, 40.0539698885218], [-3.62393236732605, 40.0537548304301], [-3.62451126325471, 40.0535683366114], [-3.62511964638257, 40.0533881414879], [-3.62584323036079, 40.053307512164], [-3.62640103315241, 40.053291279551], [-3.6269263156241, 40.0533489270163], [-3.62736889214005, 40.0534386432447], [-3.62779094111155, 40.0534763373229], [-3.62816834090096, 40.0535193398655], [-3.62866975878879, 40.0536219201679], [-3.62913500016652, 40.0536948503641], [-3.62960558556588, 40.0538308170185], [-3.63014608331661, 40.0538770683487], [-3.63068195443472, 40.0538492092921], [-3.63107952324677, 40.0537495947021], [-3.63154119740018, 40.0535150812382], [-3.63201139576151, 40.0532518012552], [-3.63210262298857, 40.0531956919372], [-3.63252069396456, 40.052938189868], [-3.63303082608325, 40.0525964166007], [-3.63351689194432, 40.052305108288], [-3.6340326884108, 40.052014568114], [-3.63453261074786, 40.0517521417368], [-3.63509207521861, 40.0514853644], [-3.63567949004936, 40.0512704510198], [-3.6363099697583, 40.0510907129832], [-3.63704220037715, 40.0509757845292], [-3.63720814400695, 40.0509561366357], [-3.63768383339091, 40.0508991240545], [-3.63842181646481, 40.0508300674666], [-3.63910672470183, 40.0505888258711], [-3.63944180226597, 40.0503626357443], [-3.63966849216841, 40.0500541577393], [-3.63987645765987, 40.0496487023521], [-3.63999828977676, 40.0491609464255], [-3.64005046476985, 40.0485407427654], [-3.64002345413225, 40.0478561004714], [-3.63992691677388, 40.0472440092972], [-3.63972190970734, 40.046754649074], [-3.63945622292121, 40.0462986688836], [-3.6391010946349, 40.0458517720611], [-3.63867685029456, 40.0454720369076], [-3.63829385503719, 40.0451785188097], [-3.63781507994887, 40.0448596991542], [-3.6373935751462, 40.0446051668436], [-3.63696388996773, 40.0443732813543], [-3.63654707289103, 40.0441429911967], [-3.63651245021085, 40.0441240555119], [-3.63614831253304, 40.0439218051739], [-3.63571725953721, 40.0437240809912], [-3.6353926766655, 40.043460342865], [-3.63526358720271, 40.0431325289288], [-3.6353737276029, 40.0427587616924], [-3.63555029326863, 40.042397875736], [-3.63577847172284, 40.0420496742423], [-3.63591528538516, 40.0418321289653], [-3.63625630875773, 40.0414360850205], [-3.63675330092746, 40.041030083449], [-3.63759886328001, 40.0406504971457], [-3.63833945423392, 40.0403265771464], [-3.63931396043527, 40.0402220982387], [-3.64038955342249, 40.040273031916], [-3.64126897577452, 40.0404984770696], [-3.64225078026048, 40.0408161787249], [-3.64308491611613, 40.0410982525684], [-3.64335172852794, 40.0412296635888], [-3.64382832094231, 40.0414652086717], [-3.64441622854166, 40.0418075952346], [-3.64475697300365, 40.0418907999453], [-3.64514074838731, 40.0419618852313], [-3.64562885514221, 40.042018855297], [-3.6459407567154, 40.0419965784766], [-3.64624590913802, 40.0419596681935], [-3.64658131390346, 40.0418892676894], [-3.64682036329113, 40.0418117454543], [-3.6472837672177, 40.0416193921092], [-3.64786592901427, 40.0411887494049], [-3.64836544506657, 40.0406082065757], [-3.64873386507211, 40.0399617202239], [-3.64902469421314, 40.0393989133052], [-3.64923518426546, 40.0388053501824], [-3.64929458685534, 40.0382711960448], [-3.6492962176265, 40.0376958679327], [-3.64931552196191, 40.0372344066776], [-3.64930293163494, 40.036824092657], [-3.64919712333894, 40.0363369211606], [-3.64908226615065, 40.0358898978556], [-3.64898176415793, 40.0354486166574], [-3.64893211157723, 40.0350370867355], [-3.64887806637252, 40.0345570506875], [-3.64888954221254, 40.0341014154349], [-3.64892127396715, 40.0338213961479], [-3.64894864040786, 40.0335785454537], [-3.64905179591004, 40.0330621652222], [-3.64924985306121, 40.0325886120977], [-3.6496450038069, 40.032187827334], [-3.65004061197658, 40.0319580239484], [-3.65063558952787, 40.0317558931936], [-3.65144208577178, 40.0316387412338], [-3.6521472475561, 40.0316386319917], [-3.65310630152983, 40.031781487353], [-3.65417171193721, 40.0320468167175], [-3.65482020227279, 40.0323359674281], [-3.65532748308787, 40.0326330075014], [-3.65533706182375, 40.0326455533451], [-3.65551768053579, 40.0328827385538], [-3.65558651679429, 40.0331864247434], [-3.6557613702684, 40.0338003395458], [-3.65593264158155, 40.034371486919], [-3.65600907497976, 40.03462670292], [-3.65632129284556, 40.0353299396041], [-3.65672764939199, 40.0359094364613], [-3.65686864507679, 40.0360684442896], [-3.65733744826474, 40.0365966309668], [-3.65836799376204, 40.0369863076982], [-3.6593780657557, 40.0371530541023], [-3.66058694031468, 40.0371819573763], [-3.66176431238699, 40.0370795116386], [-3.66203119508924, 40.0370267447639], [-3.66278979591101, 40.036876564412], [-3.66348945252358, 40.0366540764113], [-3.66434080079945, 40.0361728136049], [-3.66509778938529, 40.0358204735805], [-3.665804677977, 40.0354216503892], [-3.66646645696536, 40.0350386961786], [-3.66707265000055, 40.0345631783758], [-3.6675238090382, 40.034066535794], [-3.66796694981535, 40.0334049921652], [-3.66815598286022, 40.0327885907066], [-3.6682412997947, 40.0319812766325], [-3.66820027822724, 40.0313590407123], [-3.66815620299337, 40.0306341577463], [-3.66807080674027, 40.0298287120884], [-3.66795082759421, 40.0291419924399], [-3.66787331315442, 40.0286671801584], [-3.66784426869361, 40.0284897539421], [-3.66776418388604, 40.0280946103412], [-3.66803752775227, 40.0275882680798], [-3.66836203415528, 40.0271062555554], [-3.66878447421608, 40.0265804390435], [-3.66925481692979, 40.0261584676263], [-3.66974129138474, 40.0257030288789], [-3.67025538381648, 40.025299582789], [-3.67069966958614, 40.0249681596896], [-3.67113363255503, 40.0247049301908], [-3.67156465042595, 40.0245102303811], [-3.67190455208894, 40.0243704840264], [-3.67245073693622, 40.0240868902093], [-3.67299103695638, 40.0237639107428], [-3.67354634597309, 40.023440841513], [-3.6741242485879, 40.0231069392131], [-3.67462046209095, 40.0227712572121], [-3.67510089279639, 40.0224580973664], [-3.67552155488523, 40.0221606713737], [-3.67592023226825, 40.0218508919956], [-3.67623094288109, 40.0215164425406], [-3.67651728896274, 40.0212326415721], [-3.67672835083371, 40.0209755568762], [-3.6773001535383, 40.0200403397074], [-3.67787682422656, 40.0188465661615], [-3.67840890313526, 40.0176631864849], [-3.67887228764493, 40.0167921663067], [-3.67915076357407, 40.0164036820624], [-3.67939384991105, 40.0162020819221], [-3.67961204334597, 40.0160974646258], [-3.68008394850616, 40.0159398424946], [-3.68053305921838, 40.0157931100998], [-3.68060361559574, 40.0157815855742], [-3.68143419706176, 40.0159915995375], [-3.68237506369161, 40.0163371953824], [-3.68503762432851, 40.0177722870204], [-3.68563980664308, 40.0182282184294], [-3.68600755709878, 40.0186765250345], [-3.6862353334544, 40.0191887270344], [-3.68608978527464, 40.0210365688261], [-3.68615144639877, 40.0213422963233], [-3.68651668556797, 40.02153858127], [-3.68667783095255, 40.021576480616], [-3.68703354349876, 40.021661419354], [-3.691928127512, 40.0212809463151], [-3.69430324707208, 40.0209063248252], [-3.69515827703423, 40.0208651798876], [-3.69531824991834, 40.0208976911941], [-3.69554580845118, 40.0209439330472], [-3.69640009909984, 40.0208306962432], [-3.6975795879662, 40.020427183475], [-3.69809326081534, 40.0201692880956], [-3.69930507106562, 40.0195608630798], [-3.70035290823385, 40.0188968043008], [-3.70265340204833, 40.0169728813939], [-3.70345617251883, 40.016409380769], [-3.70540293762217, 40.0154245142039], [-3.7104091040718, 40.0111684212863], [-3.71169670877589, 40.0099171459776], [-3.71206570076197, 40.0093472611154], [-3.71227183447527, 40.0088865102623], [-3.7128327901494, 40.0064955043929], [-3.71385762763233, 40.0047595652441], [-3.71482076700447, 40.0038706806388], [-3.71569383242314, 40.0033337215471], [-3.71572338397067, 40.0033588787564], [-3.71597366689531, 40.0031664028137], [-3.71645309908185, 40.0029089541508], [-3.71708842179425, 40.0026409287391], [-3.71776146411863, 40.0023394430656], [-3.71852401273302, 40.0020104828977], [-3.71927685450212, 40.0018238167827], [-3.72006714919897, 40.0016032401368], [-3.72074514578201, 40.0014447296521], [-3.72134937003923, 40.0012681025586], [-3.72174535696883, 40.0011064816233], [-3.72209177788511, 40.0008075089708], [-3.72239520094032, 40.0004167282392], [-3.72254831518723, 40.0001386268523], [-3.72275391872283, 39.9997237651563], [-3.72306748696157, 39.9991868596259], [-3.72335030681838, 39.9987124272212], [-3.723642247111, 39.9981465961481], [-3.7239560484601, 39.997598424551], [-3.72414131163387, 39.9971850742659], [-3.72420936531619, 39.9966964369452], [-3.72421067007836, 39.9961960868014], [-3.72422175343732, 39.9955819744618], [-3.72418934570742, 39.9951131103208], [-3.72423975942025, 39.9949646986203], [-3.72291034966134, 39.9877562366657], [-3.72380866338411, 39.9874172715024], [-3.72522858977778, 39.9887778689984], [-3.726242428325, 39.9893931895202], [-3.727382159824, 39.9897284106281], [-3.72857319010194, 39.9893785615352], [-3.72968225680948, 39.9868308511846], [-3.73074909806166, 39.9869232365238], [-3.73248034804152, 39.9867140951636], [-3.73321581008444, 39.9864839802849], [-3.73441423094542, 39.9857375793136], [-3.73500496397457, 39.9851211983192], [-3.73510740505884, 39.9849495824398], [-3.73523790161933, 39.9848636417208], [-3.73549652030144, 39.9846344161374], [-3.73572102007072, 39.9843020786295], [-3.73584939112144, 39.9839566554008], [-3.73588880369222, 39.983615693717], [-3.73590551336881, 39.9832852424914], [-3.73588774680622, 39.9828690217129], [-3.73588395661641, 39.9824816287291], [-3.73579856713763, 39.9820868396245], [-3.73568903375837, 39.9817659194975], [-3.7355636801487, 39.9814788991105], [-3.73541080036207, 39.9811172911343], [-3.73519474295981, 39.9806292799522], [-3.73495211698473, 39.9802946603627], [-3.73466440007397, 39.9799820808296], [-3.73430095698136, 39.9797251904585], [-3.73390768982134, 39.9794734851978], [-3.73373624908764, 39.9793998486591], [-3.7337197026953, 39.9793926330162], [-3.7337486844228, 39.979362933029], [-3.73438131218185, 39.9782867617912], [-3.73481349615662, 39.9770857152991], [-3.73493777701024, 39.9757793439495], [-3.73573092309839, 39.9760212012096], [-3.73643959771804, 39.976793540032], [-3.73729009201757, 39.9791075693603], [-3.73741913150342, 39.9793224472785], [-3.73807354700137, 39.9808263761335], [-3.73870496202163, 39.9813155105238], [-3.73928630856755, 39.9817302307906], [-3.74069706241559, 39.9821872503671], [-3.74141645126144, 39.9824444494887], [-3.74261499228937, 39.9825445623444], [-3.74312875840514, 39.9824680657177], [-3.74385031657599, 39.982382913084], [-3.74466619304, 39.9821121212897], [-3.74514006866945, 39.9818751536753], [-3.74574450661868, 39.981454004723], [-3.74585856333631, 39.9813744359794], [-3.7462076508636, 39.9810897960881], [-3.74651501931952, 39.9807075233509], [-3.74674064144697, 39.9803354567907], [-3.74674225176388, 39.9800105730536], [-3.74671163228119, 39.9795197028042], [-3.74663558231241, 39.9793247948446], [-3.74639978073994, 39.9789068438128], [-3.7457803374319, 39.9781179328847], [-3.74478421142181, 39.977213231585], [-3.74410204960394, 39.9761341957913], [-3.74377053946408, 39.9748867873986], [-3.74357647371829, 39.9744363648758], [-3.74339002729213, 39.973986007448], [-3.74284507260049, 39.9731636970839], [-3.74214679146891, 39.9721754164864], [-3.74123201186225, 39.9707593231297], [-3.74068794182053, 39.97042025672], [-3.73926275384249, 39.9694555333281], [-3.73801955473145, 39.9687366908808], [-3.73715610029667, 39.968440763349], [-3.73451037437004, 39.968877795781], [-3.73132919796914, 39.9694077123885], [-3.72924974810505, 39.9718193417847], [-3.7288791364565, 39.9722404944097], [-3.72737408555478, 39.9721097850031], [-3.72666021236477, 39.9720143251082], [-3.72549884592627, 39.9716949008893], [-3.72465996038349, 39.9712997789343], [-3.72460026582383, 39.9712570319284], [-3.72422469277995, 39.9702418804429], [-3.72427279486846, 39.9692505077244], [-3.72447393215216, 39.9683392714778], [-3.72491525468831, 39.9675438173418], [-3.72510594276861, 39.9672001015128], [-3.72561505890147, 39.9668351172347], [-3.72608214647946, 39.9665002381709], [-3.72764099928018, 39.9655354284738], [-3.72949323107294, 39.9646408086753], [-3.73169832380423, 39.9638971613832], [-3.73252150759124, 39.9631351183681], [-3.73277894678539, 39.9629617031651], [-3.73294000663099, 39.962853185727], [-3.73316145122998, 39.9627943616835], [-3.73436443732925, 39.9624747645069], [-3.73944722934051, 39.9614871525307], [-3.74084101923652, 39.9615506056846], [-3.74620195781992, 39.9624715402142], [-3.74699678878331, 39.9625491978778], [-3.74792495663498, 39.962640630669], [-3.74938134036388, 39.963054681906], [-3.75005321455015, 39.9634647838199], [-3.75079859656604, 39.9641717265352], [-3.75124971309422, 39.9647364162544], [-3.75170922432115, 39.96606687583], [-3.7521704073822, 39.9667469334519], [-3.75226048041514, 39.9668189897928], [-3.75265682337494, 39.967111240046], [-3.75308311350312, 39.9673869863657], [-3.75353256309923, 39.9676002038574], [-3.75401908345101, 39.967819467494], [-3.75452840512526, 39.9679822699388], [-3.75503067900541, 39.9681218493681], [-3.75563646600208, 39.9682850435541], [-3.75627957710049, 39.9684313464915], [-3.75696011587328, 39.9685610569383], [-3.75752962234423, 39.9686612570645], [-3.75827634118203, 39.9688255611036], [-3.75881678328055, 39.9688857403998], [-3.75877500084006, 39.9681407058866], [-3.75714709855331, 39.965708260981], [-3.75660924245304, 39.9649144128329], [-3.75590392145307, 39.9638975374088], [-3.7553873290378, 39.963160865599], [-3.75465354955487, 39.9620586912139], [-3.75417262351737, 39.9614358354598], [-3.7535922453074, 39.9605052237489], [-3.75315649957363, 39.9598315453085], [-3.75271404098145, 39.9591290625124], [-3.75227399553683, 39.9587625932384], [-3.75197442320868, 39.9584440552373], [-3.75142447134902, 39.95790078005], [-3.75115789737108, 39.956580392769], [-3.75114268960735, 39.9559492053932], [-3.75111954181911, 39.955380592398], [-3.7511202264448, 39.9551435842256], [-3.75112106206603, 39.9548186652166], [-3.75112174269154, 39.9545336332347], [-3.75124888747581, 39.9537952318079], [-3.75138676725992, 39.9533227228864], [-3.75148188290714, 39.9527880096508], [-3.75182724477699, 39.952254195766], [-3.75209718833067, 39.9520497256423], [-3.7521367490409, 39.9519875270187], [-3.75314710907639, 39.9511464402483], [-3.75437085834435, 39.9504435181938], [-3.75467994707405, 39.9503454462986], [-3.75572489166707, 39.9500139991362], [-3.75721053985699, 39.9497501915298], [-3.75758264630217, 39.9496885671572], [-3.75873308185563, 39.9494979523636], [-3.75999806159096, 39.949251179544], [-3.76029303113006, 39.9491429925967], [-3.76051345743496, 39.9490621484392], [-3.76160729281114, 39.9484691293333], [-3.76221643052382, 39.9480474315308], [-3.76269594395278, 39.9478106604069], [-3.76413155737251, 39.9473647973829], [-3.76563098520115, 39.9471977971913], [-3.76640841055112, 39.9472703693469], [-3.76714637312498, 39.9475647039919], [-3.76778817230066, 39.9478525039229], [-3.76895883224226, 39.9485762231639], [-3.76948006670393, 39.949028319567], [-3.76984502183294, 39.9495363567504], [-3.77048608297587, 39.9505520539481], [-3.77070196700329, 39.9511388307591], [-3.77082853396397, 39.9517707092803], [-3.77074530083428, 39.9525606370841], [-3.77070424323211, 39.9529523737123], [-3.77016579455773, 39.9540348674497], [-3.76913260032044, 39.9549382102466], [-3.76773341856991, 39.9554187022048], [-3.76627757288782, 39.9556657894969], [-3.76557141115638, 39.9558323329564], [-3.76474783697258, 39.9558952059557], [-3.76412198967152, 39.9561701879168], [-3.76335715943849, 39.9562850328702], [-3.76265117880533, 39.9564282041461], [-3.76184141710163, 39.9565827522625], [-3.76108389491881, 39.9566975342034], [-3.76034673015477, 39.9569659061842], [-3.75988836945063, 39.9572031646227], [-3.75936998474661, 39.9574717853989], [-3.75871333095097, 39.9578426683468], [-3.75797376648869, 39.9583215729198], [-3.75803156431109, 39.9584581006618], [-3.75839287466482, 39.959138224299], [-3.75891546950272, 39.9599660549041], [-3.75948825193427, 39.9609194833214], [-3.76006868444363, 39.9618554732498], [-3.76127799871274, 39.9640065243028], [-3.76220533094018, 39.9655989539638], [-3.76313361891657, 39.9671454708734], [-3.76319708675227, 39.9673905676838], [-3.76360321597677, 39.9675185338421], [-3.76389061623065, 39.9671050090108], [-3.76425578921636, 39.9664139220301], [-3.7643363495343, 39.9661892742366], [-3.76483874786538, 39.9663864265655], [-3.76608231914985, 39.9624049299931], [-3.76645151008305, 39.9619408665229], [-3.76732932348372, 39.9608380007305], [-3.76839712551033, 39.9600020332827], [-3.7691019938204, 39.9591683206058], [-3.76985852800323, 39.9587668781772], [-3.7704075262026, 39.9586550895906], [-3.77416261883751, 39.9588561243799], [-3.77444920387103, 39.9588714428593], [-3.77598925044128, 39.9583926752357], [-3.77934585400942, 39.9570172381146], [-3.77981163138255, 39.9568263407674], [-3.78320843186471, 39.9559385569876], [-3.7851234190649, 39.9555604507503], [-3.78637405180684, 39.9553134877141], [-3.78792549979469, 39.954825402464], [-3.78865556062609, 39.9541717635671], [-3.78862109406526, 39.9532079422952], [-3.78774513156035, 39.9523669831097], [-3.78628090280008, 39.9512687153287], [-3.78590855919963, 39.9504423364728], [-3.78566248998207, 39.9493988688497], [-3.78618717887155, 39.9471698929457], [-3.78701089086795, 39.9465246338472], [-3.78948565964416, 39.946129683881], [-3.78954660773006, 39.9461200833858], [-3.79071885287985, 39.9462652594145], [-3.7914159788404, 39.9468281157268], [-3.79220826103086, 39.9471592672771], [-3.79281572997783, 39.9474131940306], [-3.79623359090947, 39.9483988595771], [-3.79659540677561, 39.9483062766861], [-3.79865360168598, 39.9471208510575], [-3.79965571795793, 39.9467265247025], [-3.80047222544084, 39.9464776271003], [-3.80069436075398, 39.9464727177671], [-3.80106906769409, 39.9464644948004], [-3.80181036457302, 39.9467927301455], [-3.80215590975672, 39.947312903997], [-3.80233769440667, 39.9478432199667], [-3.80239061981384, 39.9483654178213], [-3.80205940600964, 39.9520797159767], [-3.80233569244152, 39.9526814553786], [-3.80266809154574, 39.9530755820012], [-3.80295189802989, 39.9533421619267], [-3.80349668126016, 39.953853687411], [-3.80410982970648, 39.9542278440948], [-3.80480440037158, 39.9545563836706], [-3.80573172860785, 39.9547661752095], [-3.80731302511951, 39.9548362611282], [-3.80819056999921, 39.95479410764], [-3.80952125781783, 39.9544604731813], [-3.81217886416313, 39.9534778448907], [-3.81320355124844, 39.9530111659313], [-3.81395856267119, 39.9525103328527], [-3.81442188090993, 39.9520926318931], [-3.8152252408588, 39.9507355277447], [-3.8158951702878, 39.9499739984221], [-3.81832629192807, 39.9467044121844], [-3.81883286269656, 39.9465160982469], [-3.81894394477134, 39.9464748106916], [-3.82039359742468, 39.9463203442], [-3.82198849516932, 39.9465613918735], [-3.82381949205095, 39.9469717789924], [-3.82435761488163, 39.9469410002935], [-3.82476526406934, 39.946761224644], [-3.82509344828704, 39.946316450018], [-3.82542321934486, 39.9459084867058], [-3.82578975043005, 39.9455117879774], [-3.82641469297537, 39.9446744117563], [-3.82668295810939, 39.9442298964986], [-3.82690814237318, 39.9438836686314], [-3.82721586924932, 39.9434360550875], [-3.82746343397525, 39.9430842860528], [-3.82771833363207, 39.9427440224516], [-3.82801041635512, 39.9423983244595], [-3.82827994687298, 39.9420866694768], [-3.82849748739375, 39.9417861189394], [-3.8286331940871, 39.941513610453], [-3.82868723853121, 39.9412520194954], [-3.82886851701396, 39.940860421159], [-3.82899815263758, 39.9404169529706], [-3.82915533552775, 39.93989489242], [-3.82918110352835, 39.9398088353953], [-3.82929662032838, 39.9392969873258], [-3.82936777996302, 39.9387682828744], [-3.82940153033613, 39.9382561951619], [-3.82944964787336, 39.9378239278617], [-3.82948062340364, 39.9376533013576], [-3.82938401434814, 39.9372348230537], [-3.82937287857014, 39.9366994413926], [-3.82928316292438, 39.9360204070489], [-3.82928156212656, 39.9353824618668], [-3.82934509278008, 39.9348192951219], [-3.82951304608195, 39.9342291533198], [-3.82965183216485, 39.9337889355564], [-3.82970017525234, 39.9327846831704], [-3.82990040793253, 39.9319182980759], [-3.83023215666526, 39.9312852391853], [-3.83105449935371, 39.9305584708648], [-3.8318448948899, 39.9301113253535], [-3.83268307013538, 39.9297449189986], [-3.83415415717828, 39.9294732115867], [-3.83544230916916, 39.9295268553278], [-3.83639344923781, 39.929790290068], [-3.83707742706057, 39.9302178214616], [-3.83732156574893, 39.9310449546085], [-3.83728727142239, 39.9320723124228], [-3.83709177594274, 39.9333170677016], [-3.83709109041462, 39.9333508591593], [-3.83704311218257, 39.9360655409357], [-3.83744908601226, 39.9389446158433], [-3.83746146210194, 39.9391615934905], [-3.8374736386339, 39.9392308876394], [-3.83752160099487, 39.9398347559092], [-3.8376189457544, 39.9410617779108], [-3.83780361063073, 39.9412924582302], [-3.83792367189199, 39.9416112710971], [-3.83819492565795, 39.9419882817015], [-3.83857820634066, 39.9422690615013], [-3.83902202080342, 39.9424021744578], [-3.83935587392406, 39.9424039022708], [-3.83972737678343, 39.9423032312831], [-3.84025589905955, 39.9420612073947], [-3.84076162997165, 39.9418700260665], [-3.84131207600006, 39.9416565568573], [-3.84187699074386, 39.9414771637795], [-3.84253076289506, 39.9413211042532], [-3.84327388443037, 39.9411310020753], [-3.84395706403873, 39.9409922079403], [-3.84459596952479, 39.9408471446544], [-3.84530926300164, 39.9406573736602], [-3.84594138231424, 39.9404328169369], [-3.84672923356451, 39.9401976416806], [-3.84736659275017, 39.9399957696242], [-3.84762605630646, 39.9399285632782], [-3.84818565327004, 39.9398063379673], [-3.84845202015309, 39.9397552785762], [-3.84895163772963, 39.9396593959171], [-3.84902491790554, 39.9396452202729], [-3.84909209496767, 39.9396351554678], [-3.84968552987575, 39.9395461138668], [-3.85028653105403, 39.9395036439791], [-3.85097620142819, 39.9394897851234], [-3.85171004596357, 39.9395161418539], [-3.85228111307126, 39.9395075807701], [-3.85270395996023, 39.939475405903], [-3.85315755177036, 39.9393355808312], [-3.85343282428335, 39.9392057293958], [-3.85366407682808, 39.9390362208148], [-3.85391765361382, 39.9388383919696], [-3.85412643147856, 39.9386853781155], [-3.85428234570659, 39.9385462680078], [-3.85593894331697, 39.937626725567], [-3.8563270379776, 39.937435247187], [-3.85661923759889, 39.9371702463655], [-3.85874291805885, 39.9360958934139], [-3.8602068814455, 39.9352381267435], [-3.86396296708438, 39.9333091458764], [-3.86518599609639, 39.9324677522731], [-3.86688686888972, 39.9312965031197], [-3.86725644964868, 39.9318345540188], [-3.86744406779055, 39.93212427718], [-3.86832116308981, 39.9318350371525], [-3.86915783454485, 39.9314852665267], [-3.8696951336219, 39.9312859294045], [-3.87028789320344, 39.9309052349987], [-3.87076881172757, 39.9305512230294], [-3.87127061244194, 39.9302718226185], [-3.87172468426003, 39.9301742261652], [-3.87240766101648, 39.9301020792349], [-3.87323883774398, 39.9300366956859], [-3.87392475360446, 39.9298220514065], [-3.87438890284666, 39.9295651977132], [-3.87481875748989, 39.9291709978461], [-3.8748990446825, 39.9290770321702], [-3.87519020204936, 39.9287364068831], [-3.87551906995565, 39.9281984083158], [-3.87569087476656, 39.927733109868], [-3.87566158224845, 39.9273284564437], [-3.8754769897399, 39.9269047038511], [-3.87515896834627, 39.9264847736835], [-3.87483963846564, 39.9261341147788], [-3.87438813034113, 39.9257129371112], [-3.87394603341158, 39.9251895283406], [-3.87343879291712, 39.924591060469], [-3.87290136100813, 39.924015545264], [-3.87236238710901, 39.923525270547], [-3.87180306277544, 39.9229378325446], [-3.87119204950159, 39.9223442676474], [-3.87061854295109, 39.9217280296459], [-3.8700882929841, 39.9211638699584], [-3.86955099084974, 39.9205881210758], [-3.86894788826467, 39.9199718373126], [-3.86853524324867, 39.9194658785598], [-3.86820389521598, 39.9189662433901], [-3.86795322392919, 39.9185133518648], [-3.86768249416044, 39.9179462087393], [-3.86752154572815, 39.9174597892947], [-3.86744801141341, 39.9170375450917], [-3.86753382804025, 39.9168104324712], [-3.86793181887262, 39.9163870369993], [-3.86837608300134, 39.9158975218061], [-3.86888690768269, 39.9154589531635], [-3.86947925947598, 39.9150886845722], [-3.87011622951285, 39.9147751511864], [-3.87076036846222, 39.9145017198888], [-3.87132334199819, 39.9143251719822], [-3.87191558574793, 39.9140228849842], [-3.87258940485602, 39.9136981224437], [-3.87312994541701, 39.9133676952939], [-3.8735298869524, 39.9130258067439], [-3.87375912813693, 39.9126218762052], [-3.87398125080427, 39.9122633339634], [-3.87423275049744, 39.9119103409667], [-3.87447704684035, 39.9116030102213], [-3.87478054908899, 39.911289884462], [-3.87512103609143, 39.9109709381488], [-3.8753949360148, 39.910726041175], [-3.87463181987591, 39.9102544452502], [-3.8739131613604, 39.9096917587804], [-3.87252069002501, 39.9095051359347], [-3.87314339409513, 39.90903604876], [-3.87301765470597, 39.9090237024211], [-3.87350217509117, 39.9086568476721], [-3.87247578569698, 39.9082135238984], [-3.8710535381468, 39.9079929826958], [-3.86969070762251, 39.9076640591581], [-3.86962874622983, 39.9075693144131], [-3.86938046245289, 39.9071899506302], [-3.86879405420527, 39.9062933694067], [-3.86892698568598, 39.9052692020222], [-3.86834903421979, 39.9048943303595], [-3.86706034321972, 39.9043151877093], [-3.86543810103381, 39.9035937127053], [-3.86290527234413, 39.903146035436], [-3.85977256487739, 39.9025338020546], [-3.85671434696224, 39.9030479403488], [-3.8542704439493, 39.903066549698], [-3.85258753718356, 39.9031194627318], [-3.84798119940631, 39.9029009974719], [-3.84487904364239, 39.902633077462], [-3.84002184515562, 39.9015494279343], [-3.83778654692058, 39.9009005640303], [-3.83756690455338, 39.9008367126201], [-3.83454885176131, 39.8999600986493], [-3.82971974974757, 39.8972701798815], [-3.82911115081884, 39.8966350083807], [-3.82882651872275, 39.8963380075], [-3.82849616977867, 39.8959561774662], [-3.82511159156082, 39.8923386436916], [-3.82230246633821, 39.8905690399122], [-3.81962273458729, 39.8891413724651], [-3.81487116293617, 39.8858273287514], [-3.81483580255166, 39.8858026649504], [-3.81395983555516, 39.8858039780649], [-3.81257889750362, 39.8858060654732], [-3.81204618145487, 39.8858042455129], [-3.81004639619891, 39.8855517980241], [-3.80879144594165, 39.8853936054762], [-3.80445555355292, 39.8847955968519], [-3.80642119974199, 39.8873890467451], [-3.80602799561895, 39.8876177042804], [-3.80417004251554, 39.8886993920659], [-3.80058456237175, 39.8908711753198], [-3.79580953603798, 39.8949720036951], [-3.79241673755042, 39.8972575908726], [-3.78977931239696, 39.899117340064], [-3.78916878253023, 39.8997499304675], [-3.78912741420379, 39.899792920085], [-3.78878909858097, 39.9001438771326], [-3.78718613511189, 39.9018052767727], [-3.78487232861614, 39.9042625931356], [-3.78217790790321, 39.907341314954], [-3.77879789154514, 39.9108547975487], [-3.77478294237212, 39.9125545614619], [-3.77204096010133, 39.9146677647251], [-3.77133433425092, 39.9153192161029], [-3.76999753241199, 39.9146369890163], [-3.76753819848898, 39.9156758212979], [-3.7622382109267, 39.9178325497477], [-3.76081184630514, 39.9184492879634], [-3.759368733147, 39.9190733300071], [-3.75791970407824, 39.9201341999571], [-3.75658399819653, 39.9211125417698], [-3.75627178152044, 39.9214416471955], [-3.75570861149917, 39.9220356511799], [-3.75527329330239, 39.9224948045174], [-3.75405397223801, 39.9242037916076], [-3.75079646995028, 39.9272351437085], [-3.74845976680675, 39.9294161422941], [-3.74720487632455, 39.9316066884462], [-3.74640844049926, 39.9329963192294], [-3.74609329719487, 39.9342553991517], [-3.745776879333, 39.9352952476351], [-3.74568978467871, 39.9355813815675], [-3.74501488040576, 39.9391824175228], [-3.7448604195842, 39.9399447033339], [-3.74387134629251, 39.9408023192114], [-3.74183964988845, 39.941362117052], [-3.73942678629532, 39.9419569713829], [-3.73864660298237, 39.9421495576334], [-3.73473751238888, 39.9431597425914], [-3.73250691535779, 39.9438379201467], [-3.73104474488835, 39.9442822775057], [-3.73057803752219, 39.9444243076471], [-3.72739720319494, 39.9460598710711], [-3.72179200248389, 39.9485686459941], [-3.71940731177886, 39.9497981026593], [-3.71689633999836, 39.9508191426092], [-3.71596986983242, 39.9514681617157], [-3.71503690461535, 39.9521216736534], [-3.71327079161394, 39.9534038553128], [-3.71110675009451, 39.9547091555989], [-3.7097743989748, 39.9540092812111], [-3.70888203366582, 39.9535406651386], [-3.70663415327922, 39.9516389851952], [-3.70570046503416, 39.9508490573337], [-3.70513672158063, 39.9504635253196], [-3.70482652266831, 39.9502519929989], [-3.70386723799957, 39.9495961239519], [-3.69890316570582, 39.9477016301757], [-3.69763799462935, 39.9467541504644], [-3.69759040809248, 39.9467183213241], [-3.6924081090464, 39.9503201094982], [-3.68779765489644, 39.9529592213296], [-3.68339481862575, 39.9554614001194], [-3.67764506578799, 39.9607702192783], [-3.67399700704266, 39.9615151556713], [-3.66837708284483, 39.9628514513359], [-3.66595574765834, 39.9635079995678], [-3.66583376345975, 39.9635410252996], [-3.66354625915616, 39.9649134880759], [-3.66264069352816, 39.9654874086353], [-3.66159822053938, 39.9658203119546], [-3.66011824161721, 39.9660692901268], [-3.6590534065272, 39.9658987279077], [-3.65817331177198, 39.9659424795572], [-3.6557019478411, 39.9659846733549], [-3.65352777399314, 39.966013829379], [-3.65051465981532, 39.9659722291571], [-3.64885797219435, 39.9659893977911], [-3.64634029988521, 39.9659685502478], [-3.64370567385302, 39.9658452484411], [-3.6414707623195, 39.9657622347263], [-3.63877407749748, 39.9656264497688], [-3.63669638277273, 39.9655786543447], [-3.63450049872778, 39.9658914945271], [-3.63351646856641, 39.9672291944356], [-3.63395333123857, 39.9689942923243], [-3.63102884966147, 39.968688302036], [-3.63109417729458, 39.9688309399326], [-3.63142111090666, 39.9696039983966], [-3.63233799147447, 39.9711361157695], [-3.63258150636081, 39.9715916423893], [-3.63302386800442, 39.9724575420622], [-3.63359187485269, 39.9734545207328], [-3.63359043881325, 39.9734774609035], [-3.63351579420303, 39.974716848157], [-3.63350620000015, 39.9748768395168], [-3.63363070741726, 39.9754403942122], [-3.63423223567644, 39.9776665075561], [-3.6349703049886, 39.9788970876581], [-3.63505069342672, 39.9793012265817], [-3.63504405699033, 39.979750014473], [-3.63519678374645, 39.9812575174878], [-3.63572922869007, 39.9827137056961], [-3.63619749662264, 39.983798632419], [-3.63696502330891, 39.9847849241505], [-3.637023360553, 39.9849385137895], [-3.6378317859182, 39.987061693136], [-3.63792164202327, 39.9880755333568], [-3.6379459662824, 39.9883517031479], [-3.63528089570144, 39.9889826798428], [-3.63417468600605, 39.9898546527791], [-3.63303442828885, 39.9911707023412], [-3.63195790888785, 39.9914786534387], [-3.63081022940537, 39.9916772374943], [-3.62926402551077, 39.9926333524339], [-3.62680361294283, 39.9925321793962], [-3.62571888220066, 39.9920421373296], [-3.62381527103047, 39.9916472288973], [-3.62247393394153, 39.9910448904007], [-3.62109362163966, 39.9916159661788], [-3.61894709838489, 39.9922601903939], [-3.61799472697853, 39.9929178470335], [-3.61665351795826, 39.9934151530969], [-3.61601380474975, 39.9937586719122], [-3.61585147497955, 39.9938625832656], [-3.61561667172413, 39.9939526576243], [-3.61489006042342, 39.9944830069954], [-3.6140996147428, 39.9950600356101], [-3.61301892538215, 39.9961510194343], [-3.61110654239795, 39.9977396511171], [-3.61034369395699, 39.9982405877245], [-3.6097995046235, 39.9981978502283], [-3.60907023232877, 39.9981405625541], [-3.60801552933682, 39.9981865528175], [-3.60651737872428, 39.9987156751224], [-3.60613328330901, 39.9988319953164], [-3.60453519086355, 39.9993167309218], [-3.60427810476692, 39.9994166683526], [-3.60423934964894, 39.9994317052327], [-3.60221572668874, 40.0000766127706], [-3.60155482165176, 40.0001481810186], [-3.59688270423149, 40.0004831724317], [-3.59532883949601, 40.0011404273048], [-3.59459780681927, 40.0016971514159], [-3.59416637328148, 40.0026852583389], [-3.59390374747578, 40.0033534295741], [-3.59373142568657, 40.0037895942399], [-3.59367195556852, 40.0039402484603], [-3.59331224935972, 40.0048498189131], [-3.59311996714693, 40.00611103626], [-3.59281432620253, 40.0069662699143], [-3.59276284750507, 40.0071101254379], [-3.59192993643452, 40.0091494499131], [-3.59100649871956, 40.0121183548749], [-3.59042356151481, 40.0126569411591], [-3.58999655038075, 40.0131720047678], [-3.58886795792045, 40.0131902571549], [-3.58866466468008, 40.0131935486257], [-3.58752564841171, 40.0132121502619], [-3.58512074620554, 40.013114701207], [-3.58330024521218, 40.0127126217985], [-3.58087502745433, 40.0130435214852], [-3.58023067532825, 40.0131313704868], [-3.57523259730944, 40.0136956501749], [-3.57482847939909, 40.0143417372823], [-3.57468790187269, 40.0156134149848], [-3.57458915293605, 40.0156269919016], [-3.57435578953727, 40.0156584206559], [-3.57258218460288, 40.0158969447767], [-3.57099478327852, 40.016023695144], [-3.56766510502509, 40.016380630019], [-3.56655974861853, 40.0164710144785], [-3.56287391616162, 40.0168634953114], [-3.56258460107836, 40.0168876635266], [-3.56204757203182, 40.0169647047708], [-3.56055917922489, 40.0171219189059], [-3.55991131951158, 40.0172021964791], [-3.55859530783955, 40.0172997706745], [-3.55780676012179, 40.0173717048519], [-3.55655479446675, 40.0175556659562], [-3.55479862493147, 40.0177311311426], [-3.55383086554879, 40.0178457643327], [-3.55109981504102, 40.01811837628], [-3.55073777362162, 40.0177024303748], [-3.55064741797083, 40.017598527193], [-3.54974773855036, 40.0181755532668], [-3.5493919329343, 40.0181638447687], [-3.54903593328217, 40.0181578560214], [-3.54865653880507, 40.018191319387], [-3.54775094955789, 40.0182046420142], [-3.54700876000571, 40.0182149050146], [-3.54509493968909, 40.0181937458432], [-3.54278805201319, 40.0181716831706], [-3.53976894314583, 40.0181435519362], [-3.53824102951056, 40.0181230663665], [-3.53558016565938, 40.018132044893], [-3.53353632669715, 40.0181397544563], [-3.53057715159092, 40.0180953407843], [-3.5271544650627, 40.0186689808097], [-3.52486523702019, 40.019307445764], [-3.52388105865767, 40.0196394361122], [-3.5226056129579, 40.019871149481], [-3.52092193835012, 40.0203742434486], [-3.51988280226374, 40.0208745097171], [-3.5199224610869, 40.0209898584177], [-3.51968977424941, 40.0210711425721], [-3.52002940462315, 40.0219547807405], [-3.52026581091705, 40.0225647317884], [-3.52116766665771, 40.024279842891], [-3.52199765203821, 40.0260082128038], [-3.52153824911036, 40.0273033848909], [-3.52115853932457, 40.028373810538], [-3.52092606038464, 40.028771136695], [-3.52091957667922, 40.0287820246006], [-3.52091124121172, 40.0287939094322], [-3.52087818859915, 40.0288724016836], [-3.52003688190643, 40.0308546799984], [-3.51892083595185, 40.0330024830091], [-3.51834053871557, 40.0341192826889], [-3.51766315298024, 40.0355542875751], [-3.51747255708643, 40.0359250990151], [-3.51719112178743, 40.0364718385884], [-3.51717943381346, 40.0364945807884], [-3.5168890851776, 40.0371896218254], [-3.51695415789359, 40.0381353896679], [-3.51707015824454, 40.0397080685154], [-3.51729195408483, 40.0401241265594], [-3.51677118903651, 40.0410070484238], [-3.51644415466239, 40.0414068419356], [-3.51611622197297, 40.0421912541746], [-3.51602191503782, 40.0424168568594], [-3.5152922539567, 40.0431823866075], [-3.51521796238441, 40.0432603623322], [-3.51519688161962, 40.0432824530539], [-3.51514584810514, 40.0432682178006], [-3.51453462676533, 40.0430969343747], [-3.51440054149918, 40.0430468503228], [-3.5141549238831, 40.042974173799], [-3.51383475896781, 40.0429018103911], [-3.51359644849932, 40.042829168882], [-3.51351416307212, 40.0428199091836], [-3.51329905942791, 40.0427967044769], [-3.51300577514469, 40.0427315013509], [-3.51295625692557, 40.0426998022001], [-3.51252152186115, 40.0425393732841], [-3.51214588054974, 40.0424689568642], [-3.51172402589564, 40.0424888400719], [-3.51120879923768, 40.0425903935982], [-3.51056637718747, 40.0428723532706], [-3.51076573217324, 40.0433063428251], [-3.51127728769326, 40.0435197500869], [-3.51139790897802, 40.0437296968192], [-3.51153321886639, 40.0439165895506], [-3.51161616276115, 40.0440700374166], [-3.51166277259655, 40.0442916082022], [-3.51164880664024, 40.0444227659469], [-3.51161313274371, 40.0445937290213], [-3.51154802285188, 40.0447990359883], [-3.51155641557845, 40.044912618894], [-3.51153487690603, 40.0450097400602], [-3.51156585502287, 40.0451462655361], [-3.51159655343681, 40.0452769416034], [-3.51161242756619, 40.0453964026983], [-3.51162815889084, 40.04549286272], [-3.51163634341401, 40.0455897840841], [-3.51161503801851, 40.0456978906312], [-3.51154163762685, 40.0458123448841], [-3.51145312302865, 40.0458868537227], [-3.51130516952263, 40.0459504029857], [-3.5111642170157, 40.0459622869963], [-3.5107414614909, 40.045842517855], [-3.5106726479255, 40.0458231154222], [-3.51042624355603, 40.0456763504162], [-3.51028422357743, 40.0455635463179], [-3.51011971053331, 40.0454389900573], [-3.50994798821457, 40.0453262703882], [-3.50976101144373, 40.0451848800905], [-3.5094848660788, 40.0450214158477], [-3.5091865729555, 40.0448864388763], [-3.50886620138585, 40.0447686899435], [-3.50863511157563, 40.044673274524], [-3.50829226505586, 40.0445328641226], [-3.50806883967102, 40.0444600244078], [-3.50774873512509, 40.0443707677789], [-3.5075479246047, 40.0443492506134], [-3.50723646954301, 40.0444022929156], [-3.50713087814079, 40.0444853708272], [-3.50671980906679, 40.0448093026271], [-3.50658084429911, 40.0450606148444], [-3.50645706211502, 40.0453629799476], [-3.50644388409817, 40.0455623765122], [-3.50647542239374, 40.0457954745319], [-3.50654462409649, 40.0460569048917], [-3.50666549045201, 40.046300763708], [-3.50676355275757, 40.0464827806531], [-3.50681620156261, 40.0465675791205], [-3.50688408284475, 40.0466810292439], [-3.50698163024286, 40.0468229609029], [-3.5070720214217, 40.0469647556929], [-3.5071552021757, 40.0471292000475], [-3.5072607700393, 40.0473337216919], [-3.50735162454515, 40.0475326489487], [-3.50741959118752, 40.0476573604462], [-3.507487521885, 40.0478049116578], [-3.50751038311067, 40.04787308147], [-3.50749631549333, 40.047964257765], [-3.50746058320628, 40.0481351844515], [-3.5074020741352, 40.0482493812918], [-3.50727694988789, 40.0483810107813], [-3.50725226029863, 40.0484083013853], [-3.50717386612039, 40.0484954390224], [-3.5070261534433, 40.0485987502993], [-3.50686332481488, 40.0486736810654], [-3.50654464117965, 40.0487608568721], [-3.50633694325911, 40.0487849264302], [-3.50611395110318, 40.048786043021], [-3.50590543415946, 40.0487189035463], [-3.50582978970552, 40.0486204628144], [-3.50577026196371, 40.0485432073388], [-3.50565674635283, 40.0482934047708], [-3.50558108215474, 40.0481287190335], [-3.50549028403908, 40.0479243215615], [-3.50547655778157, 40.0479023299926], [-3.50546382600055, 40.0478798886453], [-3.50545200053665, 40.0478574521788], [-3.50544114242243, 40.0478343761609], [-3.50543120363948, 40.047811467191], [-3.50542226719905, 40.0477880541768], [-3.50533891432047, 40.0475836013574], [-3.50518812020857, 40.047305598572], [-3.50507536927735, 40.0471581477585], [-3.50491077890929, 40.0470055467006], [-3.5046713106558, 40.0468075369865], [-3.50454422689089, 40.0467057358876], [-3.50429763752588, 40.046525073482], [-3.5040810267843, 40.0463895728995], [-3.50393174515844, 40.0462879091784], [-3.50385713120946, 40.0462544474082], [-3.50379715376462, 40.0461976172877], [-3.50361850398714, 40.0461361067336], [-3.50345443480565, 40.0460743333812], [-3.50322357271811, 40.045984658257], [-3.50299243963738, 40.0458888079124], [-3.50278369874369, 40.0457990540873], [-3.50262722510469, 40.0457428594271], [-3.50228452753235, 40.0456198994575], [-3.50205377173317, 40.0455698541442], [-3.5018382110993, 40.0455482778682], [-3.50166729231194, 40.0455262826871], [-3.50151094811075, 40.0454875421927], [-3.50130249907177, 40.0454372017386], [-3.50095260250002, 40.0453311620978], [-3.50081840136794, 40.0452921733121], [-3.50056521824166, 40.0452083902204], [-3.50033423997251, 40.0451297675958], [-3.50009614959131, 40.0450798691595], [-3.499583117931, 40.0450144161151], [-3.49919660092027, 40.0449938336588], [-3.49895152883269, 40.0450008502184], [-3.49861766276774, 40.0450427883506], [-3.4983062042854, 40.0451126226845], [-3.49798041946781, 40.0452453448574], [-3.49764801841049, 40.0454523923278], [-3.49738008984354, 40.045635425544], [-3.49733780448227, 40.0456643253864], [-3.49710105136518, 40.0458021757718], [-3.49684260774908, 40.0459800991048], [-3.49666565869274, 40.0461577508806], [-3.4965408503604, 40.0463349613237], [-3.49635814381141, 40.0467059428788], [-3.49634420322546, 40.0468139405449], [-3.49633781942808, 40.0469394664073], [-3.49628667115245, 40.0470479231643], [-3.49625030465479, 40.0471448563953], [-3.49619183061802, 40.0472590473303], [-3.49606662266904, 40.0473849909788], [-3.49588172948699, 40.0474884601323], [-3.49565219589507, 40.0475754045403], [-3.49541829720304, 40.0476028707925], [-3.49534801724872, 40.0476110547374], [-3.49499095466137, 40.0475730875754], [-3.49475273043117, 40.0475061325769], [-3.49448463081375, 40.047422160985], [-3.49418695759769, 40.0473440332794], [-3.49389698159578, 40.047317114499], [-3.49367400289528, 40.0473128205809], [-3.49328064714883, 40.0473490215328], [-3.49303590008728, 40.0473962378168], [-3.49276908229887, 40.0474772407854], [-3.49256911227115, 40.0475406886007], [-3.49231740587, 40.0476391754552], [-3.4921690490116, 40.0476854561589], [-3.49197635948483, 40.0477434403522], [-3.49173895451818, 40.0477732308127], [-3.49137474596045, 40.0477355261691], [-3.49110703521953, 40.0476972438926], [-3.49081689327445, 40.0476472308268], [-3.49059338873189, 40.0475803046691], [-3.49042202148677, 40.0475013695094], [-3.49032437217955, 40.0473711425524], [-3.49027074622117, 40.04718363295], [-3.49023990846827, 40.0470358896839], [-3.49020837259774, 40.0468139372005], [-3.4901841789397, 40.0465693118137], [-3.49018248494789, 40.0463700950005], [-3.49014353759043, 40.0461482663419], [-3.49013581714729, 40.0461083337572], [-3.49014220817719, 40.0459776664536], [-3.49009629410165, 40.045807239973], [-3.49006447865888, 40.0455510024967], [-3.49004011911171, 40.0452781591966], [-3.49000884150178, 40.045095903452], [-3.48997671684891, 40.0448000709734], [-3.48990086881171, 40.0446069641276], [-3.48973523712412, 40.0443289083771], [-3.48955509975683, 40.0440965140575], [-3.48944976679878, 40.0439207565192], [-3.48941069102777, 40.0436816020239], [-3.48940108587757, 40.0434141677879], [-3.48938314155018, 40.0430386796662], [-3.48935116511933, 40.0427599335644], [-3.48926677316306, 40.0424073403171], [-3.48913034530629, 40.0420779367953], [-3.48900201753164, 40.0418053725158], [-3.48890402150013, 40.0416523528608], [-3.48877630262631, 40.0414765813588], [-3.4885670778101, 40.0413183575972], [-3.48738318180895, 40.0413248697392], [-3.48707616713665, 40.0413263982845], [-3.48687360420555, 40.0413278127198], [-3.48654062623493, 40.0414829390816], [-3.48627418194631, 40.0416041368178], [-3.48594867830145, 40.041770979903], [-3.48574936639441, 40.0419257956162], [-3.48562277977136, 40.0420712926043], [-3.48556538423767, 40.0421373806028], [-3.48541981134757, 40.0425082254489], [-3.48525959771497, 40.0429132505603], [-3.4851354388646, 40.0431757866155], [-3.48501463816301, 40.0434083986618], [-3.48494524290038, 40.0435410187826], [-3.48499895872182, 40.0437628698072], [-3.48502418251668, 40.0438056101701], [-3.48508932654443, 40.0439160256875], [-3.48523983208377, 40.0441599939971], [-3.48528572611331, 40.0443248364906], [-3.48524246324923, 40.0444844568727], [-3.48515438702888, 40.044621557476], [-3.48508127357512, 40.0447471830871], [-3.48494165124098, 40.0449471066344], [-3.48483906129616, 40.0451299154501], [-3.48471397628276, 40.045278626451], [-3.48455189056111, 40.045444536975], [-3.48432279590914, 40.0455938311382], [-3.48424640098199, 40.0456279925383], [-3.48407854308507, 40.045703310566], [-3.48380452188913, 40.0458072518702], [-3.48363429383772, 40.0458878598085], [-3.48345670142032, 40.0459573279154], [-3.48330104625768, 40.0460148508645], [-3.48303400992046, 40.0460618924731], [-3.48266261134772, 40.0460639410866], [-3.48229076451563, 40.0460090266683], [-3.4820226102168, 40.0459136941318], [-3.48179147459252, 40.0458068420084], [-3.48156018894956, 40.0456828298206], [-3.48128394590035, 40.0454905499369], [-3.48094825377273, 40.0453162551444], [-3.48062012715756, 40.0451642197012], [-3.48032219860435, 40.0450575714909], [-3.47974164096315, 40.0449130063519], [-3.47924310864168, 40.0448073633197], [-3.47884511634327, 40.0447824218967], [-3.47844426770478, 40.0447826625239], [-3.47793186746587, 40.0448339098193], [-3.47761247505986, 40.0449423974341], [-3.47719648073969, 40.0450907586677], [-3.47708319831261, 40.0451312056117], [-3.47515196957109, 40.0455676641968], [-3.47509490826881, 40.04558028649], [-3.47321676504977, 40.0460043545327], [-3.47318895231024, 40.0460069230382], [-3.47301493785993, 40.0460097748702], [-3.47269582929786, 40.0460158060372], [-3.47255471027864, 40.0459984590039], [-3.47244354555886, 40.045907189305], [-3.4723698548151, 40.045707427764], [-3.47239994442057, 40.0455023349053], [-3.4724896758453, 40.0451598150207], [-3.47263158346345, 40.0448290429584], [-3.4727953833163, 40.0445036712334], [-3.47292973445186, 40.0441727653502], [-3.47304904270454, 40.0439044102397], [-3.4731609850605, 40.0436136520964], [-3.4732656567574, 40.043265626777], [-3.47331105312028, 40.0428548510035], [-3.47330405793919, 40.0426380704594], [-3.47327478813226, 40.0424326751459], [-3.47322342246433, 40.0421417682855], [-3.47320400121043, 40.0421029672483], [-3.47312006299961, 40.0419366308675], [-3.47311041440834, 40.0419186508966], [-3.47304599980583, 40.0417994545989], [-3.47281561406237, 40.0415600299672], [-3.47250956443086, 40.0413225217786], [-3.47194466886074, 40.0410352999246], [-3.47121603219309, 40.0407804511039], [-3.47068307038416, 40.0407218829146], [-3.47006783504954, 40.0407023383723], [-3.46952184123881, 40.0408886875729], [-3.46922584309321, 40.0410250939259], [-3.46888426840283, 40.0411823948473], [-3.46787940690931, 40.041817134822], [-3.46760440998747, 40.0419939337942], [-3.46708419329003, 40.0422561866814], [-3.46664555281382, 40.0424845609705], [-3.46612536314608, 40.0427696581822], [-3.46571665276975, 40.0429469904957], [-3.46526322076304, 40.0431692423277], [-3.46476537677935, 40.0434429640896], [-3.46446791978411, 40.043637086488], [-3.46405169977025, 40.043853888613], [-3.46370249497494, 40.0439907972391], [-3.46322710203498, 40.0441277282846], [-3.46275913532751, 40.0442759431979], [-3.46232559342381, 40.0444133822382], [-3.46222620066307, 40.0444503806203], [-3.46176337363633, 40.0446925727308], [-3.46136210763933, 40.044898114456], [-3.46099044318482, 40.0450859815556], [-3.46056682396607, 40.0452801689462], [-3.46009874960077, 40.0454399583266], [-3.45976456733191, 40.0454855666842], [-3.45930762545679, 40.0455425856057], [-3.45925967407539, 40.0455484067309], [-3.45866546959864, 40.0456510042622], [-3.4583574354911, 40.045715218581], [-3.45814561723867, 40.0457593784835], [-3.45762560408025, 40.0458905775464], [-3.45732099524887, 40.0459818445169], [-3.4570684303135, 40.0460616841045], [-3.45680119937485, 40.0461015216962], [-3.45663758033692, 40.0461643849681], [-3.45639254068077, 40.0462382773222], [-3.45612512625163, 40.0462956408546], [-3.45580572062091, 40.0463469194292], [-3.45556069416623, 40.0464211814615], [-3.4552855610371, 40.046557983875], [-3.45506992404641, 40.0467005803617], [-3.45489130793547, 40.0469058293256], [-3.45477939001889, 40.0471341575612], [-3.45483068679099, 40.0474308811635], [-3.45490417421543, 40.0477391741786], [-3.45500014347169, 40.0480124663418], [-3.4551776509136, 40.0482523458067], [-3.45536262538306, 40.0485319143279], [-3.45560702316152, 40.0487886760616], [-3.45584412988751, 40.0489712268759], [-3.45617776148907, 40.0491652307621], [-3.45647446192665, 40.0493479830307], [-3.45657794298185, 40.0494733133606], [-3.45667404295431, 40.0496559042879], [-3.45667359887005, 40.0498725750268], [-3.45648774308129, 40.0500208408548], [-3.45611616580666, 40.0501122512207], [-3.4559372465549, 40.050138862356], [-3.45565570017181, 40.0501807288525], [-3.45493547140121, 40.0502205922191], [-3.45449015517513, 40.0502150815312], [-3.45391110916334, 40.0501863807102], [-3.45350283099958, 40.0501064344387], [-3.45297581277856, 40.0500664431034], [-3.45258247914319, 40.0499865311899], [-3.45231538844966, 40.0499237670142], [-3.45195188148748, 40.0498668758202], [-3.45173658414917, 40.0498039115795], [-3.45146251953641, 40.0496041243977], [-3.45115855059703, 40.049398648942], [-3.45078031585113, 40.0492048320391], [-3.45043158265122, 40.0491593422868], [-3.45009701682184, 40.0491785519881], [-3.45003460068257, 40.04918228289], [-3.44994158123728, 40.0491877120982], [-3.44968140945901, 40.0492332321141], [-3.44936947666313, 40.0492959419135], [-3.44906495272037, 40.0494214229265], [-3.44901517572518, 40.0494660387046], [-3.4488490224319, 40.0496153873243], [-3.44865558640515, 40.0497750977784], [-3.4483289803575, 40.0497638252849], [-3.44798041443423, 40.0496038540718], [-3.44774337687852, 40.0493813565366], [-3.44755841454863, 40.0491873694749], [-3.44742534092859, 40.0488906604048], [-3.44733352279741, 40.0486910163169], [-3.4472703458134, 40.0485538626062], [-3.44710006365916, 40.0483315301437], [-3.4469148427257, 40.0481717509793], [-3.44679449003717, 40.0479915340238], [-3.44679315783561, 40.0477872399784], [-3.44679167741202, 40.0475598279259], [-3.44745581896955, 40.0469355844754], [-3.44769900669981, 40.0465976694324], [-3.44780272655731, 40.0463804731349], [-3.44790741104604, 40.046072437434], [-3.44798984494809, 40.0457472566051], [-3.4480052409494, 40.0455857119424], [-3.44802032738028, 40.04542798414], [-3.44805822291089, 40.0451082819562], [-3.44816280567457, 40.0448515973938], [-3.44828204894372, 40.0446633152663], [-3.44842341143009, 40.0445321097152], [-3.44855737179852, 40.0444066180253], [-3.44862452535758, 40.0442525809238], [-3.44863989822704, 40.0440300858653], [-3.44863863878901, 40.0440024490391], [-3.44862583150799, 40.0437220137392], [-3.44863143949317, 40.0435927116877], [-3.4486416152209, 40.0433567311105], [-3.44863505287584, 40.0430262136131], [-3.44862089975709, 40.0426893908227], [-3.44859275194597, 40.0423682899309], [-3.44857045664203, 40.0421131065477], [-3.44854795116613, 40.041916060156], [-3.44853404075394, 40.0417936852485], [-3.44850572740934, 40.0416825813431], [-3.44846328764555, 40.0415170144425], [-3.44843395495656, 40.0412868848717], [-3.44840068762746, 40.0410258435954], [-3.44836016763643, 40.0408795929174], [-3.44827066189918, 40.0405563838582], [-3.44824106420718, 40.0404685730905], [-3.4481180848817, 40.0401040066025], [-3.44797100368334, 40.0397311541852], [-3.44792769410684, 40.0396139885016], [-3.44785238204838, 40.0394102002955], [-3.44783045702567, 40.0390847708684], [-3.44784525891507, 40.0388836848603], [-3.44785232853158, 40.0387884926396], [-3.447865377785, 40.038543491131], [-3.44775109071186, 40.0383538709222], [-3.44748969078129, 40.038116418994], [-3.44703000225354, 40.0377795137061], [-3.44664306911456, 40.0375119615902], [-3.44618833098839, 40.0372891667402], [-3.44596706436042, 40.0372292031002], [-3.44562601203996, 40.0372243210632], [-3.4453199143923, 40.03729982786], [-3.44487817587144, 40.03747101963], [-3.44432364318701, 40.0377028946372], [-3.44372480208257, 40.0379227014639], [-3.44310294422546, 40.0381765633921], [-3.44243000194916, 40.0384010716292], [-3.44183167546046, 40.038603820395], [-3.44112992675624, 40.038776906974], [-3.44065117411714, 40.0389414158532], [-3.44015179256586, 40.0390372698296], [-3.43969136466025, 40.0390537794069], [-3.43938170011048, 40.0389697259813], [-3.43896913693393, 40.038850078529], [-3.43859287149316, 40.0387536497293], [-3.43812678959115, 40.0386959618793], [-3.43758387681657, 40.0387511435663], [-3.43715382935674, 40.038749951292], [-3.43687940665899, 40.038740287278], [-3.43658974788552, 40.0387470561861], [-3.4361290311445, 40.0387684538162], [-3.43562340784577, 40.0388063946151], [-3.43527377187825, 40.038835300753], [-3.43492384086082, 40.038875469065], [-3.43452247827838, 40.0388923271924], [-3.43410823994802, 40.0388405686203], [-3.43374834994309, 40.0386985551456], [-3.43339706619546, 40.0385109688203], [-3.43306743569016, 40.0383465751346], [-3.43284035865434, 40.0382349772724], [-3.43248777385072, 40.0380984910705], [-3.43211730433819, 40.0380762227801], [-3.43167191231856, 40.0380806984368], [-3.4312100290704, 40.0381421074783], [-3.43074674235823, 40.0382545627235], [-3.4303506832343, 40.0383566893739], [-3.43007997688311, 40.0384892390402], [-3.42977920200001, 40.0386327271969], [-3.42951610534217, 40.0387599322179], [-3.42933461229116, 40.038882163514], [-3.42928398863163, 40.0391091251479], [-3.4292847010058, 40.0391262456394], [-3.42929307329411, 40.0393256094866], [-3.42928680215511, 40.0395589340888], [-3.42926024250868, 40.0397237918047], [-3.42924684149802, 40.0397835688808], [-3.42920110667269, 40.0399903600239], [-3.42911122104293, 40.0402964250065], [-3.4290062591902, 40.0406136492374], [-3.42891913770002, 40.0408231116805], [-3.42880102738543, 40.0410717237731], [-3.4285763847651, 40.041426903289], [-3.42834858379516, 40.0417858809903], [-3.42818580796947, 40.0419993366418], [-3.42799976313217, 40.0422410333035], [-3.42780591234124, 40.0424943107917], [-3.42765885184104, 40.0427230828568], [-3.42756953283456, 40.0429177855472], [-3.42751687949422, 40.0431679987869], [-3.42745545170115, 40.0434579214337], [-3.42737486222363, 40.0436561722497], [-3.42718153920132, 40.043892018532], [-3.42702742513339, 40.0440420544144], [-3.42695168656394, 40.0441155372572], [-3.42682009228242, 40.0442787596154], [-3.42672553484293, 40.0444480395867], [-3.42670717483241, 40.0447845461955], [-3.4266254011723, 40.0452508337881], [-3.42655160372384, 40.0456948326463], [-3.42645705870446, 40.0458586661241], [-3.4263967574944, 40.0461143710705], [-3.42624829477653, 40.0463452094683], [-3.42598058778622, 40.0465855770292], [-3.42563397283383, 40.046744168853], [-3.42521408769362, 40.0468726964593], [-3.42481177412437, 40.0469214741337], [-3.42467722483541, 40.046903282942], [-3.42441989074419, 40.0468680567036], [-3.42412831156614, 40.0467077454807], [-3.42385218782396, 40.0465196787132], [-3.42359296273744, 40.0462744233595], [-3.42326076399038, 40.04598815816], [-3.42289221846695, 40.0456780875183], [-3.42262512225656, 40.0454501924668], [-3.42234979676385, 40.0452389055787], [-3.42205653552106, 40.0451244400271], [-3.42185835638963, 40.0450863211128], [-3.42172454154827, 40.0450605889424], [-3.42124170507471, 40.0450734446085], [-3.42112423476887, 40.0450935803153], [-3.42078645237022, 40.0451499918574], [-3.42027640150946, 40.0453112019404], [-3.41988660105337, 40.04542302599], [-3.41952126927657, 40.045472734299], [-3.41918014704933, 40.0454600726057], [-3.41880384187847, 40.0453896509408], [-3.41838322640796, 40.0453126053487], [-3.41800750963364, 40.0452250572162], [-3.41761970692547, 40.0450516035177], [-3.41729940452606, 40.0448566691605], [-3.416965037701, 40.0446446233068], [-3.41667575812323, 40.044404368553], [-3.41638126432197, 40.0441014875386], [-3.41600259647393, 40.0436069001643], [-3.41589712807936, 40.0434692934262], [-3.41567715898974, 40.0431620882761], [-3.41543503559553, 40.0428432519617], [-3.41516836261861, 40.0425980217882], [-3.41496714636353, 40.0424252751631], [-3.41493007640463, 40.0423933395218], [-3.41468996233953, 40.0422640929978], [-3.41447790348772, 40.0421499781261], [-3.41405053507124, 40.0420501469984], [-3.41372005818029, 40.0419803760998], [-3.41365990463276, 40.0419676394275], [-3.41327660476913, 40.0418856674971], [-3.4128642360171, 40.0417803818357], [-3.41263308498353, 40.0417207184743], [-3.41250357347471, 40.0416873932511], [-3.41222458692789, 40.0415904056654], [-3.41187932403792, 40.0414805729509], [-3.4118086221335, 40.0414727782049], [-3.41156141356256, 40.041445792413], [-3.41130014154668, 40.0414858946148], [-3.41101414131641, 40.0416057199722], [-3.41077120362594, 40.04177204038], [-3.41059695614011, 40.0418828057734], [-3.41037983191116, 40.0419353756487], [-3.4101729115747, 40.0419085212066], [-3.40993904117767, 40.0417950579536], [-3.40975393448777, 40.0415569360794], [-3.40963291329513, 40.0413948657703], [-3.40944613019138, 40.0412322293197], [-3.40922059134429, 40.0410694816817], [-3.40889256226215, 40.0408422639312], [-3.40861795349198, 40.0405704439343], [-3.40844621033809, 40.0403345448369], [-3.40832767988014, 40.0400534094625], [-3.40841054155204, 40.0397303880329], [-3.40859081920799, 40.0395839774206], [-3.40869908588318, 40.0394957510079], [-3.40899303343678, 40.0393237216048], [-3.40937033347382, 40.039095828375], [-3.40965778298224, 40.0388954728152], [-3.40990719865729, 40.0384609988266], [-3.41002815674879, 40.0380984195407], [-3.40987417383099, 40.0377544864921], [-3.40964336609179, 40.0375061065934], [-3.40938198059862, 40.0372914404534], [-3.4090830176788, 40.037093285753], [-3.40889330786384, 40.0370257379159], [-3.40871548096345, 40.0369624315314], [-3.4086677444313, 40.0369455524049], [-3.40836270917899, 40.0368373851394], [-3.40788974136881, 40.0367619054109], [-3.40754960606521, 40.0367111408168], [-3.40724768678981, 40.0366210863726], [-3.40688074296254, 40.0364674526042], [-3.40653738798217, 40.0362683086009], [-3.40622373288733, 40.0360644377866], [-3.40585103509546, 40.0358483845788], [-3.40531711643127, 40.0355608165443], [-3.40481164863093, 40.0353142534334], [-3.40439350736681, 40.0351311173525], [-3.40434204647746, 40.0351159837919], [-3.4039443766742, 40.0349989580547], [-3.40348079549773, 40.0348554582615], [-3.40336220668421, 40.0348080070499], [-3.40309162897017, 40.0347013952097], [-3.40271043283363, 40.0345244950621], [-3.40226341048701, 40.0343126629162], [-3.40179899332769, 40.0341973991313], [-3.40148880309897, 40.0341413308477], [-3.40107219502235, 40.0341802082935], [-3.40065227164545, 40.0343393309322], [-3.40052293732433, 40.0343955256353], [-3.40017153063435, 40.0345480089235], [-3.3996769421889, 40.0347284273908], [-3.39923509713776, 40.0348694602787], [-3.39870555734575, 40.0349637593676], [-3.39808729724138, 40.0350453265335], [-3.3974933038752, 40.0351301134862], [-3.39747646822033, 40.0351324236652], [-3.39709409108878, 40.0351996181824], [-3.39687973781899, 40.0352373231736], [-3.39635849334256, 40.0353091270005], [-3.39594932572978, 40.0353368317874], [-3.39575613563722, 40.0353404674094], [-3.39561516771545, 40.0353430570032], [-3.39516915128713, 40.0353700629397], [-3.39470082759858, 40.0353969989385], [-3.39452506306173, 40.0354696751916], [-3.3941792942771, 40.0355062267829], [-3.39416416186515, 40.0355142626446], [-3.39411035127128, 40.035520076746], [-3.39399321328074, 40.0355328634468], [-3.39390650557186, 40.0355506145496], [-3.39385275323368, 40.0355665642574], [-3.39376261252921, 40.035604968118], [-3.39357565694891, 40.0357164237852], [-3.3933983792043, 40.0358541660654], [-3.393229265794, 40.0360011478754], [-3.39314094486084, 40.03612082622], [-3.39286552614038, 40.0365548964351], [-3.39265078926162, 40.0369259298323], [-3.39243973826503, 40.0373124847329], [-3.39231712820975, 40.0375854435811], [-3.39221763151306, 40.0378409795529], [-3.39214273537459, 40.0380673621149], [-3.39209315800605, 40.0381966093224], [-3.39201211753611, 40.0383731359032], [-3.39197624129581, 40.0384408300687], [-3.39188919767588, 40.0385926001731], [-3.39176589840109, 40.0387830864837], [-3.3916906079022, 40.0389365279653], [-3.39166305837109, 40.0390179471536], [-3.3916436358943, 40.0391321656286], [-3.39164421620596, 40.039233982851], [-3.39163803984811, 40.039382924772], [-3.3916321496778, 40.0395698960514], [-3.39162131071473, 40.0397242238727], [-3.39160935991304, 40.0398763030206], [-3.39146755329742, 40.0407011700581], [-3.3914439323218, 40.0408996597403], [-3.39146625711664, 40.0411150576433], [-3.39147604200192, 40.0411606362016], [-3.39150088101785, 40.0412123580652], [-3.39155285276812, 40.0412684930892], [-3.39160333477572, 40.0413171884514], [-3.39170109109051, 40.0413755453775], [-3.39179736997877, 40.0414201433581], [-3.39193248827559, 40.0414764500021], [-3.39277776185519, 40.0417058227264], [-3.3932672320742, 40.0418197308803], [-3.39349624318284, 40.0418928191119], [-3.39366668862651, 40.0419769390822], [-3.39378322257675, 40.0420603347739], [-3.39388222680255, 40.0421491970856], [-3.39398346783337, 40.0422335278707], [-3.39407911056337, 40.0423503396899], [-3.39415369588478, 40.0424744170838], [-3.39421903037743, 40.0426255485925], [-3.39431794993319, 40.0428819884219], [-3.39436238563399, 40.0430918757932], [-3.39438818402169, 40.0433043278266], [-3.39438787091075, 40.0434459828125], [-3.39433463185436, 40.0441829646883], [-3.39427598803597, 40.0447949359343], [-3.39418759764316, 40.0453094190793], [-3.39413352511338, 40.0454972512378], [-3.39406968723602, 40.0456092147555], [-3.39402564673037, 40.0456861246913], [-3.39397318320831, 40.045736419516], [-3.39386947252213, 40.0458549340464], [-3.39374234473976, 40.0459752241653], [-3.39364592851208, 40.0460990457712], [-3.39328074019951, 40.0464274503902], [-3.39281897270532, 40.0468440258217], [-3.39245372134617, 40.0471489975685], [-3.39232904614618, 40.0472702675406], [-3.39224227319964, 40.0473837903965], [-3.3922174150034, 40.04741648987], [-3.39212892916697, 40.0475519376012], [-3.39197328712172, 40.0477760143696], [-3.39185437437175, 40.0479150332534], [-3.39180209781209, 40.0480017341659], [-3.39177233932168, 40.0481261581721], [-3.39173768047032, 40.0482165967465], [-3.39165860003028, 40.0483220424691], [-3.39153009872385, 40.0484098596258], [-3.39135727431956, 40.0485140758508], [-3.39115614983402, 40.0486147535071], [-3.39083322704895, 40.0487329496511], [-3.3903547780404, 40.0489111573778], [-3.38972420029021, 40.0491175985666], [-3.3895369902869, 40.0491818590521], [-3.38936732961441, 40.0492398660993], [-3.38905712677996, 40.0493225584446], [-3.38878428576852, 40.0494029109698], [-3.38848589327892, 40.0494912961086], [-3.38824705729602, 40.049556101627], [-3.38812766071306, 40.0495790732537], [-3.38800584526917, 40.0496010388356], [-3.38792673513368, 40.0496132404837], [-3.38780901720391, 40.0496314219253], [-3.38747510622627, 40.0496667608853], [-3.38716464848641, 40.0496707027659], [-3.38710130729004, 40.0496776716722], [-3.38691735304616, 40.0497163478978], [-3.38675114136241, 40.0497511683274], [-3.38671309052359, 40.0497601104986], [-3.38665391310593, 40.0497740016681], [-3.38657083780679, 40.0497994996345], [-3.38653933652756, 40.0498124407649], [-3.38651237185483, 40.0498294391034], [-3.38643429667333, 40.049896130772], [-3.38638411039856, 40.0499478834442], [-3.38633414954141, 40.0500028916978], [-3.38628177559263, 40.0500706389891], [-3.38618514763914, 40.0502168054403], [-3.38609795925131, 40.0503479607831], [-3.3860037834278, 40.0504741859315], [-3.38592813643844, 40.050572981395], [-3.38588745025318, 40.0506344954108], [-3.38587254948866, 40.0507144969231], [-3.38587288366195, 40.0507739686503], [-3.3858958337412, 40.0508867387583], [-3.38594896757014, 40.0511484058295], [-3.38596745820721, 40.0513088292921], [-3.38596565357963, 40.0514214862671], [-3.38594494467059, 40.0514744572898], [-3.3859134830212, 40.0515288652533], [-3.38588791444348, 40.0515613654829], [-3.38584127371206, 40.0516065692472], [-3.385778184163, 40.0516527547224], [-3.38570807155341, 40.0516944140006], [-3.38561573821691, 40.0517397410596], [-3.38550812870088, 40.0517816777654], [-3.38544157689212, 40.0518044233989], [-3.38535379162901, 40.0518300551443], [-3.38528573620633, 40.0518460484242], [-3.38527256285575, 40.0518489077566], [-3.38520962068092, 40.0518620684618], [-3.38513236164721, 40.0518702087747], [-3.38504668243389, 40.0518740703774], [-3.38476195520721, 40.0518697501085], [-3.38443112805511, 40.0518607861224], [-3.3836771207024, 40.0518040856159], [-3.38294495081877, 40.0517107799337], [-3.38257762514623, 40.0516524789834], [-3.38221264503618, 40.0515878789964], [-3.38188066886183, 40.0515194581598], [-3.38060088904303, 40.0511824272496], [-3.38026959626317, 40.0510797961007], [-3.37989039336858, 40.0509657109231], [-3.37953920373464, 40.0508621242244], [-3.3791575884569, 40.0507552573944], [-3.37893788966855, 40.0506814063963], [-3.37876296784716, 40.0506152085887], [-3.37846195324784, 40.0504793160485], [-3.37799196162964, 40.0502528340159], [-3.37782967982315, 40.0501897323862], [-3.37780158012294, 40.0501812287693], [-3.37747384955447, 40.0500852343648], [-3.37736664637122, 40.050066231939], [-3.37644508541635, 40.0498222139961], [-3.3764303202722, 40.0498181325983], [-3.37591800466846, 40.050459483977], [-3.37528467514491, 40.0525517849039], [-3.37527577086889, 40.0526985142731], [-3.37521029797681, 40.0528853842133], [-3.37510374886863, 40.0535659605311], [-3.37474398259375, 40.0542233136114], [-3.37430169680102, 40.0550320650758], [-3.37439792549516, 40.056791098123], [-3.37450775535944, 40.0584055247319], [-3.37473458883436, 40.0596143404721], [-3.37586494891429, 40.0613235784795], [-3.37732419276583, 40.0620987998198], [-3.37767124086342, 40.0622835664663], [-3.37779833900138, 40.0625999121724], [-3.37804191530232, 40.0632057758527], [-3.3780706758562, 40.0632778443118], [-3.3786966960236, 40.0649858625261], [-3.37912911404308, 40.0661655395698], [-3.3789054083845, 40.0681177388676], [-3.3785981836617, 40.070027654332], [-3.37858694214156, 40.0707540774938], [-3.37778292845155, 40.0733700829881], [-3.37775038242082, 40.0739800300771], [-3.37770855095432, 40.0747668217991], [-3.37728768108959, 40.0748757459636], [-3.37529017922123, 40.0753929688046], [-3.37377333070518, 40.0754772703167], [-3.37301797847147, 40.0755191762279], [-3.37040127588034, 40.0754806398848], [-3.36961909111233, 40.0754849682135], [-3.36918631883162, 40.0754890555773], [-3.36846759701262, 40.0754942674602], [-3.36610784984513, 40.0755023517231], [-3.36433451259219, 40.0750475461718], [-3.36321999797204, 40.0751996700895], [-3.36189394806874, 40.0752650388779], [-3.36048674688739, 40.0755064254002], [-3.3581730506115, 40.0762101608214], [-3.35769676214317, 40.0763053253777], [-3.35667927336404, 40.0765092726872], [-3.35616571031969, 40.0766330461818], [-3.35551963293089, 40.0767881948304], [-3.3544598861225, 40.0773201962385], [-3.35143011641304, 40.0774961055536], [-3.34994303371835, 40.0777287441885], [-3.34899017626413, 40.078055886004], [-3.34794451352837, 40.0788485021381], [-3.34616706603284, 40.0801590401464], [-3.34502680479831, 40.0801065623345], [-3.34375166511715, 40.0802967954989], [-3.34363567928616, 40.0802984030581], [-3.3427315342669, 40.0803134698272], [-3.34045195350102, 40.0804299967972], [-3.33948707230758, 40.0805219166924], [-3.33814947006974, 40.0806465638146], [-3.33441829387149, 40.0810517816031], [-3.33224093334078, 40.0804815239321], [-3.33001931236652, 40.0797095707497], [-3.32774708058927, 40.079134659404], [-3.32566908150436, 40.0774683421637], [-3.32345375416602, 40.0762182644743], [-3.32245486540035, 40.0760681328731], [-3.31909789950448, 40.074187966864], [-3.31564343845914, 40.0702421868594], [-3.31344629742311, 40.069060704655], [-3.31179044238105, 40.0682541627017], [-3.31112547659587, 40.0676455449914], [-3.31078820944686, 40.0673370678408], [-3.31078510109042, 40.0666114721355], [-3.31078321519948, 40.0661964689771], [-3.31050370850481, 40.0656286860749], [-3.31038829565205, 40.0654065062279], [-3.31031956914292, 40.0652742254962], [-3.30958829710466, 40.0638661614628], [-3.3080705353195, 40.0606672733331], [-3.30735026073482, 40.059800632124], [-3.30616934575174, 40.0584452224739], [-3.30606831838525, 40.0583041498999], [-3.30447092219565, 40.0560733357199], [-3.3026948971834, 40.0535929853365], [-3.30249437075412, 40.0533129119801], [-3.30177399032018, 40.0531500443966], [-3.30136182604785, 40.0530482641062], [-3.30091941072834, 40.052942791573], [-3.30059553718044, 40.0528608556765], [-3.30038180988698, 40.052796686806], [-3.30003085325383, 40.05267255253], [-3.29982392914609, 40.0525728650241], [-3.29958428669311, 40.0524326986027], [-3.29931508239226, 40.0522841712088], [-3.29911651214802, 40.0521926682434], [-3.2989931653747, 40.0521425563128], [-3.29879355702362, 40.052067358436], [-3.29812682537346, 40.0518412546154], [-3.29794120183604, 40.0517865476727], [-3.29771469833369, 40.0517349517324], [-3.29750937400245, 40.0516994584407], [-3.29731020966399, 40.0516800521228], [-3.296965346241, 40.0516555967543], [-3.29649968918267, 40.0516362399445], [-3.29626882002097, 40.0516438653417], [-3.2960542802103, 40.0516589970145], [-3.29584805486884, 40.0516865303431], [-3.29563499033742, 40.0517276978619], [-3.29472365878054, 40.0519272527549], [-3.29439093627403, 40.0519911407281], [-3.29396812172766, 40.0520823053262], [-3.29376430387118, 40.0521233750482], [-3.29355227900625, 40.052159023522], [-3.29333547061242, 40.0521893263948], [-3.29317613553214, 40.0522104302347], [-3.29303549540952, 40.0522236409023], [-3.29289603902993, 40.0522345664842], [-3.29262155251796, 40.052238201635], [-3.29258894778474, 40.0522388470822], [-3.29237201443228, 40.0522298218911], [-3.29198719728732, 40.0521728310003], [-3.29192513507396, 40.0521673176774], [-3.29184528952357, 40.0521651213669], [-3.29175989409076, 40.0521660445748], [-3.29166480540657, 40.0521772716717], [-3.2915969665294, 40.0521917945181], [-3.29144583950801, 40.052235533952], [-3.29130180608172, 40.0522763766837], [-3.29123397112961, 40.0522974452859], [-3.29114373942265, 40.0523317027519], [-3.2910723781548, 40.052365256622], [-3.29070271243222, 40.0525517667975], [-3.29061492657949, 40.0525873100905], [-3.29051432665695, 40.0526236011801], [-3.29037603468929, 40.0526615912369], [-3.29019115230635, 40.0527032459341], [-3.29006569011481, 40.0527335291502], [-3.29000959262758, 40.0527419917539], [-3.2899648853135, 40.052739851224], [-3.28992143595154, 40.0527338867114], [-3.28988164658689, 40.0527231663227], [-3.28983810014094, 40.0527016766284], [-3.28979696897904, 40.0526729383151], [-3.28973686629664, 40.0526145381799], [-3.28964977373151, 40.0525282522685], [-3.28960147581026, 40.0524679796191], [-3.2895200049022, 40.0523411774912], [-3.28943875123407, 40.0522169147761], [-3.28940793827387, 40.0521747625342], [-3.28934313740255, 40.0521001560497], [-3.28927134224839, 40.0520255487959], [-3.28922542845591, 40.0519842190927], [-3.28915140321958, 40.0519310111066], [-3.28906915535751, 40.0518884202518], [-3.28897042279789, 40.0518434152995], [-3.28881305772305, 40.0517870113232], [-3.28870742662542, 40.0517548516771], [-3.28858304948447, 40.0517254129594], [-3.28845761791609, 40.0517007406173], [-3.28819589625826, 40.0516596832678], [-3.28783103741479, 40.0515941824412], [-3.287626885391, 40.0515647120753], [-3.28749451659197, 40.0515488432155], [-3.28743808159698, 40.0515456045958], [-3.28736773878117, 40.0515457790824], [-3.28729386105053, 40.0515520081195], [-3.28722825079712, 40.0515593630054], [-3.287177873276, 40.051570298377], [-3.28711584241267, 40.0515858210154], [-3.28702693283303, 40.051614196624], [-3.2869673256439, 40.0516408102738], [-3.28691216958125, 40.0516718639184], [-3.28685256893766, 40.051708667212], [-3.28679887307948, 40.0517470913742], [-3.2867707711519, 40.0517730638266], [-3.28674633526485, 40.0517995903056], [-3.28672057060926, 40.0518335836127], [-3.28669617326445, 40.0518787063542], [-3.28668338495574, 40.051902794553], [-3.28667543096128, 40.0519281540212], [-3.28666838118619, 40.0519625815854], [-3.28665813767712, 40.0519980220003], [-3.28665452586235, 40.0520104192768], [-3.28663492344049, 40.0520538269645], [-3.28661615223728, 40.0520861147645], [-3.28659415397678, 40.0521169957313], [-3.28642959011904, 40.0523343425317], [-3.28623328200725, 40.0524692661733], [-3.28613727383401, 40.05252695473], [-3.28604611292202, 40.0525688351278], [-3.28595585996071, 40.0525977197073], [-3.28585290721092, 40.0526267488037], [-3.28581530056821, 40.0526323090003], [-3.28577087220927, 40.0526348346564], [-3.28570638085395, 40.0526327412777], [-3.28564411940431, 40.052623686261], [-3.28561835925326, 40.0526109971488], [-3.28559008025106, 40.052594736773], [-3.28557611806679, 40.0525851983796], [-3.2855408403741, 40.0525599455401], [-3.28550772805807, 40.052526803865], [-3.28533584233886, 40.0523380235579], [-3.28525344845283, 40.0522599546536], [-3.28517107587626, 40.0521869535944], [-3.28503467556433, 40.0520729786343], [-3.28490871180032, 40.0519849067179], [-3.28481023178925, 40.051931627754], [-3.2847089839733, 40.0518772499616], [-3.28455051846225, 40.0518317098297], [-3.2843639410727, 40.0517934303232], [-3.2841410349147, 40.0517588034726], [-3.28387837664769, 40.0517154293484], [-3.28355804087174, 40.0516719464339], [-3.28346889190545, 40.0516561795137], [-3.28337732948097, 40.0516345394385], [-3.28333171580541, 40.051619350017], [-3.28329395953438, 40.0516041132335], [-3.28325169111059, 40.0515818175476], [-3.28321167385436, 40.0515565389108], [-3.28318112754145, 40.0515250977292], [-3.28316342229788, 40.0514998197603], [-3.28315390858833, 40.0514747178195], [-3.28308850943901, 40.0512550587501], [-3.28296821963258, 40.0507904196869], [-3.28294932716386, 40.0501904129344], [-3.28295973055314, 40.0501516415284], [-3.28298547004304, 40.0501076920631], [-3.2831323680816, 40.0499271390751], [-3.28327348064085, 40.0497599076425], [-3.28330481926786, 40.049692241013], [-3.28332793831003, 40.0496102010742], [-3.28334638927951, 40.0495003441622], [-3.28335053632931, 40.0494074384658], [-3.28334677489326, 40.0493280325789], [-3.28333596565539, 40.0492741034459], [-3.28331586835614, 40.049207603326], [-3.28329924710895, 40.0491749837792], [-3.2832745776983, 40.0491451994401], [-3.28326699749947, 40.0491379859174], [-3.28321682208015, 40.0490879037464], [-3.28319219002113, 40.0490671290053], [-3.28315444847582, 40.0490456841259], [-3.28311697794869, 40.0490308280278], [-3.28303699375243, 40.0489991408759], [-3.2828795639989, 40.0489413606091], [-3.28265659136558, 40.0488595109352], [-3.2814003594245, 40.048408425852], [-3.28060573308038, 40.0481688724189], [-3.28011750860491, 40.0480331501538], [-3.27954951732549, 40.0479002566783], [-3.27885164223239, 40.0478037398726], [-3.27843295019038, 40.0477497314413], [-3.27820311443613, 40.0477170602132], [-3.2780318786381, 40.04768030618], [-3.27785695210522, 40.0476368034614], [-3.27768197781245, 40.0475814753479], [-3.27735911238896, 40.0474639962151], [-3.27709612216482, 40.0473646105434], [-3.27698234952737, 40.047335382896], [-3.27683915548454, 40.0473111337205], [-3.27656233423984, 40.047274867244], [-3.27636767241364, 40.0472591419059], [-3.27621305157543, 40.0472538795368], [-3.27575593090737, 40.0472746770977], [-3.27516516367877, 40.047313246636], [-3.27486637641002, 40.0473516839861], [-3.27459221473573, 40.0474029503017], [-3.2743312085389, 40.0474605057307], [-3.27404072557148, 40.0475602999451], [-3.27383486824711, 40.0476598934606], [-3.27371436397209, 40.0477401505483], [-3.27364544342688, 40.047808783913], [-3.27361075947374, 40.0478469308746], [-3.27354958740192, 40.0478700431005], [-3.27314092999321, 40.0482854538442], [-3.27303348959768, 40.0485362896207], [-3.27294543214005, 40.0486510302734], [-3.27284767773872, 40.048794630256], [-3.27278370212657, 40.0489209168169], [-3.27270472304989, 40.049143529914], [-3.27264215730686, 40.0493310575605], [-3.27262730984474, 40.0493914790691], [-3.27262280517598, 40.0494562469452], [-3.27263715369073, 40.0495454994424], [-3.27264907433454, 40.0495968400489], [-3.27266419747235, 40.0496320463106], [-3.2727020163717, 40.0499352643666], [-3.27304332919234, 40.0502678197043], [-3.27358373133518, 40.0505458458519], [-3.27382649368339, 40.0507857189086], [-3.2738438507304, 40.0508157763075], [-3.27391141585625, 40.050949945307], [-3.27401330975532, 40.0512351994156], [-3.27403041523037, 40.0512982268961], [-3.27410480323561, 40.0515710623334], [-3.27417271587111, 40.0518448008673], [-3.27422073441629, 40.052125781044], [-3.27423499047323, 40.0524301500576], [-3.27421968390393, 40.0527246909515], [-3.27420253114217, 40.0528328479785], [-3.27418285066413, 40.0529156650813], [-3.27412831289326, 40.0530548875221], [-3.27405962965493, 40.0531793693772], [-3.27393266536593, 40.0533850726795], [-3.27386632880454, 40.0535071183808], [-3.27381412446909, 40.0536457659252], [-3.27379330163106, 40.0537214780256], [-3.27378880735969, 40.0537746321448], [-3.27378894210698, 40.0538083950246], [-3.27378904092166, 40.0538332162521], [-3.27381053311485, 40.05392328028], [-3.2738748190066, 40.0541636802772], [-3.27391076264267, 40.0543518869367], [-3.27390980564164, 40.0543916556114], [-3.27390048232255, 40.0544302906372], [-3.27385745648074, 40.0544942646971], [-3.27380251654926, 40.0545557349952], [-3.27375800323028, 40.0545989774144], [-3.27365201050767, 40.0547019732151], [-3.27354434882142, 40.0547906205768], [-3.27346024068456, 40.0548482705067], [-3.27339228560339, 40.0548819595176], [-3.27328466059378, 40.0549201992723], [-3.2731781745275, 40.0549536736599], [-3.27308779445133, 40.0549718839529], [-3.27304208547472, 40.0549728782155], [-3.2729893220282, 40.0549702894199], [-3.27291777301245, 40.0549596399457], [-3.27281215269459, 40.0549310696702], [-3.27277248937985, 40.0549132595687], [-3.2727123292053, 40.0548862583678], [-3.27257969164547, 40.0548199377189], [-3.27244908689442, 40.0547390920428], [-3.27238434980346, 40.0546843152569], [-3.27232790978853, 40.0546178115462], [-3.27230428853446, 40.0545745078827], [-3.27228058439666, 40.0545103694771], [-3.27225557500478, 40.0543944283559], [-3.27224195496893, 40.0542863439538], [-3.27222152275723, 40.0541236542426], [-3.27221422457844, 40.0537627202387], [-3.27221389301386, 40.0536793812792], [-3.27220192891872, 40.0536180081118], [-3.27218657311727, 40.0535846817694], [-3.27216537300253, 40.0535477283781], [-3.27211820090056, 40.0534785770947], [-3.27204992768445, 40.053420131211], [-3.2720042784679, 40.0533921262185], [-3.27194188657789, 40.0533652435692], [-3.27189496544414, 40.0533591595182], [-3.27183633137655, 40.0533559184613], [-3.27170735031065, 40.0533522792588], [-3.2709348929397, 40.0534028666777], [-3.27013902512387, 40.053450687939], [-3.26949899345024, 40.053474674538], [-3.26935014891859, 40.0534715305876], [-3.2692152879516, 40.0534633974289], [-3.26906038382623, 40.0534441501384], [-3.26890440324087, 40.0534145660108], [-3.26882738170447, 40.0533939098065], [-3.26875413916274, 40.0533737050916], [-3.26857685508001, 40.0533207238731], [-3.26841726155433, 40.053265346175], [-3.26824589561189, 40.053197607171], [-3.26809070008774, 40.0531157224949], [-3.26795984961689, 40.0530355313114], [-3.26775104797713, 40.0529074762635], [-3.26767234567676, 40.0528716397743], [-3.26756083061404, 40.0528331449402], [-3.26746946468744, 40.0528052276459], [-3.26736248259929, 40.0527786526711], [-3.26727109019753, 40.0527634524363], [-3.26718423050568, 40.0527563323856], [-3.2670904602447, 40.0527621796493], [-3.26697221308139, 40.0527861026466], [-3.26680935356778, 40.0528320894172], [-3.26671351441386, 40.0528711644218], [-3.26664079586296, 40.0529072995463], [-3.26654498991566, 40.0529678434426], [-3.26639995257123, 40.0530746041325], [-3.26626210656338, 40.0532063815686], [-3.26620852924319, 40.0532975232252], [-3.26617483792845, 40.0533768715412], [-3.26614464645007, 40.0534472251326], [-3.26612727572743, 40.0535075973071], [-3.26610918718494, 40.0536761068682], [-3.2661109641185, 40.0538329061415], [-3.26612077589983, 40.0539238470595], [-3.26616258834307, 40.0541236537723], [-3.26625980058803, 40.0544308070252], [-3.26645181368338, 40.0549682383235], [-3.26655710252289, 40.0552094565878], [-3.26658923212984, 40.0552956232911], [-3.2666057804315, 40.0553643194804], [-3.26661546516858, 40.0554354644996], [-3.26662435748914, 40.0555652703442], [-3.26663659771935, 40.055697572133], [-3.26664496997347, 40.0557775139443], [-3.26663947419497, 40.0558715653245], [-3.2666155600688, 40.0560343580402], [-3.26659949805031, 40.0561436375947], [-3.26658224903148, 40.0562303956305], [-3.26656013703191, 40.056286105505], [-3.26652885848453, 40.0563510231768], [-3.26649970918499, 40.0563927600823], [-3.26646106183924, 40.0564349585618], [-3.2664131979964, 40.0564762987468], [-3.26622129340509, 40.0565869191498], [-3.26599783049048, 40.0566979907046], [-3.26568546314178, 40.0568366684236], [-3.26532361324325, 40.0569709537767], [-3.2651173519558, 40.0570290900244], [-3.26478119608825, 40.0571010363915], [-3.26448228077914, 40.0571295920058], [-3.26416571896462, 40.0571321181502], [-3.26392527230239, 40.0571101501793], [-3.26386106578615, 40.0570993033697], [-3.26370354114083, 40.0570718997653], [-3.26348886252879, 40.0570201893652], [-3.26334800495455, 40.0569788397658], [-3.26320941203901, 40.0569315616581], [-3.26309781433126, 40.0568786747179], [-3.26300044093526, 40.0568275906005], [-3.26285346206803, 40.0567186815583], [-3.26277565780912, 40.0566433459693], [-3.26273201944925, 40.0565731600087], [-3.26271634474586, 40.0564677829521], [-3.26274257375551, 40.0562749371121], [-3.26279229484207, 40.0560566074716], [-3.26281767830317, 40.0559729380688], [-3.26288712808836, 40.0557540043041], [-3.26294725129975, 40.0555293473449], [-3.26296872193337, 40.0553175832064], [-3.26297028391919, 40.0550825929452], [-3.26295285285252, 40.0548371181625], [-3.26291706730513, 40.0546778402865], [-3.26286144518762, 40.0545050928485], [-3.26277126594571, 40.0542611901936], [-3.26266481109297, 40.0540317059844], [-3.26240699819969, 40.0535905092564], [-3.26233767736992, 40.0534977564093], [-3.26217423123482, 40.0532813739678], [-3.26187062255832, 40.0529452793148], [-3.26181285572279, 40.0528812157219], [-3.26159889031129, 40.0526896796933], [-3.26121652024245, 40.0523942900545], [-3.26109588225743, 40.0523135329158], [-3.25945228202504, 40.0512134452748], [-3.25928780588642, 40.0511036308793], [-3.25896809996835, 40.0508901710306], [-3.25866624010473, 40.050710749946], [-3.25831497172731, 40.0505375336275], [-3.25805198277025, 40.0504443873436], [-3.25794997010944, 40.0504139002087], [-3.25783135114657, 40.0503926354783], [-3.25770479434633, 40.0503936108324], [-3.25762504585506, 40.0504020774805], [-3.25754307458538, 40.0504203034084], [-3.25747530897335, 40.0504538103405], [-3.25740855097328, 40.0504980783151], [-3.25735481824456, 40.0505486638634], [-3.25731764324519, 40.0506146460273], [-3.25729672778839, 40.0506938203311], [-3.25729843009586, 40.0508397906516], [-3.25733799020348, 40.0510566396287], [-3.25751633007445, 40.051716204429], [-3.25766264034969, 40.0522931519154], [-3.25770585815933, 40.0525244041289], [-3.25772884169455, 40.0527479938745], [-3.25772787600564, 40.0531164768073], [-3.25771406325229, 40.0534383077736], [-3.25769378241879, 40.0536956925398], [-3.25766533499082, 40.0539249401313], [-3.25760194986916, 40.0542167702023], [-3.2575196157385, 40.0544388171511], [-3.25741125704795, 40.0546581063233], [-3.25716557806413, 40.0550928068829], [-3.25649795164475, 40.0565425961193], [-3.25640591972511, 40.0567088432663], [-3.25634302687543, 40.05681799337], [-3.25625792214951, 40.0569237870326], [-3.25607323854111, 40.057102372347], [-3.25586529042038, 40.057258013618], [-3.25547092443131, 40.0575037010075], [-3.255160836775, 40.0576746684029], [-3.25486491252518, 40.0578221984219], [-3.25468800133868, 40.0578973382588], [-3.25452756413289, 40.0579507650977], [-3.25433902092436, 40.0579928489958], [-3.25426470888861, 40.0580008099261], [-3.254162116655, 40.0580118197066], [-3.25385719291096, 40.0579922163992], [-3.25348179661624, 40.057939543234], [-3.25327983284201, 40.0578950060362], [-3.25300750297488, 40.0577964247788], [-3.25272320704756, 40.0576619277696], [-3.25250217477527, 40.0575513798146], [-3.25209634145733, 40.0574233822552], [-3.25205049276164, 40.0573108607779], [-3.25202552149995, 40.0572957112334], [-3.25187032226232, 40.0571997987081], [-3.25170451751538, 40.0570811971392], [-3.25149759867453, 40.0569095812462], [-3.25133291772003, 40.0567630965539], [-3.251215130801, 40.056622869988], [-3.25110797393759, 40.0564772577675], [-3.25108707397957, 40.0564517919018], [-3.25102553338891, 40.0563772035021], [-3.25098436484953, 40.0563412538909], [-3.25092560524282, 40.0563042161515], [-3.25084116706574, 40.0562587873854], [-3.25061073960522, 40.0561402561747], [-3.25046053910905, 40.0560749119687], [-3.25027965957384, 40.0560077300858], [-3.25009771003055, 40.0559484337172], [-3.2500144543307, 40.0559255260445], [-3.24984664520096, 40.0559058201127], [-3.24974339463884, 40.0558979231906], [-3.24963329628227, 40.0558965032757], [-3.24944465507595, 40.0559109872237], [-3.24937770845297, 40.0559221358315], [-3.24929104258763, 40.0559466558144], [-3.24925252628217, 40.0559739055096], [-3.24922334606728, 40.0560100070846], [-3.24919353405679, 40.0560719660526], [-3.24912443739399, 40.0562163167014], [-3.24900814811537, 40.0564795373145], [-3.24897083361303, 40.0565518904381], [-3.24882631574593, 40.0567547238115], [-3.24870489889371, 40.0569182853108], [-3.2486615140163, 40.0569688364821], [-3.24860675720816, 40.0570328847471], [-3.24849220853471, 40.0571367523941], [-3.24841966975566, 40.0571745474449], [-3.24833887599718, 40.0572055138115], [-3.24826520010985, 40.0572165484028], [-3.24817362861426, 40.0572246280722], [-3.24803184798379, 40.0572294365299], [-3.24790628239063, 40.0572199768991], [-3.24780423579587, 40.0572085255391], [-3.247695104637, 40.0571897546463], [-3.24755783545112, 40.0571594989372], [-3.2474240424916, 40.0571200663641], [-3.24719398484567, 40.0570412449627], [-3.24710235489003, 40.0570144288748], [-3.24701910441942, 40.0570001754539], [-3.24686906348592, 40.0569745804256], [-3.24669313911616, 40.0569603143798], [-3.2465454640663, 40.0569561238691], [-3.24640693886801, 40.05694909818], [-3.24617001860951, 40.0569416256975], [-3.24606922673631, 40.056944549955], [-3.24598014170789, 40.0569573361023], [-3.24588314817905, 40.0569946963617], [-3.24581164111679, 40.0570423849608], [-3.24574159318586, 40.0571281095977], [-3.24568680393691, 40.0572119087772], [-3.24564391240771, 40.0573077277769], [-3.24558595330404, 40.0574931125819], [-3.24540191094949, 40.0581782396217], [-3.24538065052113, 40.0582779544328], [-3.24535450374005, 40.0584001847488], [-3.24534876889528, 40.0584362355999], [-3.24538693960082, 40.0586011640083], [-3.24539876161084, 40.0586281680605], [-3.2454175951174, 40.0586595018301], [-3.24549265032003, 40.0587546680237], [-3.24561663144573, 40.0588940555561], [-3.24574265948611, 40.0590561576419], [-3.24574773586578, 40.0590723866622], [-3.24575448940009, 40.0590939593448], [-3.24575720242593, 40.0591634852545], [-3.24576160495547, 40.0594453409146], [-3.24564325281511, 40.0594599774768], [-3.24450472280351, 40.0562712064116], [-3.2444436559328, 40.0561001509465], [-3.24444998969296, 40.0559244484077], [-3.24417944626298, 40.0550321310098], [-3.24369885746745, 40.0536396409678], [-3.24362265787349, 40.0534187656161], [-3.24333819678996, 40.0535138775812], [-3.24272987218633, 40.0535810370723], [-3.23995673742555, 40.0537968522886], [-3.23928474887401, 40.0538905915355], [-3.23812027262968, 40.0539661944655], [-3.23734458236937, 40.0541626209367], [-3.23722862844584, 40.0541787892617], [-3.23702097953106, 40.0542443707303], [-3.23691813850458, 40.0542772412478], [-3.23336690961467, 40.0553999624801], [-3.23292698731734, 40.0555388690834], [-3.2323355394044, 40.0556238992074], [-3.23034661451075, 40.0559105499384], [-3.2289987260669, 40.0560449887726], [-3.22756344679318, 40.0565567358083], [-3.22633925647848, 40.0569934179013], [-3.22350154478945, 40.0578007901856], [-3.22244434178356, 40.0581018342174], [-3.22115824771332, 40.0586584065504], [-3.21993930449743, 40.0590430623607], [-3.21777353765656, 40.0597269016722], [-3.21643154313239, 40.0602890648304], [-3.21630671096849, 40.0603186901693], [-3.21229109729311, 40.0612652679532], [-3.21129767066887, 40.0616055107152], [-3.21047939002606, 40.0616610928088], [-3.20948103553191, 40.0622394883122], [-3.20899724436742, 40.0627998696549], [-3.2082743749502, 40.0625986729628], [-3.20798046914512, 40.0624238976759], [-3.2074485200715, 40.0621079561037], [-3.20626083677312, 40.0609739474331], [-3.20544458348852, 40.0605276315447], [-3.20471861295996, 40.060059771057], [-3.20359235734551, 40.0598522801264], [-3.20209812010332, 40.0601027929651], [-3.20141506721243, 40.0603324162396], [-3.20095602361065, 40.0604867229589], [-3.2007253119912, 40.0609826557452], [-3.20031865847295, 40.0614363731731], [-3.20064018763484, 40.0619378221113], [-3.20182915372747, 40.0615501787012], [-3.20358158269217, 40.0617615535821], [-3.20510676214446, 40.0620472546617], [-3.20645440055675, 40.062872784365], [-3.20693581830119, 40.0631674849087], [-3.2074537204187, 40.0638287648259], [-3.20732344224461, 40.0638782054082], [-3.20466966061307, 40.0648851126019], [-3.20357370206366, 40.065403411477], [-3.20177157261606, 40.0662911101326], [-3.20106515541592, 40.067324603698], [-3.1995970763486, 40.0676841511552], [-3.19897281043956, 40.0683761553876], [-3.19824685126573, 40.0687569329687], [-3.19737045290119, 40.0698373391935], [-3.19679749179409, 40.070416059907], [-3.19582207321909, 40.0713592246479], [-3.19534264077264, 40.0722300314446], [-3.1942624895791, 40.0730591744967], [-3.19281000610875, 40.0740975886402], [-3.19191177275373, 40.0749739841349], [-3.1906397394468, 40.0759626113732], [-3.18918235322481, 40.0773740819197], [-3.18841868095796, 40.0786186174943], [-3.18859749420853, 40.0792507969228], [-3.18935468236488, 40.0807757972932], [-3.18894359328612, 40.0822222371417], [-3.18861818959603, 40.0824987201124], [-3.18841827312281, 40.0823188276311], [-3.18824672814123, 40.0821920989276], [-3.1879647377213, 40.082016044111], [-3.1876792722577, 40.081855141333], [-3.18743981631264, 40.0817336532421], [-3.1873738971634, 40.081706944539], [-3.18729759516147, 40.0816854614963], [-3.18721092220751, 40.0816692663926], [-3.18712989377056, 40.0816603876441], [-3.1869726502687, 40.0816526581912], [-3.18679200804821, 40.0816511172067], [-3.18660206492591, 40.0816533556178], [-3.18637921757016, 40.0816554036801], [-3.18614940607506, 40.0816574625045], [-3.18607775846412, 40.0816640231231], [-3.18599807703535, 40.0816757249109], [-3.18590796965601, 40.0816978306157], [-3.18582814351825, 40.0817266770089], [-3.18576484201298, 40.0817608947417], [-3.1856631230456, 40.0818322420905], [-3.18559041972752, 40.0818926918835], [-3.18553663309991, 40.0819522443075], [-3.18547015852787, 40.0820408997434], [-3.18536140592396, 40.0822120064726], [-3.18515583494364, 40.0825076528015], [-3.1849688184514, 40.0827483970245], [-3.18469635616967, 40.0830581384217], [-3.18457127269641, 40.0832113395681], [-3.18444384423486, 40.0833900926441], [-3.18439830953142, 40.0834658174811], [-3.18433998012339, 40.0835884660256], [-3.18427845676311, 40.0837743466758], [-3.1842237605835, 40.083981461133], [-3.18420450124478, 40.0840785404578], [-3.18417863102029, 40.0842085997405], [-3.18413353510129, 40.0844041273756], [-3.18407059855382, 40.0845810420362], [-3.1840229657928, 40.0847241461121], [-3.1839589305321, 40.0849016255519], [-3.18393329482796, 40.0850144308949], [-3.18389857494225, 40.0851892632967], [-3.18386726281945, 40.0852993224298], [-3.18380775405011, 40.0853883872791], [-3.18375512334291, 40.0854453442669], [-3.18363671064702, 40.0855221315285], [-3.18353710993991, 40.0855574023894], [-3.18339770888873, 40.08557317214], [-3.1832921171974, 40.0855643296012], [-3.18318170599946, 40.085535222849], [-3.1830349502941, 40.0854853385806], [-3.18279417344497, 40.0853669038552], [-3.18258503228267, 40.0852579819662], [-3.18242674553634, 40.0851667098672], [-3.18228429429185, 40.0850845841177], [-3.18182613103905, 40.0847987796611], [-3.18151145180718, 40.0846211188578], [-3.18117782601291, 40.0844583409852], [-3.18101233391077, 40.0843910272219], [-3.1808936061123, 40.0843560591162], [-3.18078931357632, 40.0843311233688], [-3.18066025468915, 40.0843183733216], [-3.18048994364781, 40.0843026023887], [-3.18034459361863, 40.0842946517061], [-3.18018039238288, 40.0842994120524], [-3.18007244892454, 40.0843149813315], [-3.17992725802118, 40.0843566790025], [-3.17971153627697, 40.0844234601327], [-3.17956983613124, 40.0844822426858], [-3.17948065678168, 40.0845294299539], [-3.17933193000341, 40.084616066866], [-3.1791105724442, 40.0847579117684], [-3.17903917473889, 40.0848012177991], [-3.17896538493135, 40.0848410358625], [-3.17875101515648, 40.0849221670482], [-3.17849798757999, 40.0850216635008], [-3.17835156112346, 40.0850962187513], [-3.17816050749632, 40.085206318006], [-3.17799543449528, 40.0852994839095], [-3.17785387319292, 40.0854128852208], [-3.17774492152692, 40.0855211683913], [-3.17758930874819, 40.0856783042105], [-3.17741856775877, 40.0858695747251], [-3.17731800136271, 40.0859868553898], [-3.17724675307023, 40.0860788414131], [-3.17714839743405, 40.086174719514], [-3.17704674833707, 40.0862728549788], [-3.17693189197887, 40.0863613461193], [-3.17664399198049, 40.086592186585], [-3.17647538252453, 40.0867314176751], [-3.17637823870971, 40.0868171592469], [-3.17631858249, 40.0868793739828], [-3.1762612538052, 40.0869506496613], [-3.17618770157789, 40.0870489955244], [-3.17611073573577, 40.0871960826341], [-3.17609911165044, 40.0872372068773], [-3.17608616586813, 40.087283370452], [-3.17608760797697, 40.0873250685441], [-3.17610281434527, 40.087367169796], [-3.17612299253084, 40.0874004706477], [-3.17615107363897, 40.0874319392899], [-3.17618987546936, 40.087461603123], [-3.17622988042855, 40.087484773641], [-3.17630843691718, 40.0875118739505], [-3.17640824693178, 40.0875369818598], [-3.17655375747121, 40.0875619887759], [-3.17676612945276, 40.0875895838377], [-3.17693626228275, 40.0876082561624], [-3.17704803988495, 40.0876203602625], [-3.177134574043, 40.087629800735], [-3.17733523643975, 40.0876635068051], [-3.17751492434827, 40.0877148102619], [-3.17767927453764, 40.0877641114144], [-3.17807013200403, 40.0878984239388], [-3.17837197977719, 40.0880040552061], [-3.17863366045311, 40.0880804761703], [-3.17882386003321, 40.0881064064743], [-3.17899850851082, 40.0881105287103], [-3.17920727069462, 40.0880930867202], [-3.17938437714617, 40.0880774989558], [-3.17969394108464, 40.0880401030141], [-3.18017833896588, 40.0879697258522], [-3.18027214739623, 40.0879571916236], [-3.18031186971072, 40.0879508627562], [-3.18038811871202, 40.0879498222411], [-3.1804691090214, 40.0879541973526], [-3.18060061948998, 40.0879673789511], [-3.18073312478174, 40.0879907514457], [-3.18079183866869, 40.0880104957886], [-3.18084584448526, 40.0880374220075], [-3.18093745467792, 40.0880877295219], [-3.18098447878812, 40.088127308864], [-3.18102213796147, 40.0881695953005], [-3.18103982668772, 40.0882092233904], [-3.18105054358905, 40.0882632502242], [-3.1810506343189, 40.0882974956493], [-3.18104487881289, 40.0883479713498], [-3.18102736885137, 40.0883849018488], [-3.1810040135523, 40.0884201066241], [-3.1809759843188, 40.0884579538851], [-3.18094914192029, 40.0884893951986], [-3.18083560638597, 40.0886014317184], [-3.18074915558658, 40.0886890460805], [-3.18063672477195, 40.0888143919918], [-3.18052333492522, 40.0889614042985], [-3.18046027049732, 40.0890606063107], [-3.18042892643598, 40.0891642415844], [-3.18040332179989, 40.0892733280466], [-3.18040834338234, 40.0893940308386], [-3.18043330037756, 40.0895102017133], [-3.18046640389088, 40.0896135397867], [-3.18052183294207, 40.0897236223461], [-3.1805737268194, 40.0898235489765], [-3.18062093238927, 40.089951402234], [-3.18063762757883, 40.0900414721181], [-3.18064142156103, 40.0900902156065], [-3.18063566794996, 40.0901324573349], [-3.18062743529359, 40.0901757252308], [-3.18060990826409, 40.0902171740244], [-3.18058544893556, 40.0902704089398], [-3.18055274666595, 40.0903226967992], [-3.18051898912308, 40.0903697057555], [-3.18048498496178, 40.0904029818418], [-3.18036789045982, 40.0904831249062], [-3.18024383361956, 40.0905644048916], [-3.18011031958479, 40.0906738546164], [-3.18002840712804, 40.0907505640062], [-3.17997104066189, 40.0908216041703], [-3.17989982103152, 40.0909219471943], [-3.17984836259794, 40.0910093081169], [-3.17978888067859, 40.0911124483618], [-3.17972688320444, 40.0911988265363], [-3.17966033031669, 40.0912979088013], [-3.17959014585175, 40.09137403658], [-3.17950232518541, 40.0914349878569], [-3.17940384971976, 40.0914869459162], [-3.17928198267849, 40.0915400516012], [-3.17910982382365, 40.0916180408802], [-3.17886381971252, 40.0917490609551], [-3.17873611058427, 40.0918371021892], [-3.17852776435247, 40.0920042643187], [-3.17839552172444, 40.0921073536715], [-3.17831351598565, 40.0921497126786], [-3.17820693689773, 40.0921876046087], [-3.17813770139551, 40.0922068566118], [-3.17806734847524, 40.0922193530526], [-3.17800514068986, 40.0922276232536], [-3.17795006764215, 40.0922302322419], [-3.17790314268964, 40.092229741216], [-3.17778580760099, 40.092219785503], [-3.17772940820328, 40.0922090944504], [-3.17768494125733, 40.0921991054491], [-3.17762493054249, 40.092183144359], [-3.1775627718124, 40.0921626910737], [-3.17750517523363, 40.0921391877226], [-3.17746882108957, 40.0921228547203], [-3.17733482411305, 40.0920403269355], [-3.17684248894687, 40.0917329281812], [-3.17666989857489, 40.0916505061176], [-3.17665118081892, 40.0916420881143], [-3.17650302997403, 40.0915676732708], [-3.1763409689933, 40.0914696880587], [-3.1762774818708, 40.0914346990845], [-3.17617652227697, 40.0913860358887], [-3.17613432142876, 40.0913692069647], [-3.17608737676225, 40.0913608317863], [-3.17599351502013, 40.0913547802936], [-3.17591594859651, 40.0913541711422], [-3.17578825345025, 40.0913652278289], [-3.17563103184556, 40.0913823594127], [-3.17545992763516, 40.0914180942214], [-3.17529449767622, 40.0914514742954], [-3.17518192260143, 40.0914714595382], [-3.1751115737349, 40.0914787998062], [-3.17503082341134, 40.0914840633802], [-3.17498500018737, 40.0914841326104], [-3.17491685760888, 40.0914790898159], [-3.17487578753241, 40.0914737239502], [-3.1748123988127, 40.0914594124529], [-3.174732668203, 40.0914372128327], [-3.17462114273233, 40.0914047210152], [-3.1744425857664, 40.0913536419768], [-3.17408593170114, 40.0912630614505], [-3.17305307745687, 40.0910466880711], [-3.17257295088417, 40.0909409778143], [-3.17218793567583, 40.090870487438], [-3.17177132669147, 40.0908008384222], [-3.17142874450294, 40.090756289561], [-3.17098394795504, 40.0906992329384], [-3.17059323470537, 40.0906574944252], [-3.17022950415189, 40.0906255847256], [-3.16984251897092, 40.0906009572066], [-3.16945759060038, 40.0905942006083], [-3.16910682743904, 40.0905938715605], [-3.16880886883571, 40.0906086711768], [-3.16864759878432, 40.0906184264829], [-3.1684876974405, 40.0906282753907], [-3.16812162081244, 40.0906619566414], [-3.16787311208399, 40.0906989925086], [-3.16758220404388, 40.0907384135406], [-3.16734181217891, 40.0907846843102], [-3.16715199881588, 40.0908306753018], [-3.16703477915469, 40.0908663199038], [-3.16680622541187, 40.0909460468276], [-3.16671473511, 40.0909838065304], [-3.16656827648102, 40.0910479829388], [-3.16644640384303, 40.0911094344183], [-3.16643855526239, 40.0911016254193], [-3.1663571059139, 40.0910207898906], [-3.16630396816729, 40.0903284814144], [-3.16641928550126, 40.0895967617306], [-3.16657340631967, 40.089125868252], [-3.16665217463697, 40.0888846986794], [-3.16736166590405, 40.0876798081037], [-3.16776046033899, 40.0870026438567], [-3.16792295120083, 40.0866390637182], [-3.16802788610411, 40.0864041697296], [-3.16803041792318, 40.0862434884261], [-3.16803801999883, 40.0857361378607], [-3.16804712752839, 40.0851380912086], [-3.16738617997079, 40.0849212519191], [-3.16659144172345, 40.0846446622556], [-3.16487283663796, 40.0840679814445], [-3.16391371204062, 40.0836951469244], [-3.16346108243922, 40.0837177475582], [-3.16316672312399, 40.0837080266694], [-3.16311195675229, 40.0819551603763], [-3.16282168833143, 40.0811976302813], [-3.16255834422892, 40.0769628905518], [-3.16201839580521, 40.0758228400889], [-3.16163133761335, 40.0747483698446], [-3.16289343640646, 40.0708527296891], [-3.16200832678169, 40.0705144182624], [-3.16123342455376, 40.069180220306], [-3.16120898928497, 40.068314353788], [-3.16119259061238, 40.0677315622406], [-3.16157881024261, 40.0649273203052], [-3.16142626999839, 40.0648852999986], [-3.1613767722321, 40.0648735437298], [-3.16120811271401, 40.064833234905], [-3.16102625481886, 40.0647901286494], [-3.16085028010004, 40.0647554605298], [-3.16065423307936, 40.0647221795513], [-3.16044428511938, 40.0646972632905], [-3.16027893671661, 40.0646830781639], [-3.16009374320151, 40.0646714794064], [-3.15984381255591, 40.0646557384605], [-3.15973604551786, 40.0646505751063], [-3.15954596893693, 40.0646498342326], [-3.15940994423998, 40.0646491130478], [-3.15926569097504, 40.0646420978234], [-3.15918357417827, 40.0646268931263], [-3.15905689974419, 40.0645963250992], [-3.1588644889961, 40.0645552544548], [-3.15866037020399, 40.0645158800346], [-3.15847735643113, 40.0644855173306], [-3.15834131957057, 40.0644739850821], [-3.15822636983569, 40.0644741392193], [-3.15812330001793, 40.0644799139068], [-3.1580141706976, 40.0644924493838], [-3.15788640241643, 40.06450974892], [-3.15781491179119, 40.0645215223371], [-3.15774233349904, 40.0645378700488], [-3.15762857335347, 40.0645695461702], [-3.15755008394043, 40.064595568459], [-3.15742121882972, 40.064640108893], [-3.15724546344437, 40.0647070071844], [-3.157104852682, 40.0647538427486], [-3.15701811242236, 40.0647793840671], [-3.15691149677118, 40.0648065600969], [-3.15684592611386, 40.0648189507643], [-3.15677788494909, 40.0648301363888], [-3.15671111115396, 40.064834900167], [-3.15665834332507, 40.064834971531], [-3.15659729932248, 40.0648340131765], [-3.15655169802559, 40.0648306108382], [-3.1564472320778, 40.0648178005144], [-3.1563978975839, 40.0648108280712], [-3.15641652882686, 40.0646917062252], [-3.15270376911574, 40.065689644196], [-3.14961238255369, 40.0660223024207], [-3.14744388159897, 40.0653549114725], [-3.14719164993852, 40.0653209831284], [-3.14692658404764, 40.0652852947903], [-3.1466004417006, 40.0652316601557], [-3.14621214402073, 40.0651528240753], [-3.14591544385677, 40.0650776209054], [-3.14566315118168, 40.0649940355852], [-3.14543542642611, 40.0649177392548], [-3.1451021290618, 40.0647983424582], [-3.14482299533022, 40.0646966426456], [-3.14459395929208, 40.064610651679], [-3.14424212491084, 40.0644957753185], [-3.14392161792333, 40.0643835526919], [-3.14371515069246, 40.064307226561], [-3.14334891137629, 40.0641644180512], [-3.14309072837711, 40.0640602221775], [-3.14292185237516, 40.0639793539244], [-3.14275620564678, 40.0639002681353], [-3.14248168814178, 40.0637698574851], [-3.14197450336464, 40.0635408381889], [-3.14154277069392, 40.0633666981298], [-3.14135958678973, 40.063307300727], [-3.14124699285034, 40.0632777453101], [-3.14108628999965, 40.0632371773796], [-3.14100062359545, 40.0632185381863], [-3.14091265786787, 40.0632051337655], [-3.14080005135208, 40.063191781593], [-3.1406816346169, 40.0631836112503], [-3.13718642208052, 40.0627435118223], [-3.13661061510768, 40.0626732408117], [-3.13606755665375, 40.0626171179992], [-3.13555620055972, 40.0625709002757], [-3.13512810723676, 40.062528008649], [-3.13470956289766, 40.0624879523999], [-3.1342450249609, 40.0624507913872], [-3.13411369036805, 40.0624500179276], [-3.13401522962302, 40.0624591536881], [-3.13384184535696, 40.0624844532123], [-3.13358504758295, 40.0625207883931], [-3.13341984311333, 40.0625496971809], [-3.13321814818321, 40.0625960875089], [-3.13305521624856, 40.0626341175663], [-3.13299428442117, 40.0626431921131], [-3.13269885141694, 40.0626254183637], [-3.13257209240731, 40.0626094191726], [-3.1322319650879, 40.0625638765871], [-3.13185077847182, 40.062508437135], [-3.131159924611, 40.0624136866294], [-3.1302650780837, 40.0622784913221], [-3.12993423449123, 40.0622348665628], [-3.12965864124353, 40.0622045255305], [-3.12930227275496, 40.0621770844989], [-3.12902081563163, 40.0621565633401], [-3.12851523231227, 40.0621328272474], [-3.12782924103204, 40.0621083418041], [-3.12755956139387, 40.0621095786582], [-3.1273344795163, 40.0621251407415], [-3.12727584917264, 40.0621305921106], [-3.12713515503284, 40.0621487337743], [-3.12704025652381, 40.0621542471431], [-3.12697686215288, 40.0621531904263], [-3.1268350310184, 40.0621409574422], [-3.12671413711706, 40.0621239877655], [-3.12654768064741, 40.0621035435345], [-3.12638578671102, 40.0620829220078], [-3.12624752220638, 40.0620751525735], [-3.12610789408785, 40.0620651687239], [-3.12598589267915, 40.0620680206249], [-3.12582411597794, 40.0620825885589], [-3.12573968272507, 40.0620925980341], [-3.12554862423988, 40.0621243425274], [-3.12540339376436, 40.0621436420944], [-3.12520158168944, 40.0621589661737], [-3.12502688182455, 40.0621609599892], [-3.12488616522685, 40.0621538943194], [-3.12478530059012, 40.0621504072045], [-3.12472916788947, 40.0621466223355], [-3.12462583974572, 40.0621460551858], [-3.12448160444709, 40.0621317980256], [-3.1243725737604, 40.0621149086219], [-3.12408272371485, 40.0620385279226], [-3.12376366997371, 40.0619559610763], [-3.12352319276879, 40.0619039828187], [-3.12323356793074, 40.061832883213], [-3.12305394700033, 40.0617927329063], [-3.12290035261164, 40.0617594702195], [-3.1226822556452, 40.0617191577046], [-3.12234796031757, 40.0616558801802], [-3.12219418201832, 40.0616278700914], [-3.12192102295209, 40.0616281749241], [-3.12163482974245, 40.0616205922506], [-3.1215000268488, 40.061627689959], [-3.12143553140466, 40.0616322572071], [-3.12134997855196, 40.0616512797265], [-3.12124577354207, 40.0616711165273], [-3.12110846019963, 40.0616884708404], [-3.12099708257913, 40.061687720748], [-3.12092920363155, 40.061684398835], [-3.12081888923215, 40.0616732517965], [-3.12066869354553, 40.0616519871925], [-3.12050221605731, 40.0616279699737], [-3.1203344403098, 40.0616117757477], [-3.12018903809957, 40.061599361739], [-3.1198712330167, 40.0615969368269], [-3.11953823203243, 40.0615847146359], [-3.11893672978377, 40.0615653935003], [-3.11852974736188, 40.0615406825538], [-3.11837273632512, 40.0615293691874], [-3.11833168685644, 40.0615237800558], [-3.11830457026288, 40.0615156523746], [-3.11827172246618, 40.0615030630285], [-3.11824368034558, 40.0614867048802], [-3.11822356737708, 40.0614698079201], [-3.1181895149396, 40.0614283808148], [-3.11717527655964, 40.0619493560267], [-3.1122648334455, 40.0644714851984], [-3.11214581230311, 40.0644681084759], [-3.1107004382823, 40.0644287285053], [-3.10633628608815, 40.0661608385666], [-3.10267713044123, 40.0673342007258], [-3.09806434402375, 40.0677194197711], [-3.09740748977933, 40.0678658183399], [-3.09717916738316, 40.0678536217534], [-3.09533881195475, 40.0683867228215], [-3.09361848267465, 40.0687707473874], [-3.09221327011415, 40.0689495430873], [-3.09166840009293, 40.0692061276071], [-3.0897180746449, 40.0701244516226], [-3.08880155711939, 40.0705937617657], [-3.08865990447718, 40.0707080474613], [-3.0859747122097, 40.0728735561086], [-3.08145631960372, 40.0761697423232], [-3.07739245401847, 40.0791571038791], [-3.07487904478687, 40.0813419129548], [-3.07263007013255, 40.0831345805046], [-3.07075250222627, 40.0835726676012], [-3.0639290786664, 40.0882273560745], [-3.06276381135407, 40.0890172263234], [-3.06158572655448, 40.0899395108837], [-3.06070645555439, 40.0905643589098], [-3.05865449347816, 40.0929140443419], [-3.05634830857168, 40.096104606927], [-3.05576022211501, 40.0969534880766], [-3.05515976022189, 40.0974026671547], [-3.0543523014439, 40.0985274296811], [-3.05337232455733, 40.0991433946385], [-3.05298278850276, 40.0993885232609], [-3.05307892163346, 40.0994864591618], [-3.05314130792059, 40.099562449454], [-3.0532011323144, 40.0996440719175], [-3.05328093829672, 40.0997721289423], [-3.05334440247492, 40.0999000445933], [-3.0534115219186, 40.1000403995429], [-3.05346917105383, 40.1001524304196], [-3.05350772803862, 40.1002295577086], [-3.05360875959506, 40.1004062674818], [-3.05365237300969, 40.1004727512353], [-3.05370977964032, 40.1005413817428], [-3.05387548241346, 40.1007198498217], [-3.05395048501734, 40.1008079298658], [-3.05401390068651, 40.1008772608051], [-3.05409969022474, 40.1009630057349], [-3.05423108816935, 40.10108981093], [-3.05432037082714, 40.1011699404987], [-3.05436276207654, 40.1012044536617], [-3.05440972019101, 40.1012399070881], [-3.05445777827387, 40.101275359978], [-3.05450229584185, 40.1013049941502], [-3.05455865596516, 40.1013400693243], [-3.05457406205317, 40.1013490717109], [-3.05459863865441, 40.1013637008006], [-3.05461735206343, 40.1013725112556], [-3.05462908316272, 40.1013779299368], [-3.05464318940765, 40.1013833108255], [-3.05466208726344, 40.1013884473971], [-3.05470902536414, 40.1013985610864], [-3.0547299738506, 40.1014040270027], [-3.05474175076399, 40.1014076028084], [-3.05476990440016, 40.101419367118], [-3.05481098306451, 40.1014379300777], [-3.05485206310776, 40.1014581823303], [-3.05491895153863, 40.1014921907605], [-3.05494597196406, 40.1015084179147], [-3.05497182188467, 40.1015273166078], [-3.05499182354428, 40.1015453969873], [-3.05502229372889, 40.1015768541912], [-3.05513273289557, 40.1016928629192], [-3.05525242773164, 40.1018326111289], [-3.05540761962511, 40.1020277778647], [-3.05551919013924, 40.1021639952908], [-3.05557901782234, 40.1022433640762], [-3.05562013205095, 40.1023047225318], [-3.05566015329933, 40.1023745280372], [-3.05574461234444, 40.1025344085736], [-3.05580226189402, 40.1026396810078], [-3.0559384784671, 40.1028721766861], [-3.05605830996628, 40.1030746395984], [-3.05608883382132, 40.1031412905648], [-3.0561125478575, 40.1032105171486], [-3.05617945235493, 40.1034222112825], [-3.05623827700243, 40.1036170162172], [-3.05628771453702, 40.1038448602902], [-3.05630424353825, 40.1039862849231], [-3.05634677158044, 40.1043349414099], [-3.05635514050143, 40.1043861574302], [-3.05638455066111, 40.1044801812275], [-3.05639854418522, 40.1045295083953], [-3.05642680229124, 40.1045843346045], [-3.05649850691339, 40.1047339758319], [-3.05652197989178, 40.1047925092402], [-3.05654915151677, 40.104888913349], [-3.05656553919991, 40.1049871340067], [-3.05657144292793, 40.1050402735435], [-3.05657280568362, 40.1051158320656], [-3.05656698622134, 40.1051727082488], [-3.05655871829195, 40.1052267686659], [-3.05654361083962, 40.105282524626], [-3.05652605350447, 40.1053337755114], [-3.05650262535933, 40.1053799613363], [-3.05646032402223, 40.105443049132], [-3.0564147292983, 40.105504449801], [-3.056359500708, 40.1055665196789], [-3.05629971602924, 40.1056269212388], [-3.05625516857428, 40.105668404595], [-3.05623301534621, 40.1056875464249], [-3.05619654182391, 40.1057035482116], [-3.05616263817039, 40.1057146094827], [-3.05609921321301, 40.1057242129586], [-3.05605228256317, 40.1057270511908], [-3.05599706372854, 40.1057252669012], [-3.0559525454042, 40.1057214683901], [-3.05589863707734, 40.1057107954746], [-3.05582345261127, 40.105688307641], [-3.05574606453696, 40.1056613160004], [-3.05540788619566, 40.105520139578], [-3.0552109164208, 40.1054312634615], [-3.05503118343491, 40.105346320537], [-3.05495965856791, 40.1053142576621], [-3.05481881487832, 40.1052574510659], [-3.05465319214833, 40.1052034001188], [-3.05460279782398, 40.1051905439171], [-3.05457676130029, 40.105186051369], [-3.05451368664051, 40.1051748190241], [-3.05444328103075, 40.1051664056028], [-3.05439744798594, 40.1051658640345], [-3.05430359357486, 40.1051794225315], [-3.05422380732398, 40.1052017730943], [-3.05415454901223, 40.1052279147283], [-3.05412178468383, 40.1052487692193], [-3.0540548791348, 40.1053009383791], [-3.05403275416995, 40.105334965449], [-3.05401043011261, 40.1053884705859], [-3.05400107723581, 40.1054838338348], [-3.05399527411909, 40.1055946585262], [-3.05398475394878, 40.105662248328], [-3.05397191882002, 40.1057154148207], [-3.05393091432055, 40.1058334672345], [-3.05390047850042, 40.1059019726779], [-3.05386312276812, 40.1059685345903], [-3.05373758429498, 40.1061290566847], [-3.05371074199393, 40.1061617494408], [-3.05364150578683, 40.1062428682553], [-3.05359807682968, 40.1062994100734], [-3.05356759339884, 40.1063444850557], [-3.05355588924899, 40.1063679246667], [-3.05354646502334, 40.1063958082773], [-3.05353365235244, 40.1064571105437], [-3.05353023953693, 40.1064985681624], [-3.05353026866768, 40.1065357328979], [-3.05353727974958, 40.1065724312375], [-3.05354661953357, 40.1065949377236], [-3.05357728258893, 40.1066381957702], [-3.05362654354273, 40.1066895003367], [-3.05386720849555, 40.106906509944], [-3.05404695094012, 40.1070580518264], [-3.05418783166116, 40.1071576550923], [-3.05429935709471, 40.1072296799434], [-3.05451177576306, 40.1073440620385], [-3.05465040039375, 40.1074023872116], [-3.05480518284989, 40.1074603136003], [-3.05495306236658, 40.1075105435231], [-3.0550622919625, 40.1075485986986], [-3.05518553614095, 40.1076003454424], [-3.05524764689772, 40.1076284375453], [-3.05529594964791, 40.1076554767936], [-3.05532395967941, 40.1076770568922], [-3.05536750451843, 40.1077213255614], [-3.05544143955562, 40.1078184508856], [-3.05554131514724, 40.1079769936052], [-3.05560724603731, 40.108093421212], [-3.0556307381028, 40.1081238174446], [-3.05567881222684, 40.108172221125], [-3.05573392562227, 40.10822103139], [-3.05577751454326, 40.1082532603364], [-3.05590415996186, 40.1083381004001], [-3.05593600955496, 40.1083635519101], [-3.05599924393973, 40.1084245189828], [-3.05607693641569, 40.1085127058138], [-3.05611914611712, 40.1085633645554], [-3.05614961612546, 40.1086067086462], [-3.05618014487502, 40.108657787666], [-3.05620484046049, 40.1087028136789], [-3.05622131017291, 40.1087469622962], [-3.05624150065661, 40.1088673803092], [-3.05624856128173, 40.1089811234883], [-3.0562461764383, 40.1090622464044], [-3.05624170842629, 40.1091196499095], [-3.0562263791848, 40.1092063750592], [-3.05621588614524, 40.109258696119], [-3.05620884609895, 40.1092885964592], [-3.056202997711, 40.1093111233765], [-3.05619604370899, 40.1093268936061], [-3.05618322786909, 40.1093488608005], [-3.05617261165776, 40.1093702638247], [-3.05616786221014, 40.1093911868347], [-3.05616787997538, 40.1094130618693], [-3.05617157599266, 40.109448535501], [-3.05617748091922, 40.1094947069983], [-3.0561833728814, 40.1095251116463], [-3.05619035563464, 40.1095442537256], [-3.0561996697577, 40.1095623063526], [-3.0562656084972, 40.1096444493412], [-3.05643339073339, 40.1098478405555], [-3.05652621620564, 40.1099602226338], [-3.05659450576641, 40.1100638000379], [-3.05665075159111, 40.1101729421416], [-3.05673555454421, 40.110353728507], [-3.05677888326455, 40.1104252212128], [-3.05686000311949, 40.110523161143], [-3.0569433167733, 40.1106132165101], [-3.05704313736361, 40.1107100209096], [-3.05726515277324, 40.1109098125055], [-3.05755741402086, 40.1111743597493], [-3.05761499423395, 40.1112319917326], [-3.05767618648154, 40.1113111001405], [-3.05772772202231, 40.1113787735489], [-3.05776541358449, 40.1114535204235], [-3.05778653202902, 40.1115247120697], [-3.05778542710123, 40.1115878152117], [-3.05777255424319, 40.1116508523411], [-3.0577502966854, 40.1117031553751], [-3.0577198752383, 40.1117391718269], [-3.05767768801555, 40.1117863572782], [-3.05759200185424, 40.1118563824914], [-3.05753342091792, 40.1118951606842], [-3.05747135601633, 40.1119266721742], [-3.05742553119811, 40.1119413355481], [-3.0573247088701, 40.1119644726627], [-3.05717804600036, 40.1119836906164], [-3.05695510809662, 40.1120006935101], [-3.05673081573745, 40.1120099548331], [-3.05653488353828, 40.1120138507289], [-3.05639995094694, 40.112021850571], [-3.05634127839603, 40.1120274595094], [-3.05627907993052, 40.1120363020175], [-3.05621455035039, 40.1120552623657], [-3.05615473692552, 40.112088599259], [-3.05609727978163, 40.1121255848892], [-3.0560597688303, 40.1121607169255], [-3.05603278343919, 40.1121949757445], [-3.05601403470087, 40.1122490460545], [-3.05600487354368, 40.1123001638861], [-3.05601187131341, 40.1123373252136], [-3.05605300958504, 40.1124200812592], [-3.05617637125682, 40.1126030295344], [-3.0562091910014, 40.1126606778352], [-3.05623271159051, 40.1127111162287], [-3.05625168314511, 40.1127707972744], [-3.05626801088959, 40.1128237442285], [-3.05627273962124, 40.1128823091483], [-3.05626578903415, 40.1129785749253], [-3.05624937803396, 40.1130526085255], [-3.05621203162252, 40.1131582304427], [-3.05613705043159, 40.1133930801737], [-3.05612536355086, 40.1134510853002], [-3.05612542094883, 40.1135209098675], [-3.05613024459909, 40.1135896059212], [-3.05615248754405, 40.1136652815435], [-3.05619359175651, 40.1137436265834], [-3.05626882566155, 40.1138418073095], [-3.05632754134514, 40.1139093634974], [-3.05639915234465, 40.1139607009342], [-3.05648958986503, 40.1140004953429], [-3.05659754976674, 40.1140308655388], [-3.05672545099858, 40.1140578171861], [-3.05686882617251, 40.1140723867525], [-3.05702003373306, 40.1140721026334], [-3.05721719318623, 40.1140648948601], [-3.05740244475288, 40.1140482768359], [-3.05748120342029, 40.1140411138719], [-3.05774998258251, 40.1140195823102], [-3.05793054903706, 40.1139977679863], [-3.05802681527551, 40.1139817161461], [-3.05812770947898, 40.1139616366276], [-3.05825320412416, 40.1139291346703], [-3.05842218621226, 40.1138821995082], [-3.05885281442582, 40.1137560587629], [-3.05904863805373, 40.1136998769226], [-3.05920115132774, 40.1136412735477], [-3.05950144375417, 40.1135050400683], [-3.05980640562344, 40.1133823856664], [-3.06009038513054, 40.113264961841], [-3.06021357142888, 40.1132350534804], [-3.06035666056591, 40.1132180826259], [-3.06050330065457, 40.1132099244163], [-3.06067119607621, 40.1132100381975], [-3.06077571471366, 40.113218993026], [-3.06084029465024, 40.1132223338255], [-3.0610032436529, 40.1132312896487], [-3.06131421075987, 40.1132716643478], [-3.06140225374253, 40.1132896055212], [-3.06147624797251, 40.1133111933185], [-3.06153022504297, 40.1133418282893], [-3.06158304238841, 40.1133886326064], [-3.06161713075851, 40.1134282645598], [-3.06165016881955, 40.1134753051912], [-3.06167001727422, 40.1135264182609], [-3.06167595064669, 40.1135741657067], [-3.06166424020862, 40.1136237329898], [-3.06163144900581, 40.1136913216835], [-3.06157052795819, 40.1138048658936], [-3.06152841775254, 40.1138768613352], [-3.061509749152, 40.1139140359516], [-3.06150139900381, 40.1139581088847], [-3.06150393914851, 40.1139776695087], [-3.06151570323217, 40.114010323149], [-3.0615331472626, 40.1140391644847], [-3.06155682329058, 40.1140643590469], [-3.06160833086197, 40.1141048896266], [-3.06165773423746, 40.1141375085666], [-3.06181147588032, 40.1142354150222], [-3.06185624108779, 40.1142669160651], [-3.06187972989523, 40.1142883013747], [-3.06189735187076, 40.1143102529164], [-3.06191130880072, 40.1143344588204], [-3.06192196279628, 40.1143558509812], [-3.0619312967662, 40.1143920988893], [-3.06194072886775, 40.1144262286311], [-3.06194075594362, 40.1144560729946], [-3.06193967931122, 40.1144819762379], [-3.06192436895872, 40.1145471116269], [-3.06189045935339, 40.1146588153292], [-3.06179097183397, 40.1149444799609], [-3.06177697758121, 40.1150175726039], [-3.06178052173227, 40.1151120447712], [-3.06179838713954, 40.1151724140694], [-3.06181939812283, 40.1152363681792], [-3.06184285672816, 40.1152706014044], [-3.06187456995263, 40.1153093343704], [-3.06192286115564, 40.115346345917], [-3.06196733358213, 40.1153615226123], [-3.0620508724625, 40.1153766848806], [-3.06210934555044, 40.1153830692198], [-3.06219620545189, 40.1153929150911], [-3.06227950892313, 40.1153965011532], [-3.06237693930055, 40.1153964489424], [-3.06257056217687, 40.1153783207779], [-3.06273367766578, 40.1153554823058], [-3.0628429459061, 40.1153413455354], [-3.06290271376425, 40.1153339927728], [-3.06299881153069, 40.1153249104011], [-3.06307508568484, 40.115321287238], [-3.06315390541981, 40.1153248464556], [-3.06326520333495, 40.115333788318], [-3.06338026045486, 40.1153472669762], [-3.06347885702758, 40.1153697169234], [-3.06355992212305, 40.1153921965202], [-3.06362448611294, 40.1154158113287], [-3.06388277676746, 40.1155468717709], [-3.06432527376069, 40.1157647660611], [-3.06459764924305, 40.1159042760301], [-3.06468335031778, 40.115954672173], [-3.06477618010592, 40.1160193806762], [-3.06481618936321, 40.1160582122833], [-3.06485485128194, 40.1161050318825], [-3.06487722831567, 40.116160003833], [-3.06488785481448, 40.1162214715321], [-3.06488640024367, 40.1162344236767], [-3.06488094332386, 40.1162806010393], [-3.06485974889688, 40.1163374835153], [-3.06483865555567, 40.1163699108152], [-3.06480587949999, 40.1164005836372], [-3.0647682869262, 40.1164230936695], [-3.06472853820128, 40.1164394808745], [-3.06468747662709, 40.116451328942], [-3.064388291524, 40.1165145629969], [-3.06431074081605, 40.1165341650225], [-3.06425677542365, 40.1165513166897], [-3.06419810824907, 40.1165739002497], [-3.06414415722976, 40.1166072527894], [-3.06409842849022, 40.116643292749], [-3.0640727037893, 40.1166847945917], [-3.06406100354136, 40.1167219657461], [-3.06405743926212, 40.1167613722237], [-3.06406919641253, 40.1167910692988], [-3.06409630831966, 40.1168278092462], [-3.06415142370208, 40.1168793353954], [-3.06425486423731, 40.116967370495], [-3.06460832488456, 40.1172898308516], [-3.06503237455174, 40.1177239021739], [-3.06556450819919, 40.1181874398338], [-3.06577818734168, 40.1183803210027], [-3.06598368953931, 40.1185378704982], [-3.06606002028735, 40.1185909692226], [-3.06609301027355, 40.118610591456], [-3.0661352058323, 40.1186325283102], [-3.06618216512733, 40.1186505207195], [-3.06621041231513, 40.1186595141917], [-3.06625376533454, 40.1186683729593], [-3.06628782406023, 40.1186710472634], [-3.06632414025222, 40.1186719141968], [-3.06637581608548, 40.1186667398305], [-3.06643448353207, 40.1186565703744], [-3.06651661145335, 40.1186356884973], [-3.06662923776712, 40.1185996674185], [-3.06669148754266, 40.1185787147246], [-3.06672558267717, 40.1185674330656], [-3.06677116439547, 40.1185545428536], [-3.06681467666681, 40.1185448576601], [-3.06685684263589, 40.1185363868114], [-3.06690157792902, 40.1185301668676], [-3.06695438408871, 40.1185267577462], [-3.06700585465336, 40.1185264732545], [-3.06706921283035, 40.1185237062059], [-3.06709043352102, 40.1185182325009], [-3.06712785934365, 40.1185038566822], [-3.06719490347526, 40.1184686190437], [-3.06722171712119, 40.1184587945667], [-3.0672498955421, 40.1184505678916], [-3.06727455512786, 40.1184443170068], [-3.06730049401364, 40.1184398395804], [-3.06732616414057, 40.118438698459], [-3.06736027021287, 40.1184386786279], [-3.06740945782905, 40.1184424333781], [-3.06744242651662, 40.1184470773328], [-3.06748240809819, 40.1184549374592], [-3.06750926874195, 40.1184658083681], [-3.06753389695377, 40.1184802405845], [-3.067558734618, 40.1185016303506], [-3.06758332798122, 40.1185241400449], [-3.0675996446494, 40.1185468331778], [-3.0676174904304, 40.1185809933121], [-3.06763624010676, 40.1186277197516], [-3.06765147025478, 40.1186756477807], [-3.06766090609747, 40.1187234325223], [-3.06766328040582, 40.1187648168326], [-3.06765747639077, 40.1188243053931], [-3.06764822667216, 40.1188811082185], [-3.06761314678247, 40.1190089526345], [-3.06761208171445, 40.11904442862], [-3.06761546218493, 40.1190738712833], [-3.06762721843707, 40.119099991786], [-3.06765778720787, 40.1191468367916], [-3.06769438117294, 40.1191964178172], [-3.0677248549005, 40.1192313122633], [-3.06775312041622, 40.1192583245792], [-3.06783514069609, 40.1193215086887], [-3.06786807023946, 40.1193503473383], [-3.06790562520825, 40.119388151292], [-3.0679349803551, 40.1194214742866], [-3.06795615993453, 40.119449400632], [-3.06797044196494, 40.1194727387163], [-3.06798440603092, 40.1195008855687], [-3.06799378587022, 40.1195349196265], [-3.06799732792738, 40.1195691802263], [-3.06799735128357, 40.1195926317665], [-3.06799039554053, 40.119623074961], [-3.0679786862704, 40.119649547579], [-3.06795524247705, 40.1196771532833], [-3.06793655898313, 40.1196974358783], [-3.06790482660596, 40.1197259994963], [-3.06787206671803, 40.1197515313808], [-3.06783913280922, 40.1197710951191], [-3.06780279107887, 40.119789862821], [-3.0677406082838, 40.1198170967864], [-3.06768438065442, 40.1198366694586], [-3.06751179210956, 40.1198848194602], [-3.06734636914663, 40.1199200251122], [-3.06708122758586, 40.1199727276958], [-3.06669988269848, 40.1200393938495], [-3.0660263119046, 40.1201559327355], [-3.06587025837009, 40.1201902665245], [-3.06577879588949, 40.1202116664206], [-3.06573186816066, 40.1202274598889], [-3.06568721495285, 40.1202462422208], [-3.0656414790268, 40.1202759913549], [-3.06557463014639, 40.1203255285775], [-3.06551490036389, 40.1203768045612], [-3.06547972874583, 40.1204139891097], [-3.0654258764155, 40.1204753975394], [-3.06538706261906, 40.1205390498575], [-3.06523594806651, 40.1208311877563], [-3.06514340991414, 40.1210330796674], [-3.06511297139906, 40.1211258904634], [-3.06509321807034, 40.1212211304934], [-3.06509449659718, 40.1214080792385], [-3.06510040538046, 40.1214508715769], [-3.06509573362706, 40.1215069931657], [-3.06507703603962, 40.1215584369585], [-3.06505006597298, 40.1216124172696], [-3.06499868103902, 40.1216941882435], [-3.06497275067139, 40.1217467468484], [-3.06495049670687, 40.1218007848348], [-3.06493760678085, 40.1218476781247], [-3.06492708032236, 40.1218989972039], [-3.06492593766532, 40.121938653735], [-3.06493550444723, 40.1219791526585], [-3.06495770838196, 40.1220107073761], [-3.06500488903008, 40.1220511906284], [-3.06505050524913, 40.1220854385453], [-3.06510103965686, 40.1221158932043], [-3.06518670871084, 40.122153834199], [-3.06528533923745, 40.1221925288985], [-3.06559709596354, 40.1222898312258], [-3.06573866621785, 40.1223357054114], [-3.06581020909589, 40.1223626936139], [-3.06587233258009, 40.1223949017287], [-3.06614126571827, 40.1225434330604], [-3.06622228912111, 40.1225854465939], [-3.06628099440767, 40.122610752542], [-3.0663804924683, 40.1226441715055], [-3.06643122662061, 40.1226612467581], [-3.06647815550938, 40.1226747610571], [-3.06652752635033, 40.1226855035787], [-3.06658034617992, 40.1226927935342], [-3.06663206465673, 40.122698957898], [-3.06669771652703, 40.1227017356114], [-3.0667446611503, 40.1227017085668], [-3.06680810698673, 40.1226988564824], [-3.06686788085613, 40.1226915016781], [-3.06709082903669, 40.1226519556956], [-3.06724337287583, 40.1226254014974], [-3.06733027868374, 40.122610147289], [-3.06742054753122, 40.1225976455762], [-3.06750739821082, 40.122586957057], [-3.06759772225471, 40.1225767847327], [-3.06767282680234, 40.1225704294177], [-3.06773738692517, 40.1225686393234], [-3.06797443975227, 40.1225801993748], [-3.06807659686553, 40.122582682177], [-3.06815764786102, 40.1225809452049], [-3.06849210509595, 40.1225582238679], [-3.0685753582731, 40.1225581746032], [-3.06881009337504, 40.1225704235921], [-3.06903675655056, 40.1225792983131], [-3.06915864746881, 40.1225749953255], [-3.06921846538526, 40.1225668245003], [-3.06938629044327, 40.1225460199742], [-3.06946254573278, 40.1225387435061], [-3.06971153480001, 40.1225304674625], [-3.06993084326244, 40.1225201994378], [-3.07000242064212, 40.1225195401659], [-3.07007871276258, 40.1225258048132], [-3.07015165166235, 40.1225420268272], [-3.07020902686929, 40.1225617468419], [-3.07026319124736, 40.1225870072652], [-3.07031469210288, 40.122618437722], [-3.07035463299706, 40.1226553530557], [-3.07039695442671, 40.1226976723008], [-3.0704474873564, 40.1227579775917], [-3.07048505759651, 40.1228075161996], [-3.07051914776323, 40.1228615574642], [-3.07054519896239, 40.1229162497102], [-3.07055679436015, 40.1229633690761], [-3.07055923581521, 40.1230130944663], [-3.07055573973803, 40.1230633794638], [-3.07054290371094, 40.1231543699331], [-3.0705465675412, 40.1231758382598], [-3.07055944770947, 40.1232180629584], [-3.07058886402712, 40.1232912481103], [-3.07065473947222, 40.1234624221593], [-3.07066651099571, 40.123503841059], [-3.07068304623651, 40.1235733040574], [-3.07070555681981, 40.1237067451487], [-3.07073626404146, 40.1239635002427], [-3.07074216199366, 40.123992214767], [-3.0707562176583, 40.1240299642588], [-3.07077047913943, 40.1240659636347], [-3.07079034555426, 40.1240974965873], [-3.07080794963725, 40.124124503185], [-3.07083035019915, 40.1241515183118], [-3.07086559566131, 40.1241864089822], [-3.07091624930129, 40.1242252319115], [-3.07093953865497, 40.124237061584], [-3.07096651867036, 40.1242471620388], [-3.07100291839151, 40.1242568215113], [-3.07103815750349, 40.124262228066], [-3.0712271298016, 40.1242819467723], [-3.07126114720479, 40.1242872956258], [-3.07130582399211, 40.1242942540715], [-3.07135057972207, 40.1243043623161], [-3.07139148017607, 40.124320591491], [-3.07144561507463, 40.1243459731645], [-3.07152531927195, 40.1243916390553], [-3.07156173427862, 40.1244168611185], [-3.07161701365579, 40.1244601767002], [-3.07165702761747, 40.124495064179], [-3.07179435331511, 40.1246430745532], [-3.07188137394504, 40.1247353690499], [-3.07191888197771, 40.1247572175871], [-3.07205163529331, 40.1248129711118], [-3.07224428290386, 40.1249029471694], [-3.07235920289232, 40.1249605540433], [-3.07239328317757, 40.1249803494785], [-3.07244613645563, 40.1250235478665], [-3.07251444153885, 40.1251083099844], [-3.0725614363053, 40.1251538916832], [-3.07264000257116, 40.1252270454844], [-3.07272115318724, 40.1253159644195], [-3.07286689149284, 40.1254386287004], [-3.07289495543282, 40.1254719721641], [-3.07291978211295, 40.125509546058], [-3.0729337602897, 40.1255478280811], [-3.07293856681691, 40.1255838634774], [-3.07293860593451, 40.1256204649762], [-3.07293168001936, 40.1256604494631], [-3.07291749865488, 40.1256990025067], [-3.07290240934018, 40.1257269137335], [-3.07287421306326, 40.125769164005], [-3.07283330135993, 40.1258136016335], [-3.07277565906603, 40.1258700209374], [-3.07270530545902, 40.1259325692619], [-3.07265143190915, 40.1259720200928], [-3.07256456852029, 40.1260300738838], [-3.07247072912068, 40.1260813747709], [-3.07228649235489, 40.1261732653834], [-3.0721048758951, 40.1262578535224], [-3.07198468177564, 40.1263124874893], [-3.07192759653429, 40.1263383716738], [-3.07172695871387, 40.1264331177058], [-3.07162842520531, 40.1264926277187], [-3.07157920024088, 40.1265233998465], [-3.07153460425872, 40.1265593512126], [-3.07150530660405, 40.1265863981774], [-3.07148540071036, 40.1266141169251], [-3.07148072240968, 40.1266422854961], [-3.07148546441319, 40.126674931714], [-3.07149723133798, 40.1267036425635], [-3.07151833037903, 40.1267260150746], [-3.07164049047789, 40.1268187507858], [-3.07176629512378, 40.1269095708345], [-3.07180963605936, 40.1269321755403], [-3.07184132682597, 40.1269447782028], [-3.07188238791929, 40.1269501220387], [-3.07192478748912, 40.1269517050301], [-3.07196108897788, 40.126942672876], [-3.07212651947078, 40.1268896700421], [-3.07269440727844, 40.1267197903085], [-3.07274834678519, 40.1267072580096], [-3.0728128934333, 40.1266945769997], [-3.07286803292374, 40.1266891548404], [-3.07290453467222, 40.126686435309], [-3.07294671875434, 40.1266909135485], [-3.07303822773749, 40.1267034232098], [-3.07307474477164, 40.1267105413475], [-3.07311106829989, 40.1267223435281], [-3.07319087665707, 40.1267574290946], [-3.07325432466559, 40.1267952515966], [-3.07332136973436, 40.1268511605331], [-3.07335184491828, 40.126881548648], [-3.0734070149077, 40.1269392976796], [-3.07353398669877, 40.1270858385243], [-3.07357401896512, 40.127135365918], [-3.07362103892056, 40.127202344962], [-3.07365521257436, 40.127260885654], [-3.0736773997234, 40.1273183958058], [-3.07370347351966, 40.1274579400162], [-3.0737234913823, 40.1276238115339], [-3.07372727841061, 40.1277642513527], [-3.07372600397015, 40.1277922696115], [-3.07370262890814, 40.1278967944868], [-3.0736992028233, 40.1279185586608], [-3.0736992356626, 40.127948966047], [-3.07370402634427, 40.1279697977031], [-3.0737133008937, 40.12798867621], [-3.07373800186908, 40.1280229057623], [-3.07375802258448, 40.1280429663429], [-3.07379803852514, 40.128076726858], [-3.07384722593049, 40.1281121708116], [-3.07394825525627, 40.1281777493674], [-3.07413502937688, 40.1282947592968], [-3.07426200056637, 40.1283957080396], [-3.07432411665936, 40.1284613103811], [-3.07436189382947, 40.1285127687586], [-3.0743912938014, 40.128565118184], [-3.07440645444168, 40.1286234294921], [-3.07441946474194, 40.1286999975863], [-3.07442789798878, 40.1288331302918], [-3.07442209939431, 40.1288973274226], [-3.07438466580445, 40.1291090330949], [-3.07438651877478, 40.1292318316932], [-3.07438730821416, 40.1292830732861], [-3.07439215690513, 40.1293568362709], [-3.07438855897881, 40.1294210319806], [-3.07437920853911, 40.1294739474934], [-3.07436051998793, 40.12953163952], [-3.07433481246918, 40.1295787344844], [-3.07429488673111, 40.1296288760013], [-3.07425031197393, 40.1296695222763], [-3.07419886681536, 40.1297021405548], [-3.07411673527964, 40.1297297850442], [-3.07403322420406, 40.1297426378205], [-3.07393006347815, 40.1297535545577], [-3.07360960207226, 40.1297924659928], [-3.07336564395726, 40.1298231747828], [-3.07305795653775, 40.1298459700913], [-3.07280817072683, 40.1298725162919], [-3.07279327782075, 40.1298746463037], [-3.07274107312633, 40.1298831301359], [-3.07268715051151, 40.1298928639096], [-3.0726120328307, 40.1299246323519], [-3.07257801902081, 40.1299489931279], [-3.07254638503295, 40.1299712230648], [-3.07250769620539, 40.1300301134598], [-3.07248425466807, 40.1300742605945], [-3.07246551670955, 40.1301310104592], [-3.07236746200304, 40.1306410537941], [-3.07233366109385, 40.1308942103172], [-3.07232920033664, 40.1309691719092], [-3.07233146619577, 40.131030548376], [-3.07233736364343, 40.1310575734844], [-3.07235281281993, 40.1310986701209], [-3.07237381488871, 40.1311374460698], [-3.07238918276773, 40.1311521418761], [-3.07242554617099, 40.1311797456113], [-3.07247252267044, 40.1312103800867], [-3.0724996662235, 40.1312241495404], [-3.07254186625536, 40.131241016109], [-3.07257819329394, 40.1312517393196], [-3.07260870636922, 40.1312580313219], [-3.07266513588313, 40.1312640259213], [-3.07272727230862, 40.1312678625315], [-3.07282470206152, 40.1312712459891], [-3.0730500774144, 40.1312730473711], [-3.0731439693279, 40.1312694120081], [-3.07333307476129, 40.1312585369988], [-3.07336828582225, 40.1312568253977], [-3.07348199588828, 40.1312584426036], [-3.07354435263191, 40.1312589661211], [-3.073565352858, 40.1312583300907], [-3.07358997029006, 40.1312565079445], [-3.07362402721908, 40.1312510806545], [-3.07369562294725, 40.1312357198143], [-3.07376483724158, 40.131222152958], [-3.07378947353824, 40.131215826611], [-3.07381059458611, 40.1312075546577], [-3.07389638383116, 40.1311686460618], [-3.07391031553384, 40.1311624430735], [-3.07394082169729, 40.1311517766933], [-3.0739561503113, 40.1311483363172], [-3.07397265204746, 40.1311443840793], [-3.0739913582464, 40.1311438090296], [-3.07414872409176, 40.1311515917789], [-3.07416157189194, 40.1311605931493], [-3.07425314975192, 40.131235367473], [-3.07426487007142, 40.1312461712301], [-3.07428017736386, 40.1312642079372], [-3.07430146505232, 40.131291142637], [-3.07435660243499, 40.1313803677603], [-3.07440141174991, 40.1314532512109], [-3.07441183804515, 40.1314668326119], [-3.07452587258611, 40.131558470844], [-3.07468339291547, 40.1317064646088], [-3.07470322277726, 40.1317215890974], [-3.07473735307722, 40.1317430312828], [-3.07483474062641, 40.1317944998224], [-3.07490993859884, 40.1318385888051], [-3.07495574213691, 40.1318712768838], [-3.07498042939921, 40.1318916819492], [-3.07504034163876, 40.1319439172163], [-3.07513315287898, 40.1320321691356], [-3.07516025794505, 40.1320580934462], [-3.07520028934874, 40.1321031154368], [-3.07523775751273, 40.1321520807766], [-3.07525319129495, 40.1321774102359], [-3.07532484957894, 40.1322961776885], [-3.07534590178603, 40.1323212188843], [-3.07537409810616, 40.1323446344322], [-3.07540349637214, 40.1323671440649], [-3.07543402471876, 40.1323878459973], [-3.07546692633818, 40.132407015832], [-3.0754974574559, 40.1324256317125], [-3.0755293234152, 40.1324430135345], [-3.07556908372677, 40.1324607539472], [-3.07559842270394, 40.1324715279765], [-3.07563953949282, 40.1324814118951], [-3.07569003367256, 40.1324868303854], [-3.07580268253159, 40.1324903109235], [-3.07598466503846, 40.1324937697103], [-3.07633562664142, 40.1324971055371], [-3.07646475295675, 40.1325060299466], [-3.07649189797328, 40.1325071382199], [-3.07651647091782, 40.1325043064885], [-3.07655864808082, 40.1324952072085], [-3.07668772880062, 40.132467183887], [-3.07670647843724, 40.1324663061405], [-3.07674287368097, 40.1324626468029], [-3.07687664809814, 40.1324599009259], [-3.07702456109958, 40.1324588810091], [-3.07705049554309, 40.1324622830454], [-3.0770809526312, 40.1324729616716], [-3.07718665490607, 40.1325209571708], [-3.07721491312909, 40.1325398812938], [-3.07724318090589, 40.1325606971309], [-3.07729127737578, 40.1326000820182], [-3.07732880072335, 40.1326325681578], [-3.07735229346468, 40.132658698561], [-3.07736656942645, 40.1326850597929], [-3.07741583676152, 40.1327863848072], [-3.07744645217781, 40.1328730216092], [-3.0774607376895, 40.1329186831994], [-3.07747823097929, 40.1329820331389], [-3.07748769473082, 40.1330162533084], [-3.07750419457768, 40.1330712541239], [-3.07751011472175, 40.1331162981313], [-3.07751015886098, 40.1331551519752], [-3.07750435449036, 40.1332120289205], [-3.07746930684296, 40.1333584582669], [-3.07738511700685, 40.1336893353001], [-3.07733788897909, 40.1338478122104], [-3.07724718403946, 40.1341525770142], [-3.07722270039835, 40.1342348058717], [-3.07718990590907, 40.1344210085033], [-3.07714693927206, 40.1347095492321], [-3.07710029693876, 40.1349843728254], [-3.07707120317762, 40.1352073795636], [-3.07706539000018, 40.1352569361805], [-3.07706882917845, 40.1353220912265], [-3.07707945534994, 40.1353670872219], [-3.07710414913879, 40.1354373719002], [-3.0771158973061, 40.1354734018781], [-3.0771324349543, 40.135507470777], [-3.07715962002415, 40.1355429279286], [-3.07717592453001, 40.1355598443528], [-3.07721248216486, 40.1355778048573], [-3.07728160593328, 40.135603024342], [-3.07749063671338, 40.1356659526732], [-3.07756695834543, 40.1356868092522], [-3.07761979389786, 40.1356980358386], [-3.07772436073136, 40.1357171110838], [-3.07790524326556, 40.1357502124051], [-3.07798265619592, 40.1357614222895], [-3.07801676834287, 40.1357591469165], [-3.07806004466833, 40.1357512343631], [-3.07810225377625, 40.1357376538686], [-3.07814107040786, 40.1357140151614], [-3.07819860960814, 40.135668365274], [-3.07823716546057, 40.1356285348138], [-3.07833680299863, 40.1355149350196], [-3.07838142600078, 40.1354689045042], [-3.07847869099944, 40.1353851077262], [-3.0785244035693, 40.1353562381055], [-3.07855625163313, 40.1353392731856], [-3.07859144585484, 40.1353212301261], [-3.07862884978906, 40.1353030068773], [-3.07865597287428, 40.1352919051487], [-3.07868164005477, 40.1352828781224], [-3.07870745327475, 40.1352750204263], [-3.07873679584518, 40.1352669191192], [-3.07876855030711, 40.1352597319659], [-3.07879678846795, 40.1352535186623], [-3.07882947772798, 40.1352524101126], [-3.0788624496484, 40.1352534739671], [-3.07890830959212, 40.1352596368218], [-3.07895050327598, 40.1352674914561], [-3.07898916045626, 40.1352829301196], [-3.07903161275422, 40.135303474494], [-3.07908786374641, 40.1353414475367], [-3.07912311273985, 40.1353666456202], [-3.07915606292955, 40.1353872913074], [-3.07918178171105, 40.1353972562314], [-3.07920890504797, 40.1354041481587], [-3.079240529734, 40.1354107212971], [-3.07932386195134, 40.1354223643257], [-3.07937671073782, 40.1354295583744], [-3.07946132652262, 40.1354445183907], [-3.07947196898873, 40.1354484527835], [-3.07949180019708, 40.1354564953583], [-3.07955398697095, 40.1354942793673], [-3.07956931043304, 40.1355032920068], [-3.07957989079045, 40.135507803477], [-3.07959864761361, 40.1355122723665], [-3.07962097941516, 40.1355170485549], [-3.07965149729838, 40.1355203406788], [-3.07968203103489, 40.1355221256245], [-3.07971489350615, 40.1355231780413], [-3.07990858974283, 40.13552289482], [-3.08005897081139, 40.135520125191], [-3.08018557178594, 40.135514587508], [-3.08033816141674, 40.1355009727443], [-3.08050955458305, 40.1354864267014], [-3.08074082667953, 40.1354610894735], [-3.08092274300118, 40.1354373123247], [-3.08125247839102, 40.135391313498], [-3.08137458791911, 40.135368860682], [-3.08149537116574, 40.1353433938812], [-3.08163752981352, 40.1353101132851], [-3.08179229670648, 40.1352656870281], [-3.08190741113014, 40.1352265840094], [-3.08209624318109, 40.1351588783714], [-3.08213144111699, 40.1351447759289], [-3.08219010883359, 40.1351250258273], [-3.08227337328724, 40.1351094722631], [-3.08229287122047, 40.1351101789658], [-3.08232265845696, 40.1351112476045], [-3.08237791465002, 40.1351192613928], [-3.08241461108303, 40.1351310603712], [-3.08243303445593, 40.1351372973877], [-3.08250599323059, 40.135167033665], [-3.08259745939058, 40.1352110773518], [-3.08263388427872, 40.135236296774], [-3.08268112347503, 40.1352958585251], [-3.08271751058208, 40.1353549579766], [-3.08272964372877, 40.1353780363844], [-3.08276457114334, 40.1354433309562], [-3.08279622728155, 40.1355334042278], [-3.08290346420392, 40.1358748557995], [-3.0829223288249, 40.1359496438389], [-3.08296355071664, 40.1360649358099], [-3.08309300962718, 40.1363702524864], [-3.08321077337104, 40.1366431563572], [-3.0832401464842, 40.1366998952427], [-3.08326960583565, 40.1367448944464], [-3.08332128591393, 40.1367998606967], [-3.08340239250274, 40.1368742718027], [-3.08342956278128, 40.1368945238043], [-3.08347177246319, 40.136914201861], [-3.08351397596536, 40.1369288120136], [-3.08355854445519, 40.136939315827], [-3.08371358396315, 40.1369709003361], [-3.08376532378835, 40.1369843773046], [-3.08383215601939, 40.1370040106584], [-3.08388862902717, 40.1370248311935], [-3.08393560981405, 40.1370461949221], [-3.0839837015245, 40.1370760043141], [-3.08404134548054, 40.1371176318377], [-3.08416227700484, 40.1372181634203], [-3.08418582993327, 40.1372325930294], [-3.08422455812922, 40.1372498270473], [-3.08425758630647, 40.1372605019063], [-3.08429978671161, 40.1372722962778], [-3.08448178471374, 40.1373115805949], [-3.08452044429176, 40.1373215275915], [-3.08457796880929, 40.137339513926], [-3.08462140684484, 40.1373529875348], [-3.08466720744962, 40.1373736762735], [-3.08470127066686, 40.13739618012], [-3.08473540427809, 40.1374223258387], [-3.08478829204013, 40.1374735291537], [-3.08480939638606, 40.1375024002623], [-3.08483533083891, 40.1375410666049], [-3.08485999848599, 40.1376005803313], [-3.0848717879758, 40.1376474215163], [-3.08487305190538, 40.1376771424326], [-3.08486834742825, 40.137704197335], [-3.08485431394689, 40.1377474391436], [-3.08483090744382, 40.1377960932704], [-3.08477357247084, 40.1379150926597], [-3.08473838635947, 40.1379826668203], [-3.08473253473371, 40.1379979863037], [-3.08473026580709, 40.1380107682116], [-3.08473142621266, 40.1380313091039], [-3.08473986162679, 40.1380574984173], [-3.08475162140669, 40.1380743827851], [-3.08484678636237, 40.1381981949044], [-3.08491604168165, 40.1382915810243], [-3.08494544084592, 40.1383483199069], [-3.08496552963357, 40.1384025128154], [-3.08499613457406, 40.138520341053], [-3.08502798344412, 40.1386509514324], [-3.08503519985752, 40.1386733123309], [-3.08504108755838, 40.1386879485829], [-3.08505036317281, 40.1387085951507], [-3.08506684186836, 40.1387356166784], [-3.08508924061283, 40.1387656208811], [-3.08510329460428, 40.1387815519461], [-3.08513969074635, 40.1388184646828], [-3.08515499624216, 40.1388319441791], [-3.08517628600527, 40.1388488955492], [-3.08519143101177, 40.1388580632709], [-3.08520903439806, 40.1388634748449], [-3.08526183377719, 40.1388660941016], [-3.08528065977063, 40.1388679229113], [-3.08530409951132, 40.1388705813124], [-3.08533479535021, 40.1388758076087], [-3.08535828026228, 40.1388814212911], [-3.08549082691956, 40.1389245287703], [-3.08562250381222, 40.1389589339006], [-3.08573405282672, 40.1389819384312], [-3.08590651782568, 40.1390161119591], [-3.08603456975566, 40.1390397147585], [-3.08606148439874, 40.1390492838627], [-3.08621896445794, 40.1391546374956], [-3.08630956280023, 40.1392197018155], [-3.08634113486109, 40.1392382605475], [-3.08635402256762, 40.1392446147666], [-3.08636939679024, 40.1392500645517], [-3.08639288405548, 40.139257367319], [-3.08642921156997, 40.1392652235982], [-3.08646223535756, 40.1392713930356], [-3.08648681745997, 40.1392741901745], [-3.08651843223093, 40.1392769130205], [-3.08653605987174, 40.1392769006591], [-3.08656789208055, 40.1392758188939], [-3.08659005041695, 40.1392750491979], [-3.086621813828, 40.1392723999791], [-3.08664639634483, 40.139268700938], [-3.08666990076425, 40.1392624083038], [-3.08669112440152, 40.1392543289463], [-3.08671458879634, 40.1392436124976], [-3.08675564735161, 40.1392216208848], [-3.0867989019251, 40.1391956859183], [-3.08685988815861, 40.1391559512388], [-3.08710382367443, 40.1389668387707], [-3.08715896426617, 40.1389223559017], [-3.08722110803621, 40.1388845380368], [-3.08732319696135, 40.1388321515771], [-3.08746050909575, 40.1387700483749], [-3.0875848160165, 40.1387193276713], [-3.08769517372463, 40.1386814643593], [-3.087825344135, 40.1386363177886], [-3.08795563337925, 40.1386037277323], [-3.08810935937888, 40.1385703083809], [-3.0882560731294, 40.1385431824013], [-3.08832778488831, 40.1385351409221], [-3.08839821593963, 40.1385333978838], [-3.08846498735253, 40.1385384147872], [-3.08853910799656, 40.1385529987175], [-3.08859067311484, 40.1385753147949], [-3.08865069537823, 40.1386052815618], [-3.08871531490397, 40.1386480276045], [-3.08877748676133, 40.1386995348638], [-3.08885046619139, 40.1387661747891], [-3.08891033981024, 40.1388263804329], [-3.08895259338573, 40.1388775899964], [-3.08897142853962, 40.1389084025676], [-3.08898436248306, 40.1389435434278], [-3.08899161890833, 40.1389851119267], [-3.08898121185939, 40.1391624961112], [-3.0889823888844, 40.1391849991722], [-3.08898469665634, 40.13920389495], [-3.0889905896046, 40.1392273246083], [-3.08899894008306, 40.1392542676241], [-3.08901770569147, 40.1392976118229], [-3.08902473636521, 40.1393074689909], [-3.08903653304152, 40.1393209834142], [-3.08905414810591, 40.1393353809864], [-3.08907883560654, 40.1393488851029], [-3.08909646594231, 40.1393569756222], [-3.08913886056827, 40.1393712845959], [-3.08918452060309, 40.1393848422723], [-3.08923030683482, 40.1393920201064], [-3.08928086025961, 40.1393948253639], [-3.08932892388671, 40.1393937548182], [-3.08946509411073, 40.1393918394931], [-3.08950029729009, 40.1393944896328], [-3.08955314697489, 40.1393998764414], [-3.08960594815065, 40.1394079353644], [-3.08965294081978, 40.1394178059129], [-3.08969800899657, 40.1394299782428], [-3.08973985821344, 40.1394412087145], [-3.0897692072301, 40.1394530101312], [-3.08980444656274, 40.1394698757781], [-3.08990076265048, 40.1395302605656], [-3.08992309926004, 40.1395500421433], [-3.08994664410363, 40.1395752283651], [-3.08996427533769, 40.139601342364], [-3.08997720209466, 40.1396301943861], [-3.08998554469905, 40.1396544316563], [-3.08998667572762, 40.1396716439516], [-3.08998449987335, 40.1396966648892], [-3.08997390887376, 40.1397327114507], [-3.08996447656034, 40.1397572192285], [-3.08994809757777, 40.1397860711843], [-3.08992930212706, 40.1398086188698], [-3.08990946862983, 40.1398273621208], [-3.08986146066799, 40.1398645639132], [-3.0898086836411, 40.1399017693841], [-3.0897487434499, 40.1399366604362], [-3.08969724134262, 40.139962107341], [-3.08966424283616, 40.1399756472696], [-3.08963270578758, 40.1399846812663], [-3.08959617088711, 40.1399926494023], [-3.08953631703804, 40.1399999260622], [-3.08946361342569, 40.1400033942849], [-3.08940015400053, 40.1400045354372], [-3.08924056340566, 40.1399984984951], [-3.08914303011509, 40.1399903206786], [-3.08905968177926, 40.1399789292818], [-3.08897981521112, 40.1399588756911], [-3.08890230048354, 40.1399346318148], [-3.08878603512957, 40.1398977808041], [-3.08868828196793, 40.1398637790326], [-3.08845603811166, 40.1397836332622], [-3.08840678046166, 40.1397637626662], [-3.08830216727756, 40.1397159790718], [-3.08822471977138, 40.1396828152625], [-3.08821053393438, 40.1396793093406], [-3.08819426500367, 40.1396777705696], [-3.08817775548053, 40.1396766569438], [-3.08816015051447, 40.1396794858423], [-3.08813308388552, 40.1396874314106], [-3.08810845297878, 40.1396991849582], [-3.08809786543482, 40.1397100038514], [-3.08809087116917, 40.139721770984], [-3.08808736412915, 40.1397325446947], [-3.08808503289752, 40.1397459886797], [-3.08808395780835, 40.1397656979605], [-3.08808268929642, 40.1397811857256], [-3.088083998528, 40.1397972314702], [-3.0880862861508, 40.1398127166377], [-3.08809688106583, 40.1398304445081], [-3.08824271663996, 40.1399829332833], [-3.08825925246749, 40.1400043184408], [-3.08834160648101, 40.1401433410774], [-3.08835924730068, 40.1401681039705], [-3.08841671974997, 40.1402521247526], [-3.08844137760623, 40.1402791216308], [-3.08846727751724, 40.1403042914254], [-3.08850142737963, 40.1403296047819], [-3.08853535306302, 40.1403502342354], [-3.08861529414016, 40.1403898065217], [-3.08864936576846, 40.1404049468782], [-3.08868936997334, 40.1404184306206], [-3.08879506526513, 40.1404510093597], [-3.08892647235121, 40.1404860163064], [-3.08944907086101, 40.1405973038096], [-3.08953485752107, 40.1406199325042], [-3.08961229858992, 40.140646901349], [-3.08966749622235, 40.1406737128272], [-3.08971333635297, 40.1407043231078], [-3.08977791444211, 40.1407637409647], [-3.08985081093081, 40.140836661217], [-3.08992018602355, 40.1409068729386], [-3.08994485016799, 40.1409375359921], [-3.08997078277099, 40.1409782886034], [-3.08998623888016, 40.1410148780173], [-3.09000612771022, 40.141074551035], [-3.09007449772475, 40.1413220772933], [-3.09013584424703, 40.1415164826917], [-3.09014875965267, 40.1415562941031], [-3.09016288386387, 40.1415850869237], [-3.0901722721569, 40.1415958952159], [-3.09018769153318, 40.1416076643241], [-3.09021118299703, 40.1416172187054], [-3.0902392460529, 40.1416229080414], [-3.09029089828344, 40.1416309721945], [-3.09032727556087, 40.1416327322578], [-3.09040358834256, 40.1416335968383], [-3.09047756280958, 40.1416326162022], [-3.09052816556646, 40.1416310488097], [-3.09058098541322, 40.1416253765186], [-3.09062661217985, 40.1416180900134], [-3.09067241997111, 40.1416099544398], [-3.09071818464327, 40.1415999729611], [-3.09075592945821, 40.1415903274228], [-3.09079223098262, 40.1415773476959], [-3.09081679384901, 40.1415649402627], [-3.09084256358089, 40.1415494495572], [-3.09087890312907, 40.1415232765623], [-3.09091175811228, 40.1414935243657], [-3.09101844023878, 40.1413898547691], [-3.09117088793577, 40.1412554623732], [-3.09121913565827, 40.1412160658913], [-3.09127055691483, 40.1411761553454], [-3.09132919354671, 40.1411391525552], [-3.09140791162084, 40.1411010448825], [-3.09147941181581, 40.1410739596801], [-3.09187598997532, 40.1409575836101], [-3.09194409125701, 40.1409314248084], [-3.09201111834889, 40.1409023563968], [-3.09215189765345, 40.1408341094982], [-3.09263504014126, 40.1405623103843], [-3.09273841010804, 40.1405019760718], [-3.09279456047246, 40.1404658854548], [-3.09285315308687, 40.1404153543402], [-3.09288950521145, 40.1403765985939], [-3.09293991385633, 40.1403081085173], [-3.09296449118149, 40.1402504058576], [-3.09298315996974, 40.1401873430515], [-3.09298662836503, 40.1401206562851], [-3.09297950283126, 40.1400163915122], [-3.09295003070969, 40.1399251931482], [-3.09287465989115, 40.1398024980551], [-3.09272883433639, 40.1396054916499], [-3.09268294749336, 40.1395406907903], [-3.09265941073457, 40.1395010362872], [-3.09264390760943, 40.1394683714197], [-3.09262653456601, 40.1394316145796], [-3.09260995578327, 40.1393740782667], [-3.09260517854257, 40.1393263084217], [-3.09260509499924, 40.1392641299708], [-3.09261446067794, 40.139184986885], [-3.09265531460526, 40.1390137721103], [-3.09266701301736, 40.1389839185025], [-3.09268457706582, 40.1389512447039], [-3.09270801133175, 40.1389191293023], [-3.09272907059329, 40.1388973631007], [-3.09276776103258, 40.1388667053072], [-3.09281245705285, 40.1388424641746], [-3.09285574831972, 40.1388297095002], [-3.09290274727706, 40.1388260408908], [-3.09295917596384, 40.1388293952157], [-3.09301426772969, 40.1388394757469], [-3.09306941799993, 40.1388583427773], [-3.09310820276231, 40.1388790695156], [-3.09314930819046, 40.1389086393979], [-3.09317398818722, 40.1389402772583], [-3.09319755189542, 40.1389952067087], [-3.09321413318738, 40.1390994777992], [-3.09324368397853, 40.1392258137709], [-3.09327783029662, 40.1392700455031], [-3.0933296168918, 40.1393150516967], [-3.09335649081864, 40.1393356577439], [-3.0933953444051, 40.1393606097235], [-3.09343285839759, 40.1393787920691], [-3.09348104133447, 40.1394003942453], [-3.09353388023951, 40.1394147629575], [-3.09375698223021, 40.1394461168602], [-3.09381111438037, 40.1394588159813], [-3.09385808987249, 40.1394728553917], [-3.09390030725279, 40.1394947820267], [-3.09393555770665, 40.1395189666934], [-3.09397310790439, 40.1395477415608], [-3.09402718289123, 40.1396036065474], [-3.09404001802002, 40.1396197943917], [-3.09407074926134, 40.1396585054913], [-3.09407894651288, 40.1396945288642], [-3.09408148486931, 40.1397288841368], [-3.09407567124582, 40.1397694319826], [-3.09406031275892, 40.1398008779542], [-3.09400875485151, 40.1398783605517], [-3.09396912761954, 40.1399209920954], [-3.09393504882752, 40.1399486115902], [-3.09390902592329, 40.1399655256631], [-3.09382699422849, 40.1400199739568], [-3.09355250950185, 40.1401814412544], [-3.09351281740581, 40.1402237455767], [-3.09348941085588, 40.1402761326713], [-3.09347643387539, 40.1403563317368], [-3.09347785302883, 40.1404084702364], [-3.09349073213354, 40.1404371778817], [-3.09351183288748, 40.1404697957053], [-3.09355767661135, 40.1405193378864], [-3.09370933973703, 40.1406785705964], [-3.09387979975148, 40.1408535562695], [-3.09393972650845, 40.140928061906], [-3.09398093941705, 40.1410036457934], [-3.0940156080988, 40.1411091234401], [-3.09403172579142, 40.1411552539667], [-3.09406702685126, 40.1412154768674], [-3.09419158325173, 40.1413550241205], [-3.09436317885866, 40.1415096980253], [-3.09439142037832, 40.1415485673796], [-3.09441276505374, 40.141596976472], [-3.09442570402208, 40.1416684794629], [-3.09442466503533, 40.1417129651103], [-3.09441631420771, 40.1417574198862], [-3.09439878178829, 40.1418052065635], [-3.09437652153555, 40.1418466506818], [-3.09433323196888, 40.1419163182681], [-3.09425945308774, 40.1420530846048], [-3.09423718475016, 40.1421017404556], [-3.09422094728998, 40.1421630469136], [-3.09421273440476, 40.1422648364974], [-3.09421641069006, 40.1423314171114], [-3.09422586328264, 40.1424062519622], [-3.0942566178886, 40.1424901782166], [-3.09430709973039, 40.1425999079432], [-3.09434122023301, 40.1426522817362], [-3.09439415276965, 40.1427187588305], [-3.09445409375531, 40.1427736584446], [-3.09452574248403, 40.1428096756052], [-3.09461735736051, 40.1428373158964], [-3.09469258457448, 40.1428518949711], [-3.09476890615034, 40.1428619683124], [-3.09485695405306, 40.142862459322], [-3.09492848763574, 40.142859022113], [-3.09501064219578, 40.1428426248779], [-3.09509646063358, 40.1428228459841], [-3.0952783616454, 40.1427776485746], [-3.09535917604846, 40.1427504319015], [-3.09548478779582, 40.1426935768537], [-3.09555631493082, 40.1426691578227], [-3.09579577770111, 40.1426156123974], [-3.09595311065473, 40.142579443826], [-3.09606129671988, 40.1425523253982], [-3.09621715796979, 40.1425133421953], [-3.09638369025695, 40.1424756798975], [-3.09643180761681, 40.1424603236545], [-3.09653620120802, 40.1424241070839], [-3.09655494418438, 40.1424183188669], [-3.09658790543114, 40.1424077341092], [-3.09662540534035, 40.142397985321], [-3.09666530760695, 40.1423925644145], [-3.09675570237904, 40.1423888719624], [-3.09675816706255, 40.1424346207091], [-3.09677136510623, 40.1426868778746], [-3.09676794102646, 40.1427510602399], [-3.09670741455808, 40.1431222065261], [-3.09664905349017, 40.1433584163077], [-3.09655455453387, 40.1437271019369], [-3.09643997689602, 40.1441216475309], [-3.09640706274061, 40.1442385182669], [-3.09635595625777, 40.1444193154135], [-3.09627055822669, 40.1447056240132], [-3.09618525151236, 40.1450164894258], [-3.09616198963809, 40.1451652102905], [-3.09614342146115, 40.1453174864728], [-3.09615962250082, 40.1459398442743], [-3.09619155858398, 40.1461669859584], [-3.09625527137336, 40.1463840493652], [-3.09636501196583, 40.1466739536991], [-3.09642256125759, 40.1468155094937], [-3.09645007901658, 40.1468979959755], [-3.09646264049232, 40.1469362076919], [-3.09649111633626, 40.1471192593862], [-3.09649475526372, 40.1472397966266], [-3.09646801400391, 40.1473867502745], [-3.09638248202289, 40.1475272682874], [-3.096254865498, 40.1476560885669], [-3.09599661518416, 40.1478258358021], [-3.09571169832212, 40.1479893486349], [-3.09546050780911, 40.1481334939939], [-3.09484242479279, 40.1485069690599], [-3.09445166977673, 40.1487623718622], [-3.09424171495412, 40.1489182988709], [-3.09404468027636, 40.1490896471222], [-3.09385009081277, 40.1492907238235], [-3.09371886932736, 40.1494826065207], [-3.09365817452499, 40.1496358182757], [-3.09359245398928, 40.1497764955966], [-3.0934916872689, 40.1499414772544], [-3.09338508986628, 40.1500904588678], [-3.09327849087864, 40.1502144263273], [-3.09321880046137, 40.1502983759825], [-3.09319523334368, 40.1503732538651], [-3.09319083829144, 40.1505101232965], [-3.09319902024352, 40.1505906397081], [-3.09322147147935, 40.1506418635424], [-3.09326613916571, 40.1507119848699], [-3.09334497198234, 40.1508028100416], [-3.09341898122309, 40.1508758217088], [-3.0935059866516, 40.1509361061176], [-3.09378788337767, 40.1510530260509], [-3.09440232703578, 40.1512834015125], [-3.09512955576887, 40.1515575980816], [-3.09606454779027, 40.1518924324508], [-3.09641804632498, 40.1519986623936], [-3.09680094782495, 40.152114567742], [-3.09700537743415, 40.1521918756281], [-3.09717100611129, 40.1522809135121], [-3.09732266663178, 40.1523908495505], [-3.09743666938184, 40.1524843420185], [-3.09759072685979, 40.1526680065821], [-3.09764975176155, 40.1527616555473], [-3.09769906538855, 40.1528640977222], [-3.09774043048859, 40.1530527005203], [-3.09775122449539, 40.1531596799559], [-3.09774772901527, 40.1532706085215], [-3.09772332609493, 40.1534069033493], [-3.09769060334972, 40.1535472420896], [-3.09756078241811, 40.1539149419122], [-3.09737469910197, 40.1543520239579], [-3.09710684933202, 40.1548895720725], [-3.09707388150259, 40.1549559677756], [-3.09692271166642, 40.1552173716126], [-3.09681372635986, 40.1553804936665], [-3.09672242466381, 40.1555159807061], [-3.0966625893049, 40.1556401175889], [-3.09662184423088, 40.1557458084052], [-3.09657130568428, 40.1558151115402], [-3.09650463074903, 40.1558906221727], [-3.09636501549703, 40.1560225032246], [-3.09623470736203, 40.1561377889524], [-3.09611156809951, 40.1562306472444], [-3.09595447842303, 40.1563274798028], [-3.09565636059717, 40.156470753175], [-3.09537473241142, 40.1565988085691], [-3.09502857003045, 40.1567612651888], [-3.0948196586686, 40.1568803798532], [-3.09463899309191, 40.1570075818425], [-3.0942847415613, 40.1572511291877], [-3.09413003511794, 40.1573628238644], [-3.09388369657613, 40.1575415256691], [-3.09363956536186, 40.1577252930342], [-3.09349660742419, 40.1578346494053], [-3.09341200131331, 40.1579014115749], [-3.09334047836004, 40.157972734171], [-3.09323278387211, 40.1581096535406], [-3.09317981645679, 40.15816827723], [-3.09306137358656, 40.1582755887797], [-3.09283514310091, 40.1584731706728], [-3.09265202837959, 40.1586209755889], [-3.09257345094505, 40.1586850099109], [-3.09249841646599, 40.1587553109725], [-3.09243052224146, 40.1588338765047], [-3.09238948959165, 40.1588823355997], [-3.09235303851033, 40.1589482427235], [-3.09229694039799, 40.159095823192], [-3.092227848394, 40.1592591946774], [-3.09216232290989, 40.1594067599785], [-3.09203105626135, 40.1596584504931], [-3.09181892090361, 40.1599469385252], [-3.09160793898275, 40.1602389877456], [-3.0914156572911, 40.1604697801405], [-3.09129020882288, 40.1606012163981], [-3.09110727716964, 40.1607365037338], [-3.09098414122334, 40.1608582294824], [-3.09076247015784, 40.1611134863327], [-3.09040124373967, 40.1614877365169], [-3.09025350770635, 40.161668949891], [-3.09013164854313, 40.1618564361603], [-3.08998395015678, 40.1620781156987], [-3.08987266336172, 40.1622837324447], [-3.08975789279107, 40.1625054174439], [-3.08968052898047, 40.1626370018577], [-3.08960901897839, 40.1627192105446], [-3.08952927424619, 40.1628020168045], [-3.08938614940125, 40.1629085832973], [-3.0892770371959, 40.1629706327514], [-3.08915509987107, 40.1630174390902], [-3.08859273965736, 40.1631772270877], [-3.08819474365908, 40.1633081693439], [-3.08787900349225, 40.1634365924691], [-3.08753640301264, 40.1636014791723], [-3.0873614578585, 40.1636810079222], [-3.08720080272831, 40.1637436327476], [-3.08694950140824, 40.1638040730681], [-3.08672753050143, 40.1638430932066], [-3.08641528747677, 40.1638855589063], [-3.08624503117205, 40.1639020156485], [-3.08611805760038, 40.1639018981916], [-3.08596318270675, 40.163893778792], [-3.08581049221747, 40.1638713681876], [-3.08564830158884, 40.1638382896115], [-3.08550964213316, 40.1637897543651], [-3.0853733524332, 40.1637348504561], [-3.08517477355146, 40.1636386035777], [-3.08414083038353, 40.1630454045666], [-3.08366821078508, 40.1627450615018], [-3.08315358391737, 40.162368712414], [-3.08273044845521, 40.16204917655], [-3.08264680834073, 40.1619728038706], [-3.08256105528082, 40.1618662909984], [-3.0824915767647, 40.1617539708982], [-3.08232914878489, 40.1614306139739], [-3.08229142243575, 40.1613304147595], [-3.08228440120407, 40.1612898767756], [-3.08228193153695, 40.1612423857718], [-3.08228795390025, 40.1611930215904], [-3.08231586000689, 40.1611369338955], [-3.08236864770793, 40.1610747307844], [-3.08245542316775, 40.160998098939], [-3.08256336563061, 40.1609259328518], [-3.08258924713795, 40.1609045014765], [-3.08261269437256, 40.1608729513238], [-3.08263253770411, 40.1608078690007], [-3.08266893713934, 40.1606510510006], [-3.08271436973494, 40.16049876953], [-3.08275889315497, 40.1603908359586], [-3.0828022357495, 40.1603329375055], [-3.08289021135854, 40.160253610186], [-3.08311313188956, 40.1600786645179], [-3.08316590611588, 40.1600272726619], [-3.08321866686743, 40.1599695570973], [-3.08326101131328, 40.1598881934956], [-3.08327376805146, 40.1598172341004], [-3.08326780873503, 40.1597451619697], [-3.08323357406619, 40.1596567803528], [-3.08317119000637, 40.1595605796638], [-3.08304319168852, 40.1594102805499], [-3.08289963827911, 40.1592850738642], [-3.08273759359327, 40.1591683675831], [-3.0825823317612, 40.1590762612587], [-3.08243211274634, 40.1590216171228], [-3.08221114632072, 40.1589699692867], [-3.08202799432554, 40.1589334978679], [-3.08176848867905, 40.1588734300249], [-3.08164146892479, 40.1588273456907], [-3.08146055336364, 40.1587554414164], [-3.08062758422825, 40.1583812153646], [-3.07993325748052, 40.1580825967604], [-3.07951147060686, 40.1578882571703], [-3.0793152637044, 40.1577838541459], [-3.07907084426503, 40.1576417145976], [-3.07842463757216, 40.1572673464683], [-3.07815327538946, 40.1571512844525], [-3.07801367910309, 40.157111837183], [-3.0778808211501, 40.1570894027268], [-3.07772460113248, 40.1570686867447], [-3.07761550129521, 40.157069872469], [-3.07744748254544, 40.1570796999155], [-3.07728896403377, 40.1570798049598], [-3.07714692131695, 40.1570718749003], [-3.07683803850722, 40.1570539558278], [-3.07652819914871, 40.1570171019369], [-3.07617698408597, 40.1569689071574], [-3.07555562640188, 40.1568521900261], [-3.0750506006731, 40.1567449668705], [-3.07464650494682, 40.1566427274264], [-3.07419685308882, 40.1565157733639], [-3.07374800011818, 40.1563838330425], [-3.07356735800586, 40.1563320421804], [-3.0731794878159, 40.1562211196787], [-3.0726310369169, 40.156080928744], [-3.07238201650728, 40.1560333583232], [-3.07214125184144, 40.1560091737363], [-3.07188058320389, 40.1559886142561], [-3.07169525605256, 40.1559880377605], [-3.07156134588853, 40.1560078290044], [-3.07138635790067, 40.1560456645418], [-3.07090506034953, 40.156161395225], [-3.07077482013236, 40.1561823095064], [-3.07051875340283, 40.1562110682569], [-3.07013837527051, 40.156268054444], [-3.06993875074975, 40.1563105010584], [-3.06977913864368, 40.1563586001837], [-3.06951505405779, 40.1564540149638], [-3.06942590500424, 40.1564821308322], [-3.06931195215856, 40.1565073332923], [-3.06922632813369, 40.1565182885509], [-3.06903606875504, 40.1565444004876], [-3.06896217528142, 40.1565595522786], [-3.06888588198596, 40.1565888787531], [-3.06877328683144, 40.1566430030268], [-3.06865703006071, 40.1567050127243], [-3.06861119741568, 40.1567393888281], [-3.06844110376256, 40.1568907339514], [-3.06835311308122, 40.1569788578255], [-3.06827334697654, 40.1570629264733], [-3.06823952720271, 40.1571014351489], [-3.06804229485275, 40.1573259088186], [-3.06799071902183, 40.1574171554836], [-3.06795185293243, 40.1575191042915], [-3.06791235781772, 40.1576542708024], [-3.06790764372269, 40.1576721483391], [-3.06784559259442, 40.157914544007], [-3.06878110801277, 40.1599330300151], [-3.07046696805231, 40.1618680887368], [-3.07262934965445, 40.1623929644405], [-3.07344268122283, 40.1628786875439], [-3.07683275820998, 40.1650741905558], [-3.07775357346898, 40.1661671723342], [-3.07741867537092, 40.1713633174334], [-3.07712750443786, 40.1725112754618], [-3.07727584092819, 40.1727162995087], [-3.0796224817147, 40.1759638412654], [-3.08096291005245, 40.178223411632], [-3.08146810410048, 40.1792565944548], [-3.08163082453418, 40.1804882504977], [-3.08171567670098, 40.1811302034787], [-3.08199620545303, 40.1819202239817], [-3.08259357058372, 40.1825008315191], [-3.08312043028943, 40.1839257288928], [-3.08358961538423, 40.1844326400257], [-3.0849333252677, 40.1852659673273], [-3.08576036119563, 40.1861457744857], [-3.08578479520638, 40.1870437916294], [-3.08555604371087, 40.1873152284846], [-3.08440058298171, 40.1886862963435], [-3.08448675746861, 40.1888615793366], [-3.08554414282995, 40.1910125972728], [-3.08669958683674, 40.1923520614216], [-3.08662056798378, 40.1930410212758], [-3.08658674102345, 40.1933362849729], [-3.08541469559754, 40.1946921337141], [-3.08551275749056, 40.1949579434716], [-3.08577657651984, 40.1956730161242], [-3.08562284063874, 40.1958048861786], [-3.08534363203838, 40.1960447108669], [-3.08471997089614, 40.1972828291925], [-3.08471233531197, 40.1973864630119], [-3.08463905245199, 40.1983757726509], [-3.08823093020638, 40.2003181133412], [-3.08803382554397, 40.2003700679588], [-3.08619086243778, 40.2008545885974], [-3.0831756465485, 40.2025834260804], [-3.08147601357092, 40.203968527893], [-3.07945115311144, 40.2085490033717], [-3.07952856554672, 40.2086964911336], [-3.08012761515721, 40.2098368920342], [-3.08189072421385, 40.2131953911702], [-3.0823106525455, 40.2139949203547], [-3.08254144960841, 40.2144345306233], [-3.08186022131416, 40.216586587275], [-3.08078641894687, 40.2177501526826], [-3.08059120245924, 40.2186360156275], [-3.08050128704129, 40.219010522414], [-3.08049115708603, 40.2190648179502], [-3.07978159480788, 40.2229081738107], [-3.07964363314681, 40.2236560534259], [-3.07997988563553, 40.2266148628588], [-3.07991043667906, 40.2277620492035], [-3.08109373260558, 40.2293759703154], [-3.08405585449143, 40.2314309299369], [-3.08462936138459, 40.2319305069397], [-3.08507072438702, 40.232281125076], [-3.08562222348318, 40.2327518879955], [-3.0856689457724, 40.2327882085537], [-3.08571635536022, 40.2328238938255], [-3.085764522708, 40.2328593328054], [-3.08581305674371, 40.2328942084033], [-3.08586197935389, 40.2329282757356], [-3.08591166337562, 40.2329621142884], [-3.08596196101896, 40.2329954540819], [-3.08601269649868, 40.2330280756008], [-3.08643259724847, 40.2333329574834], [-3.08697700870875, 40.2337699887707], [-3.08706971484608, 40.2342435228915], [-3.08712992134139, 40.2345509608789], [-3.08849021817652, 40.2367865206903], [-3.08916934715962, 40.2377077671484], [-3.08996673043336, 40.2386927428966], [-3.08992442337676, 40.2392702250274], [-3.08986594904267, 40.24006883447], [-3.08949547872689, 40.2407046283051], [-3.08930181190186, 40.2410372213057], [-3.08834108699295, 40.2421677575144], [-3.08750096095202, 40.2442605915582], [-3.08722381772512, 40.244742804712], [-3.0869213751062, 40.245268957082], [-3.08742221556018, 40.2472529457223], [-3.08817415486032, 40.2483001485006], [-3.08994664769688, 40.2492757854345], [-3.09022475399513, 40.2493781007748], [-3.09135584386623, 40.2502547054554], [-3.09200351301641, 40.2509209116927], [-3.09679854483155, 40.2577370976941], [-3.09906028083308, 40.2604830493999], [-3.09766609661395, 40.2641959017903], [-3.09644651671398, 40.2666745059719], [-3.09588506773138, 40.268855243228], [-3.09824598243628, 40.2750787418928], [-3.10186171765936, 40.2781838477461], [-3.10240334502788, 40.2785347349604], [-3.10485172835384, 40.2796136660568], [-3.10773480665106, 40.2802957292481], [-3.10896196989138, 40.2826460233726], [-3.10950699139308, 40.285186272875], [-3.11208406570372, 40.2856252444638], [-3.11259582783627, 40.2853888943194], [-3.11287374461035, 40.2854909195422], [-3.11388291726566, 40.2850642386676], [-3.11477978500555, 40.2846762926454], [-3.11762720460602, 40.2835079458928], [-3.11924131382859, 40.2828622469457], [-3.12098423397562, 40.2819780810858], [-3.1228991502089, 40.2810095405923], [-3.12371414549786, 40.2806496948897], [-3.12608310386762, 40.2796493314626], [-3.12823525977756, 40.2787615562355], [-3.12863543840283, 40.2782005387876], [-3.12913340528009, 40.277497538058], [-3.12960143993353, 40.2768345419132], [-3.12983537473694, 40.2765285242607], [-3.13035992552424, 40.2761495410532], [-3.13147670920774, 40.2753363044687], [-3.13222643163728, 40.274788134679], [-3.13335810839945, 40.2739634723245], [-3.13368654159, 40.2737194096387], [-3.13448262683506, 40.2731272471298], [-3.13520205323368, 40.2726075682816], [-3.13578518360904, 40.2723430366962], [-3.13689932305396, 40.2718253742086], [-3.13709323418051, 40.2717353641174], [-3.13764626551147, 40.2714933935989], [-3.13806069908027, 40.2709665553624], [-3.13887963383601, 40.2699583419256], [-3.13913368278822, 40.2696455574776], [-3.13946075040003, 40.2692428804475], [-3.1403476418087, 40.2686566076758], [-3.14187857993104, 40.2677471377568], [-3.1421882062803, 40.2674725346959], [-3.14313769319849, 40.2666391276697], [-3.14344908924504, 40.2663662031017], [-3.14520940677134, 40.2660804632458], [-3.1459148968831, 40.2659666451815], [-3.15046571072645, 40.2652558953161], [-3.15261710953861, 40.2641769593604], [-3.1532047236171, 40.2638822127058], [-3.1536176929244, 40.2636751116678], [-3.15402348335439, 40.2614301085474], [-3.15570130611158, 40.2594210214124], [-3.15725462805689, 40.2584166853305], [-3.15910830973052, 40.2573386817568], [-3.15955632451857, 40.2570857159098], [-3.15969354163215, 40.2569920541575], [-3.16003946023491, 40.2566745185831], [-3.16018561853079, 40.2565341472131], [-3.16062485660299, 40.2561117859966], [-3.16091157166217, 40.2558282241673], [-3.16102556619602, 40.2557153787205], [-3.16144972487344, 40.2552919091253], [-3.16332635094374, 40.2524729026842], [-3.16511292409414, 40.250107460468], [-3.16527008063975, 40.2498749671324], [-3.16811399138283, 40.2470579598313], [-3.17046783977317, 40.2436934631801], [-3.17054845997668, 40.2415986067711], [-3.17055328105771, 40.2414764366705], [-3.17077875657447, 40.2412772761511], [-3.17165667979184, 40.2405023511133], [-3.1718198874671, 40.2401006266032], [-3.17271440055193, 40.2379021221105], [-3.17315907824718, 40.2368085017205], [-3.17339825921432, 40.2341691565438], [-3.17482090857459, 40.2351786756281], [-3.17486190766293, 40.2351953884706], [-3.17804762485996, 40.2360910292029], [-3.17809279145363, 40.2362238487623], [-3.17840216752223, 40.2362442065994], [-3.18034081983212, 40.2402819286109], [-3.18150111461253, 40.2421011436383], [-3.18160159264223, 40.2422585122669], [-3.18303933008479, 40.2432980755429], [-3.18316892594953, 40.2433986874986], [-3.18520537727901, 40.2443144068464], [-3.18642856226067, 40.2445504221707], [-3.1875698193072, 40.244770642117], [-3.18795797982785, 40.2448330782631], [-3.18949987669319, 40.2454432038904], [-3.19020662411968, 40.2459105338997], [-3.19126597737972, 40.2463322302998], [-3.19393707175459, 40.247084575463], [-3.19538125592551, 40.247620019764], [-3.19445015086548, 40.2480370225153], [-3.19506001713392, 40.2498052182775], [-3.19515487053578, 40.2500798451929], [-3.19513641560325, 40.2514478109058], [-3.19495434276815, 40.2530583534974], [-3.19511327679818, 40.2552492372327], [-3.19730514183691, 40.2576704866807], [-3.19564632470489, 40.2580551477989], [-3.19034658683024, 40.2624962442586], [-3.18940828864212, 40.2631997507788], [-3.18895750848531, 40.2636526461629], [-3.18869842138767, 40.2639210980763], [-3.18757630159175, 40.265085132693], [-3.18645099022176, 40.2663054699828], [-3.18379033736283, 40.2697957920999], [-3.18373796410486, 40.2698645717488], [-3.18405675748401, 40.2703893402367], [-3.1843934056283, 40.2709431691368], [-3.18525245943012, 40.2724957091125], [-3.18653790571725, 40.2753338471694], [-3.18661072997816, 40.2789599981414], [-3.18599454229482, 40.2804013614455], [-3.1844706526579, 40.2826009728266], [-3.18333425867064, 40.2848569986267], [-3.18156655137405, 40.2884402312448], [-3.18076378428237, 40.291340258184], [-3.1808626384895, 40.2917465050741], [-3.1813830684662, 40.2928087702979], [-3.18188337079064, 40.2951053111911], [-3.18171373126834, 40.2968586641127], [-3.18182837233568, 40.2976063964683], [-3.18047346689784, 40.3015460193201], [-3.18034035618668, 40.3019329719816], [-3.18031881189122, 40.3019957008054], [-3.18038484500982, 40.3020985417339], [-3.18044302284388, 40.3022357595203], [-3.1805232989926, 40.3024014910782], [-3.18055924957028, 40.3025270882411], [-3.18061734274928, 40.3026871635349], [-3.18070537043271, 40.3028128699177], [-3.18078607894524, 40.3029442287757], [-3.18086633354469, 40.3031158435529], [-3.18097637452353, 40.3032874116795], [-3.18105662967512, 40.3034361149728], [-3.18118883832875, 40.3036192754466], [-3.18134362344208, 40.3037797476899], [-3.18150613643973, 40.3039234282064], [-3.18166812456712, 40.3040951754936], [-3.18182289793048, 40.3042512079534], [-3.18186714521665, 40.304295621927], [-3.18206862764356, 40.3045560122347], [-3.1821464269076, 40.3046330320781], [-3.18221371725322, 40.3047204426873], [-3.18227414612524, 40.3048124542428], [-3.18232849100687, 40.3049193542805], [-3.18241491472403, 40.3051489470335], [-3.18244228000795, 40.3052513935446], [-3.18246018144705, 40.3053442739147], [-3.1824769963838, 40.3054433499008], [-3.18249512522525, 40.3056206922642], [-3.18251425433242, 40.3057597434391], [-3.18254044889512, 40.3058893174209], [-3.18263336773252, 40.3062927944619], [-3.1827606178864, 40.3068124273298], [-3.18277618579456, 40.306887746915], [-3.18279891287635, 40.3069969489676], [-3.18282743906883, 40.3071528539912], [-3.18284676507122, 40.3072862976252], [-3.18287775451421, 40.3074591148869], [-3.1829007416747, 40.307664603554], [-3.18290817095763, 40.3078284487257], [-3.18291072008217, 40.3079320754879], [-3.18289598307934, 40.30808185497], [-3.18287279914449, 40.3082125266777], [-3.18285750074152, 40.3082671698264], [-3.18283521937749, 40.3083150870321], [-3.18279192609422, 40.3083613081687], [-3.18273661849528, 40.3084143207366], [-3.18265917563294, 40.30849280404], [-3.18259830161573, 40.3085660127414], [-3.1825301802531, 40.3086551725109], [-3.18247393224158, 40.3087471464754], [-3.18244008222319, 40.3088083876568], [-3.18240018897791, 40.3088799619844], [-3.18235808000983, 40.3089481612976], [-3.18231343743628, 40.3090177025004], [-3.1822676889338, 40.3090799561885], [-3.18220671920655, 40.3091432261753], [-3.1821410490298, 40.3092024531988], [-3.18207988175063, 40.3092586137751], [-3.18201303480608, 40.3093270958021], [-3.18197087530226, 40.3093767133418], [-3.18192618068934, 40.3094409749851], [-3.18184787390915, 40.3095880625052], [-3.1818149459325, 40.3096517425254], [-3.1817587079854, 40.3097501322281], [-3.18169304922299, 40.3098403085874], [-3.18162384660676, 40.3099187977689], [-3.18156516056754, 40.3099846476422], [-3.18153466545861, 40.3100279440238], [-3.1815065769363, 40.3100865703149], [-3.18147399375989, 40.3101883318981], [-3.18145077473273, 40.3103071786096], [-3.18144279565281, 40.3104479411182], [-3.18143491537579, 40.3105650950086], [-3.18141650124623, 40.3106929434805], [-3.18138019745054, 40.3108011508692], [-3.18135112408365, 40.3108625336338], [-3.18130647006978, 40.3109425612513], [-3.1812513790388, 40.3110509396066], [-3.18118716104974, 40.3111612239355], [-3.18111665600071, 40.3112727985126], [-3.18105805799641, 40.3113701448028], [-3.18103009103303, 40.3114249921303], [-3.18100308020271, 40.3114882957791], [-3.1809716517961, 40.3115765525737], [-3.180935377773, 40.3116992042417], [-3.18090387104267, 40.3118109006171], [-3.18088419000679, 40.3118779381249], [-3.18087362068473, 40.3119139918847], [-3.18085833286434, 40.3119506637863], [-3.18084197094977, 40.3119786218683], [-3.18078461626173, 40.3120509598778], [-3.18073637488643, 40.3121148076678], [-3.18071646666296, 40.312147353337], [-3.18069420078047, 40.3121905782089], [-3.18068254513966, 40.3122311325211], [-3.18067560924734, 40.3122698880196], [-3.18068064507968, 40.3123681373379], [-3.18067709595914, 40.3123942269999], [-3.18064462371782, 40.3125140317611], [-3.18060018228756, 40.3126745794389], [-3.18059807911237, 40.3127134353607], [-3.18060515991925, 40.3127483353732], [-3.18062412369459, 40.3128260110427], [-3.18063367229661, 40.3128906812454], [-3.18064336871181, 40.312986187389], [-3.18065649579306, 40.3130636242037], [-3.18066501298385, 40.3131266328182], [-3.18066409870922, 40.3131975825367], [-3.18065121908908, 40.3132852463437], [-3.18064309144733, 40.3133192409798], [-3.18062671753968, 40.3133618533033], [-3.18061499542355, 40.3133862283514], [-3.18059405909415, 40.3134133521676], [-3.18055407872496, 40.31345395645], [-3.18051640532111, 40.3134845778306], [-3.1804307478478, 40.3135459311732], [-3.18038599689134, 40.3135712763601], [-3.18034928813555, 40.3135891803382], [-3.18032497292299, 40.3136012780944], [-3.18024965804823, 40.3136318018722], [-3.18016147065386, 40.3136623456479], [-3.18006041221784, 40.3136934724715], [-3.17995567285259, 40.3137234787693], [-3.17993583041483, 40.3137302666124], [-3.17990276864194, 40.3137449581524], [-3.17987338918543, 40.3137613332026], [-3.17983703524381, 40.3137827868218], [-3.17981243397405, 40.3137980282654], [-3.17979344567203, 40.3138127152628], [-3.17977700650235, 40.3138289978378], [-3.17976070766954, 40.3138476598331], [-3.17974422003279, 40.3138713348787], [-3.17973616906018, 40.3138865505905], [-3.179730332262, 40.31390457827], [-3.17972899155039, 40.3139200331898], [-3.17971869146737, 40.314038097508], [-3.17971184630489, 40.3141119705694], [-3.17970609618877, 40.3141696199687], [-3.17969911897394, 40.3141930645323], [-3.17968628625847, 40.314215467728], [-3.17967095678977, 40.314236356161], [-3.17955715024155, 40.3143384200119], [-3.17912741972332, 40.3146983322185], [-3.17868926401913, 40.3150728959419], [-3.17846615493493, 40.3152663772884], [-3.17841564472355, 40.3153094675964], [-3.17835825340635, 40.315353821322], [-3.17830647449483, 40.3153843075387], [-3.17822642898199, 40.3154187633647], [-3.17813121000947, 40.3154504580692], [-3.17799945615073, 40.3154893731386], [-3.17767254833855, 40.3155829244528], [-3.17743377982982, 40.3156560489273], [-3.17725621074589, 40.3157049596932], [-3.17705742704825, 40.3157521046049], [-3.17692213447826, 40.3157811488242], [-3.17675990551612, 40.3158112443144], [-3.17662574211372, 40.3158429817872], [-3.17643755501486, 40.3158911308715], [-3.17629879080768, 40.3159352351059], [-3.17618363154342, 40.3159776693171], [-3.17615057417568, 40.315991329472], [-3.1761223643808, 40.3160057635151], [-3.17609300384406, 40.3160256600641], [-3.17601549450641, 40.3160852243295], [-3.17299459944479, 40.3185600590317], [-3.17056382925285, 40.3208186520002], [-3.16992488184579, 40.3213736286099], [-3.16931295576245, 40.3219024712538], [-3.16897118831102, 40.3222082229725], [-3.1689216434138, 40.3222533417969], [-3.16864124811045, 40.3225060111073], [-3.16806800037313, 40.3230088153579], [-3.16757945183098, 40.3234552190643], [-3.167378554726, 40.323581076916], [-3.16708339561775, 40.3237526150007], [-3.16661791019708, 40.3240198988523], [-3.16618888110562, 40.3242700927605], [-3.16571645827245, 40.3245536578544], [-3.16491473046953, 40.3250331827335], [-3.16441993481779, 40.3253365673233], [-3.16221946481693, 40.3260961278408], [-3.16211111541725, 40.3261335317024], [-3.16231775171001, 40.3273935870377], [-3.16128740881073, 40.3280200014814], [-3.15896985149746, 40.3294288767055], [-3.15446825436988, 40.331506151406], [-3.15385772247187, 40.3315365159838], [-3.1529051982984, 40.3315839035721], [-3.15270458298941, 40.3319589239797], [-3.15213415368611, 40.3337308177102], [-3.15185848587802, 40.3341720714025], [-3.15187048214422, 40.3345999962534], [-3.15178522377145, 40.3347433770194], [-3.15153174437509, 40.3349726361706], [-3.15139811096942, 40.3352476272515], [-3.15136161780933, 40.3354936634689], [-3.15139311543813, 40.3359110534813], [-3.15145585737083, 40.3361759117344], [-3.15130213442678, 40.3370963098194], [-3.15131551767888, 40.3378170339962], [-3.15135632941769, 40.3379695751184], [-3.15132697600005, 40.3381700697826], [-3.15141049890148, 40.3385016142241], [-3.1515613132022, 40.3388156149772], [-3.15200101437404, 40.3393024752655], [-3.15206269368858, 40.3397552993095], [-3.15478412956871, 40.3409887745447], [-3.15484632083082, 40.3411542365542], [-3.15496811325823, 40.3414784069798], [-3.15509323763638, 40.3418110189759], [-3.15522432053042, 40.3420018613278], [-3.155327068036, 40.3421395353304], [-3.15543687699924, 40.3422852332808], [-3.15560690496442, 40.3424623745391], [-3.15556691013201, 40.3425058745032], [-3.15553534692619, 40.3425382053395], [-3.15524796987639, 40.3426999130732], [-3.15482390880069, 40.3429386638324], [-3.15404275707276, 40.3432600986505], [-3.1540120557326, 40.3432728300664], [-3.15338115210564, 40.3434062521978], [-3.15333879807156, 40.3433800326924], [-3.15331409154356, 40.3433646732679], [-3.15327172676659, 40.3433422062584], [-3.15317852690336, 40.3432939049369], [-3.15310780749039, 40.3432613399936], [-3.15309130771923, 40.3432569345893], [-3.1530618321981, 40.3432524547426], [-3.15304192106182, 40.3432507286882], [-3.15302426222338, 40.343251878209], [-3.15295253320092, 40.3432609823424], [-3.15290999176228, 40.3432661763691], [-3.15288191180927, 40.3432717742039], [-3.15285837727148, 40.343277999175], [-3.15284641798963, 40.3432824805966], [-3.15282057884878, 40.3432987307306], [-3.15260784438852, 40.3434585152206], [-3.15251612452764, 40.3435288599777], [-3.15246680642891, 40.3435713169817], [-3.15241871433045, 40.3436198051432], [-3.15237760556877, 40.3436649056121], [-3.15232820415673, 40.3437345374051], [-3.15230132823963, 40.3437787479942], [-3.15229070458872, 40.3437995958981], [-3.15227791502289, 40.3438390282533], [-3.15227208481869, 40.3438643744752], [-3.15227104807554, 40.3438942190168], [-3.15227707073768, 40.3439544605203], [-3.15229240539433, 40.3440552997422], [-3.15229484521864, 40.3440876983028], [-3.15229262009167, 40.3441517080084], [-3.15228920290034, 40.3441985379608], [-3.1522799469777, 40.3442517623334], [-3.1522682497796, 40.3442861255374], [-3.15225295138704, 40.344312997956], [-3.15223419186896, 40.3443463467102], [-3.15220958516016, 40.3443785476672], [-3.15213214470265, 40.3444664898322], [-3.15203101361295, 40.3445781717204], [-3.15195230053281, 40.3446629783021], [-3.15191704520192, 40.3446987609821], [-3.1518924580017, 40.3447280733659], [-3.15182684049714, 40.3448379598654], [-3.15174811257043, 40.3449740311647], [-3.15168128486288, 40.3450712654157], [-3.15163070186446, 40.3451363680432], [-3.15161560617045, 40.3451541240925], [-3.15159798084603, 40.345170476476], [-3.15158375231446, 40.3451823531284], [-3.15156969361064, 40.3451907843794], [-3.15155683027162, 40.3451975581788], [-3.15154254299911, 40.3452040328275], [-3.15152741772437, 40.3452082952086], [-3.15150387483007, 40.3452111414413], [-3.15144721587797, 40.3452140310337], [-3.15141079073452, 40.3452152048778], [-3.1513777210091, 40.3452150571897], [-3.15133652786343, 40.3452124356346], [-3.1513023712214, 40.3452079791961], [-3.15129192453269, 40.3452080403912], [-3.15124117425157, 40.3452204944917], [-3.15120702493543, 40.3452314766532], [-3.15118235540111, 40.3452414548542], [-3.15115882496021, 40.3452532607014], [-3.15112721840982, 40.345270194362], [-3.15109304117303, 40.3452893836866], [-3.15105776507108, 40.3453108267509], [-3.1508589777183, 40.3454355265746], [-3.15078369834938, 40.3454842867286], [-3.15076609406476, 40.3454969487399], [-3.15074619154163, 40.3455150677113], [-3.15072857092657, 40.34553367227], [-3.15071319227766, 40.3455537702908], [-3.15070033089678, 40.3455753768869], [-3.1506746903461, 40.3456277766047], [-3.15064520238707, 40.3456917225446], [-3.1506230799939, 40.3457500318882], [-3.15060314865536, 40.3458124822264], [-3.15057273349646, 40.3459188167871], [-3.15055988003377, 40.345955637868], [-3.15055048671848, 40.3459782978484], [-3.15053756535143, 40.3460035717037], [-3.15051187999856, 40.3460469190726], [-3.15047537947589, 40.3461036537499], [-3.15045907131579, 40.3461269449391], [-3.15044370577726, 40.3461442499924], [-3.15043080460461, 40.3461568248703], [-3.15041684583948, 40.3461675415168], [-3.15040258629346, 40.3461758170716], [-3.1503849326015, 40.3461848448413], [-3.15036612593675, 40.3461940721571], [-3.15034737490173, 40.3462008534748], [-3.15032384161223, 40.3462082040832], [-3.1502933170465, 40.3462155637713], [-3.15024486368914, 40.3462246557442], [-3.15018719454284, 40.3462319643573], [-3.1501248380531, 40.3462371795497], [-3.15008841233512, 40.3462383529781], [-3.15004946394517, 40.3462375106871], [-3.15001885758153, 40.3462339385819], [-3.14999056051366, 40.3462294866178], [-3.1499610742128, 40.3462232131916], [-3.14992939674874, 40.3462132206689], [-3.1499047196354, 40.3462025541599], [-3.14987389181616, 40.3461845942601], [-3.14984437137927, 40.3461630107269], [-3.14982078611148, 40.3461414134938], [-3.14980555859068, 40.346121599312], [-3.14978783293303, 40.3460929052592], [-3.14977710352794, 40.3460664544587], [-3.14977240824019, 40.3460492795993], [-3.14976759416858, 40.3460315738783], [-3.14977108289573, 40.3460062128435], [-3.14979563037286, 40.3459583193735], [-3.14982969992296, 40.3458901427336], [-3.14983669168192, 40.3458711253684], [-3.14983919336763, 40.345856908797], [-3.14984027232719, 40.3458456458268], [-3.1498318479659, 40.3458287878924], [-3.14982007464578, 40.3458161814001], [-3.14981075458388, 40.3458090839505], [-3.14979650734429, 40.3457999941759], [-3.14977294722935, 40.3457901324485], [-3.14973414929564, 40.3457776507397], [-3.14964448634709, 40.3457560525147], [-3.14962448535728, 40.3457524793137], [-3.14960680920746, 40.3457516002199], [-3.14958580573652, 40.3457525041398], [-3.14932545686047, 40.3457807992711], [-3.14916901470628, 40.345801467162], [-3.14906897189244, 40.3458207408111], [-3.14893842552727, 40.3458569460142], [-3.14874430359052, 40.3459303960326], [-3.14871011421442, 40.3459445169594], [-3.14867372818895, 40.3459637084073], [-3.14861014643845, 40.3459981379107], [-3.14859002051041, 40.3460114479156], [-3.14855007871793, 40.3460511658084], [-3.14853378233911, 40.3460765039259], [-3.14852548643869, 40.3460998334091], [-3.14852100991862, 40.3461249450871], [-3.14851971476301, 40.346150287907], [-3.14852113218558, 40.3461806897118], [-3.14852452434303, 40.3462097297393], [-3.14852821484965, 40.3462223484335], [-3.14853282387795, 40.3462358634252], [-3.14854463492729, 40.3462556825989], [-3.14855999522036, 40.3462664788017], [-3.14857293365538, 40.3462709625562], [-3.14859309472922, 40.3462763206481], [-3.14862475656581, 40.3462825953954], [-3.14864131381901, 40.3462835787146], [-3.14865308613188, 40.3462824374284], [-3.14867073841909, 40.346277910112], [-3.14877773337049, 40.3462355525952], [-3.14888598395549, 40.3461885713805], [-3.14892479566731, 40.3461731887073], [-3.14895656279071, 40.3461641438198], [-3.14897552124632, 40.3461603976159], [-3.14899906705637, 40.3461586780515], [-3.1490343888674, 40.3461575063884], [-3.14906493461705, 40.3461597193414], [-3.14908607560017, 40.3461621679249], [-3.14911553584991, 40.3461675218742], [-3.14913908338846, 40.3461747223192], [-3.14916147749017, 40.3461819097551], [-3.14918054395032, 40.3461911026949], [-3.14920522839015, 40.3462051478207], [-3.14922517792528, 40.3462187664049], [-3.14924061475395, 40.3462332560982], [-3.14926058232726, 40.3462556415201], [-3.14927493450022, 40.346278258099], [-3.14928786406754, 40.346301327634], [-3.14930673566829, 40.3463491649551], [-3.14935767224318, 40.3465096054911], [-3.14936247553499, 40.3465330326611], [-3.14936251056932, 40.3465491409752], [-3.1493625456036, 40.346565429347], [-3.14936024141093, 40.3465844627177], [-3.14935205328107, 40.3466321239271], [-3.14934622590983, 40.3466573578282], [-3.14933920827084, 40.3466789891282], [-3.14932886103061, 40.3467044389662], [-3.14931933120899, 40.3467213436254], [-3.14930649466848, 40.3467405048664], [-3.14928997723317, 40.3467591077783], [-3.14927712702254, 40.3467720751697], [-3.14926292154026, 40.3467854003719], [-3.14924884462728, 40.3467951978869], [-3.14922532466144, 40.346808742118], [-3.1492076809586, 40.3468172110573], [-3.14918305087909, 40.3468279413191], [-3.1491547386607, 40.3468375501668], [-3.14910767385389, 40.3468533770472], [-3.1489875771259, 40.3468866588404], [-3.14894769944195, 40.3468946878944], [-3.14890400326176, 40.3469020803755], [-3.14887229254228, 40.3469066096227], [-3.14884874646891, 40.3469083291615], [-3.1488157141407, 40.3469102926409], [-3.14856962965176, 40.3469051817981], [-3.14830347949432, 40.3468965320465], [-3.14808562905478, 40.3469013122085], [-3.1479867604746, 40.3469014374978], [-3.14793964293964, 40.3469041911229], [-3.14790087119069, 40.3469112343101], [-3.1478631406134, 40.3469231981166], [-3.14782438846262, 40.3469361075371], [-3.1476784649573, 40.346998193601], [-3.14759975909307, 40.3470270500423], [-3.14746897064653, 40.3470750868213], [-3.1473501971963, 40.3471166553507], [-3.1472678315662, 40.3471437916803], [-3.14724429211249, 40.3471546144419], [-3.14721961179837, 40.3471708615891], [-3.14719499440569, 40.3471959263212], [-3.14717968887053, 40.3472231473758], [-3.14717046789435, 40.3472545176949], [-3.1471458394523, 40.3473619410563], [-3.14712966909557, 40.3474448901291], [-3.14711218033102, 40.3475248695178], [-3.14709099103878, 40.3475952812747], [-3.14705361715592, 40.3476685289968], [-3.14701592958749, 40.3477314929172], [-3.14690907450033, 40.3478702947581], [-3.14685735717692, 40.3479272139594], [-3.14679634798759, 40.3479813643306], [-3.14674821819004, 40.3480157731882], [-3.1466469277199, 40.3480752349887], [-3.14655637473542, 40.348125816718], [-3.1464612100335, 40.3481906912765], [-3.14643409796448, 40.3482160226048], [-3.14641533036845, 40.3482448048895], [-3.14640362220374, 40.348275789022], [-3.14640148741552, 40.3483095764283], [-3.1464061226299, 40.3483520969614], [-3.14642044399547, 40.3483973926628], [-3.14648422216072, 40.3485393871107], [-3.14656569935699, 40.3486456160482], [-3.14669101156535, 40.3487861369927], [-3.14677587056314, 40.3488896357566], [-3.14683139317024, 40.348986738214], [-3.14686235561794, 40.3490640802612], [-3.14687761418656, 40.3491308005098], [-3.14688249878468, 40.3491896211486], [-3.14687915569558, 40.3493092001235], [-3.14685844027664, 40.3494644339083], [-3.14684550480505, 40.3495407431312], [-3.14682214321776, 40.3496237121332], [-3.14679752398908, 40.3496687439166], [-3.14676586390463, 40.349705548916], [-3.14673061463889, 40.3497410675684], [-3.14668947031972, 40.3497732152168], [-3.14661193849748, 40.3498251167183], [-3.14653301235874, 40.3498700259064], [-3.14643302357941, 40.349912476545], [-3.14622118466575, 40.349991122466], [-3.14587873817379, 40.3500833705247], [-3.14576470838068, 40.3501043481797], [-3.14567641188174, 40.3501134686719], [-3.14557499683745, 40.3501180557773], [-3.14537613178902, 40.350111031085], [-3.14533947653627, 40.3501084021175], [-3.1452900044595, 40.3501021300525], [-3.14525110836347, 40.3500950255562], [-3.14522050994827, 40.3500842518736], [-3.14518985224423, 40.350069898371], [-3.14517449554445, 40.3500609128824], [-3.14514978378929, 40.3500410907191], [-3.14513454068031, 40.3500206788866], [-3.14511310916953, 40.3499663560315], [-3.14509307928221, 40.349905299864], [-3.14506809548893, 40.3498573996312], [-3.14504216292333, 40.3498304218539], [-3.14500456226422, 40.3498113767995], [-3.14496788841901, 40.3497971531722], [-3.14491030723814, 40.3497872825596], [-3.14485731554482, 40.3497862227813], [-3.14479005523041, 40.3497973729324], [-3.14469363373412, 40.3498190861976], [-3.14456171695993, 40.3498418452728], [-3.14452184174791, 40.349845202577], [-3.14447227979191, 40.3498464602349], [-3.14431441525379, 40.3498340324925], [-3.14422264043452, 40.3498303729251], [-3.14409539700436, 40.3498369783735], [-3.14391765903718, 40.3498597238848], [-3.14378227074513, 40.3498799089925], [-3.14371164814601, 40.3498940737179], [-3.1436528081035, 40.3499116022366], [-3.14354104574422, 40.349956612666], [-3.14340463980854, 40.3500155165873], [-3.14327750788764, 40.3500848166756], [-3.14318704668057, 40.3501351587483], [-3.14300252729096, 40.3501958943065], [-3.14282331339175, 40.3502286274289], [-3.14271515704682, 40.3502461052944], [-3.14265740971255, 40.3502585642537], [-3.14261258120252, 40.3502730515625], [-3.14256079691967, 40.3502947412636], [-3.14246917502972, 40.3503410056842], [-3.14240674842485, 40.3503768864423], [-3.14236441801202, 40.3503976950231], [-3.14231624984261, 40.3504155202722], [-3.1422785004433, 40.3504248129175], [-3.14222432664177, 40.3504329782009], [-3.14217020015934, 40.350434844542], [-3.14210911115316, 40.3504332303793], [-3.14201598976554, 40.3504232093459], [-3.14188752418427, 40.3504047854268], [-3.14178500645039, 40.350392090844], [-3.14168030882293, 40.3503858947761], [-3.14158610716029, 40.350387136284], [-3.14152246468208, 40.3503962234233], [-3.14146478310277, 40.3504104649642], [-3.14137768424943, 40.350438503647], [-3.14130120348278, 40.3504710340087], [-3.14123788430067, 40.3505114392296], [-3.14121187950249, 40.3505423636025], [-3.14118372360656, 40.3505964034675], [-3.14115693760346, 40.3506928492252], [-3.14114048152561, 40.3507424201876], [-3.14110294080798, 40.3508325603735], [-3.14105735569743, 40.3509379097198], [-3.14100216510447, 40.3510588178426], [-3.14094946184505, 40.3512066334657], [-3.140946165062, 40.3512635044392], [-3.14095214667303, 40.3513085434006], [-3.14096272277531, 40.3513705716732], [-3.14099110235174, 40.3514246019749], [-3.14102068926395, 40.3514821900698], [-3.14107039138755, 40.3515426397405], [-3.14117658289709, 40.3516433011546], [-3.14127905955333, 40.3517270746644], [-3.1414170601033, 40.3518259096022], [-3.14147659258644, 40.3518653504242], [-3.14152081406841, 40.3518951394631], [-3.14164585202298, 40.351999497641], [-3.14170847708757, 40.3520643961916], [-3.14181468333935, 40.3521712508503], [-3.14187485145353, 40.3522352443584], [-3.14188780156669, 40.3522478688193], [-3.14194557626863, 40.3522927151446], [-3.142002344316, 40.3523388178616], [-3.14205880845741, 40.3523827767231], [-3.14207177114696, 40.3523899737662], [-3.14208357680645, 40.3523953874646], [-3.14210124397313, 40.3523998475358], [-3.14225794822289, 40.3524409839684], [-3.14235340107339, 40.3524644120814], [-3.14236398424033, 40.3524661920133], [-3.14238169800482, 40.3524670942827], [-3.14239932115408, 40.3524643566301], [-3.14241475462272, 40.3524599356534], [-3.14243828739256, 40.3524508974272], [-3.14250635811513, 40.3524218829528], [-3.14261820285958, 40.3523802862023], [-3.14273244411024, 40.3523367930422], [-3.14277822155775, 40.3523251490067], [-3.14295246590067, 40.3523179397439], [-3.14298780749669, 40.352318600944], [-3.1430372489733, 40.3523185393313], [-3.14307850410274, 40.3523256651843], [-3.14311383574118, 40.3523364337167], [-3.1431527516576, 40.3523544307852], [-3.1431893157846, 40.3523795899793], [-3.14323767389298, 40.352416473364], [-3.14329318894944, 40.3524723645844], [-3.14337927263626, 40.3525676685373], [-3.14346542736022, 40.3526414610951], [-3.14354326548128, 40.3527052949606], [-3.14361872885197, 40.3527546259729], [-3.14373444497825, 40.3528321869909], [-3.14382401795138, 40.3529024603898], [-3.1438535511248, 40.3529463437432], [-3.1438677010293, 40.3529859982673], [-3.14388265708044, 40.3530899152269], [-3.14390011225442, 40.3532103693811], [-3.14396169234907, 40.3534417177766], [-3.14397608187001, 40.353579578367], [-3.14397766932629, 40.3536866367752], [-3.14394972227701, 40.3538696718708], [-3.14394849011606, 40.3539012283228], [-3.14395931661184, 40.3540039335545], [-3.14398310310226, 40.3541210111258], [-3.14398909576352, 40.3541372018294], [-3.14399632275474, 40.3541517158692], [-3.14406243887903, 40.354265938338], [-3.14408019182705, 40.3543075839837], [-3.14408965946463, 40.354364137568], [-3.14409216457033, 40.3543999138313], [-3.14408746318605, 40.3544387720574], [-3.14407467164222, 40.3544804557499], [-3.14405349688457, 40.3545299609172], [-3.14403473862616, 40.3545649671564], [-3.14401603614826, 40.3545959597242], [-3.14395731543705, 40.3546714852496], [-3.14386784835299, 40.354753614233], [-3.14367858140746, 40.3548952908418], [-3.14361863054033, 40.3549440006642], [-3.14356575031283, 40.354995431572], [-3.14352466586331, 40.3550477537352], [-3.14345671015411, 40.3551388987105], [-3.14344020815711, 40.3551665099865], [-3.14342959789469, 40.3551958031872], [-3.14342268323941, 40.3552324118148], [-3.14342731633429, 40.3552640627876], [-3.14344864323745, 40.3553118030132], [-3.14347342506121, 40.3553532158637], [-3.14352776505106, 40.3554333176475], [-3.14359993639599, 40.3555187984424], [-3.14365417998941, 40.3555874265633], [-3.14372259166986, 40.3556646020892], [-3.14377702840221, 40.3557286064186], [-3.14378996389285, 40.3557544919115], [-3.14379350288177, 40.3557789461046], [-3.14379234136009, 40.3558005737944], [-3.14378314266664, 40.3558350205], [-3.14377006853096, 40.3558519499695], [-3.14375486657188, 40.3558637726092], [-3.1437218352884, 40.3558763069355], [-3.1436912907721, 40.3558835782217], [-3.14357937516022, 40.3558882029339], [-3.14355508740904, 40.3558887961594], [-3.1433285456705, 40.3558930455418], [-3.14316721816812, 40.3558977230861], [-3.14303885066946, 40.355899711], [-3.14299646306287, 40.3558996235566], [-3.14297181204487, 40.3559024694195], [-3.14295175091782, 40.3559079160089], [-3.14293406937809, 40.3559169424759], [-3.14292475375606, 40.3559250506869], [-3.14291301176609, 40.3559413944486], [-3.14290946721741, 40.3559530052055], [-3.14290717821458, 40.3559673032293], [-3.14290720555583, 40.3559802539818], [-3.1429095552523, 40.3559953486481], [-3.14291661601045, 40.3560151786448], [-3.14293909275716, 40.356061075536], [-3.14297706482864, 40.3561243155256], [-3.14299343993352, 40.3561447902023], [-3.14300997612129, 40.3561628156899], [-3.14305966931008, 40.3562041704086], [-3.14315033462556, 40.3562671229259], [-3.14317036402706, 40.3562788065616], [-3.14327528815054, 40.3563300447787], [-3.14332246317772, 40.3563516141055], [-3.14335190815608, 40.356361464705], [-3.14338255597862, 40.3563695628688], [-3.14342032327819, 40.356376588591], [-3.14348150540717, 40.3563874335892], [-3.14351125570449, 40.3563916788941], [-3.14357236564532, 40.3564006122951], [-3.14366183084888, 40.3564179566115], [-3.14368061048296, 40.3564230009824], [-3.14369829763132, 40.3564304339213], [-3.14371487075433, 40.3564392876681], [-3.14373256308514, 40.3564522164683], [-3.14374435877325, 40.356461211051], [-3.14375505519534, 40.3564724593091], [-3.14377028143167, 40.3564943155408], [-3.14378797105625, 40.3565231334423], [-3.14379863915659, 40.356546731375], [-3.1438034520988, 40.3565602392537], [-3.14380792095025, 40.356585009112], [-3.14380941814459, 40.3565968318801], [-3.14380944924791, 40.3566114718591], [-3.14380707373076, 40.3566249050724], [-3.14380119695218, 40.3566411109193], [-3.14378942093713, 40.3566609585243], [-3.14377653729932, 40.3566807903789], [-3.14368844131604, 40.3567898870381], [-3.14367314210844, 40.3568088570188], [-3.14365910862705, 40.3568331725667], [-3.14365209281705, 40.3568582953896], [-3.14364516377583, 40.3568881471069], [-3.14363579914206, 40.3569665461452], [-3.1436312994808, 40.3570530313805], [-3.14363735502413, 40.3571323459811], [-3.14365659519088, 40.3572456871583], [-3.14369445284191, 40.3573899216696], [-3.14370291766683, 40.3575286622538], [-3.14369606980942, 40.3576214615756], [-3.14366207216917, 40.3576953423836], [-3.14360810587847, 40.3577801180964], [-3.1435660476552, 40.3578517028183], [-3.14340049201463, 40.3581334151066], [-3.14360779249811, 40.3581810194828], [-3.14376466758724, 40.3582258707894], [-3.14398378980011, 40.3582942936608], [-3.14421701991068, 40.3583766809072], [-3.14469796428186, 40.3585597380045], [-3.14499610090882, 40.3586757489016], [-3.14578323171023, 40.358991535609], [-3.1457982124318, 40.3589975566411], [-3.14829019790287, 40.3597851721021], [-3.14858596148306, 40.359960249496], [-3.14913921993239, 40.3602885746049], [-3.14922881520386, 40.360382674108], [-3.14933999609333, 40.3605325002113], [-3.14939320510424, 40.3606071944399], [-3.14955999485953, 40.3608863822153], [-3.1496355597881, 40.3610384133458], [-3.14971607313391, 40.3612319096472], [-3.14979199433592, 40.3614452175708], [-3.14985960231493, 40.3617048311029], [-3.14990611395586, 40.3619552175486], [-3.15013588187551, 40.3636396259044], [-3.15019429662346, 40.3639431750346], [-3.15023705463438, 40.3641034792469], [-3.1503106640451, 40.3643044125584], [-3.15039809202208, 40.3645014622736], [-3.15050223704931, 40.3647168987203], [-3.15057555240985, 40.3648624986328], [-3.15068670275658, 40.3650470673856], [-3.15082625376313, 40.365266602613], [-3.15092301267691, 40.3653936397004], [-3.1510351844081, 40.3655250121183], [-3.15118162895072, 40.3656816892294], [-3.1513539111625, 40.3658453504941], [-3.15149550721085, 40.3659640666035], [-3.15342995788392, 40.3677029886995], [-3.15194755754071, 40.368458342093], [-3.15046937675692, 40.3711258778617], [-3.15037640589028, 40.3711969463807], [-3.15035912658312, 40.3712065411415], [-3.14948210058814, 40.3716938161607], [-3.15028685723372, 40.3733955431118], [-3.15012661922728, 40.3734219843458], [-3.15005451279041, 40.3731095707733], [-3.14850798939524, 40.3734004249969], [-3.14537459886726, 40.373677046533], [-3.14323718724556, 40.3741773610914], [-3.14083952691893, 40.3748087546305], [-3.13828736289106, 40.3755423893167], [-3.13876512450956, 40.3760516621231], [-3.13897638418873, 40.3761830925027], [-3.13926162522077, 40.3763607569491], [-3.13969886078905, 40.3766693581549], [-3.13980284143664, 40.3769217639935], [-3.13979059919596, 40.3769866896518], [-3.13975888327654, 40.3771552398561], [-3.13970204579175, 40.3773202697338], [-3.13971869804061, 40.3775143586878], [-3.13992425701868, 40.3776082957866], [-3.14009844375898, 40.3775496625757], [-3.14021708623893, 40.3775094028894], [-3.14052828133423, 40.3775423949953], [-3.14068170011002, 40.377635830564], [-3.14074444666954, 40.3777796016302], [-3.14073861486892, 40.3779845682232], [-3.14073001719789, 40.3782756887264], [-3.1407294367428, 40.3783505784737], [-3.1407268314699, 40.3786411607825], [-3.14072124198847, 40.3788353964238], [-3.14063299226629, 40.3790624231744], [-3.14045631428506, 40.3792540835319], [-3.1403432070217, 40.379566727691], [-3.14038019898255, 40.3798296389871], [-3.1404571191914, 40.3799962158902], [-3.14062023827661, 40.3801412112792], [-3.14065267194991, 40.380170047128], [-3.14088494211983, 40.3803673251932], [-3.14102851808165, 40.3805404764115], [-3.14111751238023, 40.380804288976], [-3.14114271910709, 40.3808705521128], [-3.14124186347004, 40.3811313477045], [-3.14141260535779, 40.3813962418714], [-3.14157508364324, 40.3816896191552], [-3.14154504761278, 40.3819577696907], [-3.14154135280263, 40.3820846051817], [-3.14153860485617, 40.3821800284505], [-3.14167347431967, 40.3823988199125], [-3.14166752657418, 40.3826042234459], [-3.14158629348283, 40.3828428732463], [-3.14159397790859, 40.3830884607806], [-3.1417277478342, 40.3833471470752], [-3.14194835520333, 40.3834300525769], [-3.1421252810935, 40.3834610773647], [-3.14240700534302, 40.3835104795542], [-3.14294797440036, 40.3835748227091], [-3.14317635399338, 40.3836464279355], [-3.14326930388851, 40.3837788833814], [-3.14326831273238, 40.3838095119846], [-3.14326554322636, 40.3839045400418], [-3.14320573608967, 40.3841720371859], [-3.14313732129596, 40.3844793427949], [-3.14307563159291, 40.3848151809784], [-3.14310362099808, 40.3851297026982], [-3.14325782849469, 40.385451443653], [-3.14348241380704, 40.3856598522699], [-3.1435434186904, 40.385780274561], [-3.14356431395034, 40.3859108819641], [-3.14356156577949, 40.3860037927076], [-3.14346605438429, 40.3862192388551], [-3.14334546274394, 40.386531577961], [-3.14327128346102, 40.3867817316133], [-3.14330827069454, 40.3870448491872], [-3.14334427025157, 40.3875339361124], [-3.14208381236665, 40.3878119612815], [-3.14205702350495, 40.3878179864468], [-3.14169925057845, 40.3878987366125], [-3.1402573009355, 40.3881559963052], [-3.13993740774404, 40.3882340691219], [-3.13941554717492, 40.3883173014109], [-3.13773463309002, 40.388760173112], [-3.13685496503455, 40.3893474431522], [-3.13638097795805, 40.3895780234912], [-3.13540246018283, 40.3901049336602], [-3.13539121224061, 40.3903718440728], [-3.13534866727122, 40.3904230916357], [-3.13509067201993, 40.391036029717], [-3.13503159611191, 40.3914595449613], [-3.13491382620517, 40.3923037466814], [-3.13491128579822, 40.3923223310922], [-3.13453146211524, 40.3935193060469], [-3.13446861813956, 40.393950693837], [-3.13476176710512, 40.3956350697134], [-3.13494603294464, 40.3960791200551], [-3.13486431094136, 40.3963950401689], [-3.13454115279768, 40.3972159756093], [-3.13409679036263, 40.3982207467985], [-3.13409476376893, 40.3987220519524], [-3.13409401985795, 40.398903925562], [-3.13409658914001, 40.3997494391142], [-3.13311638353052, 40.4009940575031], [-3.13234537829085, 40.4021351173532], [-3.13193515273486, 40.4029430251198], [-3.13134344413533, 40.403901489477], [-3.13059661509651, 40.4051203152663], [-3.13055736795606, 40.4051843497521], [-3.13100638995252, 40.4054304447568], [-3.13213495332542, 40.4060608821468], [-3.13306332174737, 40.4065733752083], [-3.13347749360237, 40.406816144158], [-3.13546949067693, 40.407886482609], [-3.13729520719618, 40.4086897565475], [-3.13840188868673, 40.4097351889372], [-3.14062154147182, 40.4114363676819], [-3.1420735237601, 40.4124566858854], [-3.14255587235528, 40.4141684679433], [-3.14325323052191, 40.4151116869688], [-3.14353460931518, 40.415592910645], [-3.14366100409723, 40.4158155839245], [-3.14427433529903, 40.4166977167805], [-3.1459702753254, 40.4180894157362], [-3.14736560869331, 40.4195870945975], [-3.14733060224498, 40.4197002577849], [-3.14744712541545, 40.4203069787489], [-3.14754122292722, 40.4215985098494], [-3.14757804151424, 40.4220956547449], [-3.14763358602401, 40.4227089478243], [-3.14782478132639, 40.4235773427265], [-3.14916707579102, 40.4244586684045], [-3.15009409763838, 40.4252295563164], [-3.15101047355128, 40.4264366619505], [-3.15123139715188, 40.4269429161104], [-3.15121297268095, 40.4277421448861], [-3.15119817853377, 40.4283956817948], [-3.1511138175382, 40.4296774650882], [-3.15106350570742, 40.4304454343284], [-3.15094494504458, 40.4309592910585], [-3.15126029482238, 40.431619741689], [-3.15144811299476, 40.4320040825138], [-3.15186291775944, 40.4325468913743], [-3.15209511168717, 40.4327464760423], [-3.1522725474005, 40.433170234273], [-3.15282474866603, 40.433783815083], [-3.15335503134618, 40.4341513606801], [-3.15350068376697, 40.4345272981264], [-3.15393464253134, 40.4349822447024], [-3.15388908874449, 40.4356872688315], [-3.15438199364469, 40.4362811032641], [-3.15441153384451, 40.4365716459546], [-3.15455908038326, 40.4368789568524], [-3.15421088793929, 40.4371304511594], [-3.15440785495682, 40.437615091008], [-3.15448983998783, 40.4378026353765], [-3.1548535108322, 40.4384996403463], [-3.15551482491291, 40.4394238758559], [-3.15557747072649, 40.4394245270614], [-3.15699548296205, 40.4394386119785], [-3.15760614931638, 40.4395330945181], [-3.1581480044036, 40.4395419894779], [-3.15903892845185, 40.4391336053088], [-3.15974124562175, 40.4389845497382], [-3.1600573627602, 40.4389503358643], [-3.1602672824357, 40.4389275147396], [-3.16036819808814, 40.4389087935026], [-3.16132602986321, 40.4386777284966], [-3.1626223834764, 40.4385147552218], [-3.16337292443205, 40.4385521048662], [-3.16412863003576, 40.4385344823029], [-3.16534267170121, 40.4386060030932], [-3.16626245672062, 40.4386428891862], [-3.16726730427705, 40.4387278442567], [-3.16794751653059, 40.4387104293135], [-3.16904088750393, 40.4387877340799], [-3.16960941058598, 40.4385975292028], [-3.16963212179299, 40.4385723516092], [-3.170449085645, 40.4376646036681], [-3.17158659264487, 40.4369814969234], [-3.17264074946111, 40.4362620100261], [-3.17310132828367, 40.4371242306377], [-3.17425383265725, 40.4379602935449], [-3.17427062809796, 40.437968053879], [-3.17609373907089, 40.4387997602687], [-3.17730305968459, 40.4391937017802], [-3.17944126475816, 40.4396095806631], [-3.18094588192408, 40.4398254999413], [-3.18249158144198, 40.4400254809026], [-3.18408405638717, 40.4399126123991], [-3.18543597030654, 40.4399169220761], [-3.18674385834898, 40.4402133059076], [-3.1875667315944, 40.4408025709645], [-3.18829871828695, 40.4411347179731], [-3.18917180433395, 40.4413224838279], [-3.19263883949661, 40.4414518951489], [-3.19341740400295, 40.4415677135441], [-3.19416426239604, 40.4416589818262], [-3.19447063012874, 40.4417131796941], [-3.19576403069255, 40.4418678209327], [-3.19859732465432, 40.4422515059916], [-3.19979073621061, 40.4444001150978], [-3.20046257318178, 40.4463361659472], [-3.20028262049499, 40.447536939932], [-3.19986543542175, 40.449020784091], [-3.19930754589401, 40.4510045590209], [-3.19925574993307, 40.4511887139627], [-3.19997085029725, 40.4521349317941], [-3.19998453960862, 40.452152926289], [-3.19998146291848, 40.4521804966448], [-3.19965006593743, 40.4553201980587], [-3.19875791168743, 40.4588350573569], [-3.19874288306181, 40.4592671753775], [-3.1987109078307, 40.460173768664], [-3.19882807639932, 40.4608881051238], [-3.19902918809903, 40.4621124243067], [-3.2001943151318, 40.4638472630942], [-3.20016386472272, 40.4655136411981], [-3.20016266299277, 40.4655759138057], [-3.20007624955402, 40.4659093785363], [-3.1994836390459, 40.468195868395], [-3.19941723223397, 40.468440062503], [-3.19928850666119, 40.4689138233542], [-3.19895373704167, 40.470145263023], [-3.19872200782214, 40.4707828173278], [-3.19765091346746, 40.4735208271507], [-3.19660765067269, 40.4753024575802], [-3.19637837548132, 40.4756941780421], [-3.19636076641997, 40.4757240504423], [-3.19626870518798, 40.4759795407702], [-3.19539463273842, 40.4784076464013], [-3.19532796015697, 40.4785929304119], [-3.19560253701793, 40.479196072199], [-3.19565062923821, 40.4793189437815], [-3.19625830808687, 40.4809077658718], [-3.19649898741275, 40.4821436306866], [-3.19674410557186, 40.4834019207568], [-3.19718505754555, 40.4854090586559], [-3.19721159096479, 40.4855300723108], [-3.19902391721611, 40.4880030655905], [-3.19922646215983, 40.4882794343257], [-3.20012945048009, 40.4903680782983], [-3.20009676426265, 40.4912148798125], [-3.20067179755308, 40.4941869132952], [-3.20077852549366, 40.4943669568864], [-3.2021267826491, 40.4953736589857], [-3.20127510609789, 40.498645456207], [-3.20122901354065, 40.4987518117634], [-3.2011696295105, 40.4988888887005], [-3.2004062447753, 40.5001514772818], [-3.20045582549077, 40.5009442174625], [-3.20028106184551, 40.5017283027005], [-3.19919923781683, 40.503027478889], [-3.19906962473523, 40.5035128364585], [-3.19896571447054, 40.5039017228947], [-3.19907556922422, 40.5055235238412], [-3.19927881827822, 40.5085220452491], [-3.19908580305435, 40.5089788687722], [-3.19910661781785, 40.5101608537378], [-3.19915352075541, 40.5110116467054], [-3.19916797015676, 40.5116397732621], [-3.19946649110544, 40.5122201659858], [-3.19999207022534, 40.5136897640688], [-3.20033396695579, 40.5148011797437], [-3.20049381647355, 40.5149664427123], [-3.20175821373237, 40.5162750499704], [-3.20258022362808, 40.5168057051875], [-3.20582869951077, 40.5187004691282], [-3.20671781963963, 40.5191906198595], [-3.207381123069, 40.5195739905184], [-3.21035040635274, 40.5209939499159], [-3.21100942338254, 40.5211537839146], [-3.21281319439587, 40.5216628617523], [-3.21430506451909, 40.5221128057563], [-3.2156391872539, 40.5225754014043], [-3.216653568466, 40.5229898749749], [-3.21734929801383, 40.5233334668243], [-3.21910883442635, 40.5241612217772], [-3.2202555404032, 40.524630323673], [-3.22226333768944, 40.5257610466029], [-3.22293736851058, 40.5260868864074], [-3.22350164108564, 40.5266893973636], [-3.22408720649383, 40.5273152217132], [-3.22421097008547, 40.5273926778255], [-3.22427167733405, 40.5274346109342], [-3.2243998580285, 40.5275232383977], [-3.22441943699161, 40.5277518029368], [-3.22437414276861, 40.5278381692484], [-3.22434574721158, 40.5278927111508], [-3.22429034612227, 40.5282851311844], [-3.22432082149336, 40.5286055940594], [-3.2244070598447, 40.5290187129342], [-3.22453043435668, 40.5292673645667], [-3.22471711325587, 40.5294434289504], [-3.22489749517933, 40.5295965854604], [-3.22508514494296, 40.5297497922475], [-3.22522026144315, 40.5300729300013], [-3.22526219998526, 40.5303081462948], [-3.22539615606735, 40.5304884120943], [-3.22544617362388, 40.5307064341269], [-3.22565356921032, 40.5309231600472], [-3.22587505153859, 40.531157240958], [-3.22608575498172, 40.5312996933018], [-3.22621111414839, 40.5313845527486], [-3.22634017864655, 40.5314715743252], [-3.22649290507291, 40.5315726258804], [-3.2266851522618, 40.5317889462471], [-3.22684173131078, 40.5321354722537], [-3.2268608589889, 40.5323641295602], [-3.22687085875278, 40.5324846047706], [-3.22670839257651, 40.5327655959464], [-3.22671179706317, 40.5330226392529], [-3.22685278957192, 40.5332144974717], [-3.22701343978574, 40.5334697989217], [-3.22706790014984, 40.5337566133403], [-3.22719920208781, 40.533999716974], [-3.22733235475788, 40.5342027196881], [-3.22748855334964, 40.5345551848348], [-3.22763594956651, 40.534941419508], [-3.22766688408111, 40.5352504783644], [-3.22766328710574, 40.5354959794915], [-3.22754441379173, 40.5358064595415], [-3.22736386983326, 40.5363214514714], [-3.22867442037247, 40.5371488150604], [-3.22924070657198, 40.5375418346129], [-3.22931484718686, 40.5375934338551], [-3.22955935741161, 40.5378159750052], [-3.22998935530279, 40.538164196388], [-3.23021888923091, 40.5383866626027], [-3.23059690569237, 40.5387063254583], [-3.2308268750372, 40.5388832627055], [-3.23113901196887, 40.5390836509077], [-3.23135437052982, 40.539209374635], [-3.23178191290953, 40.5393906463446], [-3.23175604409817, 40.5392017835084], [-3.23186046698788, 40.5387241129445], [-3.23276623289895, 40.5380786033792], [-3.23278632192365, 40.5380062921355], [-3.23272131354149, 40.5377675245243], [-3.23265737337792, 40.5374437898452], [-3.2326014230043, 40.537057080607], [-3.23250787618349, 40.5366822712258], [-3.23244379610245, 40.5363467563178], [-3.23196675778482, 40.5354587041305], [-3.23147584934358, 40.534451811676], [-3.23129977394764, 40.5341103869692], [-3.23096248448424, 40.5334556599761], [-3.23077769793151, 40.5332391247975], [-3.23043793215418, 40.5328514178646], [-3.22999372201338, 40.5324009378819], [-3.23043263489821, 40.5321667474846], [-3.23106059251538, 40.5318321619387], [-3.23143743864246, 40.5322710615073], [-3.23246955954989, 40.5329627756238], [-3.23410061916805, 40.5327711712873], [-3.23546670806242, 40.5329364366925], [-3.23631329333701, 40.5335017097038], [-3.23783034183473, 40.5342750566229], [-3.23917769663431, 40.5348432180891], [-3.24067232547741, 40.5356162912961], [-3.24199586818274, 40.5363261410806], [-3.24257917437542, 40.5367144939058], [-3.24283587819978, 40.5368851247772], [-3.24325838833081, 40.5371662737606], [-3.24378066503396, 40.5380430377144], [-3.2448920877638, 40.5390468744351], [-3.24578530071604, 40.5402093080266], [-3.24658669929436, 40.5415882975742], [-3.24685419029823, 40.5420758985254], [-3.24804276522837, 40.5432172861507], [-3.24996232980224, 40.5444002797425], [-3.25027993465606, 40.5441636705992], [-3.2506704479272, 40.5438487145858], [-3.25072661020548, 40.5438034706963], [-3.25096190878954, 40.5436644474015], [-3.25131503935772, 40.5434559111587], [-3.25131688997871, 40.5434434539345], [-3.25132333569062, 40.5434046547635], [-3.25128919132524, 40.5432216127485], [-3.25130877370011, 40.5429594250559], [-3.25130503456769, 40.5427537985746], [-3.25133208141908, 40.5424862867837], [-3.25145620813714, 40.5422253204463], [-3.25157850310856, 40.5420668346767], [-3.251721741287, 40.5419826269271], [-3.25204459651702, 40.5418715635528], [-3.25230715322204, 40.5417888450703], [-3.25268554027339, 40.5416584534617], [-3.25282045793952, 40.5416193072584], [-3.2529842727405, 40.5416709368544], [-3.25317068709351, 40.541722706293], [-3.25341904476161, 40.5417943650476], [-3.25386455524362, 40.5419243178515], [-3.2544458829173, 40.5419699032824], [-3.25509535979187, 40.5419650928383], [-3.25568535451302, 40.5419423925025], [-3.25609692821093, 40.5418727878089], [-3.25641179021548, 40.5417902390592], [-3.25687220525424, 40.5415681411345], [-3.2573456974234, 40.5412861210974], [-3.25782633675067, 40.5410384475066], [-3.25821680655689, 40.5408469859723], [-3.25846544765114, 40.5406379417185], [-3.25862498485232, 40.5403660731664], [-3.25877682708481, 40.5401168915573], [-3.25889766676102, 40.5399983164282], [-3.25921244292487, 40.5399030167609], [-3.25969942048744, 40.5397741088337], [-3.26032882843487, 40.5396066646625], [-3.26092032682864, 40.5394955964927], [-3.26145915520067, 40.5394239988166], [-3.26191600960809, 40.5393294069165], [-3.26275526156058, 40.5391000589443], [-3.26333267538707, 40.5388982114466], [-3.26392467529192, 40.5387358258119], [-3.26454689569923, 40.5385340306599], [-3.26493703402712, 40.5383766645589], [-3.26540977424202, 40.5381798785855], [-3.26590482860858, 40.5379888731154], [-3.26640713935699, 40.5378320493554], [-3.26654923964754, 40.538119444891], [-3.26661021182082, 40.5381001233322], [-3.26790587715027, 40.5372323043255], [-3.26964993014054, 40.5363453703824], [-3.27094538790898, 40.535495498603], [-3.27195928816651, 40.5351057317689], [-3.27311552642483, 40.5348777807973], [-3.27484331901049, 40.5348109297299], [-3.27495478313885, 40.5342945936074], [-3.27496442250375, 40.5337641685877], [-3.27493104299918, 40.5335418394841], [-3.27541637109426, 40.5335693997279], [-3.27679056920409, 40.5336511796965], [-3.27823655800689, 40.5334883193329], [-3.28081146883999, 40.5349852734115], [-3.28155949962515, 40.5337206964002], [-3.28456731377639, 40.5356891034149], [-3.28715827805732, 40.5337570302853], [-3.28979580247477, 40.531789872087], [-3.28985281107092, 40.5317474996225], [-3.29022033619527, 40.5320100890116], [-3.29046017432275, 40.532181782607], [-3.29100964057193, 40.5326218387831], [-3.29481166860455, 40.5356662348085], [-3.29482833249683, 40.5356797057114], [-3.2957974949897, 40.5364557515297], [-3.29592960793325, 40.5365614564008], [-3.29691389248203, 40.5373494662604], [-3.29695073328684, 40.5373791369682], [-3.29702943127007, 40.5374420740463], [-3.29712799245196, 40.5375211036548], [-3.2969504143849, 40.5376701216551], [-3.29463192690929, 40.5396159893163], [-3.29461869173548, 40.5396272842415], [-3.29271911763135, 40.5421928500909], [-3.29163554871492, 40.5431162441594], [-3.29094005151453, 40.5439158514268], [-3.28986906399809, 40.5447653831324], [-3.28929641602461, 40.545109106389], [-3.28759878429226, 40.5461288983915], [-3.28651563243631, 40.5467793612386], [-3.28644592328754, 40.5468407337543], [-3.28629386545942, 40.5469320897335], [-3.28514232048657, 40.5476237696489], [-3.28503898020518, 40.5477244468719], [-3.28555482911083, 40.548482738454], [-3.28485983812616, 40.5493448066793], [-3.28479595664824, 40.5494243553347], [-3.28368856181907, 40.5504315750342], [-3.2831183173368, 40.5509505612323], [-3.28310339811654, 40.5509641360883], [-3.28315675534947, 40.5510157632443], [-3.28333670467391, 40.5511897512312], [-3.28623681884561, 40.5539959014662], [-3.28639756845542, 40.5541512072615], [-3.28492078458812, 40.5556261276474], [-3.28482928545786, 40.5557174073371], [-3.28493388708614, 40.5558030911038], [-3.28509567097387, 40.5559356136941], [-3.28809112484836, 40.5583891213843], [-3.28835747892334, 40.5586072487376], [-3.28512501655503, 40.5612218481114], [-3.28414756323952, 40.5620125357772], [-3.28313365732287, 40.5636191734798], [-3.28347161044297, 40.5637495369279], [-3.28607331288748, 40.5647545994197], [-3.28677024144075, 40.5650234756593], [-3.28711708518489, 40.5651577477243], [-3.28527158446271, 40.5678122165179], [-3.28407069249029, 40.5689766063348], [-3.28684118769301, 40.5721296302569], [-3.2867105219558, 40.5725691380733], [-3.28691182610435, 40.5723310287902], [-3.28706203888701, 40.5724055420365], [-3.28722742255043, 40.5723867049549], [-3.28905413051102, 40.5721798819433], [-3.28956044579002, 40.5721583189533], [-3.29261005691197, 40.5730160513708], [-3.29476282001925, 40.5744345459473], [-3.29594812359824, 40.5751097798471], [-3.29628809191583, 40.5751919930851], [-3.29634987804106, 40.575206948131], [-3.29691769430795, 40.5748901699251], [-3.29728562073318, 40.5746592581613], [-3.2977030407151, 40.5743977274874], [-3.29950346594823, 40.5758295078025], [-3.29994471661918, 40.5763969914389], [-3.30139885101062, 40.5771958514382], [-3.30260578969711, 40.5778253935932], [-3.30286709703684, 40.577961688631], [-3.30282305023721, 40.578042026289], [-3.30268838888916, 40.5782879854418], [-3.30271603184711, 40.5782968824572], [-3.30294194190488, 40.578369412582], [-3.3032998496452, 40.5784495459147], [-3.30360744717152, 40.5784590037467], [-3.30394078710838, 40.5785492186831], [-3.30464218510625, 40.5781021746889], [-3.30473640041326, 40.5780838102118], [-3.30514727545119, 40.5780037272235], [-3.30532298232749, 40.5780637611587], [-3.30671034491083, 40.5785379571966], [-3.30824945457127, 40.5790939710912], [-3.3083411563921, 40.5791239299239], [-3.3083713451774, 40.5791433236838], [-3.31124820077125, 40.5809819060258], [-3.31608572054106, 40.58407341192], [-3.31991314338938, 40.5880724488515], [-3.32040795161754, 40.5887085194387], [-3.32060965890337, 40.5889673975528], [-3.32116553451431, 40.58968205777], [-3.32827686023143, 40.5948360561852], [-3.32800926019314, 40.5949441901714], [-3.32977706292559, 40.5965907543557], [-3.32968311801151, 40.5966343221023], [-3.32966355074409, 40.5966433573311], [-3.32964936291637, 40.5966499906048], [-3.33034277428083, 40.5973685912098], [-3.32775307682733, 40.5989280321627], [-3.33041690611437, 40.6006028441892], [-3.33071949529438, 40.6009206659635], [-3.32955631991084, 40.6026193437369], [-3.32992282734771, 40.6028801146455], [-3.33141859217351, 40.6039437466765], [-3.32907668871941, 40.6062650847801], [-3.32557847652648, 40.6097321158537], [-3.32525115747243, 40.6100565125129], [-3.32561227294412, 40.6109348811353], [-3.32189913758798, 40.6116655330042], [-3.32160513370172, 40.6117235106225], [-3.32161355628632, 40.6119686872682], [-3.32164219623298, 40.6121634233522], [-3.32212149700513, 40.6121752317668], [-3.32279234538459, 40.6140291554792], [-3.32324519510248, 40.6147756436653], [-3.3243487457846, 40.6156284442609], [-3.32597108252647, 40.616182418611], [-3.32641113035323, 40.6167307388738], [-3.32725734963907, 40.6181247303616], [-3.32737764117774, 40.6184962740311], [-3.32820881158376, 40.620212909088], [-3.33267476958662, 40.6227271023049], [-3.33598695029639, 40.6234003725836], [-3.33584002364516, 40.6242627326181], [-3.33577227809632, 40.624660254162], [-3.33757769779209, 40.6254414168936], [-3.33709023817032, 40.6260824655925], [-3.3318612630809, 40.6259158936756], [-3.32804341234363, 40.6275250142097], [-3.3278696141126, 40.6276112279248], [-3.32704588262795, 40.6280188258792], [-3.32463830380597, 40.6292104092602], [-3.32367772403031, 40.6296859048565], [-3.3237572455942, 40.6300711442926], [-3.32452788286741, 40.6338029523971], [-3.32365829567837, 40.6383801674418], [-3.32314693892688, 40.6395538673039], [-3.32267687023134, 40.6406328571319], [-3.32075194079585, 40.6441448863819], [-3.31767415776354, 40.6458217064306], [-3.31385919367043, 40.6497430749326], [-3.31598934923281, 40.6534668894125], [-3.31649880689454, 40.6551763485514], [-3.31678061199244, 40.6527086826138], [-3.31686356547769, 40.6519836785925], [-3.31742963228727, 40.6513920499026], [-3.31925886084206, 40.6502637519508], [-3.31949129612189, 40.6501206327527], [-3.31955497610242, 40.6500502248046], [-3.32098162923269, 40.648479950013], [-3.32143972421351, 40.6475277659], [-3.32175477957476, 40.6466352744631], [-3.32233789756382, 40.6459028904277], [-3.32240851322999, 40.6458142221689], [-3.32293360784887, 40.6455165853657], [-3.32356982738153, 40.6451561959822], [-3.32376964504007, 40.6450429650915], [-3.32369273593956, 40.6449744966701], [-3.32238468856962, 40.643813771692], [-3.32344911291718, 40.6430484275987], [-3.32559444230767, 40.6425666228156], [-3.32717303556314, 40.6405866756152], [-3.32928409534546, 40.6408455490211], [-3.33229660431161, 40.6394603360844], [-3.33352667224403, 40.6396172501217], [-3.33522189559309, 40.6398333334664], [-3.33575204742101, 40.6399007804665], [-3.33610843136321, 40.6409560230568], [-3.33613436203789, 40.6410070298954], [-3.33661044705633, 40.6410559095997], [-3.33678571408287, 40.6410734161457], [-3.3374475282732, 40.6409808333368], [-3.33742853375856, 40.6408784139936], [-3.33718483935472, 40.6395679394548], [-3.33707745923725, 40.6380721945628], [-3.33705391051778, 40.6377438894542], [-3.33727411837207, 40.6377342377558], [-3.33734949286555, 40.6377312023524], [-3.33835784597799, 40.6376877477285], [-3.3387776897957, 40.6376696211642], [-3.33886583088714, 40.6365702603262], [-3.33888670215207, 40.6363080751851], [-3.34560043929437, 40.6377422678179], [-3.34678468384183, 40.6380684494325], [-3.34660778220618, 40.6384429607418], [-3.34630568398978, 40.6390824726294], [-3.34510073665002, 40.6416338745579], [-3.34507554019911, 40.6416869905712], [-3.34877088182407, 40.6429550208979], [-3.34925311141045, 40.6430625869345], [-3.35423060183961, 40.6441710465818], [-3.3556880249633, 40.6453530259075], [-3.3575837064697, 40.6454929266285], [-3.35832709966323, 40.6455478789514], [-3.36215547219302, 40.6458304102056], [-3.36631999957589, 40.6480306288478], [-3.36543013384533, 40.6505538906929], [-3.36545209950585, 40.6507354302553], [-3.36534165428142, 40.6508047929229], [-3.36520519990271, 40.6509411606152], [-3.36504047359491, 40.6511004608214], [-3.36487035765919, 40.6512630420077], [-3.36431044313246, 40.6517727242061], [-3.36230308576491, 40.6536914208592], [-3.36226434314296, 40.6537290622246], [-3.36232242528019, 40.6537378887484], [-3.36323391306916, 40.6551584080987], [-3.36403054964953, 40.6557613940937], [-3.36422557373515, 40.6559519958512], [-3.36418671008356, 40.6559840949485], [-3.36359700240106, 40.656468601635], [-3.36402737590162, 40.6566664879151], [-3.36438070486241, 40.6568112968258], [-3.36442341705924, 40.6568291885313], [-3.36445898405628, 40.6568470631949], [-3.36449819943043, 40.6568694650051], [-3.36451952242161, 40.6568865422712], [-3.36455057234836, 40.6569154695099], [-3.36461347092895, 40.6569799341717], [-3.36466027416932, 40.6570350520882], [-3.36489093716403, 40.6577682598607], [-3.36547399498738, 40.6583789965491], [-3.36655449220438, 40.6591232649136], [-3.36690269445138, 40.6595385736829], [-3.36709209795137, 40.6597643163971], [-3.36743568380256, 40.6601745396518], [-3.36773421822597, 40.6606780875472], [-3.36784381628391, 40.6612543010858], [-3.36783804859836, 40.6631852641279], [-3.36782035908021, 40.6631954553096], [-3.36777067545347, 40.6632238444964], [-3.36770698220487, 40.6632555945499], [-3.36763160254006, 40.6632917742798], [-3.3675654014279, 40.6633244928092], [-3.36754060163787, 40.6633390172427], [-3.36752295243746, 40.6633543886759], [-3.36750781555681, 40.6633704317452], [-3.36749719336246, 40.6633884830291], [-3.36748666695856, 40.6634239884371], [-3.36748095891357, 40.6634617306939], [-3.36748701615171, 40.663487611538], [-3.36749540829422, 40.6635102867533], [-3.36753369448028, 40.6635724829343], [-3.3675467759311, 40.6635983414165], [-3.36756473450338, 40.6636371344324], [-3.36757081651772, 40.6636675195613], [-3.36757331917882, 40.6636938362814], [-3.36757232743876, 40.6637253517046], [-3.36756462995883, 40.6638201247475], [-3.36756136978889, 40.6640947549654], [-3.36757862701036, 40.6642147754859], [-3.36760780469497, 40.6643441831882], [-3.36765697095345, 40.6644780316049], [-3.3676773144443, 40.6645331274643], [-3.3677384385112, 40.664673429523], [-3.36778158988765, 40.6647524011937], [-3.36783996071471, 40.6648506156357], [-3.36788646020876, 40.6649216280011], [-3.3679639030711, 40.6650204741714], [-3.36805438408145, 40.6651183778188], [-3.36815091444442, 40.665220804582], [-3.36824829681971, 40.6653150857679], [-3.36836494433628, 40.6654166250081], [-3.3684740834669, 40.6654973553902], [-3.36855244960085, 40.6655510164588], [-3.36862368690117, 40.665595859779], [-3.3687044480612, 40.6656379445492], [-3.36877676611379, 40.6656701134261], [-3.36886800979384, 40.6657040652625], [-3.36897229701181, 40.6657361691416], [-3.36904339237833, 40.6657548338794], [-3.36925301604651, 40.6657965481049], [-3.36951829753306, 40.6658434299872], [-3.36966261637505, 40.6660116220375], [-3.37232141918312, 40.6691099020105], [-3.37151270478753, 40.6724098242849], [-3.37155682895836, 40.672442778331], [-3.37169676821787, 40.6726073001668], [-3.37169251157479, 40.6726200749213], [-3.37175371107727, 40.6726741192195], [-3.37182702913375, 40.6727600290468], [-3.37228900725382, 40.6732540201281], [-3.37235569937282, 40.6733450183797], [-3.37240945362946, 40.6734366213667], [-3.37243455256302, 40.6734950971008], [-3.37245630813817, 40.6735507683883], [-3.37246496584781, 40.67364476899], [-3.37246324866206, 40.6737348617424], [-3.37245416466942, 40.673830045663], [-3.3724474057282, 40.6738779262962], [-3.37243104266025, 40.6739275270433], [-3.37240880482614, 40.6739699661746], [-3.37235477295846, 40.6740413169783], [-3.37227137235242, 40.6741386208123], [-3.37218550340945, 40.6742454409278], [-3.37216088477719, 40.6742842426132], [-3.37215036311216, 40.6743149253391], [-3.37214465342024, 40.6743509739214], [-3.37214490854178, 40.6743969313903], [-3.3721522810153, 40.6744419656592], [-3.37217031649126, 40.6744914236074], [-3.37219556520154, 40.6745363749902], [-3.37223357445615, 40.6745891786886], [-3.3722670903465, 40.6746318620517], [-3.37235496250298, 40.6747205704079], [-3.37237760004814, 40.674747505679], [-3.37239686352109, 40.6747996770234], [-3.3724187489466, 40.6749078280607], [-3.37244787186563, 40.6750248474721], [-3.37246598678918, 40.6750906652953], [-3.37248993012763, 40.6751406990536], [-3.37254964289666, 40.675239602306], [-3.37263671460024, 40.6753772926159], [-3.37265714576488, 40.675421118892], [-3.37266220343401, 40.6754661461605], [-3.37265544896551, 40.6755565057517], [-3.37266174974892, 40.6756267620639], [-3.37267676275751, 40.6757566303319], [-3.37269240116471, 40.6758221401991], [-3.37272244352278, 40.6758986123217], [-3.37276083098359, 40.6759793247172], [-3.37281576936118, 40.6760838736787], [-3.3729889512097, 40.6763716364313], [-3.37305245845772, 40.6764885014492], [-3.37306190698717, 40.67651732502], [-3.37306573291147, 40.6765481413072], [-3.37306707132291, 40.6765892392526], [-3.37306139674516, 40.6766326120367], [-3.37304978152745, 40.6766686883708], [-3.37293426536846, 40.6769654923637], [-3.37290870812409, 40.677035682298], [-3.37287604824983, 40.6771377276757], [-3.37285411678049, 40.6772377949804], [-3.37284508445609, 40.6772971405297], [-3.37284024719298, 40.6774908435327], [-3.37284268751512, 40.6775270343056], [-3.37285362204394, 40.677568500511], [-3.37286453047725, 40.6776016849209], [-3.37287880068787, 40.677632284827], [-3.37288510002742, 40.677643283799], [-3.37292544632403, 40.6777169123443], [-3.37298997851381, 40.677817488889], [-3.37306495317429, 40.6779172522443], [-3.37316507849755, 40.6780457456577], [-3.37333904443884, 40.6782533174968], [-3.3734391805419, 40.6783836217452], [-3.37350008541984, 40.6784843452803], [-3.37353472894877, 40.6785472769747], [-3.37361621870536, 40.6787152094337], [-3.37367849712347, 40.6788711227045], [-3.37373728237361, 40.6790059116562], [-3.37379105884694, 40.6791003290535], [-3.37384256646851, 40.6791857450579], [-3.37389841720716, 40.6792542556376], [-3.37393300810135, 40.6792901784631], [-3.37396868634864, 40.6793221564445], [-3.37404107675772, 40.6793725959557], [-3.37412416888809, 40.6794190594326], [-3.3743270816569, 40.6795257146245], [-3.374444604724, 40.6795869340135], [-3.37449099129705, 40.67961606188], [-3.37452183130508, 40.6796424249361], [-3.37457060864224, 40.6796934477452], [-3.3745932518073, 40.6797176412005], [-3.37461596613958, 40.6797457197272], [-3.37463498581473, 40.679774373282], [-3.37464812965799, 40.6798003741279], [-3.37465670431815, 40.6798227246322], [-3.37466388781594, 40.6798508535449], [-3.37467009121938, 40.6799020704601], [-3.37467036232914, 40.6799504914031], [-3.37466588929472, 40.6800101886298], [-3.37465240806386, 40.6801121434197], [-3.37809618867031, 40.6818638089725], [-3.38013622828529, 40.6826830960424], [-3.38287769596156, 40.6832173748141], [-3.38307952377694, 40.6832568346308], [-3.38306514803746, 40.6833213708474], [-3.38360974269529, 40.6834971851767], [-3.38400462116318, 40.6836246543056], [-3.38403975574803, 40.6836251004867], [-3.38415927808721, 40.6836375747212], [-3.38433109346169, 40.6836721161932], [-3.38465475064889, 40.6837536793949], [-3.38517838174276, 40.6838782978775], [-3.38533840178682, 40.6839236911508], [-3.38550086165839, 40.6839781452518], [-3.38562307924943, 40.684031799172], [-3.38570851621947, 40.6840792785943], [-3.38579416512673, 40.6841428823408], [-3.38586912331417, 40.6842210681514], [-3.38594903743914, 40.6843214126968], [-3.38603372440849, 40.68444950358], [-3.38619054770934, 40.6847550959583], [-3.38646557142515, 40.6852487648579], [-3.38666428595251, 40.6856390888188], [-3.38668810208733, 40.6856789534354], [-3.38673841866477, 40.6857629786477], [-3.38680887693563, 40.6858601491813], [-3.38690527466314, 40.6859662414454], [-3.38705883626257, 40.6861087398417], [-3.38712534306652, 40.6861620060125], [-3.38720368744972, 40.6862147304229], [-3.38736767177754, 40.6863058954464], [-3.3876382304004, 40.6864483994853], [-3.38817832899026, 40.6867375634239], [-3.38856418415089, 40.6869417077606], [-3.38885638674408, 40.6870981607604], [-3.38910440670824, 40.6872506624344], [-3.38919829952003, 40.687316119136], [-3.38926853781379, 40.6873799827938], [-3.38935302803952, 40.6874660581583], [-3.38943757388081, 40.6875585230779], [-3.3895317658316, 40.6876763192107], [-3.39335525888721, 40.6924577467149], [-3.39523074291369, 40.6921630486138], [-3.39704614623381, 40.6915505898456], [-3.39944625512845, 40.6913342196821], [-3.39991808579968, 40.6914431030751], [-3.40037942783019, 40.6906622524145], [-3.40396486275428, 40.6800763643381], [-3.40477025211537, 40.6776980619817], [-3.40476540899613, 40.6774259795871], [-3.40488484360639, 40.6766896902522], [-3.40473306817615, 40.6755850864545], [-3.4045704179856, 40.6744035025801], [-3.40515276344495, 40.6738483400148], [-3.40510159000154, 40.6718361682165], [-3.40481343294918, 40.6701035632544], [-3.40473567655683, 40.6696364039226], [-3.40600506644924, 40.6700993792504], [-3.4074725342071, 40.6706348505585], [-3.40842486827491, 40.6706251748601], [-3.40932168298178, 40.6708094487668], [-3.40941576084654, 40.6712677995927], [-3.40953757880419, 40.6718610584896], [-3.40984779982769, 40.6718014010706], [-3.41243665985962, 40.6713057117918], [-3.41353989230688, 40.6716519796452], [-3.41400608816803, 40.6717981456943], [-3.41418532901665, 40.6717980046585], [-3.41455663057137, 40.6717976892019], [-3.41530754758872, 40.6717970651019], [-3.41536609527209, 40.6722535128691], [-3.41547317299348, 40.6725273304152], [-3.41574318150486, 40.6729587768619], [-3.41599953504551, 40.6732748476826], [-3.41697176199251, 40.6745182124907], [-3.41806050754043, 40.6759104987875], [-3.41752920884711, 40.6767610136192], [-3.41746886631455, 40.6768576342115], [-3.41860220916181, 40.6781194469339], [-3.41914492231041, 40.6789160422247], [-3.41917884539047, 40.6789658095515], [-3.41917590940621, 40.6790323122182], [-3.41911752728749, 40.6803200263026], [-3.42046851262642, 40.6806851377874], [-3.421634437453, 40.6810002075525], [-3.42178278471801, 40.6809436553389], [-3.42258727815724, 40.6809137135396], [-3.42284321667534, 40.6812210044369], [-3.42281689742532, 40.6813197489982], [-3.422844303228, 40.6813271574242], [-3.42297326232485, 40.6813770542704], [-3.42312204524589, 40.681434810106], [-3.42315565095864, 40.6814478925106], [-3.42555381256777, 40.682376635245], [-3.42556124464597, 40.6823286598749], [-3.42570372162573, 40.6813914734269], [-3.42579173771461, 40.6807180679506], [-3.42589892553698, 40.6798917058653], [-3.42601000841553, 40.6789318505017], [-3.42611158152064, 40.6781584162004], [-3.42621171316138, 40.6773331869677], [-3.42630250116477, 40.6765507833955], [-3.42633433805688, 40.6762982721964], [-3.42642302153837, 40.6755961842738], [-3.42653312360579, 40.6746761201284], [-3.42664212872098, 40.6737684194655], [-3.42665223656459, 40.673692573751], [-3.42672243002671, 40.6731664614028], [-3.4267556315634, 40.672806553204], [-3.42677654516251, 40.6723751837249], [-3.42748233109107, 40.6726840300477], [-3.42999433503583, 40.6737830479092], [-3.43334181351729, 40.6743709797828], [-3.43342483581587, 40.6743855556337], [-3.4342605418864, 40.6746996780813], [-3.43593484843078, 40.675328482617], [-3.43727648027582, 40.6750606925569], [-3.43835143008431, 40.674846376024], [-3.44091000126321, 40.6743698702146], [-3.44170514947371, 40.6742074348924], [-3.44171063638345, 40.6743263058768], [-3.44170410129283, 40.6745723462038], [-3.44169618781286, 40.6746619005135], [-3.44167659447466, 40.6748866301176], [-3.44163124631572, 40.6751869061473], [-3.44160239298499, 40.6753340051397], [-3.44155219393177, 40.6755909111703], [-3.44152954354174, 40.6757447088436], [-3.44153170725022, 40.6759007972188], [-3.44154835938445, 40.676074580748], [-3.44157122144461, 40.6761529305857], [-3.44161693221785, 40.6762644150023], [-3.44170473583861, 40.6764613569515], [-3.44180658955089, 40.6766546544092], [-3.44188686428264, 40.6768255506747], [-3.4419447665703, 40.676972808514], [-3.44197707942986, 40.6770503848991], [-3.4419929442117, 40.6771009981285], [-3.4420061983494, 40.6771482430854], [-3.44201726366298, 40.6772000007721], [-3.44202349228841, 40.6772472726222], [-3.44202722963903, 40.6772961660293], [-3.44202885918297, 40.6773601439213], [-3.44202597010781, 40.6774544633219], [-3.44202777042486, 40.6775547226122], [-3.44203653977865, 40.6776276726134], [-3.44205943873356, 40.6776897092441], [-3.44210134064998, 40.6777670383072], [-3.44218145163593, 40.6778727726657], [-3.44221909002078, 40.6779139072115], [-3.44227679721899, 40.6779760075548], [-3.44241233919797, 40.6780910642757], [-3.44532456857909, 40.678094918654], [-3.44778868953915, 40.6774733595018], [-3.44841310955041, 40.6783660498846], [-3.44889793179745, 40.6790590878748], [-3.44911261960422, 40.6793662378858], [-3.44854186058851, 40.6799938795429], [-3.44822908786781, 40.6803379791451], [-3.44825294532512, 40.680568069127], [-3.44828258164466, 40.680853628935], [-3.44850949698374, 40.6811788695316], [-3.44856432999606, 40.6812573806942], [-3.44839027282696, 40.6817715524764], [-3.44837905980786, 40.6817831422448], [-3.44840496620179, 40.68203274758], [-3.4487310717233, 40.6824650240376], [-3.44882286065235, 40.682586847671], [-3.44931380087846, 40.6827090389367], [-3.4497557225909, 40.682818814791], [-3.44980448252139, 40.6828307666134], [-3.45072228439635, 40.6835360588172], [-3.45091669915974, 40.6836850691911], [-3.45104807039966, 40.6837860001978], [-3.45123534218693, 40.683929806073], [-3.45137300361433, 40.6840556523083], [-3.4525611226014, 40.6843227565056], [-3.45350270465154, 40.6853100177248], [-3.45403752712129, 40.6859564608319], [-3.45434387454134, 40.6861563424666], [-3.45581645818348, 40.6874297373873], [-3.45633467471134, 40.6879339745358], [-3.45826435595001, 40.688528149171], [-3.45996014673894, 40.6888592340439], [-3.46032925730267, 40.6889042599052], [-3.46252312551025, 40.6891299500758], [-3.46471345969644, 40.689256284563], [-3.46641899141096, 40.689536547787], [-3.46659107537277, 40.6895645783872], [-3.46749773152324, 40.6897374133554], [-3.46854510426248, 40.6899367886507], [-3.46842250937903, 40.6921783606072], [-3.46837975167353, 40.6929614895192], [-3.46743600109357, 40.6929776257783], [-3.46706192104969, 40.6929578441392], [-3.46652295262485, 40.6929481751083], [-3.46590897290838, 40.6929438962514], [-3.46551236203122, 40.692929732735], [-3.465228631133, 40.6928648785986], [-3.4650357143325, 40.6927265831773], [-3.46479871270941, 40.6925251953459], [-3.4645835275559, 40.6923811298072], [-3.46433001586807, 40.692305012903], [-3.46405274630757, 40.6923144843865], [-3.46372968055626, 40.692403706078], [-3.4634732556942, 40.6925385316757], [-3.46321707736392, 40.6926737720447], [-3.46293791458211, 40.6928199705223], [-3.46265959726137, 40.6929265612716], [-3.46229914376224, 40.6930034528759], [-3.46338167784086, 40.6981607556682], [-3.46339190555909, 40.6982088991179], [-3.46026631168886, 40.7018609033762], [-3.46121445314757, 40.7020840249794], [-3.46005771711156, 40.7023498917022], [-3.45803044295196, 40.7033004840228], [-3.45786492335679, 40.7033780442185], [-3.45607239105267, 40.7041578654153], [-3.45549636419324, 40.7058084730829], [-3.45521149673854, 40.7069702868112], [-3.4549051029547, 40.7084768435577], [-3.45480528485528, 40.7091367366376], [-3.45095453242239, 40.7112211839424], [-3.44939332191553, 40.7125086182916], [-3.44906226451406, 40.7128454955638], [-3.44873863758178, 40.7131941331605], [-3.4484467451696, 40.7134688801241], [-3.44819519817778, 40.7136984764294], [-3.44816320735958, 40.713727878732], [-3.44814004287888, 40.7137493641958], [-3.44777230263069, 40.7140571754887], [-3.44760676198844, 40.7140887917072], [-3.44722991064192, 40.7141856189641], [-3.44649147391881, 40.7143623187272], [-3.44650432767154, 40.7146284151926], [-3.44651553259874, 40.7148644857136], [-3.4465944753442, 40.714996857857], [-3.44666243905863, 40.7150906226259], [-3.44670277265643, 40.7151467705798], [-3.44620351897944, 40.7156239074204], [-3.4453503119294, 40.7164543082665], [-3.44530521534847, 40.7164987002956], [-3.44381148956384, 40.7182332479873], [-3.44369803293771, 40.7183648724552], [-3.44245835809335, 40.7197246832264], [-3.44218166926346, 40.7200282804889], [-3.4378518250885, 40.7224050479908], [-3.43738439677968, 40.7233527266172], [-3.43707524725868, 40.7249664427015], [-3.43449490096875, 40.7287688167033], [-3.43450117061473, 40.729732715906], [-3.4341879294969, 40.7307607739423], [-3.43458517399926, 40.7317233051283], [-3.43460526735808, 40.7319107213845], [-3.43394600513555, 40.7317161381971], [-3.43407584709766, 40.7317646343567], [-3.43425449028265, 40.7318624941929], [-3.43438781722401, 40.7319662286867], [-3.43446948113074, 40.7320294707084], [-3.43455028023811, 40.7321440976893], [-3.43463638957939, 40.7322005691525], [-3.4346914028743, 40.7322362977378], [-3.43494436217009, 40.7323691614001], [-3.43507095725152, 40.732427043049], [-3.43526486294689, 40.7324966114445], [-3.43544321683471, 40.7326062943268], [-3.43559159172343, 40.73271552703], [-3.43576946739224, 40.7328651869518], [-3.43590996037068, 40.7330029460695], [-3.43612506376209, 40.7331698046305], [-3.43631800751207, 40.7333079316668], [-3.43659296565086, 40.7334808912691], [-3.43684564287566, 40.7336365742671], [-3.43709850540766, 40.7337807298528], [-3.43729150010739, 40.7339132978377], [-3.43758898663348, 40.7340806600805], [-3.43803235736073, 40.7343633128014], [-3.43834348212056, 40.7346830636008], [-3.43861045601484, 40.7349794354454], [-3.43878376916694, 40.7351712341252], [-3.43898337522925, 40.7354717006859], [-3.43939068595824, 40.7358223928927], [-3.43996359012396, 40.7363758452043], [-3.44189258834764, 40.7375779051882], [-3.44209202242555, 40.7374390097023], [-3.44254179233494, 40.7372485739845], [-3.44301904157792, 40.7370459017784], [-3.44398844683868, 40.7362047404753], [-3.4440193156468, 40.7361779797964], [-3.44433857948923, 40.7359010770161], [-3.44441509719129, 40.7358217510141], [-3.44503703230353, 40.7351780109678], [-3.44594156842101, 40.7344477447947], [-3.4461574802152, 40.7342736363085], [-3.44617661911647, 40.7342577972531], [-3.44706377262002, 40.7339325996738], [-3.44840115746553, 40.732919351901], [-3.44845455966264, 40.7329399049807], [-3.44857180541844, 40.7329844924745], [-3.4488743486347, 40.7330997662351], [-3.44905038611357, 40.7334341884524], [-3.44919724536866, 40.7337396920151], [-3.44942150798271, 40.7339723748073], [-3.44969131877492, 40.7341888481023], [-3.4498751643877, 40.7342894580021], [-3.45009210623205, 40.7345218624658], [-3.45033592629377, 40.7348407172053], [-3.45045366889471, 40.7351229029814], [-3.45059675906074, 40.7351026381307], [-3.45128428869184, 40.7382502727218], [-3.45054853254151, 40.7391894766134], [-3.45002911771287, 40.7410465925631], [-3.44818168594664, 40.7418555466276], [-3.44780958091834, 40.7417004193163], [-3.44762010453342, 40.7416212500902], [-3.44745047972541, 40.7415504020153], [-3.446945201554, 40.741432432694], [-3.44672052096007, 40.7423128044893], [-3.44628970961103, 40.7439772917344], [-3.44622976119228, 40.7442047826833], [-3.44621535336002, 40.744626692829], [-3.44625973598701, 40.745089761567], [-3.44615992551038, 40.7453792641942], [-3.44540174819048, 40.7467574139313], [-3.44519498244369, 40.7471134881257], [-3.44480862958038, 40.7481278815177], [-3.44485373584955, 40.7492306971802], [-3.4449507786344, 40.7496835678357], [-3.44495671034072, 40.7501588750263], [-3.44495536556273, 40.7504668028309], [-3.4440680043506, 40.7539823748309], [-3.44384720449127, 40.7546262118344], [-3.44384582850756, 40.7546402056918], [-3.44380778395695, 40.7550311171515], [-3.44405676371604, 40.7564519225583], [-3.44414603918728, 40.75830566756], [-3.44415299997711, 40.7584655057194], [-3.4441822006772, 40.7586252955791], [-3.44418882658375, 40.758842038954], [-3.44412759462332, 40.7590984559951], [-3.44410731191708, 40.7591517308974], [-3.44404392044219, 40.7593206141474], [-3.44400497571769, 40.7595882060698], [-3.44403386393256, 40.7598679237931], [-3.44406253205013, 40.7601701637785], [-3.44406915776656, 40.7603869071034], [-3.44410556738882, 40.7606095272527], [-3.44409699476605, 40.7608375980516], [-3.44411783118906, 40.7609974927767], [-3.44412600675648, 40.7610600981583], [-3.44416901848207, 40.7612057399687], [-3.44420008204134, 40.7613114711413], [-3.44430405413292, 40.7615796389792], [-3.44438594326706, 40.7617339089145], [-3.44443077548797, 40.7617910995683], [-3.44442068900304, 40.7618032781248], [-3.44681634914047, 40.7633237957718], [-3.44691324308712, 40.7636387205005], [-3.44686081085798, 40.7637513784231], [-3.44699156329979, 40.7637786130264], [-3.44732933181512, 40.7638482467739], [-3.44760697388584, 40.7639513318414], [-3.44767550107397, 40.7639924066566], [-3.4477416709778, 40.764031818857], [-3.4478841862476, 40.7641005868149], [-3.44766569168756, 40.7642596475325], [-3.44740184433822, 40.7644470354354], [-3.44680662627666, 40.7664468060705], [-3.44709031604003, 40.7669429241803], [-3.44709738847624, 40.7669552971838], [-3.44961827047095, 40.7709692008122], [-3.45002486593487, 40.771652320483], [-3.45335360555951, 40.7745523748413], [-3.45686855785774, 40.7776143178389], [-3.45787781148618, 40.7784934127505], [-3.45843009716404, 40.7798731298183], [-3.45901044782058, 40.781323691041], [-3.46019705403894, 40.7814148413634], [-3.46024026100451, 40.7814182085322], [-3.46051733323117, 40.781532525042], [-3.4618011226412, 40.7820623884873], [-3.46381330416894, 40.7828925634285], [-3.4668371203012, 40.7839782852106], [-3.46776107893701, 40.7843097069411], [-3.4742036245765, 40.7850430406587], [-3.47534184843195, 40.7845790519276], [-3.47926845550575, 40.7849451044541], [-3.48222757035787, 40.7852420650352], [-3.48413935058528, 40.7851282097592], [-3.48611036112804, 40.7850112581525], [-3.48760585609649, 40.7858630107287], [-3.49214092994656, 40.7868791672694], [-3.49445698976827, 40.787398050448], [-3.49705379018428, 40.7883773983871], [-3.49737619014984, 40.7883438919969], [-3.49768176467016, 40.7887944584867], [-3.49769336748759, 40.788831042708], [-3.4977855689937, 40.7891251109749], [-3.49828118321674, 40.7888808679444], [-3.49876069251239, 40.7889103261691], [-3.49882085090829, 40.7888138341701], [-3.49883644641489, 40.7886887269554], [-3.49889679224444, 40.7885859941562], [-3.4989869529976, 40.7884951936457], [-3.49917454638173, 40.7884272484971], [-3.49933197254204, 40.7884218441142], [-3.49947420100432, 40.7884620423472], [-3.49963892649061, 40.7885191604935], [-3.49975144157439, 40.7885079756407], [-3.49999902194614, 40.7884061247437], [-3.50007025475491, 40.7883814805829], [-3.50046412558281, 40.7885892879616], [-3.50095120040906, 40.788713347516], [-3.50162467244099, 40.7884311577178], [-3.50219296318128, 40.7883476092146], [-3.50266765851664, 40.7884266190149], [-3.50450688122959, 40.7891749847744], [-3.50446763832639, 40.7891727961124], [-3.50439306419544, 40.7891774945956], [-3.50433868184853, 40.7891861777805], [-3.50429953479065, 40.7892005366153], [-3.50427369894396, 40.7892134873333], [-3.50425235729013, 40.789232160664], [-3.50423712972618, 40.7892530753427], [-3.50420554496077, 40.7893099484955], [-3.50417059664115, 40.7893918560748], [-3.50412976488006, 40.7894778559912], [-3.50408764355261, 40.789540859019], [-3.50407407556457, 40.7895589353241], [-3.50403372491238, 40.7896109105571], [-3.50387732833191, 40.789795142128], [-3.50377519075514, 40.7899053793819], [-3.50366457647571, 40.7900212838665], [-3.50352560473232, 40.7901516397524], [-3.5032810766334, 40.7903956845039], [-3.50304793236136, 40.7906196618993], [-3.50289154865199, 40.7907858857066], [-3.50280476381239, 40.7908898511387], [-3.50274469925584, 40.7909648923122], [-3.50268025771063, 40.7910660549307], [-3.50264424425089, 40.7911545081652], [-3.50259016036172, 40.7913626070251], [-3.5025571569704, 40.7915541817009], [-3.50251536888639, 40.791808854216], [-3.50246534569696, 40.7921012857156], [-3.50243557459356, 40.7924156964489], [-3.5024288038889, 40.7924623483913], [-3.50235337000134, 40.7929710947467], [-3.50232942965959, 40.7932719525732], [-3.50233037199231, 40.7933971670691], [-3.50234901383108, 40.7935132953715], [-3.50238062285098, 40.7936167514366], [-3.50242298650146, 40.7937363811094], [-3.5024593626874, 40.7938134921102], [-3.50251937094224, 40.7939117613764], [-3.50271536690194, 40.7942121297141], [-3.50273035745503, 40.7942351487109], [-3.50293080772484, 40.7945827883475], [-3.50301131653724, 40.7947319933932], [-3.50309322941641, 40.7949000782781], [-3.50315100255465, 40.7949996015975], [-3.5032373203753, 40.7951478655704], [-3.50332759788019, 40.7953298941083], [-3.50334599447898, 40.795411453466], [-3.50335379744268, 40.7954997893188], [-3.50333680041917, 40.7956061686092], [-3.50322702000325, 40.7961372688744], [-3.50319586374607, 40.7962313194236], [-3.50315152244373, 40.7963441191191], [-3.50306405123769, 40.7965334603305], [-3.50295297365449, 40.7967348197696], [-3.50279480279082, 40.7969823404856], [-3.50268808764395, 40.7971270638941], [-3.50259521040216, 40.7972389487356], [-3.50245194078165, 40.7973983475975], [-3.50220478222311, 40.797634207747], [-3.50200143881661, 40.7978839525349], [-3.50181442999877, 40.7980883242875], [-3.50164271227937, 40.798259365583], [-3.50152379964662, 40.7983578499752], [-3.5013951918247, 40.7984479309008], [-3.50119685800387, 40.7985666822893], [-3.50091579636203, 40.7986893014288], [-3.50062722632233, 40.798789084317], [-3.50042248866941, 40.7988375709237], [-3.50025324360791, 40.7988610852453], [-3.49999739437932, 40.7988785220998], [-3.49993333838515, 40.7988827408729], [-3.49963809602333, 40.7988834566585], [-3.49948616925885, 40.7988668190995], [-3.49934144278556, 40.7988442025594], [-3.49907203351489, 40.7987823086043], [-3.49878659545157, 40.7986869878367], [-3.4984086024088, 40.7985402574813], [-3.49784952902337, 40.7982831134892], [-3.49779981138334, 40.7982590249416], [-3.49741167899347, 40.7980722325035], [-3.49718199626268, 40.7979369121315], [-3.49672808531676, 40.7976499684969], [-3.49628163662976, 40.7973653697849], [-3.49609816448481, 40.7972518633263], [-3.49571304294463, 40.7969687632631], [-3.49553890744235, 40.7968179168827], [-3.49547433272586, 40.796750901677], [-3.49538985410492, 40.7966997572102], [-3.49527591188104, 40.7966704056564], [-3.49505390230828, 40.7966391987132], [-3.49491902556408, 40.7966494156906], [-3.49476034745846, 40.7966816259594], [-3.49462299304289, 40.7967194172321], [-3.49445293096611, 40.7967876675985], [-3.49411859709568, 40.7969593839952], [-3.4936888502503, 40.7971900304998], [-3.49346921306164, 40.7973017542984], [-3.49338884348812, 40.7973426666457], [-3.4930784865118, 40.7975221121594], [-3.49286365693199, 40.7976556903894], [-3.49248899053283, 40.7979564750113], [-3.49218267896599, 40.798213398355], [-3.49193872995588, 40.7984190587864], [-3.49174819672932, 40.7986217596488], [-3.49166841700543, 40.798734586777], [-3.49152361883301, 40.7990117713456], [-3.4914690179618, 40.799184989593], [-3.49140417002686, 40.799542092788], [-3.49132580584427, 40.7998584878399], [-3.49121387738317, 40.8002618942431], [-3.49113462189394, 40.8004601764541], [-3.49106108412927, 40.8005913549601], [-3.49088888145975, 40.8008963118114], [-3.49078992574299, 40.8011408535332], [-3.49075645631213, 40.8012644429304], [-3.49072897954254, 40.8013978541035], [-3.49071921096905, 40.8015049202319], [-3.49072302550885, 40.8015555690463], [-3.49075202312622, 40.8016329317295], [-3.49079996082303, 40.8017002744819], [-3.49092850589269, 40.8017540158365], [-3.49123147650413, 40.8018450635184], [-3.49175055626006, 40.8020007418831], [-3.49192182101956, 40.8020684609929], [-3.49208358688871, 40.8021488218594], [-3.49214912527691, 40.8021927300096], [-3.49218268694464, 40.8022266863843], [-3.49221275597771, 40.8022851133667], [-3.49222839531251, 40.8023338259956], [-3.49225186290099, 40.8024607322273], [-3.49225539440268, 40.8025906574208], [-3.49225318432278, 40.8026399773121], [-3.4921390389929, 40.8030764974998], [-3.49190443036918, 40.8037272249825], [-3.49175970919449, 40.8040465011057], [-3.49160128080548, 40.804416540939], [-3.49151400919588, 40.8046393099898], [-3.49149151615535, 40.8048043738891], [-3.49148280532558, 40.8052306254433], [-3.49145255723256, 40.8056405085989], [-3.49144826336696, 40.8060223940435], [-3.49143220572562, 40.8064070125149], [-3.49132907930516, 40.8073896080098], [-3.49127074986223, 40.807824285502], [-3.49123730887414, 40.8081126995973], [-3.49118837528389, 40.8082450978097], [-3.49111482127743, 40.8083840387771], [-3.49103955559808, 40.8084772591758], [-3.49095617624953, 40.8085755813247], [-3.49078907324181, 40.8087629885731], [-3.49052707440284, 40.8090706212186], [-3.49026937204506, 40.8093453493876], [-3.49015508094183, 40.8094503124232], [-3.49001370498073, 40.8095752427916], [-3.4897650477168, 40.8097744780326], [-3.48961751290614, 40.8098714665216], [-3.48942275276263, 40.8099876176777], [-3.48862806488619, 40.8104113723353], [-3.48786273331345, 40.8108363207704], [-3.48749805028267, 40.8110677652142], [-3.48728938817645, 40.8112199152507], [-3.48713393884348, 40.8113737681359], [-3.48702217943899, 40.8115012621943], [-3.48672361027367, 40.8118286870981], [-3.4864957404288, 40.8121331215025], [-3.48632759667142, 40.812340163291], [-3.48628875351853, 40.8123808787182], [-3.48624632069777, 40.8124161855717], [-3.48619321948471, 40.8124470153132], [-3.48608928056888, 40.8124889807099], [-3.48604547446825, 40.812512524302], [-3.48594035900359, 40.8125696970776], [-3.48581772038777, 40.8126460838691], [-3.48518956146216, 40.8130205975084], [-3.48443468377271, 40.8134066034868], [-3.48411469847862, 40.8135863302782], [-3.4837060245472, 40.8138097312403], [-3.48340023240056, 40.8139874758653], [-3.48326096119216, 40.8140835695982], [-3.48305941876827, 40.8142429656377], [-3.48290511515194, 40.8143895246174], [-3.48273340308369, 40.8145766899333], [-3.48252548968341, 40.8148298178561], [-3.48228013941308, 40.8151804853926], [-3.48220747002753, 40.815312228635], [-3.48216212591304, 40.815411257941], [-3.48213641059363, 40.8154863563636], [-3.4820975584576, 40.8156847192717], [-3.48206662263297, 40.8159876367575], [-3.4820559934094, 40.8165028435736], [-3.48206169860977, 40.8166334612038], [-3.48208732035828, 40.8167315600574], [-3.48214652203046, 40.8168852906869], [-3.48256343267309, 40.8176115903867], [-3.48268111933752, 40.8178452150912], [-3.48276572536592, 40.8180664929504], [-3.48279248977151, 40.8181609525724], [-3.4827992022492, 40.8182383822892], [-3.48278628510782, 40.8184447310518], [-3.48277454939029, 40.8186202196403], [-3.4827423143713, 40.8187646982884], [-3.4826885212635, 40.8188677496446], [-3.48262989919665, 40.818955304777], [-3.48248551283735, 40.8191315336664], [-3.48230992661946, 40.8192932943139], [-3.48221087621212, 40.8193804149135], [-3.48209991488068, 40.8194602658125], [-3.48194417345706, 40.8195481860843], [-3.48172079144986, 40.8196600358299], [-3.48145824363956, 40.8197637122195], [-3.48130112472047, 40.8198391416399], [-3.48097402295532, 40.8200342022991], [-3.4804230349566, 40.8204249740318], [-3.48013648409006, 40.8206475421009], [-3.47952335336595, 40.8211392547172], [-3.47922132269944, 40.8213540022928], [-3.47900433733751, 40.8215206486025], [-3.47888635620135, 40.8216022048032], [-3.47872832238195, 40.8216993980225], [-3.47856329266697, 40.8218368988468], [-3.47825377969833, 40.8221866975314], [-3.47808127043299, 40.8224182545814], [-3.47792504889678, 40.8226474917782], [-3.47768107131328, 40.8230314237059], [-3.4773872539434, 40.8235605635954], [-3.47717113365911, 40.8240163795462], [-3.47697192430694, 40.8245111220501], [-3.47680276235129, 40.8250562705495], [-3.47677390997752, 40.8251673065392], [-3.4767556340941, 40.8252837553157], [-3.47675256229479, 40.8253430598642], [-3.47675655576558, 40.8254125998356], [-3.47677729988718, 40.8254854040187], [-3.47685312735355, 40.8256508987281], [-3.4771029638078, 40.8260932552585], [-3.47713920622072, 40.8261860051777], [-3.47715760772585, 40.8262703526128], [-3.47715027817242, 40.8263863977412], [-3.47712703246948, 40.8264523682801], [-3.47710365759867, 40.8265003224176], [-3.47698125907252, 40.8266415857849], [-3.47694132030147, 40.8267053731813], [-3.47687119895835, 40.8268497984761], [-3.47680026797356, 40.8270364542476], [-3.47678295122334, 40.8271024002073], [-3.47674751871382, 40.8274710655095], [-3.47668689411024, 40.8281099971136], [-3.47663998262506, 40.8286670853397], [-3.47660768203043, 40.829124961228], [-3.47659194577796, 40.8295940825723], [-3.47657405877787, 40.8302263843856], [-3.4766319688327, 40.8305498866492], [-3.47668763701697, 40.8307071233395], [-3.47689044880301, 40.8310369643155], [-3.47712710363374, 40.8314575269301], [-3.47725090944621, 40.8316849568402], [-3.47731491869537, 40.8318262640839], [-3.47734273433625, 40.8319205810305], [-3.47734798768401, 40.8319926223434], [-3.47735467294637, 40.8320980119598], [-3.47731256927901, 40.8322738814799], [-3.47718304082817, 40.8328112720822], [-3.4771647416643, 40.8330571025633], [-3.47718765727042, 40.8334562577723], [-3.47721222978672, 40.8335768514578], [-3.47732603926423, 40.8338936585196], [-3.47748602550553, 40.8342135336535], [-3.4776565319666, 40.8344964200146], [-3.47774653952279, 40.8346429976948], [-3.47786146020886, 40.8347930289763], [-3.47805658815851, 40.8350302028095], [-3.47834373587923, 40.8353764009595], [-3.47867242290797, 40.8357258041915], [-3.47902725156377, 40.8360980118174], [-3.47924158696999, 40.8363726126274], [-3.4792743709119, 40.836428819212], [-3.47930995857018, 40.8364896448621], [-3.47935237611959, 40.8366119708824], [-3.47937603774417, 40.8367677140723], [-3.47937710584106, 40.8369163403665], [-3.47934423289154, 40.8371281796479], [-3.47927979314295, 40.8374032313104], [-3.47921973257491, 40.8375584404255], [-3.47919247779564, 40.8376278991791], [-3.47903949135638, 40.8379566867329], [-3.47877842182333, 40.8384466628329], [-3.47871054119002, 40.8385514836129], [-3.47861974969975, 40.8386464420518], [-3.4784771224392, 40.8387720328347], [-3.47834030777265, 40.8388700040195], [-3.47824213209027, 40.8389182483394], [-3.47806587813997, 40.8389846942074], [-3.47740786758423, 40.8391946341415], [-3.4757893882082, 40.8397850603062], [-3.47452217975264, 40.8402280682978], [-3.47361967018302, 40.8405695560026], [-3.47250271397067, 40.8409738859403], [-3.47149342892388, 40.8413394816441], [-3.47089606003971, 40.8415770314711], [-3.47074820902206, 40.8416352876113], [-3.47065022778487, 40.8416818649714], [-3.47063438427128, 40.8416954422723], [-3.47059827299602, 40.8417259930813], [-3.47056409869268, 40.8417683595589], [-3.47034475417374, 40.84209749918], [-3.46999391204086, 40.8426506961309], [-3.46987294181317, 40.8428378846937], [-3.46981813553736, 40.8429560100422], [-3.46977739019074, 40.8430654033181], [-3.46974853048146, 40.8431781263453], [-3.46976401210183, 40.8433697982222], [-3.46978336031598, 40.8437533986209], [-3.46987670485591, 40.8440404864586], [-3.46997687137463, 40.8442790410858], [-3.4700850347177, 40.8444773490546], [-3.4702419589521, 40.8446966103297], [-3.47057074953261, 40.8450664514669], [-3.47134048715348, 40.8457064788334], [-3.47163301094934, 40.8459666202515], [-3.47240066716151, 40.8466490574057], [-3.47375739486509, 40.8479378928246], [-3.47448685709738, 40.848595256331], [-3.47509503937818, 40.849194697988], [-3.47564577806989, 40.8497419426832], [-3.47582275652458, 40.8499168771872], [-3.47599374864713, 40.8501267945573], [-3.47619725299158, 40.8503845023076], [-3.47626932572514, 40.8505085177491], [-3.47633342942685, 40.850665847341], [-3.47635088628341, 40.8507738763864], [-3.47635966323958, 40.8508605462559], [-3.47637532692867, 40.8510584959727], [-3.47635391849371, 40.8511972599383], [-3.476330812753, 40.8512840614561], [-3.47617005559806, 40.8515565884164], [-3.47602213971269, 40.851771790641], [-3.4759361486711, 40.8518629773428], [-3.47582876855363, 40.851942657529], [-3.47572124483121, 40.8519999316311], [-3.47560780799625, 40.8520533238831], [-3.47547552583109, 40.8521043434952], [-3.47541369977686, 40.852127880505], [-3.4752586074092, 40.8521628642023], [-3.4750712004099, 40.8521836041487], [-3.47488368517919, 40.8521753708243], [-3.47446943879928, 40.8521317682057], [-3.47286398855286, 40.8519440090303], [-3.47103837553358, 40.8516346012558], [-3.4710042323036, 40.851629673429], [-3.47089227004751, 40.8516133463398], [-3.47081032482899, 40.8516046760316], [-3.47070494000182, 40.8516151303171], [-3.47058045772076, 40.8516274617544], [-3.47050105733456, 40.8516572781486], [-3.47041064530833, 40.851782986698], [-3.47023815818012, 40.8520628486218], [-3.47009458493985, 40.8522246613583], [-3.46968505378159, 40.8526965782625], [-3.46931509610656, 40.8531484792181], [-3.46914520850715, 40.8533471608082], [-3.46899907221555, 40.853496394054], [-3.46886110193503, 40.8536259788671], [-3.46872949155937, 40.8537411938701], [-3.46854158556151, 40.8539056381628], [-3.46840363998717, 40.854022428027], [-3.46829865148096, 40.8541185687932], [-3.46806068301539, 40.8543374258602], [-3.46755477399664, 40.8547842684129], [-3.46700248123955, 40.8553850027147], [-3.4667340539373, 40.8556903277159], [-3.46658121637146, 40.8558810094735], [-3.46640593080503, 40.8561033283735], [-3.46619543899765, 40.8563527312615], [-3.46602279753974, 40.8566228382447], [-3.46588516541408, 40.8567846998992], [-3.46584399514528, 40.8568355385317], [-3.46582526773847, 40.8568615133666], [-3.46581363605681, 40.8568947788861], [-3.46581028848284, 40.8569434936528], [-3.46581433016899, 40.856993868701], [-3.4658216901619, 40.8570388810784], [-3.46584211759, 40.8570821216596], [-3.46587209347271, 40.857126129336], [-3.4659104010689, 40.857158447395], [-3.46601042055173, 40.8572255692785], [-3.4661808144144, 40.8573341451076], [-3.46651214524578, 40.8575253605642], [-3.4671362072321, 40.8578822277572], [-3.46841702067263, 40.858641862078], [-3.46906190670685, 40.8590408212353], [-3.46968865049156, 40.8594250698104], [-3.47040115659012, 40.8598562188361], [-3.47078004531573, 40.8600763061397], [-3.47107804482695, 40.8602706992616], [-3.47153877048951, 40.8606533706928], [-3.47164404472601, 40.8607655382093], [-3.47207721258598, 40.8612898654904], [-3.47245555962747, 40.8619360340542], [-3.47262375209642, 40.8622281385234], [-3.4727180795557, 40.862464857496], [-3.47276213388366, 40.8626634249877], [-3.4727858532886, 40.8628181598089], [-3.47279927217863, 40.8630365587305], [-3.47277226607076, 40.8637598480361], [-3.47276514506811, 40.8639212116999], [-3.47275122483185, 40.8639725465095], [-3.47271367345635, 40.8640267373494], [-3.47266904155979, 40.8640962525415], [-3.47257034308344, 40.8642164722617], [-3.47249959724206, 40.8642798209274], [-3.47242403082943, 40.8643431892924], [-3.47224207859345, 40.8644619635889], [-3.47202946533199, 40.8645997599517], [-3.47096413037553, 40.8652843444486], [-3.47057424672999, 40.8655246584268], [-3.47025736955081, 40.8657033256942], [-3.47015477104645, 40.8657757891822], [-3.46866297856413, 40.8667784148073], [-3.46835372969258, 40.8669919314034], [-3.46744512583688, 40.8675614574386], [-3.4672535263099, 40.8676712272118], [-3.46664375169167, 40.8680268101942], [-3.46653029264988, 40.8680910266918], [-3.46640847842716, 40.8681592637489], [-3.46625124458098, 40.8682239028725], [-3.46610444955741, 40.8682847398394], [-3.46597774433328, 40.8683312677234], [-3.46522957616068, 40.8685855970627], [-3.46477844330494, 40.8687236198251], [-3.46444686621076, 40.8688229217779], [-3.46417682341123, 40.8689024277636], [-3.46409870302727, 40.8689369281653], [-3.46363878106507, 40.8691829688456], [-3.46340718039371, 40.8693225655059], [-3.46247837521568, 40.8698774947953], [-3.46187766628991, 40.8702007176331], [-3.46153725766542, 40.8703705330924], [-3.46141314497909, 40.8704414077659], [-3.46092870289126, 40.8707456890556], [-3.46061652603135, 40.870917532675], [-3.46046624050203, 40.8709946080106], [-3.4603256457746, 40.8710588871108], [-3.46003190340072, 40.8711619665318], [-3.45972525885172, 40.8712659922358], [-3.45934787570255, 40.8714368544089], [-3.45896828718934, 40.871637446449], [-3.45867509055535, 40.8718016438867], [-3.4583819764392, 40.8719674674866], [-3.45813842325428, 40.8720894854598], [-3.45771833939684, 40.8722651279094], [-3.45720930769663, 40.8724495668106], [-3.45562914409929, 40.8730543149204], [-3.45527390109713, 40.8731688856276], [-3.45508436363885, 40.8732191797754], [-3.45491367776129, 40.8732603908666], [-3.45475120447856, 40.8732918405942], [-3.45460438095334, 40.873315097665], [-3.45452730496983, 40.8733244098149], [-3.45444425295407, 40.8733275521859], [-3.45435521338114, 40.8733228357363], [-3.45425428340845, 40.8733147878973], [-3.45398706481996, 40.8732859996507], [-3.45357738875082, 40.8732504517486], [-3.45302163853616, 40.8732202544523], [-3.45289591598548, 40.8732216001634], [-3.45283297346185, 40.8732263984452], [-3.45273222201286, 40.8732430072615], [-3.45264928056269, 40.8732658436129], [-3.45248946937532, 40.8733259290119], [-3.45211205568341, 40.8734931735285], [-3.4520672072771, 40.8735193130648], [-3.45202104568627, 40.8735482082407], [-3.45187931387143, 40.8736481310754], [-3.45183919600915, 40.8736816100091], [-3.45166104617501, 40.8738373241398], [-3.45162571497513, 40.8738743130828], [-3.4515128569384, 40.8740242655141], [-3.45139422086666, 40.8741942002994], [-3.45118993440898, 40.874531125342], [-3.45108762411995, 40.8746853717243], [-3.45103606453678, 40.8747558109593], [-3.45096295053492, 40.8748515891728], [-3.45084045356782, 40.8749889950825], [-3.45078876239708, 40.8750394161221], [-3.45075559470328, 40.8750705121006], [-3.45067646880767, 40.8751337773616], [-3.45045670585488, 40.8752823570019], [-3.45015325479382, 40.8755024522429], [-3.44979640279852, 40.8757407699692], [-3.44942629517428, 40.8759348748599], [-3.44905843739041, 40.8761074670837], [-3.4486310794659, 40.8762884744973], [-3.44824990273129, 40.8764313846753], [-3.44759832950288, 40.8766050808704], [-3.4472119458255, 40.8766759766696], [-3.44675311548909, 40.8767239227765], [-3.44653813241465, 40.8767307962495], [-3.44630186291853, 40.8767217991214], [-3.44613441515294, 40.8767035542245], [-3.44575297072036, 40.8766293268323], [-3.44548437609718, 40.8765655528735], [-3.44524410565462, 40.876497053238], [-3.44510613610508, 40.8764516463002], [-3.44440651349708, 40.8761654591945], [-3.444099236961, 40.8760231228195], [-3.44370628241468, 40.8758300266058], [-3.44324069779957, 40.8755883406475], [-3.44298570809711, 40.8754474380219], [-3.44270223721825, 40.8752943070179], [-3.44227488793651, 40.875079695541], [-3.44213222509068, 40.8750425198258], [-3.44200146000377, 40.8750098025394], [-3.44188485899432, 40.8749877283124], [-3.44178279659894, 40.8749768587781], [-3.44166168987856, 40.874975774811], [-3.44144350489798, 40.8749854771434], [-3.44131414073159, 40.8749961066219], [-3.44118855991594, 40.8750179819792], [-3.44102726369232, 40.8750565690157], [-3.44088758535183, 40.8751002083829], [-3.44066286507732, 40.8752164872095], [-3.44056722904808, 40.8752799113145], [-3.44048801670535, 40.8753496039175], [-3.4404319259234, 40.8754577808339], [-3.44040896655179, 40.8755749776425], [-3.44040111121401, 40.8758446964673], [-3.44042071513804, 40.8761165625313], [-3.44043887975762, 40.8767109544765], [-3.44044569277569, 40.8771991634743], [-3.44051888012356, 40.8780348968488], [-3.44057625687262, 40.8784316884668], [-3.44060465216523, 40.878629110613], [-3.44068017353114, 40.8789188844304], [-3.44073884699393, 40.879175400225], [-3.44082786643028, 40.8795156750781], [-3.44089112221438, 40.8797648961995], [-3.44095404470844, 40.8799538140406], [-3.44106158382773, 40.8802371554918], [-3.44116419838264, 40.8804998312298], [-3.4412583141698, 40.8807194640608], [-3.44133915516571, 40.8809270712658], [-3.44140116047986, 40.881153796205], [-3.44147021143217, 40.8815175844912], [-3.44149834202392, 40.8816660386054], [-3.44153538854626, 40.8818793913425], [-3.44158265617125, 40.8821961610964], [-3.4416560966089, 40.8825308792045], [-3.44171070111598, 40.8827102747597], [-3.4417650101753, 40.8828451925196], [-3.44183381157859, 40.8830313247699], [-3.44193315375476, 40.8833090431525], [-3.44201646606547, 40.883398807731], [-3.44207175795974, 40.8834582763566], [-3.44218887788117, 40.8835902668555], [-3.44226918438952, 40.8836956786013], [-3.44235214943224, 40.8838445617701], [-3.44246257029138, 40.8840502049621], [-3.442595510176, 40.8842328288201], [-3.44274038058354, 40.8844214330431], [-3.44300004550662, 40.8847187032098], [-3.44303563941144, 40.8847720537518], [-3.44306301231445, 40.8848157816394], [-3.44309838707202, 40.8848857904808], [-3.44314439337463, 40.8850052908208], [-3.44320629562959, 40.8852212540873], [-3.4432856867071, 40.8853850465962], [-3.44343921179099, 40.8856060300748], [-3.44352143130051, 40.8856980498204], [-3.44356943306429, 40.8857515046073], [-3.44371280418364, 40.8858887697211], [-3.443877476155, 40.8860160797424], [-3.44398470086395, 40.8860805197443], [-3.44409430341345, 40.8861377886761], [-3.44426341894218, 40.8862154280258], [-3.44439805615036, 40.8862987371592], [-3.44451142713248, 40.8863910961072], [-3.44461187225596, 40.8864970355566], [-3.44469217612942, 40.8865966317616], [-3.44476877469846, 40.8867126199651], [-3.44481087873582, 40.8867926378601], [-3.4448266881865, 40.886852018269], [-3.44484041983393, 40.8869456525276], [-3.44483430320516, 40.8871033405942], [-3.44481521626422, 40.8872447604424], [-3.44479414402039, 40.887307043774], [-3.44476603483685, 40.8873648420406], [-3.44472365232172, 40.88741723511], [-3.44467425198189, 40.8874654462075], [-3.44453146563548, 40.887580290399], [-3.44437531979052, 40.8876915095843], [-3.44421832751651, 40.8878236752391], [-3.44408020723573, 40.887940111709], [-3.44390930069637, 40.8881215001599], [-3.4437736102469, 40.8882415607214], [-3.44358463569464, 40.8883862442614], [-3.44344171017823, 40.8884808187826], [-3.44336706329203, 40.8885142861187], [-3.44327946317881, 40.888546132418], [-3.44318938371536, 40.8885707733237], [-3.44307795399257, 40.8885937442844], [-3.44279219630745, 40.888643470869], [-3.44263934706352, 40.8886828002294], [-3.44249602355488, 40.8887283814574], [-3.44227950671639, 40.8888118349529], [-3.44202839205901, 40.8889193314119], [-3.44192442974986, 40.8889674644427], [-3.44182729250455, 40.8890219174561], [-3.44174223313781, 40.889070069647], [-3.44167722056512, 40.8891114193389], [-3.4415094487941, 40.8892411112323], [-3.44142444937025, 40.8893116973274], [-3.44131359899418, 40.8894238418789], [-3.44120735794049, 40.8895116193153], [-3.44106663235966, 40.8895977803736], [-3.44079458835562, 40.8897438074071], [-3.44057714910439, 40.8898644478966], [-3.44033477090288, 40.8900106335398], [-3.44017855697145, 40.8901091961515], [-3.4400119351182, 40.8902190582151], [-3.4398916023694, 40.8903096009596], [-3.43979471673201, 40.8904052882436], [-3.43974063134359, 40.8904790836558], [-3.43964085455852, 40.8906489340384], [-3.4396046259812, 40.8907239542243], [-3.43956603979665, 40.8908313037724], [-3.43954406341153, 40.8909196830508], [-3.43954455119675, 40.8909935134492], [-3.43955349665157, 40.8910698453598], [-3.43959310962942, 40.891149187209], [-3.439648226662, 40.8912309673968], [-3.43970341374512, 40.8913012394665], [-3.43975944348405, 40.8913512393055], [-3.43982501241495, 40.8913951576581], [-3.43995602990252, 40.891461317291], [-3.44009893569455, 40.8915355653992], [-3.44014063998163, 40.8915554767481], [-3.44023364635199, 40.8915998711392], [-3.44042412494252, 40.8916819083195], [-3.44053942784898, 40.8917276358525], [-3.44071914424482, 40.8917953299021], [-3.44105105399625, 40.8919047218136], [-3.44137816699732, 40.8920042515607], [-3.44177553085045, 40.8921243431621], [-3.44201237907391, 40.8922056370594], [-3.44220626477349, 40.8922770069906], [-3.44235868395308, 40.8923456281227], [-3.44263147613403, 40.8924763289034], [-3.44283406745306, 40.8925937860472], [-3.44296754116269, 40.89269300166], [-3.44309297023085, 40.8928033245941], [-3.44327798275519, 40.8929593431362], [-3.44338224122709, 40.8930555756871], [-3.44343444592151, 40.8931037506492], [-3.44365078719139, 40.8933245321344], [-3.44386733586183, 40.8935542724195], [-3.44409081199785, 40.8937983271011], [-3.444298061263, 40.8940565194215], [-3.44444043147894, 40.8942457863793], [-3.44460703392986, 40.8944802605211], [-3.4447245813336, 40.8946499906744], [-3.44478830586935, 40.8947858390492], [-3.44482528591633, 40.8949857050549], [-3.44486965223944, 40.8952062607127], [-3.44491344235269, 40.8953744355928], [-3.44499088105931, 40.8955813291947], [-3.44505339925824, 40.8957207175908], [-3.44509786082468, 40.8958035038527], [-3.44515543032274, 40.8958881045785], [-3.44524615650843, 40.895965079342], [-3.44540963596031, 40.8960656013018], [-3.4455381583831, 40.8961315278669], [-3.44570480485145, 40.8961975082519], [-3.44592367798301, 40.8962640509834], [-3.44614959460477, 40.8963166644122], [-3.44631707409122, 40.8963330154105], [-3.44652472146579, 40.896320462817], [-3.44667768452615, 40.8962864691924], [-3.44682808792711, 40.8962382244615], [-3.44690751522458, 40.8962039405457], [-3.44696531816317, 40.8961665191811], [-3.44702786875473, 40.8961113354169], [-3.44708674703339, 40.8960372581284], [-3.44710141921695, 40.896010635182], [-3.44723220301715, 40.8957736586636], [-3.44735188568784, 40.8955641935229], [-3.44742122933955, 40.8954594283929], [-3.44749887252617, 40.8953564191006], [-3.4476142989569, 40.8952198510731], [-3.44771815137575, 40.8951062803959], [-3.44779698592846, 40.8950237730134], [-3.44794336310786, 40.8948897681931], [-3.44801424459397, 40.8948382578003], [-3.4480900132122, 40.8947962997629], [-3.44817395075768, 40.8947554359774], [-3.44826165493952, 40.8947230028322], [-3.44833276405204, 40.8947052727239], [-3.44841094823229, 40.8946914562233], [-3.44848211050023, 40.8946816081349], [-3.44855086440258, 40.894676702325], [-3.4486102502294, 40.8946792019057], [-3.44869938736009, 40.8946941701886], [-3.44882074263307, 40.894725332645], [-3.44895987184304, 40.8947733031384], [-3.44905038339612, 40.894811691769], [-3.44921593571643, 40.8948957503861], [-3.44943288789156, 40.8950027711185], [-3.44971623714258, 40.8951460222349], [-3.44973333837065, 40.8951549231502], [-3.45000470861237, 40.8952961283049], [-3.45026299865113, 40.8954178591533], [-3.45071329896379, 40.8956249816709], [-3.45108234989307, 40.89577668099], [-3.45158334550593, 40.8959638960094], [-3.45210588001671, 40.8961538395234], [-3.45235111613799, 40.8962643563879], [-3.45246068645532, 40.8963289588711], [-3.45254789247063, 40.8963953317016], [-3.45266025676013, 40.8964973608424], [-3.45273337387068, 40.8966108043945], [-3.4527804647281, 40.8967159047403], [-3.45279985713857, 40.8967850803745], [-3.45280527499834, 40.8968723275918], [-3.4528026170467, 40.8970266061907], [-3.45278552758587, 40.8971319584891], [-3.45275546886595, 40.8972396137875], [-3.45267277456115, 40.8974628952861], [-3.45258862811133, 40.8976815198808], [-3.45249434321754, 40.8979556770925], [-3.45247345151547, 40.8980314728798], [-3.45245980987124, 40.8981145848929], [-3.45246069222677, 40.8982440765783], [-3.45246283612377, 40.8983864568592], [-3.45247513136508, 40.8984530624009], [-3.45250779502534, 40.8985141425075], [-3.45254967257767, 40.8985618350881], [-3.45276095707094, 40.89875187039], [-3.45284686051785, 40.8988236354739], [-3.45296027372077, 40.8989105672993], [-3.45319282508997, 40.8990583215356], [-3.45345613567279, 40.899202314445], [-3.45359074282823, 40.8992630213515], [-3.45374915654811, 40.8993256475371], [-3.453881169102, 40.8993701698532], [-3.45409640360332, 40.8994259178742], [-3.45426404540502, 40.8994603873315], [-3.45439947362064, 40.89947787566], [-3.45449819281349, 40.8994837224669], [-3.45481278145654, 40.8994796671695], [-3.45511424999347, 40.8994559570118], [-3.45531571658286, 40.8994310463656], [-3.45553050028989, 40.8993985744432], [-3.4555716232794, 40.8993899666735], [-3.45576872054417, 40.8993492133555], [-3.45591329477449, 40.8993142724245], [-3.45608756681161, 40.8992629365104], [-3.4562188863628, 40.8992049353962], [-3.45639259718252, 40.89909708249], [-3.45658282622374, 40.8989611926024], [-3.4567505814052, 40.8988346677888], [-3.45710241883611, 40.8985292418048], [-3.45743402684433, 40.8982497940001], [-3.4577137431827, 40.898021644817], [-3.45791330643034, 40.8978650368459], [-3.45800421881971, 40.8977916864704], [-3.45811301803966, 40.8977201100028], [-3.45827159375237, 40.8976355896684], [-3.45834719020527, 40.8976011708911], [-3.45843847074616, 40.8975713049232], [-3.45852141678391, 40.8975484542869], [-3.45861860359197, 40.8975334373184], [-3.45874205816314, 40.8975320242777], [-3.45887643369824, 40.8975442271766], [-3.45897261709874, 40.8975579200001], [-3.45909640553235, 40.8975934607309], [-3.45917375814184, 40.8976201778591], [-3.45925339808748, 40.8976543061709], [-3.4594630235523, 40.8977516604201], [-3.45993373357465, 40.8980146441716], [-3.46037985401272, 40.8983101590329], [-3.46059946601668, 40.8984697236207], [-3.46065322504587, 40.898517928821], [-3.46069627299514, 40.8985728350098], [-3.46074564709811, 40.8986735367765], [-3.4607698207624, 40.8987373995171], [-3.46078469066866, 40.8988039819601], [-3.46079135722072, 40.8989092404793], [-3.46080844562467, 40.8989993710273], [-3.46085222887966, 40.8991268868461], [-3.46090528850389, 40.8992692674933], [-3.46097296888057, 40.8994174867739], [-3.4610739489951, 40.8996226152335], [-3.46109329511306, 40.8996775156423], [-3.46110601205872, 40.8997699698036], [-3.46109792952162, 40.8998269907797], [-3.46108170145602, 40.8998847271849], [-3.46105608055268, 40.8999525885943], [-3.46101151159128, 40.9000363243904], [-3.46096449556596, 40.9000978188432], [-3.46090910225956, 40.9001581161287], [-3.46086355097915, 40.9002006917436], [-3.46083132072022, 40.9002304937826], [-3.46074506319316, 40.9003094567731], [-3.46068853134872, 40.9003447947142], [-3.46062679010455, 40.9003721045775], [-3.46056397271338, 40.9003876636522], [-3.46047632065603, 40.9003996923303], [-3.46036466774881, 40.9004029531875], [-3.46024116581097, 40.9004015693812], [-3.46009266441303, 40.9003895397036], [-3.45971093920538, 40.9002957715628], [-3.45917077374258, 40.900133754576], [-3.45902921542351, 40.900091976781], [-3.45890684998227, 40.9000664458082], [-3.45882476495618, 40.9000532598745], [-3.45876061376365, 40.900053413997], [-3.45864673412716, 40.9000612873045], [-3.45856015380969, 40.900076717073], [-3.45847969170916, 40.9001024890822], [-3.45841093825109, 40.9001340927147], [-3.45831515879787, 40.9001847812598], [-3.45824068684352, 40.9002401337368], [-3.45815804722727, 40.9003080370017], [-3.45808731657674, 40.9003821903076], [-3.45798988101942, 40.9005221976497], [-3.45792646589346, 40.9006339278377], [-3.45789165302364, 40.9007506116306], [-3.45787465227489, 40.9008677877168], [-3.4578626648172, 40.9010125319752], [-3.45786381016561, 40.901178618928], [-3.45792234456805, 40.9014251065231], [-3.45801681071066, 40.9016830421323], [-3.45809625930538, 40.9018504997638], [-3.45822847334892, 40.9020779148241], [-3.4583172231001, 40.9022037700161], [-3.45840389456095, 40.9023226883531], [-3.45843109236376, 40.902359837529], [-3.45858307432417, 40.9025449171856], [-3.45878400794498, 40.9027457931889], [-3.45907682863266, 40.9030255758451], [-3.45927660875779, 40.903252951356], [-3.45950904873588, 40.9035565156279], [-3.45970569271828, 40.9038248138628], [-3.45986407012267, 40.9040775440717], [-3.46000724514277, 40.9043460955978], [-3.46015782953051, 40.9046590979297], [-3.46020107153314, 40.9047416895668], [-3.46057050077053, 40.9054467008139], [-3.46065266607631, 40.9056499802122], [-3.46069201215793, 40.9058190418501], [-3.46071348595801, 40.90602614799], [-3.46070289357878, 40.9062101135349], [-3.46066946996201, 40.9063660868786], [-3.46062313575799, 40.9065293270968], [-3.46057772681868, 40.9066583184803], [-3.4605003900708, 40.906811851042], [-3.46041712058294, 40.9069501237663], [-3.46010677425121, 40.9074070125161], [-3.46001257062229, 40.9075199647997], [-3.45989942971562, 40.907635697398], [-3.45944709372737, 40.9079951551183], [-3.4592308399244, 40.9081259382105], [-3.45886514225554, 40.908310938825], [-3.45869344237109, 40.908379184436], [-3.45854760973506, 40.9084158026232], [-3.45838856660728, 40.9084326476944], [-3.45803951918812, 40.9084161278196], [-3.4576355997716, 40.9083862021912], [-3.45719810392138, 40.9083292689115], [-3.45703878051924, 40.9082983873609], [-3.4568318455087, 40.9082496497855], [-3.45614028018215, 40.9080064332142], [-3.45582942208639, 40.907866367429], [-3.45549236489359, 40.9077162205546], [-3.45514443392035, 40.9075391423188], [-3.45484277065377, 40.9073575233992], [-3.45448383351063, 40.9071274556161], [-3.45425228555965, 40.9069572110652], [-3.45395541018392, 40.9067555987576], [-3.45366913507871, 40.9065641719055], [-3.45335919206164, 40.9063840978099], [-3.45304684256809, 40.9062169442591], [-3.45267757120591, 40.906046335493], [-3.45232637484559, 40.9059089533282], [-3.45195850665191, 40.9057653436814], [-3.45138262269596, 40.9055664613307], [-3.4510410204213, 40.9054626361848], [-3.45071282811879, 40.9053891776984], [-3.45052739069849, 40.9053513531082], [-3.45030402279928, 40.9053403103382], [-3.45009049505288, 40.9053645899035], [-3.44986399293883, 40.9054023878209], [-3.44967203168688, 40.905445337946], [-3.44949176791603, 40.9054947920691], [-3.44928429930621, 40.9055451482257], [-3.44903073724086, 40.9056191184574], [-3.44867888870362, 40.9057331159615], [-3.44840997190729, 40.9058088968214], [-3.44823903854818, 40.9058264519704], [-3.44822717300906, 40.9058276241313], [-3.44815485145473, 40.905832409369], [-3.44796837251787, 40.9058412540624], [-3.44765963952102, 40.9058406382686], [-3.44734152969729, 40.9058338780045], [-3.44697570807777, 40.9058378974088], [-3.44664460882698, 40.9058589715414], [-3.44630168056052, 40.905897247825], [-3.44590794807318, 40.9059600003238], [-3.44534112101035, 40.9060729917414], [-3.44494648212785, 40.906173637136], [-3.44477473176098, 40.9062356690163], [-3.4446303173637, 40.9063180560029], [-3.44437986796082, 40.9065018834759], [-3.44423464451536, 40.9066258467819], [-3.44415217468069, 40.9067225618567], [-3.44406275547898, 40.9068490041811], [-3.44391750867732, 40.9071405581218], [-3.44386060407479, 40.9073100580616], [-3.44383211761466, 40.907489208558], [-3.44385039284751, 40.9077641933859], [-3.44387582235658, 40.9080181220501], [-3.44391371958346, 40.9081801456557], [-3.44398615164313, 40.9083573092139], [-3.44414270342829, 40.9086557194434], [-3.44430839709849, 40.9089587125194], [-3.44450393599475, 40.9092381808877], [-3.44472065912572, 40.9095182930111], [-3.44482845337603, 40.9096372091999], [-3.44498615262416, 40.9098110171546], [-3.44525152206426, 40.9100516779115], [-3.44557266716474, 40.9103276405714], [-3.44570749731034, 40.9104282668334], [-3.44590196303144, 40.9105423714213], [-3.44622589614822, 40.9107060836839], [-3.44654864180516, 40.9108409694037], [-3.44705218109944, 40.9110226795688], [-3.44726870887902, 40.9110967131208], [-3.44758650223287, 40.9111838831559], [-3.44807288700957, 40.9113134033702], [-3.4483822281659, 40.9114005047916], [-3.44872157215434, 40.9115370031914], [-3.44902909422221, 40.9117078462593], [-3.44930114050358, 40.9118815550138], [-3.44955637654787, 40.9120670330423], [-3.44981524922036, 40.9122342541376], [-3.4499761170141, 40.9123169536703], [-3.45013695465933, 40.9123951489264], [-3.45074648529754, 40.9126371598896], [-3.45128716419905, 40.9128647652758], [-3.45107591445725, 40.9132320703569], [-3.45089197094736, 40.9135767954786], [-3.45078290381854, 40.9138001781384], [-3.45065825007836, 40.9141328476438], [-3.45063768690225, 40.9142742462307], [-3.45063641998753, 40.9144155694086], [-3.45067127385036, 40.9146805628214], [-3.45072891386713, 40.9149208006068], [-3.4507509139919, 40.9150414468471], [-3.45075119965614, 40.9150837847451], [-3.4507455070322, 40.9151153772657], [-3.4507246704617, 40.915170235387], [-3.45071895866424, 40.9152034759351], [-3.45072318030411, 40.9153271463501], [-3.45073471467237, 40.9154469121595], [-3.45074594775697, 40.9155164099707], [-3.45074637988401, 40.9155800296215], [-3.45073368618146, 40.9156234318302], [-3.4507066231731, 40.9156820917567], [-3.45068549148639, 40.9157191520407], [-3.45065852645671, 40.9157582875172], [-3.45061727392316, 40.9158040533962], [-3.45058296885808, 40.9158345905565], [-3.45052393057589, 40.9158843670383], [-3.45037517153208, 40.9160014933839], [-3.45029004321682, 40.9160792144436], [-3.45026307378044, 40.9161072159854], [-3.45023704980158, 40.9161406729351], [-3.45009485008537, 40.9163601427405], [-3.44998309157921, 40.9165173357495], [-3.4498783731699, 40.9166618676459], [-3.44981607981967, 40.9167367284023], [-3.44974763204039, 40.9168220114807], [-3.44945116279446, 40.9172122145559], [-3.44925358875656, 40.9175198306212], [-3.44903755186058, 40.9178866517099], [-3.44886253668704, 40.9181710933036], [-3.44880721934682, 40.918244487025], [-3.44874481067242, 40.9183246789011], [-3.44866702824694, 40.9184114873446], [-3.44844869990365, 40.9186140942406], [-3.44842155191744, 40.9186457285175], [-3.4484040914551, 40.9186694466297], [-3.44839236819889, 40.918692013031], [-3.44838288679923, 40.9187168227959], [-3.44837948560932, 40.9187404975334], [-3.44838735498219, 40.918828846486], [-3.44840363501909, 40.9189782320022], [-3.44841552414031, 40.9191530367026], [-3.44841188155341, 40.919324985823], [-3.44840907880974, 40.9194358033], [-3.44840936357568, 40.9194781954023], [-3.44841557003596, 40.919518704502], [-3.44842044698964, 40.9195348686291], [-3.44843011261872, 40.9195544134925], [-3.4484398833053, 40.9195723921482], [-3.44845412303303, 40.9195905982842], [-3.44849109050358, 40.9196228898445], [-3.44853770090262, 40.9196587168519], [-3.44859027144613, 40.9196945456634], [-3.44860706289747, 40.9197079928306], [-3.44861646477452, 40.9197196673633], [-3.44862507047654, 40.9197366368129], [-3.44863714786723, 40.9197664299041], [-3.44864665355798, 40.9197961156178], [-3.44865664190039, 40.919850244089], [-3.44865703021317, 40.9199076706497], [-3.44865522528241, 40.9200068997177], [-3.44864402418914, 40.9201051068812], [-3.44858782985025, 40.9203763727376], [-3.44853745104886, 40.9206648350684], [-3.44849201436158, 40.920970731769], [-3.44845375797252, 40.9212957431988], [-3.4484484897706, 40.9213948552357], [-3.44845284792671, 40.9214905517145], [-3.44846143124875, 40.9215524505512], [-3.44848941959523, 40.9216300384821], [-3.4488117926533, 40.9222664644804], [-3.44886232917621, 40.9223662654208], [-3.44886846197466, 40.9223923836169], [-3.44887224388201, 40.9224220877157], [-3.44887130822341, 40.9224516879878], [-3.44886557204813, 40.9224815503788], [-3.44885511750111, 40.9225266506255], [-3.44884342073443, 40.9225537031666], [-3.44882701550408, 40.9225826255065], [-3.44878839117829, 40.9226485047115], [-3.44850834975625, 40.9230577837557], [-3.44795777958403, 40.9238345177444], [-3.44789068616927, 40.9239249831051], [-3.44780938778057, 40.9240270143562], [-3.44772218741762, 40.9241246148553], [-3.44761488725018, 40.9242385492311], [-3.44749817902678, 40.9243714088455], [-3.44736621917581, 40.9245249461038], [-3.44649795485542, 40.9253857904943], [-3.44473591702029, 40.9270746645382], [-3.44332959006998, 40.9286690988283], [-3.44324112398079, 40.928761368075], [-3.4431101747652, 40.9288988011654], [-3.44289901767283, 40.9291121787149], [-3.44261329093638, 40.9293672398857], [-3.44235097094435, 40.9295495387349], [-3.44227036776503, 40.929596578523], [-3.44219570777227, 40.9296292444716], [-3.44211045435109, 40.9296619389817], [-3.44184977749658, 40.929756962375], [-3.44177165190268, 40.9297859756987], [-3.44168395454733, 40.9298268490406], [-3.44160224027138, 40.9298684356022], [-3.44146392140681, 40.9299498668446], [-3.44132199862878, 40.9300416192424], [-3.44120724744768, 40.9301257562707], [-3.44103349511597, 40.9302504771988], [-3.44097786892809, 40.9302897223823], [-3.44092112272778, 40.9303207213384], [-3.44082048545999, 40.9303695257706], [-3.44071979566922, 40.9304104480444], [-3.44044357076003, 40.9305016512059], [-3.4400551303724, 40.9306528327206], [-3.43970098340913, 40.9308152072161], [-3.43929238731471, 40.930995241664], [-3.43912680457499, 40.9311022830047], [-3.43900490895106, 40.9311863388994], [-3.43895059127508, 40.931229633269], [-3.43878140721005, 40.9313313110754], [-3.43866440897959, 40.931398502065], [-3.43823758431721, 40.9315172330062], [-3.43703313241779, 40.9334974386048], [-3.43682634796167, 40.9345943364018], [-3.43541800293178, 40.937562352206], [-3.43605794400015, 40.9376680335179], [-3.43621894938737, 40.9383269272266], [-3.43636607546459, 40.9388516161443], [-3.43643988104835, 40.9390494977588], [-3.43664367554864, 40.9395144529233], [-3.43671855009145, 40.9396710057039], [-3.43673407211739, 40.939709582918], [-3.43674013664387, 40.9397320672134], [-3.43674511811745, 40.9397592989812], [-3.43674640868117, 40.9397834219559], [-3.43673749110535, 40.9398699083849], [-3.43670045446452, 40.9400168836857], [-3.43664048752528, 40.9402754201684], [-3.43662543525681, 40.9403522938981], [-3.43661302996243, 40.9404466817487], [-3.43659909665268, 40.9406838854123], [-3.43659858092883, 40.9409585201968], [-3.43657722267552, 40.9411496922157], [-3.43649502402524, 40.9414690068999], [-3.4364450858871, 40.9416564703318], [-3.43636398149169, 40.9419657570189], [-3.43576479980728, 40.9438912512952], [-3.43603970704179, 40.9461280154894], [-3.43506426929423, 40.9472206679226], [-3.43424535604075, 40.9480552409702], [-3.4320171668343, 40.9494598949961], [-3.43097217851024, 40.953372272676], [-3.43045359365649, 40.9547654253529], [-3.43000471669369, 40.955917344161], [-3.42954690575235, 40.956429765615], [-3.42919126127769, 40.9570824420813], [-3.42840830960478, 40.9591217857326], [-3.4280054898667, 40.9598827912908], [-3.42784154852781, 40.9601429504299], [-3.42754784818943, 40.9606090916347], [-3.42684615638078, 40.9616144240167], [-3.42624787970237, 40.9624712316769], [-3.42404365121811, 40.9645361230945], [-3.42273958212377, 40.9658396704815], [-3.42158677950956, 40.9672826916437], [-3.42157834971893, 40.9672932216276], [-3.42155387515263, 40.9673243010704], [-3.41896323350871, 40.9722252254145], [-3.41835028911903, 40.9733844480526], [-3.41830345206244, 40.9734960950549], [-3.41684846103324, 40.9769528479963], [-3.41694586176623, 40.9771201037815], [-3.41700706408822, 40.9771936084729], [-3.4171137604861, 40.9773564202859], [-3.41732644610178, 40.9777143677106], [-3.41760728911731, 40.9781311078526], [-3.41790479356909, 40.9785822818652], [-3.41823570417368, 40.9790359802204], [-3.41836193723401, 40.9792571488058], [-3.41841003932256, 40.9793461572195], [-3.41845803990143, 40.9794180272585], [-3.41848086788943, 40.9794558194403], [-3.41848581390771, 40.9794898551697], [-3.41848131614875, 40.9795269915151], [-3.41846625734474, 40.9795693112484], [-3.41844493976966, 40.9796036892986], [-3.41841187997057, 40.9796379948685], [-3.4182724588656, 40.979762002596], [-3.4182193112933, 40.9798162448333], [-3.418083715665, 40.9799907082257], [-3.41776191472651, 40.9804339930126], [-3.41751818478648, 40.9807888606125], [-3.4173537133601, 40.981097425191], [-3.41727867230765, 40.9812574687332], [-3.41715186342718, 40.9815279834505], [-3.41710629510926, 40.9816247393395], [-3.41708387712868, 40.9816631054425], [-3.41706257627784, 40.9816931612952], [-3.41697765847005, 40.9817845378258], [-3.41694217888828, 40.9818133798947], [-3.41691260368313, 40.9818360074393], [-3.41688528926494, 40.9818505426706], [-3.41671451863112, 40.9819214314059], [-3.41651900210615, 40.9820176090392], [-3.41649778364571, 40.9820311838809], [-3.41647414453353, 40.982052663837], [-3.41642563211384, 40.9821062576984], [-3.41640223664851, 40.9821368127645], [-3.41637497488218, 40.9821729441642], [-3.41635380641698, 40.9822127999089], [-3.41633167664716, 40.9822581157404], [-3.41630937837473, 40.9823156237524], [-3.41628415194818, 40.9824806130379], [-3.41628322309015, 40.9825184197403], [-3.41628945560161, 40.9825652396664], [-3.4162943794054, 40.9825887399755], [-3.41630535020806, 40.982620229173], [-3.41632452516983, 40.9826567558724], [-3.41634854339574, 40.9826955171349], [-3.41639052312888, 40.9827550450557], [-3.41647346758554, 40.9828898689226], [-3.41649147872539, 40.9829185175936], [-3.41651785046594, 40.9829742976955], [-3.41653488485905, 40.983027585582], [-3.41654217414892, 40.9830570818585], [-3.41654370847142, 40.983111112074], [-3.41653812723856, 40.983167920586], [-3.41653118505802, 40.9832066851062], [-3.41651841450948, 40.9832438426542], [-3.41648436756036, 40.9833185421466], [-3.41644218979751, 40.9834096442849], [-3.41640115864021, 40.9835010008393], [-3.41636498838462, 40.9835974069519], [-3.41631609783629, 40.9837812386333], [-3.41628861837175, 40.9839534084811], [-3.41628373243493, 40.9841210154179], [-3.41630181013169, 40.9843479262942], [-3.41633018414538, 40.9845017337761], [-3.41637271389292, 40.9846485269208], [-3.41641625909216, 40.9847790183929], [-3.41648961012836, 40.984910292837], [-3.41660481906357, 40.9850854936485], [-3.41689122263737, 40.9854484397155], [-3.41694396155787, 40.985517445393], [-3.41698838082524, 40.9855913248751], [-3.4171569649597, 40.9859339044635], [-3.41728087048515, 40.9861595688397], [-3.41748960764605, 40.9866246085901], [-3.41753179334322, 40.9867162271101], [-3.41765419928986, 40.9869218468727], [-3.4177153289942, 40.9869975725847], [-3.41781464584839, 40.9870918587438], [-3.41812563364791, 40.9873925067417], [-3.4181665159305, 40.9874332699458], [-3.41829661803476, 40.9875629781313], [-3.41344374998667, 40.9897683613587], [-3.40063865037812, 40.9956802383457], [-3.40051135791643, 40.9957387197499], [-3.40001965053368, 40.9962335781264], [-3.39677703707895, 40.9991330428246], [-3.39450092708144, 41.000252537212], [-3.39445085947908, 41.0002771513885], [-3.39488426882876, 41.0010633578475], [-3.39650281191231, 41.0039995502747], [-3.39658414537812, 41.0040758372444], [-3.39674218558664, 41.004226740258], [-3.39690235380459, 41.0043990373028], [-3.39698627441843, 41.0045131362054], [-3.39706689488408, 41.0046490076868], [-3.39712461317558, 41.0047757011588], [-3.39717067809743, 41.0049143920759], [-3.39719503812518, 41.0050105832858], [-3.39723157661128, 41.0051545885868], [-3.39726833733282, 41.0053346313539], [-3.39729065148446, 41.0056939957388], [-3.39727318938672, 41.0059578640039], [-3.39727071158012, 41.0061381646881], [-3.39728113332074, 41.006290576975], [-3.39731176429095, 41.0064407957145], [-3.39735319893853, 41.0065954812994], [-3.39738566988534, 41.0066674157811], [-3.3974277029558, 41.0067402742449], [-3.39748875246251, 41.0068084910668], [-3.39752002380188, 41.006838127453], [-3.39755564012025, 41.0068596214367], [-3.39760457421958, 41.0068704905574], [-3.39766043039476, 41.0068745758338], [-3.39775213159729, 41.0068750485977], [-3.39779123587992, 41.0068831437663], [-3.39793793810994, 41.0069369016704], [-3.39798079459148, 41.0069570221562], [-3.39801663126954, 41.0069805540096], [-3.39804766806259, 41.00701018752], [-3.39808134921451, 41.0070552020962], [-3.39817353011875, 41.0071727858676], [-3.39823830259548, 41.0072624115015], [-3.39832577384283, 41.0073476871395], [-3.39841767408505, 41.0074278802906], [-3.39857065194965, 41.0075624059615], [-3.39871540966404, 41.0076863994724], [-3.39875963053597, 41.0077346953839], [-3.39879437580691, 41.0077784603131], [-3.3988734955915, 41.0078901585499], [-3.39889147896519, 41.007915296591], [-3.39892023141913, 41.0079429874134], [-3.39906724962189, 41.0080741453621], [-3.39921921184972, 41.0082223324096], [-3.39925742745911, 41.0082554499585], [-3.39927672215052, 41.0082688632289], [-3.39932671531085, 41.0083013447559], [-3.39937083706877, 41.0083271203738], [-3.39939718799995, 41.0083405114492], [-3.39941853401709, 41.0083485753195], [-3.39944484619777, 41.0083555476367], [-3.39947094532404, 41.0083610151175], [-3.39949476235715, 41.0083645495897], [-3.39951376442036, 41.0083653664365], [-3.39967311028043, 41.0083603169], [-3.39968866486297, 41.0083614586116], [-3.39970652268064, 41.0083647747622], [-3.39979333720476, 41.0083869494892], [-3.39981968349095, 41.0083959109923], [-3.39984104133962, 41.0084056745899], [-3.39986144026367, 41.0084182866352], [-3.39987935937167, 41.0084317367658], [-3.39989481539084, 41.0084460396607], [-3.39991395938785, 41.0084702684527], [-3.39994158348116, 41.008511629289], [-3.39998469902155, 41.0085610331352], [-3.40004588148002, 41.0086220200899], [-3.40008638561676, 41.008663367038], [-3.40017144888111, 41.0087381277499], [-3.40020727037141, 41.0087622129073], [-3.40026319657229, 41.0087924213764], [-3.40034070035672, 41.0088264959637], [-3.40053258241165, 41.0089005324086], [-3.40069237820203, 41.0089694051152], [-3.40073648740472, 41.0089898946536], [-3.40078896788194, 41.0090176434475], [-3.40082715706129, 41.009041846948], [-3.40087374638688, 41.0090777132589], [-3.40091083513001, 41.009113618189], [-3.40107362795599, 41.0092698536856], [-3.40116203821945, 41.0093568787101], [-3.40119678146136, 41.0093990836164], [-3.40121848902933, 41.0094416312504], [-3.40125222997226, 41.0095223305193], [-3.40129208732311, 41.0096167610198], [-3.40135468822031, 41.0097516620809], [-3.4013849686801, 41.0098075725055], [-3.4014196139575, 41.0098586619182], [-3.40146747170423, 41.0099152250444], [-3.40151413828495, 41.0099636937407], [-3.40163492755466, 41.0100785801756], [-3.40177244165838, 41.0101961188853], [-3.40189804949129, 41.0103172988548], [-3.40196042390112, 41.0103865956111], [-3.40197469375131, 41.0104053305724], [-3.40198909554195, 41.0104269000776], [-3.40201798176824, 41.0104799351361], [-3.40209857799636, 41.010615822639], [-3.40212118921124, 41.0106426069424], [-3.40219055082926, 41.0107063648482], [-3.40225871858627, 41.0107664554892], [-3.40229339984444, 41.0107934002754], [-3.40233169475178, 41.010816004462], [-3.40238537677373, 41.010843404661], [-3.40251886979426, 41.0109123842522], [-3.40263214063231, 41.0109652795699], [-3.40267990897859, 41.0109965242929], [-3.40280912510227, 41.0111014731144], [-3.40295018060655, 41.0112360801821], [-3.40300645955922, 41.0112837622096], [-3.40381614576066, 41.0118564124418], [-3.40425789769152, 41.0121458618658], [-3.40449935542559, 41.0123217938421], [-3.40569778929411, 41.013262345277], [-3.40583296114267, 41.0133761311694], [-3.40599330392766, 41.0135236385769], [-3.40609970004384, 41.0136410909124], [-3.40622311709764, 41.0137874443507], [-3.40635500779156, 41.0139615130552], [-3.40648699261942, 41.0141507825831], [-3.40664085562942, 41.0143923348448], [-3.40678824343775, 41.014599857092], [-3.40696708086103, 41.0148612981169], [-3.4071001968949, 41.0150500520851], [-3.40725426653808, 41.015327020295], [-3.40734877690368, 41.0155208378294], [-3.40749868685997, 41.0158278547557], [-3.40765138893767, 41.0159004511453], [-3.40799789629842, 41.0163411890608], [-3.41291253214172, 41.0187111014131], [-3.41514028936765, 41.0204898020801], [-3.42203387102646, 41.0259928778004], [-3.42251956674439, 41.0275405041594], [-3.42306455964706, 41.0285548740319], [-3.42607527446563, 41.0316178171447], [-3.42973910444359, 41.0402272635534], [-3.43105083569891, 41.0415414944112], [-3.43117855802372, 41.0416694099394], [-3.43579110427542, 41.042171902989], [-3.43690257809837, 41.042347623696], [-3.43893548534927, 41.0426689679125], [-3.43898914847263, 41.0428644401104], [-3.43900178698694, 41.042975867638], [-3.43900683763396, 41.0433857419552], [-3.43900561756622, 41.0437201501345], [-3.43896907156112, 41.0439669071502], [-3.43887525869937, 41.0443573434887], [-3.4387366064302, 41.0449748868385], [-3.43861970774693, 41.0454618780564], [-3.43839861653269, 41.046380422563], [-3.43833107857983, 41.0466250249656], [-3.43827856292395, 41.04678005191], [-3.43823964763526, 41.0468387602132], [-3.43806553796349, 41.0469538539978], [-3.43778610174804, 41.0471501309215], [-3.43758575538004, 41.0472736275475], [-3.43747432343737, 41.0473371130063], [-3.43739012648554, 41.0473796526712], [-3.43725858516933, 41.0474494018125], [-3.43711979702228, 41.0475312222592], [-3.43701205488374, 41.0476046127335], [-3.43688783854119, 41.0477176754602], [-3.43650688352593, 41.0480360906741], [-3.43610571488493, 41.0483816072918], [-3.43537643337078, 41.0489316083556], [-3.4352079952481, 41.0490365008811], [-3.43493552095106, 41.0492185795182], [-3.43480419046988, 41.0493318153144], [-3.43473008792367, 41.0494598641333], [-3.43468566787389, 41.0495726667666], [-3.43467206573948, 41.0496906913344], [-3.43467769368473, 41.0498203467576], [-3.43469158792723, 41.0499356168844], [-3.43471475278345, 41.0500193243099], [-3.43475238590565, 41.050142621207], [-3.43480045565484, 41.0502118078988], [-3.43489866348299, 41.050295328198], [-3.43499328579481, 41.0503777332242], [-3.43515378910721, 41.0505626849506], [-3.43520938780745, 41.0506679923403], [-3.43523386313502, 41.0507992841736], [-3.43526082966152, 41.0509117757458], [-3.4352830276761, 41.051008333881], [-3.43531560058146, 41.0510982920758], [-3.43536854006291, 41.0511752241452], [-3.43544397997828, 41.0512651339131], [-3.43549451799776, 41.0513318272963], [-3.43554271289612, 41.0514222893944], [-3.43557547357294, 41.0515303746779], [-3.43560010807298, 41.0516590895824], [-3.43559268660285, 41.0517824253946], [-3.43555783137348, 41.0519103598565], [-3.43549673983154, 41.0520459413785], [-3.4354180547814, 41.0521991479258], [-3.43532984440273, 41.0523565602778], [-3.4352727296441, 41.052544014924], [-3.43525570387452, 41.0526675008333], [-3.43526037100088, 41.0528179258532], [-3.43528594992831, 41.0529186075845], [-3.43542471410074, 41.0532091582433], [-3.43555030456932, 41.0534755491884], [-3.43559752294215, 41.0535868461935], [-3.43561574013795, 41.0536425150695], [-3.43561477756158, 41.0537110625723], [-3.43556889700676, 41.0537896236256], [-3.43549809718595, 41.0538826697006], [-3.43533175524649, 41.0540994955717], [-3.43528688159567, 41.0541318850864], [-3.43522632087989, 41.0541701643393], [-3.43502224657017, 41.0542663170858], [-3.43491076787341, 41.0543190838761], [-3.43481243961412, 41.0543690132104], [-3.43473884020949, 41.054417914259], [-3.43459084905463, 41.0545355851862], [-3.43450112442574, 41.0546413173218], [-3.43441860518377, 41.054756931252], [-3.43434813432139, 41.0549039320456], [-3.43431338987116, 41.0550493188756], [-3.43429090441125, 41.0552492712006], [-3.43428817070281, 41.0553188893371], [-3.43428072983858, 41.0555116709279], [-3.43426292303387, 41.0556879592968], [-3.43422224646147, 41.0558361834701], [-3.4341836687875, 41.0559586024397], [-3.43413905575555, 41.0560533375677], [-3.43405193771665, 41.0561780074176], [-3.43400584866589, 41.0562384227686], [-3.43396795633833, 41.0562755652275], [-3.43393966687827, 41.0562972247392], [-3.43383411634414, 41.0563625722678], [-3.43376078820333, 41.0564104995958], [-3.43360534328903, 41.0565057412571], [-3.43355679383953, 41.0565428606227], [-3.43351909927697, 41.0565865042654], [-3.43349183845794, 41.0566205871436], [-3.4334753777287, 41.0566530826208], [-3.43346862149943, 41.0567080441876], [-3.43345835465407, 41.0567702570925], [-3.4334478317888, 41.0568081173653], [-3.43342434892898, 41.0568550430203], [-3.43339372176767, 41.0569011164958], [-3.4333641653982, 41.0569318506434], [-3.43333001840241, 41.0569588001088], [-3.43329784188247, 41.0569789238791], [-3.43325036412307, 41.0570016439021], [-3.43320653549975, 41.0570133130441], [-3.43312443761673, 41.0570271338007], [-3.43295689109027, 41.05705422472], [-3.43276723129862, 41.0570843669107], [-3.43271917989793, 41.057100158112], [-3.4326420638656, 41.057136480103], [-3.43258503768767, 41.0571725664225], [-3.43254621024221, 41.0572077788137], [-3.43251908529141, 41.0572681223808], [-3.43249916593304, 41.0573278227997], [-3.43247771484355, 41.0573679298984], [-3.43245213553463, 41.0574154048953], [-3.43238149741057, 41.057526473505], [-3.43231082425222, 41.0576393301943], [-3.43224584820943, 41.0577107097879], [-3.43218204119273, 41.0577631440719], [-3.43195483198002, 41.0578799753879], [-3.43192453161207, 41.0578956940499], [-3.43176443835371, 41.0579836831664], [-3.43169694279452, 41.0580256345454], [-3.43165439254598, 41.0580590113469], [-3.43159981399306, 41.0581094917242], [-3.43157164102213, 41.0581437723303], [-3.43153614553047, 41.0581754336467], [-3.43145426289896, 41.0582224698208], [-3.43134982722253, 41.0582788940631], [-3.43130493855797, 41.0583069168284], [-3.43128941551969, 41.0583214435561], [-3.43127651615794, 41.058339677606], [-3.43126822965202, 41.0583611318257], [-3.43126848746851, 41.058400793654], [-3.43127474782772, 41.0584494014263], [-3.43128590041198, 41.0585106101841], [-3.43130546931212, 41.0585925204901], [-3.43132850930255, 41.0586573015297], [-3.43134915772557, 41.0586997302028], [-3.43138256632308, 41.058739988588], [-3.43144735821127, 41.0588153525841], [-3.43150249590508, 41.0588764702349], [-3.43151820665897, 41.0589017798301], [-3.43153383093883, 41.0589421220805], [-3.43155344426019, 41.0590013001068], [-3.43155836662415, 41.0590491822087], [-3.43155404039507, 41.0590925049979], [-3.43153885252124, 41.0591555736101], [-3.43152361080582, 41.0591988730486], [-3.43150366061592, 41.0592368234219], [-3.43145057148502, 41.0593081395873], [-3.43136778083838, 41.0593870919647], [-3.43114672396642, 41.0595928537221], [-3.43112306946044, 41.0596154624932], [-3.43109218231421, 41.0596526944796], [-3.43107924477748, 41.0596716325948], [-3.43106982324679, 41.0596923866874], [-3.43106532818199, 41.0597147677041], [-3.43106413691106, 41.0597320571959], [-3.43106670486235, 41.0597547360425], [-3.43107655070984, 41.0597817235425], [-3.43108969955837, 41.0598019426034], [-3.4311111780892, 41.0598291603287], [-3.43112920009043, 41.0598497890615], [-3.43116280473444, 41.0598911871999], [-3.43118080672957, 41.0599142031264], [-3.43118570027318, 41.0599231929264], [-3.43118808375901, 41.0599351928275], [-3.43119075927708, 41.0599575174153], [-3.43118364518318, 41.0599910328837], [-3.43115687467783, 41.0600651785027], [-3.43104864546398, 41.0602726201016], [-3.43103236201374, 41.0603049221869], [-3.43095117094454, 41.06045836369], [-3.43091153365376, 41.0605964485761], [-3.43088855479616, 41.0607226480174], [-3.43086067616422, 41.0610098857039], [-3.43082765900578, 41.0612400071494], [-3.43081418998083, 41.0613523675927], [-3.43080489389983, 41.0614049493019], [-3.43079226396386, 41.0614689919489], [-3.43078562748836, 41.0615348885417], [-3.43078939796117, 41.0615932549764], [-3.43080282328309, 41.0616373358067], [-3.43084397420796, 41.0617434825689], [-3.43087181848583, 41.0618053725278], [-3.43094168306309, 41.0619404103583], [-3.43105757876211, 41.0621734471902], [-3.43109854597968, 41.062275775724], [-3.43110345347609, 41.0622956247646], [-3.43110361247788, 41.062319960405], [-3.43109797285453, 41.0623677240431], [-3.43109467582538, 41.0623866879314], [-3.43108883547401, 41.0624035999777], [-3.43107455736836, 41.0624245624426], [-3.43104859080107, 41.0624487910479], [-3.43101061798135, 41.062476123761], [-3.43097264952067, 41.0624952416216], [-3.43084100525038, 41.0625548495659], [-3.43062496134841, 41.0626487233295], [-3.43054425083508, 41.0626753160526], [-3.43040879614833, 41.0627107782181], [-3.43029365107411, 41.0627443758454], [-3.43023433879828, 41.0627744366473], [-3.43011090849933, 41.0628390801489], [-3.43007881979165, 41.0628615478233], [-3.43005519769294, 41.0628877601077], [-3.43003056229461, 41.0629409859139], [-3.430009701961, 41.063003855762], [-3.42998234499923, 41.063029293136], [-3.42994319933659, 41.0630530334002], [-3.42990899839851, 41.0630746073112], [-3.42983778423748, 41.0631047123085], [-3.42969396535425, 41.0631584531481], [-3.42940305583098, 41.0632676033835], [-3.42915834037455, 41.0633369909808], [-3.42901344937564, 41.063369019157], [-3.42884807267536, 41.0633893399375], [-3.42864954372952, 41.0634019017097], [-3.42856149350579, 41.0634168673647], [-3.42848431299988, 41.063444741687], [-3.42843210596224, 41.0634809682121], [-3.42839065809904, 41.0635110025204], [-3.42834330877564, 41.063552800137], [-3.4283116011162, 41.0635957064868], [-3.42825487662651, 41.0636809312882], [-3.42816920990676, 41.0638721240672], [-3.42802721051487, 41.0641825513199], [-3.42797458451058, 41.0643259261212], [-3.42793944600992, 41.0644107497208], [-3.42788422728412, 41.0645099276469], [-3.4278558516214, 41.0645505694674], [-3.42782149361983, 41.064579642754], [-3.42778844176515, 41.0645941712233], [-3.42775392180895, 41.0646049964862], [-3.42767076319448, 41.0646289514051], [-3.42755786121968, 41.0646547056416], [-3.42738656279122, 41.0646801133533], [-3.42731283696325, 41.0646986487507], [-3.42725945188255, 41.0647285333058], [-3.42722535338613, 41.0647702291461], [-3.42719700999676, 41.0648159377412], [-3.42715107194017, 41.0649010009851], [-3.42709583324302, 41.0649869037112], [-3.42706496842017, 41.065020240068], [-3.4270449045483, 41.065046437946], [-3.42699996812283, 41.0650934457721], [-3.42694430850784, 41.065133277606], [-3.4268968756642, 41.0651604812242], [-3.42684713775347, 41.0651798103443], [-3.42674830237961, 41.0651953775673], [-3.42660930566822, 41.0652122194028], [-3.42644148101913, 41.0652306396187], [-3.426379672436, 41.0652470640385], [-3.42632748391126, 41.0652733796756], [-3.42627180554157, 41.0653041123634], [-3.42622442729916, 41.0653397570113], [-3.42617461580273, 41.0653820353625], [-3.42614645486476, 41.0654183032648], [-3.42604629942925, 41.0655751893641], [-3.42600631824464, 41.0656620401506], [-3.42597714848069, 41.0657527920023], [-3.42595886283719, 41.0658587047849], [-3.4259630661466, 41.0659773593568], [-3.42599128484707, 41.0660989886335], [-3.42604450548041, 41.0662192752305], [-3.42616367252595, 41.0664531463983], [-3.42620831192117, 41.0665305749783], [-3.4262144410678, 41.0665581396159], [-3.42621572047222, 41.0665834701654], [-3.42621486276078, 41.0666234467817], [-3.42620915529555, 41.0666611893099], [-3.42620225203102, 41.0666865501229], [-3.42618566379, 41.0667096947293], [-3.4261418587359, 41.066760399247], [-3.42606159330016, 41.066849779066], [-3.42603686588222, 41.0668797098177], [-3.42601669287409, 41.066913078975], [-3.42600278046437, 41.0669580936938], [-3.42599465360694, 41.0670032632753], [-3.42599758517223, 41.0670752181922], [-3.42600758755038, 41.0671680514544], [-3.42600807443727, 41.0672437085349], [-3.42600033971826, 41.0673291238041], [-3.42598414870798, 41.0674005557587], [-3.4259843678969, 41.0674347770199], [-3.42598933500278, 41.0674682270112], [-3.42600380474473, 41.0675040904611], [-3.42601348098022, 41.0675210603289], [-3.42603386956066, 41.0675472238899], [-3.42605183856127, 41.0675669528169], [-3.42607458659923, 41.0675867007017], [-3.4261261013316, 41.0676236740577], [-3.4261739756255, 41.0676645964647], [-3.42619543785272, 41.0676835341973], [-3.42622539127753, 41.0677131105925], [-3.42623620699355, 41.0677311313949], [-3.42624593805917, 41.0677493442336], [-3.42625433409768, 41.0677706920777], [-3.42626157272223, 41.067794095124], [-3.42626184491178, 41.0678364325715], [-3.42626087652788, 41.0678670410554], [-3.42626467495804, 41.0678860854168], [-3.42628518044791, 41.0679462455375], [-3.42631416717891, 41.068004696623], [-3.42635257475546, 41.0680630890249], [-3.42639335737105, 41.0681089162515], [-3.42648920401859, 41.0682022434538], [-3.42658386832714, 41.0682975877333], [-3.42664622324205, 41.0683736976409], [-3.42674108353945, 41.0685003667647], [-3.4268334923344, 41.0686243157652], [-3.42688777483207, 41.0687331088169], [-3.42693944413059, 41.068807726536], [-3.42700170276966, 41.0688678244317], [-3.42702701878523, 41.0688955478537], [-3.42704372236539, 41.0689199170864], [-3.42705222733908, 41.0689399319112], [-3.42705720842817, 41.0689624336922], [-3.42705606611571, 41.0689892201577], [-3.42705153403873, 41.0690052431781], [-3.42703974447911, 41.0690227400548], [-3.42702899792061, 41.069028972945], [-3.4270087581379, 41.0690362542873], [-3.42695523830989, 41.0690409517386], [-3.42685298038616, 41.0690611644557], [-3.42680070292821, 41.069073955794], [-3.42677455207197, 41.0690785740037], [-3.42673660968462, 41.0690824156399], [-3.42665924346274, 41.0690827021148], [-3.42661628868184, 41.0690845257301], [-3.42657941373775, 41.0690901022561], [-3.42655818140384, 41.0690999664336], [-3.42647865420392, 41.0691526075366], [-3.42643369985937, 41.0691769959673], [-3.42637556138031, 41.0692171845229], [-3.42631526747261, 41.0692692041489], [-3.42628565296081, 41.0692912709383], [-3.42624764524206, 41.0693246261068], [-3.42621219233108, 41.069361671867], [-3.42617088689597, 41.0694203998517], [-3.42615098384414, 41.0694612338376], [-3.42613102146032, 41.0695133432226], [-3.42612904696333, 41.0695745965409], [-3.4261318919278, 41.0696484398852], [-3.42614915934421, 41.0697411547008], [-3.42621787417525, 41.070057973863], [-3.42625918410191, 41.070192979333], [-3.42628229865246, 41.0702694544297], [-3.42629463375132, 41.0703361767386], [-3.42629618121687, 41.0703882882681], [-3.42629157645271, 41.0704153698405], [-3.42628458576317, 41.0704387854904], [-3.42625625649237, 41.0704767279681], [-3.42621482259822, 41.0705120264738], [-3.42617101535506, 41.0705455038596], [-3.42612595855538, 41.0705744680963], [-3.42607616314254, 41.0706025857699], [-3.42587448115518, 41.0707087511408], [-3.42572403466794, 41.0707976989702], [-3.42556625741938, 41.0709035638507], [-3.42549042833964, 41.0709605923635], [-3.42546679635946, 41.0709849789762], [-3.42540070289592, 41.0710725138775], [-3.42537711127689, 41.07110581831], [-3.42536537895932, 41.0711323228918], [-3.42535156361265, 41.0711819183997], [-3.42533434789044, 41.0712810709677], [-3.42532019938993, 41.071324253935], [-3.42525816171758, 41.0714648920392], [-3.42520732365748, 41.071541648427], [-3.42515325383344, 41.0716364328998], [-3.42514631339032, 41.0716561637082], [-3.42513612474208, 41.0717490972495], [-3.42513647290992, 41.0718031445179], [-3.42514155149456, 41.0718408471667], [-3.4251533427158, 41.0718536204442], [-3.42517483850221, 41.0718634280524], [-3.4251999104818, 41.0718696463544], [-3.4252380800003, 41.0718697672947], [-3.42528195900659, 41.0718648637746], [-3.42532727630785, 41.0718576149854], [-3.42545079826255, 41.0718336198805], [-3.42563505171048, 41.0717959863246], [-3.42577532813366, 41.0717666724988], [-3.42594179673559, 41.0717390171931], [-3.42602390711259, 41.0717294913369], [-3.42608577152283, 41.0717276553261], [-3.42613933536825, 41.0717283819926], [-3.42621815072915, 41.0717405961679], [-3.42625023451889, 41.0717551156439], [-3.42627298639085, 41.0717646025801], [-3.42632909908214, 41.0718042471527], [-3.42634478252458, 41.071822889567], [-3.42635913605029, 41.0718500914114], [-3.42635932649314, 41.0718798264353], [-3.42635360871635, 41.0719122811892], [-3.42634305441008, 41.0719573743284], [-3.42631267338718, 41.0720214256984], [-3.4262797384183, 41.072061281625], [-3.42624166066566, 41.0720892484727], [-3.42619085469492, 41.0721218520069], [-3.42613134395551, 41.0721526935984], [-3.42605187898547, 41.0721881307124], [-3.42600435181873, 41.0722081183009], [-3.42586075309744, 41.0722705799091], [-3.42569951587531, 41.0723595675648], [-3.42562960178061, 41.072420067432], [-3.4255812583145, 41.0724799245877], [-3.42555777883342, 41.0725306818115], [-3.42553059560925, 41.0725818777728], [-3.42549769180874, 41.0726153545494], [-3.42545375192321, 41.0726641437011], [-3.42538294222094, 41.072752664992], [-3.42536168897964, 41.0727843080078], [-3.42535346130996, 41.0728014585499], [-3.42529866041236, 41.0729583967392], [-3.42528101967703, 41.0729916791785], [-3.42525740555191, 41.0730216056255], [-3.4252017268753, 41.073084851225], [-3.42519466611718, 41.0730974934705], [-3.42515354393841, 41.0731778083777], [-3.42514442781241, 41.0732111923954], [-3.42514463092462, 41.0732427199606], [-3.42517132581045, 41.0733445254842], [-3.42520664518971, 41.0734569962821], [-3.42525376268646, 41.0735837149069], [-3.42533803543987, 41.0737311202694], [-3.42543762177396, 41.0738560027582], [-3.42550949957312, 41.0739259934086], [-3.4255465802314, 41.0739519798361], [-3.42558838063821, 41.0739770445765], [-3.42567443956514, 41.0740081406459], [-3.42577578906893, 41.0740342274718], [-3.42584618429395, 41.0740480424836], [-3.42594607181804, 41.0740613105764], [-3.4260878439362, 41.0740814899216], [-3.42617722990021, 41.0740992042365], [-3.42624166085958, 41.0741135779643], [-3.42630020013907, 41.0741347556241], [-3.42635622281384, 41.0741678943969], [-3.4263719043157, 41.074178404764], [-3.42638737009966, 41.0741966139218], [-3.42639220959513, 41.0742121099612], [-3.42639604946193, 41.0742306749344], [-3.42638800341195, 41.0742947961506], [-3.42637985228441, 41.0743146226879], [-3.42636101940301, 41.0743360865802], [-3.42629930735407, 41.0743843026055], [-3.42622816976672, 41.0744296148167], [-3.42607389399814, 41.0745049357766], [-3.42596949224986, 41.0745368385131], [-3.42583877921439, 41.0745722279746], [-3.42573891529855, 41.0746035622778], [-3.42566062274706, 41.0746342538078], [-3.42561322299236, 41.0746676462127], [-3.42557996342401, 41.0747004093283], [-3.42554569898412, 41.0747365994674], [-3.42552570161816, 41.0747670584044], [-3.42553078429806, 41.0748053240066], [-3.42555116702925, 41.0748509638602], [-3.4255859998903, 41.0748878818945], [-3.42563738194032, 41.0749326120553], [-3.42570450049553, 41.0749775250475], [-3.42575453123653, 41.0750051464585], [-3.42577246354122, 41.0750178103417], [-3.42578931191513, 41.0750346382502], [-3.4258024476966, 41.0750526058859], [-3.42581223560421, 41.0750705858913], [-3.42581584305129, 41.0750958898571], [-3.42581719411749, 41.0751274538678], [-3.42581621405553, 41.0751535759364], [-3.42581155000256, 41.0751787980047], [-3.42579987819207, 41.0752103877089], [-3.42578226133103, 41.0752455793855], [-3.42573397778284, 41.0753267984281], [-3.42568943807964, 41.0754105318605], [-3.42566481828573, 41.0754982204924], [-3.42565474039169, 41.0755677385399], [-3.42563614765514, 41.0756685877277], [-3.4256237913284, 41.075774933281], [-3.42560523597429, 41.0758516761008], [-3.42558997694445, 41.0758849747436], [-3.42557110334034, 41.0759147302897], [-3.42553333668667, 41.0759510305789], [-3.42550854756566, 41.0759719533167], [-3.42549188053746, 41.0759832749677], [-3.42535892845676, 41.0760596492226], [-3.42533881398922, 41.076071668897], [-3.42532584505829, 41.0760795988415], [-3.42531628453191, 41.0760886584329], [-3.42530566914021, 41.0761021824712], [-3.42530709842392, 41.0761145743657], [-3.42531424974794, 41.0761274970934], [-3.42532251345009, 41.0761363606039], [-3.4253322142699, 41.0761443209457], [-3.42535960129492, 41.0761641359528], [-3.42538116672736, 41.0761784835714], [-3.42540990456284, 41.0761930156196], [-3.42546469645606, 41.0762097034863], [-3.42558396272365, 41.0762426058547], [-3.42565184840967, 41.0762558589885], [-3.42575194498682, 41.076269917289], [-3.4259187037446, 41.0762854823162], [-3.42606413625268, 41.0762896874136], [-3.4261639168677, 41.0762863910942], [-3.42632704117729, 41.0762740768935], [-3.42636623184273, 41.0762730255545], [-3.42640553181414, 41.0762737864712], [-3.42651867607402, 41.0762823758182], [-3.42657006942069, 41.0762911936637], [-3.42658840767036, 41.0762956908321], [-3.42662483984418, 41.0763045030257], [-3.42665815466566, 41.0763179050991], [-3.42668455542475, 41.0763346842095], [-3.42670959551789, 41.0763526076566], [-3.42672877751834, 41.0763743955588], [-3.4267675671442, 41.0764582379639], [-3.42680249506718, 41.076547079862], [-3.42684522163706, 41.0767153552865], [-3.42686534358706, 41.0768514164813], [-3.42687942337592, 41.0770151988474], [-3.4268982590858, 41.0771665774731], [-3.42693597942689, 41.0773043739998], [-3.42696874537851, 41.0774049532885], [-3.42702769192915, 41.0774984332018], [-3.42710455200002, 41.0775998900346], [-3.42755851002379, 41.0782207116348], [-3.42757906992796, 41.0782630393121], [-3.42759843474829, 41.078317826065], [-3.42760779868812, 41.0784481613819], [-3.42759283483725, 41.0785501208296], [-3.42758475789808, 41.0786007480353], [-3.427564853028, 41.0786476642349], [-3.42752479714949, 41.0787162731236], [-3.42747899016133, 41.0787785602761], [-3.42743875499903, 41.0788271279674], [-3.42732377395185, 41.0789224230402], [-3.42722781508883, 41.0789985007712], [-3.42719015451047, 41.0790425547884], [-3.42715706369709, 41.0791029189988], [-3.42712773281078, 41.0791690680537], [-3.42708325722105, 41.0792890349306], [-3.42707403515492, 41.0793222357065], [-3.42707057660249, 41.0793485259986], [-3.42707552452307, 41.0793791128714], [-3.4270841294852, 41.0794241311424], [-3.42710234282758, 41.0794726935808], [-3.42712180847767, 41.0795185473781], [-3.42719284809245, 41.0796624765134], [-3.42731959678578, 41.079933107268], [-3.42760953073867, 41.0804824721383], [-3.42768364932943, 41.0806227681098], [-3.42770527767324, 41.0806640906263], [-3.42771991784573, 41.0807082102297], [-3.42773218379103, 41.08076390218], [-3.42773733029314, 41.0808117384886], [-3.42773083384473, 41.0809360058426], [-3.42770084808055, 41.0810874663156], [-3.42769795640366, 41.0811004665793], [-3.42768019409688, 41.0811801557298], [-3.42765558466833, 41.0812668804261], [-3.42761591528589, 41.0813650598648], [-3.42757339241311, 41.0814437561685], [-3.42752866177414, 41.0815066978347], [-3.42747066273116, 41.0815699695479], [-3.42731196020755, 41.0817059344731], [-3.4271568054151, 41.081821107576], [-3.42709160240767, 41.081863574625], [-3.42693853952708, 41.0819487331365], [-3.42688882603081, 41.0819758009743], [-3.42669194676341, 41.0820795600573], [-3.42619871041527, 41.0822388304981], [-3.4260336348518, 41.0822818625973], [-3.42588375658509, 41.0823237826631], [-3.42581975404717, 41.0823457097108], [-3.42574858630829, 41.0823865090256], [-3.42570935841717, 41.0824187452284], [-3.4256846359626, 41.0824503648267], [-3.42566225449392, 41.082494841827], [-3.42565297938862, 41.0825317914634], [-3.42564968406048, 41.0825687249321], [-3.42565229307574, 41.0826101819892], [-3.42566214114826, 41.0826542556293], [-3.42570185133331, 41.0827334198239], [-3.42577055376823, 41.0828503437269], [-3.42580657759048, 41.0828980660091], [-3.42585224883583, 41.0829418115929], [-3.4259035518607, 41.0829857741711], [-3.42596215673866, 41.0830236040293], [-3.42608870003063, 41.0830859881498], [-3.42616151836588, 41.0831181536614], [-3.42624024851403, 41.0831412939421], [-3.42632725484087, 41.0831544590147], [-3.42636817971958, 41.0831583494934], [-3.42586466066688, 41.0834236976933], [-3.42601665424655, 41.0834989857843], [-3.42660516843693, 41.0837903167584], [-3.42792558377087, 41.0836232480686], [-3.42833053385707, 41.0836488477974], [-3.42897475694219, 41.083853556821], [-3.42905484277569, 41.0839236696566], [-3.42907344102289, 41.0839821174306], [-3.42909282505562, 41.0840451017552], [-3.42912420222495, 41.0841215535206], [-3.42915322271029, 41.0841788719002], [-3.42918194899853, 41.0842203884651], [-3.42921439971832, 41.0842608426933], [-3.42932119279631, 41.0843775497802], [-3.42933727841816, 41.0843910019538], [-3.42935458453486, 41.0844053015401], [-3.42940003752975, 41.0844301784093], [-3.42942873953705, 41.0844385165132], [-3.42946079953744, 41.0844436516949], [-3.42949056251944, 41.0844462531047], [-3.4295096166849, 41.0844443937941], [-3.42953930959833, 41.0844361812742], [-3.42957371866695, 41.0844180323396], [-3.42960220696121, 41.0843956445665], [-3.42962702379762, 41.0843736681809], [-3.42965775426516, 41.084344737108], [-3.4296791070489, 41.084321041241], [-3.42970273049572, 41.0842922399181], [-3.42974742769008, 41.0842164802431], [-3.42980973573652, 41.0840937706202], [-3.42987671681903, 41.0839592697008], [-3.4299237993197, 41.083877148589], [-3.42997342805252, 41.083812113278], [-3.4300147510975, 41.083759036646], [-3.43008216242282, 41.0837008928533], [-3.4301532892304, 41.083651981444], [-3.4302233488394, 41.0836202102695], [-3.43032105721418, 41.0836053189083], [-3.4304089407771, 41.0836033008915], [-3.43050081977086, 41.0836153445243], [-3.43057949548517, 41.0836420747756], [-3.43064410743726, 41.0836801176257], [-3.43070285511761, 41.0837316944682], [-3.43080479239019, 41.0838738734385], [-3.43092161204331, 41.0840726203218], [-3.43096249145364, 41.0841225748358], [-3.43102105371003, 41.0841748128401], [-3.43106060653197, 41.0842125401972], [-3.43110483149174, 41.084242079364], [-3.43118837481317, 41.0842732970475], [-3.43125754239508, 41.0842910824197], [-3.4313409851052, 41.0843069678467], [-3.43140653517147, 41.0843157274788], [-3.43152930332349, 41.0843214461002], [-3.43164347130185, 41.0843136994222], [-3.43174095010397, 41.0842982440996], [-3.43189318636456, 41.0842677233544], [-3.43204288644739, 41.0842277688561], [-3.43285377806209, 41.083865511692], [-3.4329760123471, 41.0838189318677], [-3.43325183157981, 41.08374691077], [-3.43352517969999, 41.0836743810904], [-3.43373802995612, 41.0836240356798], [-3.43399107448216, 41.0835692099256], [-3.43410884627855, 41.0835505746804], [-3.43419810483883, 41.083545734336], [-3.43431949136351, 41.0835445483359], [-3.43441615392586, 41.0835505425254], [-3.43450181819809, 41.08356485765], [-3.43461994222318, 41.0835931253949], [-3.43467713223767, 41.0836116726355], [-3.43473223994085, 41.0836405571534], [-3.43484330798884, 41.0837200596751], [-3.43511969983883, 41.083926199314], [-3.435197432857, 41.0839745363361], [-3.43523918385643, 41.0839950985864], [-3.4352965012985, 41.0840156399157], [-3.43536204014963, 41.0840234535993], [-3.435414514985, 41.0840270171255], [-3.43545848956676, 41.0840258024667], [-3.43550130686645, 41.0840220418413], [-3.4355739923841, 41.0840072722381], [-3.43565345951336, 41.0839844516358], [-3.4357306609002, 41.0839565725064], [-3.43588138496148, 41.08388551285], [-3.43600246308451, 41.0838192972864], [-3.43611993311988, 41.0837484771779], [-3.43632733071607, 41.083605251884], [-3.43649538498194, 41.0834762503709], [-3.43652384530201, 41.083447992331], [-3.43669181177314, 41.0832951300505], [-3.43686322290576, 41.0831107006949], [-3.43706275669668, 41.0828586393407], [-3.43717018262824, 41.0827140956234], [-3.43733055346604, 41.0824873637365], [-3.43737653642879, 41.0824205348665], [-3.43739432756301, 41.0824015592902], [-3.4374699785534, 41.0823302181407], [-3.43756841872051, 41.0822515867243], [-3.43761472785929, 41.0822221346202], [-3.43766330272963, 41.0821977409332], [-3.43767861560434, 41.0821905964759], [-3.43770003995932, 41.0821835262753], [-3.43772017616096, 41.0821778192007], [-3.43774537113297, 41.0821749090043], [-3.43779409536356, 41.0821730348793], [-3.43785231384768, 41.0821763776097], [-3.4379668463508, 41.0821920835663], [-3.43810860409654, 41.0822223046921], [-3.43816581330543, 41.0822347081881], [-3.43822426434287, 41.082243464295], [-3.438300578424, 41.0822504930991], [-3.43837202624573, 41.0822530363291], [-3.43842312673539, 41.0822508541264], [-3.43846833624802, 41.0822459138331], [-3.43854679420731, 41.0822296304606], [-3.43860390512375, 41.082212180612], [-3.4386632758665, 41.0821888714192], [-3.4386975692412, 41.0821741187334], [-3.43872854282452, 41.082157094677], [-3.43878777866884, 41.0821135177676], [-3.43881626363284, 41.0820892000952], [-3.43921620977389, 41.0817460832946], [-3.43930487439074, 41.0816493727573], [-3.43935453610942, 41.0815770667696], [-3.43943521544689, 41.0813803924627], [-3.43944914245404, 41.0813143458298], [-3.43945235530251, 41.0812740451441], [-3.43945943604721, 41.0812399899539], [-3.4394674142432, 41.0812089942683], [-3.43948395640512, 41.0811790919286], [-3.4395076231981, 41.0811576074821], [-3.43955502425554, 41.0811247724017], [-3.43958694359331, 41.0811059879156], [-3.43961916991966, 41.0810924364236], [-3.43970100088831, 41.08106953991], [-3.43977114224401, 41.0810539597644], [-3.43982236837854, 41.0810471836322], [-3.43988300760394, 41.0810469521591], [-3.43994853940076, 41.0810551470448], [-3.44000589053117, 41.0810639361363], [-3.44005701850675, 41.081076303787], [-3.4401072489422, 41.0810888842614], [-3.44015498018631, 41.0811055920865], [-3.44039266233459, 41.0812461581965], [-3.44043212801997, 41.0812703216035], [-3.44047288862979, 41.081301991932], [-3.44050289090738, 41.0813379095402], [-3.44052100356368, 41.0813761246139], [-3.44052963655078, 41.0814365995945], [-3.44053002731795, 41.0814951698558], [-3.44052271779681, 41.0816328481821], [-3.4405240589112, 41.0816609367245], [-3.44053035766003, 41.081718395679], [-3.44053644913582, 41.0817392035618], [-3.44054372572769, 41.0817617573964], [-3.44055946214795, 41.0817869709704], [-3.44058091328553, 41.0818021479174], [-3.44060130930733, 41.0818138351878], [-3.44062149198355, 41.0818218068857], [-3.44064062340413, 41.0818280438823], [-3.44065164537005, 41.081830532844], [-3.44071573131167, 41.0818449258711], [-3.44111741771593, 41.081917214383], [-3.44130222003448, 41.0819552531586], [-3.44142616239084, 41.081975477479], [-3.44150722847248, 41.0819832100525], [-3.44163226655376, 41.0819883609356], [-3.44171448784909, 41.0819886087832], [-3.44176666700267, 41.081984105383], [-3.44181897590166, 41.0819748843191], [-3.44189751740358, 41.081961986474], [-3.44204376043689, 41.081936151503], [-3.44219019681373, 41.0819147196349], [-3.44229132710297, 41.0819053234277], [-3.44235065368405, 41.0819034870497], [-3.44241039004509, 41.0819071183738], [-3.44250088640571, 41.0819208459987], [-3.44262836875243, 41.081948379678], [-3.44273453883925, 41.0819785841205], [-3.44282889912559, 41.082013607658], [-3.44296139518977, 41.082076717908], [-3.44317047447808, 41.0821868258718], [-3.44333299648154, 41.0822816549726], [-3.44342516498052, 41.0823299752073], [-3.44347749318992, 41.0823486756086], [-3.44354559082801, 41.0823683590295], [-3.44365881199451, 41.0823865023025], [-3.443787426336, 41.0824051574998], [-3.44388632892427, 41.0824165913248], [-3.4439780209915, 41.0824233394919], [-3.44416739483655, 41.0824343101672], [-3.44423653929795, 41.0824349468538], [-3.44428525592871, 41.0824319440043], [-3.44433400896557, 41.0824255672122], [-3.4443744211448, 41.0824135840298], [-3.44441122185918, 41.0823991291106], [-3.44444450293218, 41.0823789704632], [-3.4444740982, 41.0823540841085], [-3.44450252425808, 41.0823213201931], [-3.44455309369031, 41.0822490990303], [-3.44460485192205, 41.0821542932986], [-3.44473147329839, 41.0818463869402], [-3.44480650124543, 41.0816923032476], [-3.44487841883714, 41.0815693844472], [-3.44497495839075, 41.0814310755542], [-3.44501161447259, 41.0813897348162], [-3.44507541462068, 41.0813165235568], [-3.4451677633107, 41.081224271151], [-3.44523289317224, 41.0811727860916], [-3.44531338372934, 41.0811219343773], [-3.44539890828494, 41.0810758707111], [-3.44548662293355, 41.0810402085512], [-3.44559489357603, 41.0810098044537], [-3.44571491127076, 41.0809879461001], [-3.44592315066857, 41.0809736283113], [-3.44602069472618, 41.0809706087332], [-3.44614933825712, 41.0809727527662], [-3.44646874395155, 41.0810030438887], [-3.446581715079, 41.0810143644152], [-3.44663775119932, 41.0810187160579], [-3.44671149468807, 41.0810174446938], [-3.44677462379426, 41.0810136814075], [-3.44685789509323, 41.0810043504363], [-3.44691624489964, 41.0809956790708], [-3.44698391688281, 41.0809830896587], [-3.44706234160375, 41.0809629564459], [-3.44723822544818, 41.0809118402813], [-3.44751032983941, 41.0808244719789], [-3.44782040322629, 41.0807405056558], [-3.44820426292495, 41.0806495619783], [-3.44826615114959, 41.080639683638], [-3.44832678863813, 41.0806328549771], [-3.44835315723043, 41.0806325890759], [-3.44839001369962, 41.0806363866947], [-3.44841982098162, 41.0806430267576], [-3.44845076728187, 41.0806530404078], [-3.44848060136698, 41.0806636213831], [-3.44850228552758, 41.0806793011146], [-3.44852486356502, 41.0806978912535], [-3.44855364199344, 41.0807274848167], [-3.44856937806802, 41.0807527935607], [-3.44857778242007, 41.0807778278358], [-3.44858270875278, 41.0807983450412], [-3.44858659736465, 41.0808231021068], [-3.4485822911087, 41.0810652108587], [-3.44857596602658, 41.0812147359359], [-3.44856817831074, 41.0812876526156], [-3.44857242677581, 41.0813653307096], [-3.44858482527374, 41.0814379100334], [-3.44859696348263, 41.0814722060575], [-3.4486221913834, 41.0815165852006], [-3.44868230072751, 41.0816024908571], [-3.44872542029058, 41.0816518673484], [-3.44878531925283, 41.0817068085182], [-3.44885940875324, 41.0817550294776], [-3.44894557993916, 41.0818035840164], [-3.44913065556057, 41.0818839354385], [-3.44922242873932, 41.0819202668572], [-3.44926194923929, 41.0819335310158], [-3.44930716143018, 41.0819460618841], [-3.44938941566917, 41.0819655731965], [-3.44942404444854, 41.0819717462215], [-3.44946331108444, 41.0819760828272], [-3.44953360335712, 41.0819794034396], [-3.44957047380962, 41.0819801658803], [-3.44959672521085, 41.0819800806574], [-3.44962424351691, 41.0819782842697], [-3.44964431365635, 41.0819753909309], [-3.44966103173606, 41.0819719476652], [-3.44969893469188, 41.0819616783828], [-3.44972525381169, 41.0819514288674], [-3.44975008733146, 41.0819378198333], [-3.44978083100681, 41.0819179946747], [-3.44985081726919, 41.0818698660854], [-3.44992534427946, 41.0818175640214], [-3.4500000670305, 41.0817701945215], [-3.45005122190233, 41.0817429705179], [-3.45009732045243, 41.0817232160814], [-3.45015080524611, 41.0817076760412], [-3.45021499975463, 41.0816966131555], [-3.45028525451669, 41.0816919488067], [-3.4503604146711, 41.0816933440873], [-3.45046168947001, 41.0817053343177], [-3.45054736240703, 41.0817207634913], [-3.45065699872218, 41.0817399282224], [-3.45075002374151, 41.0817610702282], [-3.45078583420193, 41.0817727613613], [-3.45090515481739, 41.0818145117149], [-3.4509648325237, 41.0818367983519], [-3.45103764814573, 41.081869063411], [-3.45107718119262, 41.0818904070341], [-3.45111192956078, 41.0819122281769], [-3.451151210469, 41.0819397761459], [-3.45134389370756, 41.082084969572], [-3.45146352055733, 41.0821718774622], [-3.45151501754922, 41.0822096047833], [-3.45156657290617, 41.0822409310047], [-3.45168116647119, 41.0822962193085], [-3.45174199179345, 41.0823230050774], [-3.45181360593423, 41.0823497485111], [-3.45191738986303, 41.082382706267], [-3.45209511255886, 41.082433372358], [-3.45227285734014, 41.0824813789022], [-3.45251140659496, 41.0825463138593], [-3.45278220607189, 41.0826306708606], [-3.45285381617308, 41.082654708492], [-3.45294930888443, 41.0826921509789], [-3.45301501435926, 41.08272432684], [-3.45307838062109, 41.0827592057292], [-3.45314303590115, 41.0828039396882], [-3.45320044280356, 41.0828560250029], [-3.45331095445856, 41.0829851296259], [-3.45359065748827, 41.0833400284994], [-3.45368200177963, 41.0834648974727], [-3.45372875819182, 41.0835106327103], [-3.45379100625497, 41.0835434293957], [-3.45382431468357, 41.0835571005458], [-3.4538601637516, 41.0835686932931], [-3.45394355346109, 41.0835863549454], [-3.4540224146934, 41.0835971292417], [-3.45410443813523, 41.0836055556561], [-3.45421523267954, 41.0836115704476], [-3.4543318709039, 41.0836154725565], [-3.45444377314053, 41.0836132265947], [-3.45449026275312, 41.083615755587], [-3.45454642784515, 41.0836226505238], [-3.45463695228154, 41.0836397465217], [-3.4547107704093, 41.0836572283379], [-3.45476219621683, 41.0836741585607], [-3.45479091656837, 41.0836847422891], [-3.45482418001897, 41.0837045119819], [-3.45484099813586, 41.0837177618637], [-3.45489007863157, 41.0837636930019], [-3.45495372588165, 41.0838254136547], [-3.45496920403845, 41.0838390770705], [-3.45499314414076, 41.0838560845679], [-3.4550158688225, 41.0838704222409], [-3.4550434258594, 41.0838847379076], [-3.45512922363494, 41.0839122963534], [-3.45524494101658, 41.0839479099459], [-3.45530590971369, 41.0839664626584], [-3.45535852993567, 41.0839899009023], [-3.4554468149188, 41.0840453172242], [-3.45553536005974, 41.0841070661825], [-3.45561799804457, 41.0841735406243], [-3.45567786613356, 41.0842228482566], [-3.45571269503238, 41.0842559277656], [-3.45574019930072, 41.0842873678522], [-3.45577161052665, 41.0843288852929], [-3.45579194172949, 41.0843637111337], [-3.45581122998854, 41.0844050672642], [-3.45582584557822, 41.0844518337445], [-3.4558444002804, 41.0845544620456], [-3.45585260036116, 41.0846888876007], [-3.45586254984239, 41.0847643027742], [-3.45586666444365, 41.0848397170784], [-3.45586224890679, 41.0848940156744], [-3.45584614570699, 41.0849778539758], [-3.4558298835054, 41.085037358176], [-3.45580919059396, 41.0850831622402], [-3.45578427297745, 41.0851384352116], [-3.45567673332588, 41.0852712983605], [-3.45561303757093, 41.085340667894], [-3.4555940101663, 41.0853643669265], [-3.45558363184214, 41.0853925805414], [-3.45558383014788, 41.0854212929671], [-3.45559225230216, 41.0854556029178], [-3.4556081386776, 41.0854932613786], [-3.45563567492751, 41.0855371948511], [-3.45576297877968, 41.0856961055192], [-3.4560011985183, 41.0860519282531], [-3.45609292459366, 41.0862353323811], [-3.4561994532235, 41.086478993889], [-3.45625094373789, 41.0866077179317], [-3.45627933821223, 41.0866785439984], [-3.45632295618844, 41.0867901891274], [-3.456363982459, 41.0868668151162], [-3.45640981297744, 41.0869302530371], [-3.45646603894859, 41.0869877988671], [-3.45654508350705, 41.0870568723221], [-3.45660849117908, 41.0870910480296], [-3.4567088346189, 41.0871283716137], [-3.45680424010292, 41.0871510765843], [-3.45691260902452, 41.0871652850125], [-3.45708050636585, 41.0871781653988], [-3.45723902475343, 41.0871820063104], [-3.45746745388387, 41.0871794106147], [-3.45768760849611, 41.0871631459611], [-3.45810071682467, 41.0871273503466], [-3.45823989599011, 41.0871313009593], [-3.45831028445084, 41.0871411550798], [-3.45838183604164, 41.0871577605772], [-3.45845454295921, 41.0871799914723], [-3.45851424761927, 41.0872050890815], [-3.45857886730595, 41.0872414271766], [-3.4586529097717, 41.0872951808489], [-3.45870207774312, 41.0873438008002], [-3.45874064781337, 41.0873922312476], [-3.45877539733828, 41.0874417121991], [-3.4588055672571, 41.0874992263014], [-3.45884543269279, 41.0875828432639], [-3.45888555352372, 41.0876844162612], [-3.45892766255026, 41.0877473049847], [-3.45897566188674, 41.0878011621679], [-3.45904029793916, 41.0878694437782], [-3.45907754710091, 41.0878992819543], [-3.45912405775456, 41.0879294734682], [-3.45919222339814, 41.0879641334488], [-3.45927100057548, 41.0880000280203], [-3.45931180924222, 41.0880129280656], [-3.45934145428083, 41.0880220910362], [-3.45941535804501, 41.0880426984331], [-3.45947861090993, 41.0880558874144], [-3.45954173573414, 41.0880665506015], [-3.45971210392269, 41.088083863036], [-3.4598706787713, 41.0880959855895], [-3.46006233995539, 41.0881025395445], [-3.46024698706104, 41.0881170032506], [-3.46043872694104, 41.088134816341], [-3.46049608294163, 41.0881430321884], [-3.46056630653648, 41.0881579320385], [-3.46068692305992, 41.0881918136697], [-3.46078239435433, 41.0882235231357], [-3.46090406859173, 41.0882754904602], [-3.46101535417427, 41.0883363180574], [-3.46112047094705, 41.0884007420714], [-3.4611742647612, 41.0884392666061], [-3.46119704524441, 41.0884600147958], [-3.46121880584937, 41.0884858258674], [-3.46126563510371, 41.0885623086734], [-3.46130674470605, 41.0886522445867], [-3.46133951130054, 41.0887206782087], [-3.46135510371273, 41.0887547390417], [-3.46138167846556, 41.0887914478395], [-3.46140683901632, 41.0888245643081], [-3.46147993180799, 41.0888947630147], [-3.46152777949208, 41.0889333026671], [-3.4615913454371, 41.0889780883338], [-3.46164976190569, 41.0890129707638], [-3.46177054682399, 41.0890646358808], [-3.46183019136794, 41.0890807239416], [-3.46191114111068, 41.0891002391611], [-3.46197329264774, 41.0891128045015], [-3.46205187706307, 41.0891237494761], [-3.46214354874938, 41.0891317449909], [-3.46222831834911, 41.0891348648835], [-3.46242448966797, 41.0891225066495], [-3.46266849815028, 41.0891179501055], [-3.46283401094476, 41.0891163651322], [-3.46302924090716, 41.0891110834675], [-3.46315313163237, 41.0891114460987], [-3.4632759206848, 41.0891120784793], [-3.46333658294839, 41.0891140865761], [-3.46345319900887, 41.0891228715793], [-3.46355221380389, 41.0891424954745], [-3.46374299569826, 41.0891822640545], [-3.46387054730671, 41.0892139956228], [-3.46426054217802, 41.0892865876077], [-3.46435705763657, 41.0893075928253], [-3.46444768972394, 41.0893332941982], [-3.46452528709648, 41.089359124907], [-3.46457185490969, 41.0893759764301], [-3.46461254885688, 41.0893955174757], [-3.46465067214721, 41.0894180435568], [-3.4646831945135, 41.0894413988895], [-3.46472734026829, 41.0894755640675], [-3.46476332441519, 41.0895131401707], [-3.46482842592491, 41.0896170332281], [-3.46487670127339, 41.0897091710584], [-3.46512951777568, 41.0901033792845], [-3.46522196563361, 41.0902300881903], [-3.4653000831307, 41.0903288585106], [-3.46538402710077, 41.0904203945508], [-3.46546903108285, 41.0904858029891], [-3.46549660308807, 41.0905027553762], [-3.46554789418163, 41.0905278644871], [-3.46558847826954, 41.0905430151775], [-3.46565067021241, 41.0905589962031], [-3.46590811407156, 41.0906063738106], [-3.46602135932614, 41.0906250579635], [-3.46644544140617, 41.0906638475293], [-3.46652529085517, 41.090672546735], [-3.46661116819007, 41.0906857273562], [-3.46676376751196, 41.090720251862], [-3.46692953003806, 41.0907600600449], [-3.46700828893228, 41.0907805152319], [-3.46707989364359, 41.0908063494339], [-3.46714805757369, 41.0908395038618], [-3.46721732061068, 41.0908769313632], [-3.46727136440552, 41.090912757326], [-3.46742806944027, 41.0910258484186], [-3.4676900850801, 41.0912200324454], [-3.46789706949798, 41.0913615223432], [-3.46805234059988, 41.0914320549302], [-3.46835788188251, 41.0915344428181], [-3.46845813746151, 41.0915628358762], [-3.46853084620228, 41.0915787737072], [-3.46871080660148, 41.091598745921], [-3.4687884873044, 41.0916120381096], [-3.46891235980514, 41.0916447882825], [-3.46905318714289, 41.0916847143022], [-3.46915350849196, 41.0917169600604], [-3.46921431750285, 41.0917392325813], [-3.46926918931952, 41.091763781264], [-3.46933275922114, 41.0918079996079], [-3.46941284628422, 41.0918715555987], [-3.46951110850155, 41.0919585311114], [-3.46962855334348, 41.0920625484413], [-3.46977333571614, 41.0921628555465], [-3.46991675624283, 41.0922433550019], [-3.47006608049758, 41.0923058226955], [-3.47049940885813, 41.0924546364309], [-3.47069139597023, 41.092500531087], [-3.47123286205987, 41.0926188510702], [-3.47141073220181, 41.0926721717937], [-3.4718452248212, 41.0928122701357], [-3.47198359454469, 41.0928573066749], [-3.47220063661445, 41.0929222788122], [-3.47233072721317, 41.092956661765], [-3.47306320747657, 41.0931394478178], [-3.47319933002834, 41.093182240106], [-3.47335419471182, 41.0932229256043], [-3.47342112162261, 41.0932370663385], [-3.47349132882813, 41.093248470441], [-3.47356754728672, 41.0932535987695], [-3.47363304704736, 41.0932533313518], [-3.47369377046562, 41.0932503714769], [-3.47374614583996, 41.093245616856], [-3.47386625418671, 41.0932298155079], [-3.47399716926631, 41.0932175995872], [-3.47409483316581, 41.0932151541268], [-3.47414482714621, 41.0932178595581], [-3.47419729145373, 41.0932230901171], [-3.47425682370594, 41.093230944079], [-3.47432498517744, 41.0932423570636], [-3.47442021198475, 41.093264495874], [-3.47448941460098, 41.0932849313249], [-3.47458024325937, 41.0933305128174], [-3.47465689290927, 41.0933923681412], [-3.47470013331549, 41.0934444372991], [-3.47471818226617, 41.0934713746485], [-3.47473394892178, 41.0935047212518], [-3.47474248888114, 41.0935424479277], [-3.47475016027222, 41.0935857269045], [-3.47475053059955, 41.0936631055123], [-3.47473461595894, 41.0937524398677], [-3.47466151294478, 41.0940354864737], [-3.47462354503946, 41.0941920398412], [-3.47439219802263, 41.0945054987837], [-3.47431807353693, 41.0946050175238], [-3.47425643743035, 41.0947091559071], [-3.4742291847235, 41.0948225380044], [-3.47423624319888, 41.0949244124929], [-3.47429603416591, 41.0950114318455], [-3.47439337471228, 41.0950937925466], [-3.47449919994936, 41.0951432695261], [-3.47461249274826, 41.095189726681], [-3.47473144728106, 41.0952247058122], [-3.47489071808953, 41.0952639796834], [-3.47504379261141, 41.0952966088473], [-3.47518123077792, 41.0953146212173], [-3.47532491352798, 41.0953213476037], [-3.47547153655809, 41.0953229946512], [-3.47562742914897, 41.0953128844802], [-3.47578028108783, 41.0952857454671], [-3.47585757393152, 41.0952701145332], [-3.47594548935342, 41.0952463225237], [-3.47601446928897, 41.0952233533886], [-3.47609871948302, 41.0951898509931], [-3.47615799958368, 41.095157451988], [-3.47627540553215, 41.0950809613426], [-3.47637611566628, 41.0950112956418], [-3.4764945926397, 41.0949286073113], [-3.47658341558877, 41.0948618056016], [-3.47666149642569, 41.0948018042984], [-3.47675298882611, 41.0947439994611], [-3.47685831422603, 41.0946831478987], [-3.47701137906559, 41.0946041685745], [-3.47710993961265, 41.0945522269364], [-3.47721413511343, 41.0944898344914], [-3.47751523512532, 41.0942949187419], [-3.47772373679769, 41.0941562291314], [-3.47794070265932, 41.0940184350699], [-3.47802010089141, 41.0939703523692], [-3.47814014873803, 41.0939157040415], [-3.47827300593544, 41.0938667343791], [-3.47841796293411, 41.093821839464], [-3.47853083535124, 41.0937934385811], [-3.47911091541521, 41.0936532531147], [-3.47925728928952, 41.0936211162027], [-3.47941045489767, 41.0935871234107], [-3.4795805616765, 41.0935584841211], [-3.48130310757206, 41.0933170119738], [-3.48165279627221, 41.0932850863595], [-3.48183857937589, 41.0932691707118], [-3.48210506747504, 41.0932588489589], [-3.48233973460804, 41.0932608808362], [-3.48236094765394, 41.0932613550354], [-3.48342560351912, 41.0929443425792], [-3.48448781404281, 41.093255246558], [-3.48523485811204, 41.09377652979], [-3.4852702023269, 41.0937680984109], [-3.48532963396777, 41.0937588092694], [-3.48539270827714, 41.0937531752599], [-3.48545466777724, 41.0937556090817], [-3.48563946560421, 41.0937890732755], [-3.48596028722984, 41.0938615746826], [-3.48621549860205, 41.0939127674303], [-3.48636824422962, 41.0939409439742], [-3.48649087894904, 41.0939539290325], [-3.4866861897598, 41.0939540312595], [-3.48695172715438, 41.0939446725484], [-3.48718607706258, 41.0939338837416], [-3.48736477622712, 41.0939394412346], [-3.48747265670622, 41.0939427334855], [-3.48759937306018, 41.093946568013], [-3.48765913275407, 41.0939501257588], [-3.48786060007018, 41.0939717930143], [-3.48788304216229, 41.0939741713241], [-3.48805582053079, 41.0939977958985], [-3.48821566880931, 41.0940333453884], [-3.48835782720083, 41.0940856652192], [-3.48848672979614, 41.094142773123], [-3.48860164927069, 41.0941989211228], [-3.48867936553346, 41.0942419427583], [-3.48875230312124, 41.0942928666517], [-3.48879650124548, 41.0943297698257], [-3.48883737818416, 41.094373741375], [-3.48888908611022, 41.0944500874669], [-3.48893158172981, 41.0945336342637], [-3.48894011490995, 41.0945804670409], [-3.4889405820339, 41.0946435438367], [-3.48893279228198, 41.0946968999511], [-3.48893877192858, 41.0947255343735], [-3.48896051744669, 41.0947677441262], [-3.48896433568803, 41.0947857205413], [-3.4889656732275, 41.0948155540148], [-3.48896490343708, 41.0948622865157], [-3.48894901910396, 41.0949783325027], [-3.48894188009947, 41.0950071238003], [-3.48893394707721, 41.0950390323137], [-3.48892831733533, 41.095085879911], [-3.48893001126499, 41.0951247938906], [-3.48893360392075, 41.095154336918], [-3.48893395067046, 41.0952011783401], [-3.48892119665971, 41.0952408098686], [-3.48889414272695, 41.0952887208209], [-3.48874555329413, 41.0954865981347], [-3.48865350652024, 41.0956032139461], [-3.48855193311273, 41.0957117132172], [-3.48845143409032, 41.0958076461942], [-3.4883792766778, 41.095876486254], [-3.48833087751995, 41.0959234206176], [-3.48830244669557, 41.0959533802551], [-3.48829064373932, 41.0959677776647], [-3.48828125364963, 41.0959813429699], [-3.48826606306727, 41.0960149017392], [-3.48825921824963, 41.0960453328917], [-3.4882547269316, 41.0960920811489], [-3.48824807802993, 41.0961489725971], [-3.48823782897988, 41.096222206378], [-3.48821162882522, 41.0963905856131], [-3.48820725402979, 41.0964455803079], [-3.48820893276608, 41.0964908810995], [-3.48821249390286, 41.0965077102577], [-3.4882294001965, 41.0965346673371], [-3.48825579988607, 41.0965660484236], [-3.48831099568623, 41.0966053011366], [-3.48836345488803, 41.0966331865001], [-3.48844355587736, 41.0966672325533], [-3.48862026346482, 41.0967401764554], [-3.48870029038389, 41.0967641063686], [-3.48879568303715, 41.0967817178086], [-3.48889697517121, 41.0967919851029], [-3.48916144991449, 41.0968171784892], [-3.48939749513723, 41.0968450344794], [-3.48950365827585, 41.0968597845711], [-3.48960388447946, 41.0968768118035], [-3.48968846971563, 41.0968922164166], [-3.48978018253273, 41.0969127442882], [-3.48993762845595, 41.0969562077358], [-3.48996065132868, 41.0969642496494], [-3.49004514242239, 41.0969944923459], [-3.49012636809041, 41.0970292566995], [-3.49028061024811, 41.0971058912669], [-3.49033555248241, 41.0971364991953], [-3.4903751847602, 41.0971634780614], [-3.4904062707162, 41.0971903698787], [-3.49043742682551, 41.0972225172771], [-3.49048545561596, 41.0972801132293], [-3.49050956374424, 41.0973194207786], [-3.49053862659632, 41.0973744712998], [-3.49055806338166, 41.097435511465], [-3.49056438033471, 41.0974778054507], [-3.49056368142934, 41.0975410133816], [-3.49053198079737, 41.097771624557], [-3.49047917860859, 41.0981871370116], [-3.49046571657044, 41.0983069681382], [-3.49042807572694, 41.0983708933467], [-3.49039381900835, 41.0984117674523], [-3.49036427521531, 41.0984398217691], [-3.49031237412455, 41.0984749782237], [-3.49026352466461, 41.0985015172598], [-3.49018303740216, 41.0985470298536], [-3.49011417435874, 41.0985940058924], [-3.49007759116171, 41.098629113767], [-3.4900410487366, 41.0986692423659], [-3.48996891857391, 41.0987576899751], [-3.48995011952995, 41.0987911225119], [-3.48993845400768, 41.0988262805763], [-3.48992362387762, 41.0988921276887], [-3.48992614524149, 41.0989309641341], [-3.48993606713829, 41.0989641390864], [-3.48995762046258, 41.0990036546736], [-3.48997937116922, 41.0990326412325], [-3.49004645324542, 41.0990959752097], [-3.49014115598582, 41.0991704516991], [-3.49025597434021, 41.0992476575307], [-3.49043175396448, 41.0993493486567], [-3.4906663509158, 41.0994863126477], [-3.49077362401553, 41.0995394295797], [-3.49082216088867, 41.0996512610228], [-3.49080467191093, 41.1004709775359], [-3.49064063562426, 41.1008591606112], [-3.48946732896366, 41.1016207611819], [-3.48953146814521, 41.1029609225634], [-3.48952499900829, 41.1029753605174], [-3.48952054639417, 41.1029936230845], [-3.48951626464596, 41.1030184133652], [-3.48950670930909, 41.103074544895], [-3.48948659330346, 41.1032324801882], [-3.48948084803957, 41.1032606546961], [-3.48947546680184, 41.1032755795247], [-3.48947025237579, 41.1032871608036], [-3.48945491873803, 41.1033197610177], [-3.4894398076085, 41.1033469683483], [-3.48942150769765, 41.1033727760624], [-3.48939607100207, 41.1034091907126], [-3.48932411774446, 41.1035041160485], [-3.48911189611359, 41.1037925694083], [-3.48908835030533, 41.1038292644885], [-3.48906723820073, 41.1038753940607], [-3.48905436803768, 41.1039087827017], [-3.48904404639507, 41.1039583620202], [-3.48903607693836, 41.1040068319856], [-3.48903282643715, 41.1040466841209], [-3.48903897181203, 41.1040763978092], [-3.48905252574009, 41.1041171105437], [-3.48908401963737, 41.1041986121355], [-3.48913733633011, 41.1043121121809], [-3.48922084741937, 41.1045143362283], [-3.48934578769804, 41.104819054717], [-3.4896308232437, 41.1055142644659], [-3.48969945363308, 41.105622102976], [-3.48977035137027, 41.1057010555147], [-3.48983993708615, 41.1057594198937], [-3.48990579230739, 41.1058069950372], [-3.48996563033794, 41.1058461507056], [-3.49002651794624, 41.1058762938508], [-3.4900970775165, 41.10590583282], [-3.49017817752611, 41.1059326694771], [-3.49027478953828, 41.1059592666515], [-3.4903786343314, 41.1059823290354], [-3.49063987733932, 41.1060296349798], [-3.49082475699443, 41.106067694642], [-3.49102042106838, 41.1061045820432], [-3.49130668356793, 41.1061630398765], [-3.49166205872984, 41.1062506591306], [-3.49183287918093, 41.106305486263], [-3.49198112656915, 41.1063718505206], [-3.49211147273197, 41.1064332240337], [-3.49222964576741, 41.1064977417092], [-3.49241163802598, 41.1066087240728], [-3.49258990882389, 41.1067448585553], [-3.49269194486374, 41.1068470899096], [-3.49277957099962, 41.1069376329334], [-3.49284812685736, 41.1070311169114], [-3.49290723330809, 41.1071299134121], [-3.49296062191444, 41.1072594583285], [-3.49298999445231, 41.1073550429151], [-3.49300151153276, 41.1074518299007], [-3.4929754029049, 41.1076433621394], [-3.49294080327615, 41.1077943945863], [-3.49292825738388, 41.1078586304353], [-3.49292992545266, 41.1079323764956], [-3.4929411646593, 41.1079920065679], [-3.49296300880577, 41.108060238144], [-3.49299574658137, 41.1081240783757], [-3.49310328913925, 41.108320668668], [-3.49326723537261, 41.1085941485795], [-3.49342985992708, 41.1088400468345], [-3.49344905575411, 41.1088686776934], [-3.49358851921285, 41.1090475589574], [-3.49388107104375, 41.1094523480186], [-3.49394750670665, 41.1095764865054], [-3.4939730164887, 41.1096529453154], [-3.49399885969644, 41.1097738797926], [-3.49401152901347, 41.1098751657041], [-3.49401357415752, 41.1099870614697], [-3.49400353817915, 41.1100798831738], [-3.49397459625733, 41.1101890536373], [-3.49394427272661, 41.1102765571902], [-3.49391372209823, 41.1103327420789], [-3.49387613499444, 41.1103830103197], [-3.49379554046164, 41.1104545920825], [-3.49359045687892, 41.1105861026784], [-3.49336192558389, 41.110752853223], [-3.49324967896097, 41.1108732530906], [-3.49303475814584, 41.1111262453865], [-3.4930147149352, 41.1111560892053], [-3.49300083759303, 41.1111929768478], [-3.49299529532306, 41.1112481746791], [-3.49300018468549, 41.1112876728464], [-3.49300764332388, 41.1113066739629], [-3.4930219481699, 41.1113281074837], [-3.49305443664046, 41.1113730233234], [-3.49309291764081, 41.1114115902482], [-3.49311798905934, 41.1114294989798], [-3.49318155179288, 41.1114680739869], [-3.49352955610168, 41.1116664491794], [-3.49366214734993, 41.1117278112484], [-3.49371959537008, 41.1117450181138], [-3.49377326246272, 41.111754359139], [-3.49382431529684, 41.1117579698212], [-3.49387452773336, 41.1117578661], [-3.49393030985248, 41.1117514339543], [-3.4939708279444, 41.1117445042262], [-3.49403625322169, 41.1117335266748], [-3.49409324574006, 41.1117216762132], [-3.49414214587639, 41.111708863502], [-3.49430364311578, 41.1116541226201], [-3.49439388761116, 41.1116240372117], [-3.49456393964177, 41.1115719333884], [-3.49466501450709, 41.1115501054216], [-3.49476482804311, 41.1115395818152], [-3.49487084721292, 41.1115409340986], [-3.49497583883357, 41.1115549634801], [-3.49508214108784, 41.1115849087925], [-3.49515978062804, 41.1116144141964], [-3.49525894367017, 41.1116779531639], [-3.49532488719857, 41.1117344524806], [-3.4953766070628, 41.1117902644563], [-3.49540558312852, 41.1118323649458], [-3.49542840096707, 41.1118763232295], [-3.49544066386902, 41.1119240136341], [-3.49544460891967, 41.1119735104018], [-3.49543709790019, 41.1120636228729], [-3.49542559406637, 41.112117720444], [-3.49541261038099, 41.1121520652409], [-3.4953819886096, 41.1121990197508], [-3.49534424094086, 41.1122379894712], [-3.49526143669108, 41.1123137875943], [-3.49520815814693, 41.1123562416902], [-3.49511338416916, 41.1124242091397], [-3.49497816444833, 41.1125088208071], [-3.49480029263219, 41.1126131514424], [-3.4946306871133, 41.1127138840089], [-3.4945098177692, 41.1127916260158], [-3.49437361407702, 41.1128941137322], [-3.49430149602931, 41.1129557902792], [-3.49423653826491, 41.1130292590851], [-3.49419415354076, 41.1130851779988], [-3.49415887428099, 41.1131455704279], [-3.4941293705909, 41.1132078486671], [-3.49411334153178, 41.1132780709453], [-3.49410536131828, 41.1133403750392], [-3.49409768587496, 41.1134239553363], [-3.49409499386161, 41.1135458254791], [-3.49411868782552, 41.1136871468158], [-3.49415526183401, 41.1137986996916], [-3.49422042091314, 41.113907609701], [-3.49430943525742, 41.1140141979904], [-3.49439574442882, 41.1141066489406], [-3.49449535334863, 41.1141873674319], [-3.49456717987871, 41.1142354771968], [-3.49466997132874, 41.1142930249831], [-3.49475855999676, 41.1143427516583], [-3.49483498826342, 41.1143849256351], [-3.49490702295493, 41.1144350091432], [-3.49496693947686, 41.114483169817], [-3.49497752305124, 41.114492409152], [-3.49502807843698, 41.1145454002276], [-3.49508250935688, 41.1146560775017], [-3.49518043388156, 41.1148583369484], [-3.49527710697741, 41.1150425856588], [-3.49532773216308, 41.1151313698301], [-3.49534494657886, 41.1152015459466], [-3.49535020889356, 41.1152601526743], [-3.49534951124956, 41.1153158927487], [-3.49533571459269, 41.1154015864837], [-3.49532338970697, 41.1154979948993], [-3.4953075038995, 41.1156079969099], [-3.49529655523281, 41.1157323511123], [-3.49529847493258, 41.1158350307095], [-3.49532046209747, 41.1159016096992], [-3.49536873935748, 41.1159896768343], [-3.49540968637694, 41.1160419049323], [-3.49545887824463, 41.1160991194617], [-3.49553325232702, 41.1161673504038], [-3.49563747485639, 41.1162379754313], [-3.49580837306088, 41.1163201596706], [-3.49596614315234, 41.1163851931804], [-3.49606764451781, 41.1164190992191], [-3.49619405843992, 41.1164446241906], [-3.49627750653993, 41.1164568818113], [-3.49635980995257, 41.1164640068928], [-3.49650172631451, 41.1164769073961], [-3.49659823228051, 41.116490003471], [-3.49663638529255, 41.1165004135366], [-3.49666877646295, 41.1165155974035], [-3.49671067696025, 41.1165435667927], [-3.49673688494918, 41.1165637218191], [-3.49676353308276, 41.1165928829514], [-3.49680073916403, 41.1166400145695], [-3.49682493465208, 41.1166894542851], [-3.49683589033737, 41.1167409734591], [-3.49684097031032, 41.1167805777314], [-3.49683542141678, 41.1168346586396], [-3.49681334352205, 41.1169122001796], [-3.49677980357623, 41.1170229452461], [-3.49673439234579, 41.1171712101986], [-3.49672786341649, 41.1172433024194], [-3.49672939177333, 41.1172979068829], [-3.49673693731556, 41.1173593516515], [-3.49676623286215, 41.1174446911742], [-3.49677834771829, 41.117471662961], [-3.49679158273263, 41.1174987326368], [-3.49680741210999, 41.1175250226816], [-3.49682170514853, 41.1175446660638], [-3.49684456781196, 41.1175653984883], [-3.49686962836449, 41.1175803664145], [-3.49690189135794, 41.1175955372584], [-3.49693055929358, 41.1176053048789], [-3.49696292764096, 41.1176133060363], [-3.49706182112289, 41.1176299949644], [-3.49716912218866, 41.1176484825761], [-3.49731942201379, 41.1176775180912], [-3.49743872008013, 41.1177040340346], [-3.49753902865972, 41.1177324374362], [-3.49760235745926, 41.1177518591413], [-3.49763336613757, 41.11776534801], [-3.49765968767373, 41.1177814899534], [-3.49770642072976, 41.1178190910834], [-3.49775806597455, 41.1178654756049], [-3.49780007838568, 41.1179080821184], [-3.49783838593994, 41.117941001404], [-3.49787315972458, 41.1179714972211], [-3.49792593299786, 41.1180116933339], [-3.49796897493112, 41.118041352905], [-3.49801327624765, 41.1180699964074], [-3.49806114657084, 41.1181004001265], [-3.49811147609247, 41.118132499371], [-3.49814969530503, 41.1181576884206], [-3.49820481413423, 41.1182006762645], [-3.49822885664449, 41.1182249208247], [-3.49824823262854, 41.1182501381041], [-3.49826629535498, 41.1182759580055], [-3.49827582865238, 41.1182949731729], [-3.49828448156921, 41.1183181043821], [-3.49829416596226, 41.1183579331247], [-3.49829927557962, 41.118402040855], [-3.49830570033053, 41.118464200789], [-3.4983003032523, 41.1185380940945], [-3.49828773989871, 41.1186012794973], [-3.49827508657184, 41.1186508782586], [-3.49825282338712, 41.1187095265858], [-3.49821310827924, 41.1188213003518], [-3.49820628914805, 41.1188566709284], [-3.49820904250427, 41.1189131912256], [-3.49821896681307, 41.1189579561708], [-3.49823004248663, 41.1189950662972], [-3.49824560932622, 41.1190256616795], [-3.49826485213791, 41.1190507836684], [-3.49829485047852, 41.1190822006908], [-3.49832134621172, 41.1191072714774], [-3.49835016985533, 41.1191285408126], [-3.498387191133, 41.1191509006785], [-3.49842418688156, 41.1191698826408], [-3.49868000514532, 41.1192796866718], [-3.49881037886314, 41.1193404893056], [-3.49894300327338, 41.1194035340448], [-3.49913804423848, 41.1195316396364], [-3.49935029281025, 41.1197052265837], [-3.49950009588259, 41.1198244962428], [-3.49973037447223, 41.120041677462], [-3.49975809427317, 41.1200739124699], [-3.49977971713413, 41.1201080789418], [-3.49980529442454, 41.1201620987468], [-3.49981977259086, 41.1202059499526], [-3.49983457275695, 41.1202772213526], [-3.49984581157947, 41.1203402281274], [-3.49984609185387, 41.12037714159], [-3.49984189582316, 41.120448333279], [-3.49983961760496, 41.1204665329525], [-3.49983268174274, 41.1204845790508], [-3.49981729006923, 41.120507902121], [-3.49979957708846, 41.1205268863156], [-3.49977952773478, 41.1205439246714], [-3.49975581971174, 41.1205592285221], [-3.49962284433607, 41.120628544679], [-3.49944952338516, 41.1207112796544], [-3.49941171712312, 41.1207369397505], [-3.49938087682609, 41.1207701106293], [-3.49935970912649, 41.120800221209], [-3.4993480491777, 41.1208334887582], [-3.49934030365123, 41.1208920743473], [-3.49934515711544, 41.1209243106716], [-3.49936205083269, 41.1209575776305], [-3.49938984398314, 41.1209943256426], [-3.49941869867539, 41.1210195355684], [-3.49945919554584, 41.121041833459], [-3.49948559467428, 41.1210541515649], [-3.49951776660065, 41.1210667807591], [-3.49975165915456, 41.121125233129], [-3.49994511586711, 41.1211732033922], [-3.4999988470528, 41.1211898602138], [-3.5000250209871, 41.1211997642914], [-3.50004664373938, 41.1212093577694], [-3.50009681793785, 41.1212417560433], [-3.500121994122, 41.1212605546048], [-3.50014249363871, 41.1212821317143], [-3.50026501040683, 41.1214283744481], [-3.50037322326259, 41.1215621354703], [-3.50046233089515, 41.1216832878357], [-3.50051180366652, 41.1217660368964], [-3.50053719544634, 41.1218172322547], [-3.50055309435991, 41.1218703725392], [-3.50056559659115, 41.1219480122252], [-3.50056730787298, 41.1220171030771], [-3.50056283965275, 41.1220585414339], [-3.50053767751885, 41.1221930385444], [-3.50050930485013, 41.1223783888171], [-3.50047331563246, 41.1226392141629], [-3.50044144247375, 41.1228538556098], [-3.50041657595818, 41.1230392873641], [-3.50040600907552, 41.123215886202], [-3.5004301647735, 41.1234157784792], [-3.50049685480185, 41.1235685783147], [-3.50056801844035, 41.1236835729775], [-3.50068708242108, 41.1238262151565], [-3.50080710808707, 41.1239444864255], [-3.5009379040184, 41.1240593327363], [-3.50108040759697, 41.1241723075201], [-3.50119075106892, 41.1242648539558], [-3.50131688457798, 41.1244028031034], [-3.50136024897764, 41.1244674695028], [-3.5013942394369, 41.1245392754147], [-3.50141637841155, 41.1246465093547], [-3.50143901237859, 41.1247969344404], [-3.50144331080206, 41.1249031220951], [-3.50145722997964, 41.1249894010594], [-3.50148769263181, 41.1250787854167], [-3.50150057252657, 41.1251080053353], [-3.50151420982264, 41.1251389109544], [-3.50155063522402, 41.1252269428234], [-3.50158824768495, 41.1253159590036], [-3.50161045080696, 41.1254087318135], [-3.5016135711928, 41.1255113280818], [-3.50161320288356, 41.1256203098043], [-3.50160350646838, 41.1257536752261], [-3.50157239428381, 41.1260332641407], [-3.5015753496741, 41.1261258302423], [-3.50158922415367, 41.1262239531438], [-3.50159826029915, 41.1263011393438], [-3.5016132711555, 41.1264121353645], [-3.50166838925862, 41.1266127357557], [-3.50172412415989, 41.126734115569], [-3.5017941191655, 41.1268435810023], [-3.50199396639314, 41.127124809513], [-3.50214084363703, 41.127336753302], [-3.50230248559095, 41.1275927810436], [-3.50243843684427, 41.1277562099241], [-3.50256554823873, 41.1278745096702], [-3.50268661778284, 41.1279775532557], [-3.50280772056461, 41.1280779394825], [-3.50283530758624, 41.1280984710108], [-3.50289632768928, 41.1281342825874], [-3.50295268564315, 41.1281610145554], [-3.50299450595451, 41.1281771589514], [-3.50302777906312, 41.1281877695173], [-3.50320081075653, 41.1282284677863], [-3.50325936422084, 41.1282463771561], [-3.50330238955392, 41.1282640397592], [-3.50333594895278, 41.1282809485351], [-3.50336937333139, 41.1283006632203], [-3.50339335655283, 41.1283195071249], [-3.5034618408016, 41.1283856793138], [-3.50349789850987, 41.128427183682], [-3.50353398208834, 41.1284720659217], [-3.50357011306478, 41.1285231409356], [-3.50361718671767, 41.1285933100798], [-3.50366648126677, 41.1286617804959], [-3.50369777704557, 41.1287134396066], [-3.5037399725026, 41.1287785630326], [-3.50378226149384, 41.128854680147], [-3.5038124763376, 41.1289122398178], [-3.50384998548312, 41.1289913125729], [-3.5038995832666, 41.1290856812636], [-3.50398765567246, 41.1292301311865], [-3.5040431466254, 41.1293255664641], [-3.50408066116998, 41.1294001789823], [-3.50412798172422, 41.1295098890696], [-3.50416069657021, 41.1295863059572], [-3.50418526133888, 41.1296565829786], [-3.5042057572529, 41.1297077262075], [-3.50422398065926, 41.1297538123856], [-3.50424816937752, 41.1298009984483], [-3.50426509492097, 41.129823444332], [-3.5042939984769, 41.1298542827687], [-3.50431196332847, 41.1298665901095], [-3.50433931668301, 41.1298818833964], [-3.50442301002309, 41.1299175505543], [-3.50448274439621, 41.1299470069176], [-3.50456653475434, 41.1299953087209], [-3.5046349565072, 41.1300391424671], [-3.50472821982739, 41.1301054068737], [-3.50475585001868, 41.1301224997175], [-3.504788029659, 41.1301375425948], [-3.50482625117771, 41.1301518025031], [-3.50486338124072, 41.1301625644615], [-3.50490516012858, 41.1301730783454], [-3.50495289141248, 41.1301830031244], [-3.50501252747682, 41.1301917496985], [-3.5050803558255, 41.130197553275], [-3.50516378685749, 41.130198923443], [-3.50536515012516, 41.1301980853449], [-3.50540327501732, 41.1301997198319], [-3.50543785835911, 41.1302040725679], [-3.5054761973693, 41.1302111101308], [-3.50550347759569, 41.1302209056702], [-3.50552743746094, 41.1302334171593], [-3.50555137666495, 41.1302495127321], [-3.50556707965757, 41.130264759247], [-3.50561149461871, 41.1303195177374], [-3.50569847576512, 41.1304550392521], [-3.50572871763651, 41.1305145844062], [-3.50574926025067, 41.130571145268], [-3.50576175106545, 41.1306467441854], [-3.50576459269593, 41.1307062131549], [-3.50576274546779, 41.1307762296202], [-3.50575151142876, 41.130864815617], [-3.50574955365166, 41.1309007103405], [-3.50575318678678, 41.1309341575562], [-3.50576772512134, 41.130965604074], [-3.50580410712834, 41.1310232046356], [-3.50583285028448, 41.1310608271992], [-3.50596261411046, 41.1312043572893], [-3.50603105187384, 41.1312743300511], [-3.50609964558063, 41.1313523871212], [-3.50617183254376, 41.1314438388144], [-3.50625129093372, 41.1315607581799], [-3.50628028865196, 41.1316038169554], [-3.5062897684723, 41.1316145894184], [-3.50630318083964, 41.1316273623069], [-3.50631628498453, 41.1316368756976], [-3.50633774210173, 41.1316504471152], [-3.50635444807105, 41.131658489992], [-3.50637953352536, 41.1316655558415], [-3.50645254316613, 41.1316841316695], [-3.50648583835945, 41.1316957353935], [-3.50651342326137, 41.1317091989648], [-3.50654201360744, 41.1317252071971], [-3.50656245035331, 41.131742200335], [-3.50658419113684, 41.1317612467008], [-3.5066020372381, 41.1317825965918], [-3.50662031330655, 41.1318106317649], [-3.50662986255402, 41.1318347029711], [-3.50664087243098, 41.1318696562461], [-3.50664831035668, 41.1319112044334], [-3.50666127304623, 41.1320453764401], [-3.50667837274723, 41.1322433226473], [-3.50669035647497, 41.1323975316559], [-3.50670052852583, 41.13250822212], [-3.50669515402728, 41.1325855522033], [-3.50668487448371, 41.1326371012093], [-3.50667691572701, 41.1326830312367], [-3.50667483940367, 41.1327281310477], [-3.50668137951652, 41.1327792844201], [-3.50670912001323, 41.1328487064846], [-3.50674769816308, 41.1329061713521], [-3.50680168960663, 41.1329590508668], [-3.50684963269332, 41.1329930979309], [-3.50691307531197, 41.1330315645088], [-3.50730771060616, 41.133219003925], [-3.50739026180555, 41.1332603434277], [-3.50746568024718, 41.1333137643722], [-3.50754251225513, 41.1333828297026], [-3.50759904069263, 41.1334412723157], [-3.50763135653503, 41.1334779119712], [-3.5076782929641, 41.1335310028975], [-3.50773833176754, 41.1335915421684], [-3.50780078508582, 41.1336572980091], [-3.50784643488992, 41.1337047914194], [-3.50787901577065, 41.1337623663403], [-3.50789980821475, 41.1338182818756], [-3.50792062573464, 41.1339054208677], [-3.50793443823044, 41.1340008677358], [-3.50795350048075, 41.1341539074674], [-3.50798086287714, 41.1342863394738], [-3.50802579150493, 41.134412125769], [-3.50806832444571, 41.1345229762438], [-3.50809744905999, 41.1345819626573], [-3.50813712420967, 41.1346359328602], [-3.50839809864569, 41.1349426443888], [-3.50846184901522, 41.1350272211464], [-3.50861445550584, 41.1351877197769], [-3.50888334635419, 41.1354370666814], [-3.5090957091861, 41.1356466898708], [-3.50915111555293, 41.1357259476132], [-3.50918866064022, 41.1358032699512], [-3.50922162629356, 41.1358961047162], [-3.509233845495, 41.1359354606029], [-3.50923894261929, 41.1359686549873], [-3.50923696125642, 41.1360453375475], [-3.50923036133405, 41.1361093102022], [-3.50921788082922, 41.1361821245477], [-3.50921362392366, 41.1362526167058], [-3.50921621825821, 41.136281443727], [-3.50922377473421, 41.1363183441441], [-3.50923104489897, 41.1363436469413], [-3.50924546830217, 41.1363723013975], [-3.50926354959222, 41.1363947639451], [-3.50929605426735, 41.1364204903504], [-3.50932826615033, 41.1364451198713], [-3.50937618215915, 41.1364726382455], [-3.50948387489035, 41.136533396143], [-3.50971240360369, 41.1366603269518], [-3.50999612341827, 41.1368137441373], [-3.51011687480297, 41.1368762653224], [-3.51018274971789, 41.1369204504776], [-3.51024758625615, 41.1369747741663], [-3.51035671155171, 41.137074504491], [-3.51049966141889, 41.1372146207093], [-3.51052370026887, 41.1372415381037], [-3.51055233647918, 41.1372673414699], [-3.51060492475423, 41.1372896562225], [-3.51073982711933, 41.1373109548924], [-3.51093419773005, 41.1373386210537], [-3.51115132052986, 41.137365429605], [-3.51137202206343, 41.1374004820025], [-3.51159393844103, 41.1374456042182], [-3.51194126575741, 41.1375251672944], [-3.51214078644023, 41.1375749743211], [-3.51228037618391, 41.1376146166954], [-3.51237831680439, 41.1376448462814], [-3.51240946793907, 41.1376509102922], [-3.51245468348501, 41.1376588982104], [-3.51252505570773, 41.1376675898377], [-3.51258104680108, 41.137669148607], [-3.51320217957358, 41.1376963623653], [-3.51323547757038, 41.1376979235879], [-3.5135405589156, 41.137714464528], [-3.51385778914546, 41.1377317236614], [-3.5139875489229, 41.1377313877139], [-3.51411870866136, 41.1377192995229], [-3.51422323181915, 41.1377006054274], [-3.51472153697192, 41.137575857974], [-3.51489515638033, 41.1375318732637], [-3.51506168606768, 41.1374987168665], [-3.5151759859078, 41.1374891910294], [-3.51529763606033, 41.137490521669], [-3.51544897943107, 41.1375086709589], [-3.51557433304077, 41.1375360469038], [-3.51564605632969, 41.1375618505347], [-3.51571418456083, 41.1375957856088], [-3.51577051273081, 41.1376325330197], [-3.51582567806398, 41.1376799470066], [-3.51587498299667, 41.1377346669443], [-3.51590158698999, 41.1377760736626], [-3.51592325396847, 41.1378218252696], [-3.51593700390794, 41.1378766917446], [-3.51594455917183, 41.1379380247223], [-3.51593933410844, 41.1380315058425], [-3.51593274938093, 41.1380940281445], [-3.51592348327891, 41.1381469914834], [-3.51591342370433, 41.1382344509974], [-3.51591251250243, 41.1382675222491], [-3.51591996074465, 41.1383055766316], [-3.51593326748895, 41.138337932948], [-3.51595279217957, 41.1383709335305], [-3.51600315334901, 41.1384303857741], [-3.51622166801767, 41.1386447339808], [-3.51628044837994, 41.1386967368116], [-3.5163451510624, 41.1387379393867], [-3.51639897134593, 41.1387635960546], [-3.516443162024, 41.138780668127], [-3.51652811511268, 41.1388029899362], [-3.51658999452292, 41.1388117204315], [-3.51665791507244, 41.1388157777159], [-3.51679491533981, 41.1388160530666], [-3.51707842295009, 41.1387988321158], [-3.51712127058756, 41.1387929709632], [-3.51715466013609, 41.138786666926], [-3.51718075972064, 41.1387800856281], [-3.5172140976965, 41.1387689471323], [-3.51727103591512, 41.1387472525706], [-3.51731398331267, 41.1387335927306], [-3.51733888594484, 41.1387278509156], [-3.51736381069216, 41.138724923987], [-3.51740922305512, 41.1387230310307], [-3.51745437757302, 41.1387257325697], [-3.51753306819527, 41.1387343841399], [-3.51760707789459, 41.1387401581342], [-3.51769279943259, 41.1387417861432], [-3.5178083398461, 41.1387412685916], [-3.51786433919168, 41.1387356239209], [-3.51810609965181, 41.1387013199454], [-3.51814638037909, 41.1386964932577], [-3.51823709281592, 41.1386917227486], [-3.5183573368083, 41.1386883667522], [-3.51848129976354, 41.1386844308937], [-3.51854312166851, 41.138685841622], [-3.51859454020009, 41.1386901141425], [-3.51865643307149, 41.1387005324617], [-3.51882240877062, 41.1387358169463], [-3.51891680190631, 41.138759600703], [-3.51896677996627, 41.1387700725261], [-3.51900742287668, 41.1387772083973], [-3.51907530575654, 41.13878421792], [-3.51915397571752, 41.1387901572435], [-3.51923883784645, 41.1388003744704], [-3.51931155103079, 41.1388135586559], [-3.51945232508802, 41.1388428872362], [-3.51952272695515, 41.1388578853836], [-3.51957161057797, 41.1388648401821], [-3.51961581725133, 41.1388673604315], [-3.51966349035173, 41.138868834378], [-3.51975514986523, 41.1388685367791], [-3.51978492901691, 41.138866593089], [-3.51980531263208, 41.1388631275334], [-3.51984440826849, 41.1388519399774], [-3.51988851717248, 41.1388374171396], [-3.51996682340605, 41.1388044098192], [-3.52000596308583, 41.1387944444619], [-3.52005126934557, 41.1387944576534], [-3.52011328032124, 41.1387966729764], [-3.52019321597432, 41.1388045137189], [-3.52025517461027, 41.1388140417212], [-3.52041746604612, 41.1388438979825], [-3.52048309606246, 41.1388544303098], [-3.52054153865819, 41.1388631880793], [-3.52063351227486, 41.1388734624035], [-3.52072520189398, 41.1388848709356], [-3.52078603492574, 41.1388945211975], [-3.52086833767374, 41.138903117946], [-3.52100662522689, 41.1389088407671], [-3.52110907718672, 41.1389128607459], [-3.52119611845416, 41.1389176471685], [-3.5212938624373, 41.1389264726547], [-3.5213809612906, 41.138935988135], [-3.52145970401518, 41.138950947022], [-3.52155404508632, 41.1389757393519], [-3.52161153647891, 41.1389951496394], [-3.52178715320219, 41.1390720480535], [-3.52189251093664, 41.1391166106336], [-3.52198092001774, 41.1391629635592], [-3.52206350393844, 41.139213048684], [-3.5221379333989, 41.1392624410047], [-3.52218939204572, 41.1393079472799], [-3.52230115359271, 41.1394193405461], [-3.52239225768804, 41.1394926423452], [-3.52249523067072, 41.1395624304691], [-3.52256475007169, 41.1396028084652], [-3.52260290633394, 41.1396195593091], [-3.52263397636469, 41.139629358831], [-3.52272944122823, 41.1396478395685], [-3.5228190284149, 41.1396726526074], [-3.52285617370933, 41.1396797428426], [-3.52290385639959, 41.1396823413994], [-3.52294665834433, 41.1396798951108], [-3.5229977689019, 41.1396772672078], [-3.52302635059932, 41.1396744088753], [-3.52307279080457, 41.1396661180187], [-3.52313349535819, 41.1396550330979], [-3.52317511161036, 41.1396467293849], [-3.52320739126446, 41.1396432423117], [-3.52324773231625, 41.1396409728017], [-3.52328942672183, 41.1396390142509], [-3.52333472427003, 41.1396396786021], [-3.52338360519793, 41.1396430923663], [-3.52347902694234, 41.1396561635773], [-3.52352923260966, 41.1396586700399], [-3.52360412902376, 41.139654691451], [-3.52368148205456, 41.139644436629], [-3.52374577627605, 41.1396315068103], [-3.52381001804017, 41.1396151687667], [-3.52384085306741, 41.1396040661166], [-3.52387422333943, 41.1395884158921], [-3.52389905850835, 41.1395742279962], [-3.52412396980742, 41.1394347073853], [-3.52418477756552, 41.1393971189015], [-3.52423701499511, 41.139368885218], [-3.52429991912706, 41.1393425803081], [-3.52441040661129, 41.1393061662278], [-3.52450321905991, 41.1392714007966], [-3.52453998243273, 41.1392588474451], [-3.5245779836401, 41.1392493920373], [-3.52462324390564, 41.1392404523508], [-3.52465411765707, 41.1392337505966], [-3.52470290336351, 41.139228124548], [-3.52477917122945, 41.1392232961315], [-3.52483872323053, 41.1392259588682], [-3.52488530209545, 41.1392302506287], [-3.52495280120083, 41.1392416010848], [-3.52576562265956, 41.1390522697379], [-3.52618343827836, 41.1391494496995], [-3.52643480526803, 41.1392924287578], [-3.52669895311734, 41.1395434444476], [-3.52702520221892, 41.1401094542869], [-3.52758665807594, 41.1402870435838], [-3.52867224171059, 41.140444209995], [-3.52897091808898, 41.1405419265121], [-3.5292346461396, 41.1407388904438], [-3.52970376241781, 41.1412862201555], [-3.53009972551692, 41.1416267013722], [-3.53031913737444, 41.1422382330287], [-3.53102619944567, 41.1431447171696], [-3.53130646158364, 41.1435038061574], [-3.53254442400899, 41.1448132518477], [-3.53267710359219, 41.145010813481], [-3.53266056073745, 41.1459116857712], [-3.53275858784856, 41.1462445268521], [-3.53315656675099, 41.1468282026892], [-3.53345703086208, 41.147142090068], [-3.53368431916126, 41.1472491327282], [-3.53466256409623, 41.1473797156923], [-3.53565441537916, 41.1477174100115], [-3.53640869777942, 41.1481485337973], [-3.54109973752147, 41.1496669532814], [-3.53767524980268, 41.1552536405919], [-3.53762676143859, 41.1553327708323], [-3.5375064112156, 41.1560191772598], [-3.53670643653168, 41.1605761029378], [-3.53858148283769, 41.1633553649642], [-3.53962367409436, 41.1648927179101], [-3.53970389590984, 41.1650112052007], [-3.53972425512579, 41.1650409485582], [-3.54390633022763, 41.1658445714068], [-3.55044938926259, 41.1657010178159], [-3.55802442211612, 41.1643973008534], [-3.56018464938888, 41.1633076754199], [-3.5673184880995, 41.1603705998421], [-3.56919426964881, 41.1595084076205], [-3.57421458176693, 41.1599085516108], [-3.57860391297178, 41.1602587264077], [-3.58207212492784, 41.1612371910043], [-3.58272149643337, 41.1614208220343], [-3.58439923920608, 41.1606753613352], [-3.59004295431209, 41.1582892749939], [-3.59140457570399, 41.1546250457723], [-3.59148415980643, 41.1545453349378], [-3.59210258014997, 41.1543152704336], [-3.59315241068429, 41.1544286974294], [-3.59504995098297, 41.1541767862004], [-3.59597062695322, 41.1542493255904], [-3.59880800698209, 41.1543409639339], [-3.60004756756094, 41.1553832578173], [-3.60179593847745, 41.1544575799586], [-3.60244386155943, 41.1539148432812], [-3.60462418311314, 41.1522594719566], [-3.6087798661304, 41.1505801242484], [-3.61006179549287, 41.1500238581043], [-3.61065238429758, 41.1497358528162], [-3.61084129235243, 41.1496576506691], [-3.61309436809694, 41.1491818422413], [-3.61367196115557, 41.1490599744355], [-3.61370293228388, 41.1490533760587], [-3.61371438400712, 41.1490041487242], [-3.61409710404737, 41.1473595705905], [-3.61535456308717, 41.1462358693209], [-3.61606413604187, 41.1457327571466], [-3.61897468567165, 41.1436690641813], [-3.61984002916717, 41.1431679168041], [-3.62227528323487, 41.1417579245485], [-3.62501253306472, 41.1406530155209], [-3.62569818927334, 41.1399511699867], [-3.62698541307297, 41.1383577824733], [-3.62889729032439, 41.1374295415322], [-3.62969321922569, 41.1371819725701], [-3.63128176194497, 41.1368209828412], [-3.63277595700639, 41.1363435860491], [-3.6339891722218, 41.1348857082799], [-3.63378575321727, 41.1310773244796], [-3.63391985116909, 41.1306371732399], [-3.63362785724663, 41.1276852943794], [-3.63358991486405, 41.1273015386072], [-3.63348534962275, 41.1263388244117], [-3.63414260391865, 41.1258155613217], [-3.63421169086682, 41.1257605702089], [-3.63417497996776, 41.1256982795374], [-3.6343041071791, 41.1254993933705], [-3.63502311463173, 41.1247027311618], [-3.63575645091764, 41.1241582084341], [-3.63995029555354, 41.121765892123], [-3.64094666283867, 41.1213279704542], [-3.64315964248498, 41.1206338463079], [-3.64502026593417, 41.1212917227449], [-3.64637064275569, 41.1200230381961], [-3.64629372545178, 41.1183875631874], [-3.64634903292718, 41.1181962543805], [-3.64674290106015, 41.1170553983738], [-3.64743622618631, 41.1162182800979], [-3.64813655755049, 41.1155930159289], [-3.6487381203916, 41.1147642567814], [-3.64936330920178, 41.1133023199178], [-3.64984345333126, 41.1124690758885], [-3.6506906770649, 41.1105724326018], [-3.65086082028884, 41.1098238086594], [-3.65105857370186, 41.1077638029401], [-3.65175534801741, 41.1070544251172], [-3.65230452905885, 41.1064753686364], [-3.65381312944829, 41.1057067680906], [-3.65570837249625, 41.1046764050977], [-3.65742629333623, 41.1031864890547], [-3.65918351312305, 41.1018378364647], [-3.66007336217365, 41.1010257619053], [-3.66065396483608, 41.1003637242333], [-3.66222895464982, 41.0990251836403], [-3.66382194048418, 41.0978114521477], [-3.6667210341365, 41.0961079639679], [-3.66753975202027, 41.0952328249872], [-3.66906342551329, 41.094122195471], [-3.67217229814351, 41.0920018568254], [-3.67324427504165, 41.0907615007467], [-3.67382854565998, 41.0898246301254], [-3.67503071818369, 41.0878971975215], [-3.67606503149421, 41.0866964452656], [-3.67787449464951, 41.0856239940964], [-3.67953751477949, 41.0842313026411], [-3.68026933957105, 41.0843555134668], [-3.68042220441736, 41.0842405484411], [-3.68068335994184, 41.0841669286803], [-3.6821021405089, 41.084365509256], [-3.68312939928013, 41.0846927201654], [-3.68435814588527, 41.0849288805473], [-3.68496053994514, 41.0850033993098], [-3.68539471099333, 41.0850046939098], [-3.68743137853668, 41.084941879057], [-3.68760254717949, 41.0849366115927], [-3.68990010846658, 41.0844615221398], [-3.6927631253497, 41.0835165185874], [-3.69543916858114, 41.0827003737783], [-3.69768053849301, 41.0818772285529], [-3.70104260100215, 41.0800929396938], [-3.70348279954228, 41.0784982858478], [-3.70520689077555, 41.0776454969257], [-3.7061949067497, 41.0768610430805], [-3.70712628901941, 41.0760212176536], [-3.7114524020529, 41.0744920412061], [-3.71398960124424, 41.073209006992], [-3.71500942060522, 41.0724049099696], [-3.71598163689021, 41.071638257771], [-3.71617674205609, 41.0714844718247], [-3.71660731963211, 41.0711451215043], [-3.71997730270809, 41.0671191250331], [-3.7203596373711, 41.0656882190324], [-3.72038207279534, 41.0656041190738], [-3.72142319987979, 41.0650329582002], [-3.72562467052051, 41.0625023433953], [-3.73043951369827, 41.0614532636001], [-3.73917142450058, 41.0540528388844], [-3.73927639896282, 41.0538629964559], [-3.73980024510748, 41.0517607586963], [-3.73990651862778, 41.0515545801942], [-3.73927111941117, 41.0497705591237], [-3.74251210665054, 41.0462915389646], [-3.74336518374539, 41.0453758776225], [-3.74399414900291, 41.0436952109973], [-3.74409553915407, 41.0435196998542], [-3.74508008102739, 41.0418155737719], [-3.74571265039596, 41.0406627597892], [-3.74766305726946, 41.0380661589352], [-3.748406384421, 41.0366400355289], [-3.7490818725989, 41.03601760168], [-3.75008003434819, 41.0350980773649], [-3.75132659537061, 41.0336942687143], [-3.75301379694445, 41.031815770004], [-3.75590004428283, 41.0278486733647], [-3.75901579245533, 41.0270967234676], [-3.764818842158, 41.0215172368052], [-3.76495375091933, 41.0213553218422], [-3.7668904763382, 41.0195149887548], [-3.76695607561612, 41.019019052844], [-3.76705648679934, 41.0183430185936], [-3.76737527820659, 41.0161967279674], [-3.76742464335222, 41.0161553215423], [-3.76744367664875, 41.0158776110166], [-3.76940233295924, 41.0144964465451], [-3.76964851626287, 41.0142899496401], [-3.77063717447911, 41.013184275045], [-3.77090466645725, 41.0128852330791], [-3.77130156640429, 41.0122430189505], [-3.77195615437879, 41.0112657856645], [-3.78168213939978, 41.0003886276082], [-3.78185078410645, 41.0002001328974], [-3.78454702059731, 40.9989567086702], [-3.79688807492768, 40.9945646458179], [-3.79911497156755, 40.9934814435568], [-3.79961414991946, 40.993594119476], [-3.80305122744581, 40.9923705599203], [-3.80408918853579, 40.9917718632592], [-3.80532853484447, 40.9910042214541], [-3.80927880893273, 40.9879944709852], [-3.80942978164125, 40.9879208687508], [-3.80991617804382, 40.9878076657644], [-3.80992659127065, 40.9878004377795], [-3.81498416021914, 40.986287458132], [-3.81903543997964, 40.9859072770414], [-3.81933461310525, 40.9858645661377], [-3.82122083175845, 40.9847891366757], [-3.82199854013083, 40.9849880998703], [-3.82585456926772, 40.9859744209539], [-3.82969640490164, 40.9866547046262], [-3.83019368393746, 40.9864056529127], [-3.83180072294919, 40.9856010890571], [-3.83503354313693, 40.9842599785838], [-3.83924055682195, 40.9839079495284], [-3.83956716702683, 40.9838123588711], [-3.84395118713552, 40.9825313476507], [-3.84451225203505, 40.98236790741], [-3.84705255490947, 40.9812215642221], [-3.84717322913832, 40.9805208584012], [-3.84736233382474, 40.9794204765783], [-3.84862210334409, 40.9792568510845], [-3.84981902581514, 40.9789702364744], [-3.85081271380568, 40.9788095341025], [-3.8517385189648, 40.9788080283649], [-3.85245365266683, 40.9789150801738], [-3.85328146889007, 40.9791022243993], [-3.85386864581628, 40.979357829506], [-3.8541320638441, 40.9794774878031], [-3.85439858772625, 40.9795075169615], [-3.85505378296188, 40.9795160558988], [-3.85564882251452, 40.9795072328049], [-3.85579088928005, 40.9794937797886], [-3.85610876495186, 40.9794639508469], [-3.85693693746165, 40.9794786849002], [-3.85748677289088, 40.9794753713215], [-3.85792405121162, 40.9794259985718], [-3.85832372341383, 40.979376541224], [-3.85867848964928, 40.9792928260481], [-3.85904055290519, 40.9792201391308], [-3.85943288155719, 40.9791475783113], [-3.85984102728185, 40.9789844525537], [-3.86021912459168, 40.9788152069536], [-3.86060528697611, 40.9785834341056], [-3.86090135451129, 40.9783287045609], [-3.861105550749, 40.9781211184942], [-3.86117500571583, 40.9780506248773], [-3.86139586744926, 40.9777952198886], [-3.8615644479967, 40.9774769865264], [-3.8617637170928, 40.977090962521], [-3.86198600609193, 40.9766473391914], [-3.86220777454345, 40.9762727054129], [-3.86241394620537, 40.9759662766556], [-3.86271029482544, 40.9756769250707], [-3.8629382245593, 40.9754674690583], [-3.86312818549733, 40.9752802542016], [-3.86386427062231, 40.9746455326757], [-3.86479731461703, 40.9739092059009], [-3.86529050634766, 40.9735068951495], [-3.86585129819886, 40.9731052005827], [-3.86663953997539, 40.9725447142625], [-3.86711674748167, 40.9722280931097], [-3.8674348338922, 40.9720415963358], [-3.86775963159557, 40.9719117700401], [-3.86806944975729, 40.9717935078637], [-3.86825062809566, 40.9717432536158], [-3.86843180888544, 40.9717097974181], [-3.86863486916006, 40.9717218743687], [-3.8687852174942, 40.9717510184276], [-3.86889515691194, 40.9717801868909], [-3.86900322584714, 40.9718090850197], [-3.86924346928487, 40.9718894730365], [-3.86945348970605, 40.971987541758], [-3.87070159798142, 40.9727238999428], [-3.87098895646437, 40.9728934704515], [-3.8725336015106, 40.9736458829918], [-3.87450967497534, 40.9750092468675], [-3.87924382085023, 40.9753059205374], [-3.87937943892229, 40.9753145110036], [-3.8802440068842, 40.9746624252954], [-3.88098653543341, 40.9741024801576], [-3.88080677895182, 40.9729585643909], [-3.88077989842771, 40.9727860475738], [-3.88328668070158, 40.9713355239503], [-3.88346677741346, 40.9712312905009], [-3.88696915231803, 40.9711486589252], [-3.89045121016217, 40.9690583906302], [-3.89047375633675, 40.9690448458535], [-3.89511958516971, 40.9655558472055], [-3.89593057093542, 40.9636898777553], [-3.89603267065913, 40.9635781715414], [-3.89610578208919, 40.9634374141094], [-3.89618771172877, 40.9632622445475], [-3.89632972843175, 40.9628895547102], [-3.89649831138294, 40.9624086976733], [-3.89668138803786, 40.9619453594604], [-3.89690446307909, 40.961420162096], [-3.89712151581467, 40.9608549781361], [-3.8973853671833, 40.9602452044518], [-3.8975869410482, 40.959691080941], [-3.89771293069052, 40.9593459114321], [-3.89783709536718, 40.9592464179475], [-3.89805009157228, 40.9589885898564], [-3.89829191283206, 40.9587660360185], [-3.89846346116486, 40.958610405072], [-3.89862711250561, 40.9584655622674], [-3.89869906088292, 40.958321997117], [-3.89888990243295, 40.9582107225283], [-3.8989895455297, 40.9581378804118], [-3.89919488484503, 40.9580552057343], [-3.89933932706344, 40.9580000301894], [-3.90133559477576, 40.9573437361299], [-3.90230229050103, 40.9569064841639], [-3.90420844277039, 40.956543824737], [-3.90423153037153, 40.9565394320066], [-3.90715620439453, 40.955149077511], [-3.90835221773678, 40.9529551843088], [-3.90939390037432, 40.9518809691642], [-3.90991765052433, 40.9497633953364], [-3.91037042391739, 40.9497239181713], [-3.91222230168001, 40.9492583098868], [-3.91252200858237, 40.9491833099138], [-3.91184826653175, 40.9476279772915], [-3.91144985903256, 40.946707791273], [-3.91190866392598, 40.9457571805085], [-3.91188071735866, 40.9446972535208], [-3.91223957903978, 40.9445935812758], [-3.91722548284041, 40.943151057715], [-3.91850615459658, 40.9406959159014], [-3.91963178636558, 40.9385382882301], [-3.92008725237869, 40.9377266760121], [-3.92017219347871, 40.9370312763095], [-3.92121021475582, 40.9323911542922], [-3.92175608917395, 40.9299511727976], [-3.92736720635246, 40.9276462528465], [-3.92980292031048, 40.9270478616677], [-3.93372894842192, 40.9272261393099], [-3.93759342890465, 40.9264623028144], [-3.93765204167182, 40.9264561518513], [-3.93782654834642, 40.9264384495596], [-3.93759663897497, 40.925268805446], [-3.93662771626685, 40.9209182940004], [-3.93660224925217, 40.9202710371866], [-3.93717137659747, 40.9168432996413], [-3.93731288636571, 40.9159323216236], [-3.93763168854242, 40.9152137654794], [-3.93987689194948, 40.9133708228554], [-3.94113721672194, 40.9126221879423], [-3.9418522908525, 40.9119678818457], [-3.94209700262728, 40.9116414648885], [-3.94285627765845, 40.9090860134517], [-3.94377639505452, 40.9069886329859], [-3.94502425559546, 40.9045642116207], [-3.94561546652833, 40.9035594636644], [-3.94683850470708, 40.9014667072218], [-3.94699494732642, 40.9012467416066], [-3.94719363670097, 40.9009972139204], [-3.94877926917863, 40.8997950867635], [-3.94925888330208, 40.8992956996867], [-3.95101640930767, 40.8968399742789], [-3.95180322480042, 40.8954102182492], [-3.95254805752836, 40.8943681334246], [-3.95269509197745, 40.8938624560091], [-3.95272536708174, 40.8934746620112], [-3.95252976805951, 40.8930799158033], [-3.9520342054506, 40.8924624402175], [-3.95098543848674, 40.8913450647033], [-3.94890824438197, 40.8896956519311], [-3.94800919897987, 40.8890814776779], [-3.94739964600223, 40.8887892149775], [-3.94621892129645, 40.8888146728838], [-3.9454669103332, 40.8886971607067], [-3.94463620194638, 40.8887696571861], [-3.94329059548965, 40.8886517407293], [-3.94291496698757, 40.8872765521209], [-3.9427232398643, 40.8854764714839], [-3.94341946143244, 40.8801739300802], [-3.94371176331813, 40.8790274909058], [-3.94392943251513, 40.878476206286], [-3.94459074178186, 40.8774078182037], [-3.94484114725436, 40.8770730247347], [-3.94592912678453, 40.8756161408605], [-3.94676359430981, 40.8744988807741], [-3.94763030206912, 40.8733381773582], [-3.94752969667505, 40.8712761124264], [-3.94698329887212, 40.8704070643587], [-3.94672514192409, 40.869536109752], [-3.94667165892703, 40.8693556773218], [-3.94665315183553, 40.8690118135071], [-3.94658278680444, 40.8676991614803], [-3.94647803605068, 40.8657539668931], [-3.94662988906293, 40.8647527939942], [-3.94701170719467, 40.8638256466974], [-3.94705424781325, 40.8637223741634], [-3.9475620555619, 40.8627182777635], [-3.94846384103798, 40.8614680038566], [-3.94862089529572, 40.8612502725542], [-3.94874148698659, 40.8611599994672], [-3.94969424820139, 40.8604472610374], [-3.9502761984119, 40.8600115017996], [-3.95061247102932, 40.8596801866791], [-3.95070911900519, 40.8595845894627], [-3.95132419098863, 40.8586246245336], [-3.95157783749564, 40.8581090818945], [-3.95158096003959, 40.8580926568035], [-3.95191784756075, 40.856329038129], [-3.95193107572659, 40.8562594578885], [-3.95249601812394, 40.8551107630156], [-3.95402677970743, 40.8534766446616], [-3.95505228206276, 40.8521889911083], [-3.95584024961709, 40.8508674199208], [-3.95631195812106, 40.8498455733638], [-3.95634652208689, 40.8497484476775], [-3.95660824588155, 40.849014223216], [-3.95689986801861, 40.8486043097492], [-3.95710807723917, 40.8483115018814], [-3.95720146909088, 40.848180669704], [-3.95941367983267, 40.8461084000897], [-3.95955010985943, 40.8460209107656], [-3.9605677712953, 40.8453696864478], [-3.96175269520778, 40.8446115615442], [-3.9623177184813, 40.8443095754605], [-3.96244310553361, 40.8439572057754], [-3.96301918146448, 40.8403220530165], [-3.96307435601922, 40.8402669795518], [-3.96460307888512, 40.838737433311], [-3.96488989295919, 40.8384507099974], [-3.96533426067591, 40.8371948377654], [-3.9654375661581, 40.836140001286], [-3.96540104119668, 40.8352574927125], [-3.96513007945102, 40.8345661201503], [-3.96470861282741, 40.8341282383086], [-3.96446294731781, 40.8335447522139], [-3.964126460879, 40.8332412823187], [-3.96345962019671, 40.8297786193515], [-3.96222302542773, 40.8254559800537], [-3.96200560617954, 40.8235390105253], [-3.96210336803526, 40.8220968708443], [-3.96227325562517, 40.8215459724964], [-3.9641092350978, 40.8184888949135], [-3.96414911670314, 40.8184224414215], [-3.96446011614947, 40.8180240902614], [-3.96467297824422, 40.8177514457354], [-3.96490357308272, 40.8156595991376], [-3.96782544235899, 40.8119237134388], [-3.96827081360216, 40.8115686724421], [-3.96884673790385, 40.8112215014891], [-3.96978885234625, 40.8107812001843], [-3.97137692864207, 40.8101878271042], [-3.97193500661178, 40.8099794165075], [-3.97261757261577, 40.8096313655797], [-3.97330909122994, 40.8090849980917], [-3.97352070934081, 40.8088719927521], [-3.97493335017093, 40.807449694814], [-3.97517767375628, 40.807132337772], [-3.97547137293993, 40.8061389365571], [-3.97550680702313, 40.8055480270043], [-3.97551903523473, 40.8053457987424], [-3.97549697044375, 40.8050412672346], [-3.97541482441744, 40.8038963351465], [-3.97547347680413, 40.8038190518968], [-3.97593565629588, 40.8032101109521], [-3.97608939985022, 40.8030078114664], [-3.97663371028416, 40.8025342078095], [-3.97696731235918, 40.8022436791192], [-3.97932374168733, 40.8004490555259], [-3.97965860446525, 40.7998426527834], [-3.97974545196868, 40.7995727149147], [-3.97977196747879, 40.7994903642165], [-3.97972912464075, 40.798995268307], [-3.97915629577112, 40.7979281362227], [-3.97900771316454, 40.7974969957358], [-3.97899165854579, 40.7972865225844], [-3.97897831791993, 40.7971098856002], [-3.97910562514547, 40.7962192295271], [-3.97948348054805, 40.7935743193424], [-3.97955201205873, 40.7925918254437], [-3.9795197039706, 40.7920065557297], [-3.97865981268036, 40.7899509353893], [-3.97861873744261, 40.789827418644], [-3.97861524727841, 40.7898167508024], [-3.97794059872102, 40.7877860150246], [-3.9781522008791, 40.7873299946727], [-3.97928060193773, 40.785489337184], [-3.9794064780861, 40.7851073551069], [-3.97941210603135, 40.7846839203573], [-3.97952708743844, 40.7844940710701], [-3.97983104703911, 40.7845370952505], [-3.98030835738217, 40.7846822423658], [-3.98429675018601, 40.7858966684773], [-3.98800647755002, 40.7856390338744], [-3.98978961217848, 40.785514922226], [-3.98983648521796, 40.7855152491166], [-3.98988625037708, 40.7855243935931], [-3.99028383021352, 40.7856249360054], [-4.00145290394121, 40.7884535991084], [-4.00236883088213, 40.7884344341233], [-4.00253178958059, 40.7884310769981], [-4.00410695310552, 40.7883545738421], [-4.00679218456279, 40.7880066602296], [-4.00758836229743, 40.7873600994657], [-4.00833545414125, 40.7869720740039], [-4.00935230856238, 40.7864438791227], [-4.01000856919993, 40.7859516754137], [-4.01044557163184, 40.7858292578818], [-4.01246721973903, 40.7843285338485], [-4.01383159782651, 40.783661491337], [-4.01397658232011, 40.7834576292826], [-4.01443489020167, 40.7832013829739], [-4.01519012362397, 40.7829875424152], [-4.01595404106011, 40.7825664211106], [-4.01653193536721, 40.7823811578263], [-4.01706460219471, 40.7823404552843], [-4.01752525557746, 40.782237267335], [-4.0187355629463, 40.781560030115], [-4.01947797920611, 40.7812831939553], [-4.02094519486472, 40.7811351408999], [-4.02143298725052, 40.7812569282462], [-4.0214837914714, 40.7812650003239], [-4.02298927266617, 40.7815043644993], [-4.02557573257493, 40.7814521883155], [-4.02617618178218, 40.7814400418007], [-4.02758142629451, 40.7815498412269], [-4.02960095332306, 40.7816478212844], [-4.03102515114194, 40.7815589785117], [-4.03238850358741, 40.781591842807], [-4.03307955058603, 40.7818288754176], [-4.03380881461177, 40.7822367463001], [-4.03419326031569, 40.7825756092354], [-4.03424184390121, 40.7826505378418], [-4.03605947977575, 40.7835019837561], [-4.0363059235908, 40.7835385527589], [-4.0363860506192, 40.7835736056015], [-4.03955206513511, 40.7841834084394], [-4.04217261195135, 40.7838202666568], [-4.04223576027343, 40.7838004541952], [-4.04238704734707, 40.7840937729463], [-4.04433293030483, 40.7871214861973], [-4.04438585993967, 40.7871501219569], [-4.04474874517849, 40.7876152734604], [-4.04516249482529, 40.7883051763976], [-4.04520486835724, 40.7884780630057], [-4.04560950684511, 40.7891074780929], [-4.04702066897364, 40.7902975235303], [-4.04767297612564, 40.7904263720668], [-4.04830617611154, 40.7904562462563], [-4.05047914688488, 40.7905262609661], [-4.05066111951031, 40.7905072999739], [-4.05192943199534, 40.7905137733317], [-4.05206502011107, 40.790582478076], [-4.05239712732905, 40.7906025221748], [-4.0529729159277, 40.7905403094671], [-4.05385271603548, 40.7907124496102], [-4.05546349325629, 40.791174602717], [-4.05807962787925, 40.7918089040172], [-4.05974660663206, 40.7921656198917], [-4.0598980895384, 40.792190757761], [-4.06261123615675, 40.7926414436886], [-4.06597687378817, 40.7931921847538], [-4.06838683390175, 40.7931011139588], [-4.06904054871376, 40.793212195153], [-4.07005745509013, 40.7937973044016], [-4.07009641592231, 40.7938666450264], [-4.07017168254208, 40.7938790865818], [-4.07123681639573, 40.7930529641857], [-4.07219639049402, 40.7923088781432], [-4.07388829636473, 40.7902575093606], [-4.07494344042949, 40.7895360001096], [-4.07554271194542, 40.7892151397033], [-4.07632108686774, 40.788973690824], [-4.07655455092523, 40.7889407234005], [-4.07663539480925, 40.7888782932357], [-4.07850799949431, 40.7828488594573], [-4.07871733727348, 40.782174814389], [-4.07900409774692, 40.7814722974882], [-4.07894165831608, 40.7814357219419], [-4.07954393967406, 40.7801154332976], [-4.07969333279991, 40.7783754242491], [-4.08002614693459, 40.7777056909311], [-4.08059357946189, 40.7768896549663], [-4.08150627092177, 40.7761604092612], [-4.08171440295033, 40.7760436759374], [-4.08360301029985, 40.7745434448025], [-4.08365942013433, 40.7744826716981], [-4.08516670195794, 40.773171303721], [-4.08560207883632, 40.7729526805722], [-4.08582489529626, 40.7728408112583], [-4.08635958086732, 40.7723847979077], [-4.08791682886397, 40.771055469757], [-4.09011535079417, 40.7699987601584], [-4.09287360126722, 40.7683962074997], [-4.09338939971872, 40.7680580120519], [-4.09376155527523, 40.7676310923316], [-4.09438649999331, 40.7667243312137], [-4.09490405197114, 40.76649421265], [-4.09519784174803, 40.7662341234156], [-4.09605473769393, 40.7653397900859], [-4.09624917531118, 40.7651853639842], [-4.09664411640982, 40.7641631554952], [-4.09437078791963, 40.761162378824], [-4.09421251976782, 40.7605631141811], [-4.0941371529121, 40.7602491766532], [-4.09413940678515, 40.7602283998023], [-4.09415926134957, 40.7600436308153], [-4.09415883079652, 40.7596611171749], [-4.09401434688183, 40.7592036231569], [-4.09398670604114, 40.7589629112753], [-4.09407013859193, 40.7582455928914], [-4.0940905438236, 40.7580702324139], [-4.09408768807933, 40.75727584086], [-4.09425183355349, 40.7570922863087], [-4.09431877759488, 40.7567949381869], [-4.09432564371324, 40.7564583039697], [-4.09433238017957, 40.7559901845118], [-4.09430948212296, 40.7557047739917], [-4.09427116667398, 40.7554041587012], [-4.09421849379718, 40.7549913988719], [-4.0945831430945, 40.754038091038], [-4.09557765522518, 40.7514387734716], [-4.09606712907547, 40.7501600025068], [-4.09694475364054, 40.7477019460832], [-4.09696068648488, 40.7476578787519], [-4.10025423712752, 40.7473488490931], [-4.10411176645092, 40.7469870722938], [-4.10424745302826, 40.7469116307978], [-4.10489846875594, 40.7466061178751], [-4.10876767639593, 40.7447901691565], [-4.11064957639114, 40.7439067053959], [-4.11077469536275, 40.7437962745271], [-4.11790898910311, 40.7375118179], [-4.1192775041665, 40.736306102873], [-4.12078298637522, 40.7356736014601], [-4.12113293306332, 40.7348212084569], [-4.1211842601753, 40.7347756207581], [-4.12165883936453, 40.7341224049481], [-4.12211280071305, 40.7329474635992], [-4.12330583058272, 40.7320620435269], [-4.12420237095765, 40.7311524742668], [-4.12477070530726, 40.730444281784], [-4.12519649416815, 40.7297104510419], [-4.12538756445471, 40.7291657392306], [-4.12553606574241, 40.7290213754579], [-4.12598179248984, 40.7271224480748], [-4.12597896852536, 40.7270774308208], [-4.12594302755116, 40.7264911118527], [-4.12573345087338, 40.7243912861511], [-4.12620529995953, 40.7243717262494], [-4.1266936439109, 40.7243514801009], [-4.12745130727605, 40.724320670052], [-4.12797808404688, 40.7242247696968], [-4.1282342860642, 40.7241593956608], [-4.12854286349783, 40.7241004503588], [-4.12886665504992, 40.7240359141354], [-4.1293127837649, 40.7238536337819], [-4.12953192038513, 40.7237709767803], [-4.1296681768158, 40.7237105255601], [-4.12982707547209, 40.7236323987468], [-4.1301244249653, 40.7233972939718], [-4.13032292569363, 40.7232291289474], [-4.13052110281205, 40.723077779029], [-4.13061375526686, 40.7229483223853], [-4.13093172923306, 40.7224518780267], [-4.13119404088927, 40.7221025405216], [-4.1314187199569, 40.7217638901533], [-4.1322481312302, 40.7204836025359], [-4.13227447612251, 40.7204427388551], [-4.13485100785074, 40.7187606312684], [-4.13517782034101, 40.718390574341], [-4.13535354518362, 40.7182635027344], [-4.13598625828263, 40.7177650557435], [-4.13611695305144, 40.717618912271], [-4.13625247668814, 40.7172335945492], [-4.13630254177421, 40.7170011350018], [-4.13635876189923, 40.716826043474], [-4.13647550863415, 40.7166169048483], [-4.13654596709512, 40.7164756315674], [-4.13688516196328, 40.716036262721], [-4.13707204493934, 40.7157143618621], [-4.13726626242014, 40.7153870193416], [-4.13729438764855, 40.7153439522393], [-4.13739558021614, 40.7152223307707], [-4.13814703262938, 40.7141609207243], [-4.13846863668762, 40.713494651047], [-4.13860574278722, 40.7132686589865], [-4.13909235315906, 40.7126652033575], [-4.13936646598317, 40.7120769569765], [-4.13946963112004, 40.7117726185255], [-4.1402252144698, 40.7103924986848], [-4.14029086767469, 40.7102724885111], [-4.14030077360749, 40.7101592223336], [-4.14034493165189, 40.7098412719471], [-4.14047676650623, 40.7089390941916], [-4.140665828736, 40.7084978769537], [-4.14116309628382, 40.7071458273579], [-4.14152533859647, 40.7064695625236], [-4.14158251882694, 40.7052133132625], [-4.14201511356413, 40.7037640302181], [-4.14210341705821, 40.7028957102692], [-4.14272726917528, 40.7016030193192], [-4.14344144076375, 40.7006541006116], [-4.14352598375225, 40.7005707381033], [-4.14374887442491, 40.7002462382242], [-4.14427816649584, 40.6995427451155], [-4.14430331662888, 40.6995024801635], [-4.14466264184419, 40.6992133069185], [-4.14519208551648, 40.6979062959428], [-4.14493417372926, 40.6967347092632], [-4.14438255163019, 40.6958602047609], [-4.14476466634794, 40.6954538134269], [-4.14497711962725, 40.6952681593014], [-4.14526363876753, 40.6950232150939], [-4.14623227981824, 40.6944351383298], [-4.14641526215004, 40.6943614609178], [-4.15067993490965, 40.6927376240994], [-4.15253425618375, 40.6925458162531], [-4.15342884350793, 40.6926053523111], [-4.15470157640793, 40.6927812425152], [-4.15543877996717, 40.6924439317394], [-4.15650978436262, 40.6922682396345], [-4.15677224718281, 40.6921879201766], [-4.15709968579879, 40.6921304898595], [-4.15854616882132, 40.6912433786364], [-4.15909609911784, 40.6908364193766], [-4.16027679320158, 40.6898651588285], [-4.16034395863391, 40.6898097260923], [-4.16035659126815, 40.6897962303816], [-4.16185168947227, 40.6891066850097], [-4.1625892878051, 40.6886883783951], [-4.16277227552681, 40.6885907450367], [-4.16304577234497, 40.6884415484887], [-4.16312942987698, 40.6883821507129], [-4.16334000656493, 40.6882629190152], [-4.16594141352667, 40.6861016722288], [-4.16673108450857, 40.6854843616745], [-4.16685752957134, 40.6854069264424], [-4.16714467605191, 40.6852386838603], [-4.167349293409, 40.6850810675147], [-4.16751624510589, 40.6849456240735], [-4.16762360565911, 40.6847817581015], [-4.16774632900164, 40.6846006733022], [-4.16795875810846, 40.6844260628444], [-4.16816402646394, 40.6842397900597], [-4.16830803813328, 40.6841217858847], [-4.16843760417236, 40.6839748379896], [-4.16859760580255, 40.6837998144419], [-4.16875689686537, 40.6836702735186], [-4.16884870738235, 40.6835458305333], [-4.16891946875259, 40.6833470630124], [-4.16900866125317, 40.683033679235], [-4.1700323801361, 40.681835318657], [-4.17053760569456, 40.6813544381215], [-4.17057636288657, 40.6813292718902], [-4.17079550302842, 40.6811890281229], [-4.17107478296204, 40.6810434893974], [-4.17132445642923, 40.6808864630229], [-4.1714831700774, 40.6807851965417], [-4.17160453183711, 40.6806837458966], [-4.17174858769711, 40.6805655349056], [-4.17186269439945, 40.6804526638576], [-4.1719775017877, 40.6802942922742], [-4.17203230800318, 40.6801467139866], [-4.17209719030329, 40.6798454630655], [-4.17223040330274, 40.6794708226735], [-4.1723260279312, 40.6791247152447], [-4.17249099762648, 40.6786422135932], [-4.17263961021777, 40.6782392648422], [-4.17276491586006, 40.6778990488143], [-4.17301794397636, 40.6775254423084], [-4.17316434426299, 40.6772646992584], [-4.17330462517773, 40.6769186796158], [-4.17341417382833, 40.6766235942905], [-4.17346364494935, 40.6763451133127], [-4.17345426024958, 40.6760034559594], [-4.17346683126958, 40.6756904743506], [-4.17341357465204, 40.6752858068522], [-4.17341815875493, 40.675001215846], [-4.17338646170014, 40.6747316442905], [-4.17358080682196, 40.6736467159497], [-4.17358520227866, 40.6733679186706], [-4.17358713584411, 40.6733577491808], [-4.17362041713611, 40.6731470922479], [-4.17368212015734, 40.6730392352605], [-4.17374434523602, 40.6728978454047], [-4.17376228537398, 40.672709989125], [-4.17378794686423, 40.6725167945239], [-4.17377539089564, 40.6723628822928], [-4.17373360611425, 40.6721800926394], [-4.17372842199927, 40.6720320687128], [-4.17374641301152, 40.6718562207427], [-4.17377927880421, 40.6716626885962], [-4.17379628529565, 40.6715376022694], [-4.1737982586306, 40.6714182200416], [-4.17375504405448, 40.6713152043022], [-4.17370405927218, 40.6712293810135], [-4.17367516323002, 40.6711666714601], [-4.17363177216355, 40.6710747758005], [-4.17362169454041, 40.6710619413759], [-4.17362570641648, 40.6708085555275], [-4.1737749690436, 40.6694788213274], [-4.17380109947032, 40.6694087400271], [-4.17379744723081, 40.6692779330795], [-4.17380985026997, 40.6691671292413], [-4.17377554989746, 40.6682831863949], [-4.1738203210329, 40.6682245812408], [-4.17393479784114, 40.66808325574], [-4.17394470895365, 40.6679353042847], [-4.17390959830077, 40.6677926965086], [-4.1737852849402, 40.6676151291472], [-4.1737723797428, 40.6674897676763], [-4.17379665312011, 40.6673761549561], [-4.17386768470626, 40.6671490372743], [-4.17393039805732, 40.6669785165984], [-4.17395527361307, 40.6668369432511], [-4.17395269677318, 40.6666645985978], [-4.17073341506927, 40.6648962253232], [-4.16957750158921, 40.6641015724783], [-4.16909872289896, 40.6634879614978], [-4.16899205784044, 40.6613784326966], [-4.16918192126733, 40.6594997521996], [-4.16883227450085, 40.6582176101807], [-4.1687705643126, 40.6569937296705], [-4.16859481436286, 40.6567089260719], [-4.16865817740554, 40.6557576151996], [-4.16752533805189, 40.6539841317241], [-4.16672645130741, 40.6527331175149], [-4.16731821888671, 40.6515769409748], [-4.16884543845022, 40.6503976277808], [-4.16924308845333, 40.6500901890796], [-4.16931061481325, 40.6494693466772], [-4.16829977206505, 40.6482220454239], [-4.16808276233408, 40.6479088650676], [-4.16806368492693, 40.6479125091189], [-4.16795845225942, 40.6477322046438], [-4.16754922564889, 40.6466463143625], [-4.16749501872388, 40.6462504882242], [-4.16790196871803, 40.6438140755796], [-4.16809450479335, 40.6433256684274], [-4.16857082167393, 40.6428343892674], [-4.16897964362843, 40.6425419787124], [-4.16999844469951, 40.6419641236506], [-4.17017344733025, 40.6418272225754], [-4.17057761575794, 40.6412624484635], [-4.17069294272148, 40.6411012757223], [-4.17130955199652, 40.6398428390958], [-4.17140746287411, 40.6393553860712], [-4.17167021507847, 40.6388422077061], [-4.17175051997327, 40.6386853474088], [-4.17180727014303, 40.6384389695484], [-4.17190443012754, 40.6380171696202], [-4.17166982520963, 40.6374520092998], [-4.17113654123953, 40.6367096976557], [-4.1707911604163, 40.6358933575217], [-4.17078861295018, 40.635827210978], [-4.170725977917, 40.634191471793], [-4.17284404096526, 40.6315665094102], [-4.17301645391405, 40.6311187773319], [-4.17311549387783, 40.6308610879634], [-4.17311706952284, 40.6302755036987], [-4.17300343533434, 40.6298622669179], [-4.17248262806522, 40.6291559043542], [-4.1697632408506, 40.6271295148558], [-4.16908124652989, 40.6262929524902], [-4.1689604312699, 40.6261449716978], [-4.16877247634732, 40.6259144659853], [-4.16635859358446, 40.6258036835326], [-4.16485789502026, 40.6258548261382], [-4.16357034062185, 40.6257351303849], [-4.16302228475521, 40.625684197683], [-4.16298022268998, 40.6256265558244], [-4.1614176597656, 40.6234920557886], [-4.16615465715033, 40.6212381501001], [-4.17384946238071, 40.617576396992], [-4.17649839203265, 40.616315620119], [-4.18024245155924, 40.6156397025203], [-4.18663668220947, 40.6146509091602], [-4.18762531051902, 40.614359263488], [-4.18805317869258, 40.6142446517672], [-4.19066851432223, 40.6138624418419], [-4.19292800934732, 40.6132896024055], [-4.19475002510715, 40.6127124039059], [-4.20542702956997, 40.6087457590609], [-4.20979212319858, 40.6071236531682], [-4.21106162145977, 40.6067320452046], [-4.2152016980668, 40.6049316674203], [-4.21618254453634, 40.6049213424137], [-4.21798696842109, 40.6053527532624], [-4.2191139181896, 40.6049264694367], [-4.22046702127756, 40.6045878702951], [-4.22167551471487, 40.6040976399492], [-4.22561062677087, 40.6034073307614], [-4.22774639188863, 40.6032134830408], [-4.23741495436757, 40.6025880504486], [-4.24244498995262, 40.6023178869055], [-4.24410051046109, 40.6023631110073], [-4.24477410049879, 40.6024353363724], [-4.24875074553051, 40.6028616039819], [-4.25141208361147, 40.6031840465514], [-4.25724783508188, 40.6038808302141], [-4.25862789594844, 40.6043409974737], [-4.25868034089719, 40.6043563765328], [-4.26112336622496, 40.6050716154025], [-4.26207833434204, 40.6055462974579], [-4.26269286643802, 40.6061701685747], [-4.26386885367142, 40.6077338132354], [-4.2652332257047, 40.6098809103769], [-4.2666692779078, 40.6126938879962], [-4.26721877339323, 40.6142493116604], [-4.26750135683824, 40.6150496561586], [-4.26936715006218, 40.6203306623366], [-4.27038092364241, 40.6218323774685], [-4.2709363060898, 40.6226556101984], [-4.27118893568757, 40.6235086357425], [-4.27118576191629, 40.6236505702862], [-4.27115715759368, 40.6249503432801], [-4.27142863492807, 40.6255789347335], [-4.27192387715498, 40.6267255801394], [-4.272152961813, 40.6288398341719], [-4.27244166148072, 40.6290978763744], [-4.27278500871812, 40.6292091882428], [-4.27311850642123, 40.6293175546964], [-4.27317761857671, 40.6293366089862], [-4.27344111685597, 40.6293584766723], [-4.27365070772323, 40.6293240723618], [-4.27384511921204, 40.6293009011342], [-4.27418191288339, 40.6292946009346], [-4.27455615192909, 40.6292939034879], [-4.27501291173665, 40.6293557705892], [-4.27539475972239, 40.6294804874498], [-4.27576919376962, 40.6296218641905], [-4.27639073721639, 40.6297744145543], [-4.27678763087522, 40.6298989347005], [-4.27713220943601, 40.630046271716], [-4.27736459356089, 40.6301996604499], [-4.27746477357915, 40.6302407794047], [-4.27946918363909, 40.6305428918803], [-4.28030559617185, 40.6303804769263], [-4.28164430500782, 40.629897185344], [-4.28345871870276, 40.6291457426096], [-4.28357757749295, 40.6290663091431], [-4.28361181272888, 40.6290437360165], [-4.28382839251017, 40.6288722939476], [-4.28404919602014, 40.6288648969729], [-4.28735254696921, 40.6287526700932], [-4.28755533733397, 40.6287455315855], [-4.28995151271647, 40.6280007359825], [-4.28996965577977, 40.6279952308654], [-4.2906892144072, 40.6277715932457], [-4.29057691873787, 40.6276863337145], [-4.29029966178088, 40.6276015464762], [-4.28992538683748, 40.6275455370581], [-4.28969630472703, 40.6275070894216], [-4.28958844041761, 40.6274890869052], [-4.28931896994994, 40.6273873420945], [-4.28915379056738, 40.6272110205323], [-4.28907117704501, 40.6270292067146], [-4.28906579699203, 40.6269024401586], [-4.28906321253898, 40.6268411437597], [-4.28911530392343, 40.6266531734132], [-4.28918979599736, 40.6264535923436], [-4.28931644582092, 40.6262486060488], [-4.28938331641069, 40.6260264679933], [-4.28934541199726, 40.6257817342879], [-4.28923283841983, 40.6255601468724], [-4.28909769257453, 40.6254235575654], [-4.28897777715735, 40.6253040006728], [-4.2888503163082, 40.6252190967219], [-4.28873788676051, 40.6251396360852], [-4.28872600408165, 40.6251227001414], [-4.28853193044819, 40.6248484183395], [-4.28859411971532, 40.6247007736137], [-4.28870849977631, 40.6245773197102], [-4.28873831974847, 40.6245470907783], [-4.28886046188102, 40.6244250731442], [-4.28893095088473, 40.6242324687823], [-4.28894103584028, 40.6240848884385], [-4.28885555234071, 40.6238279749518], [-4.28875383519795, 40.6236106546536], [-4.2887326424081, 40.6235652857597], [-4.28861692339372, 40.6233306676681], [-4.28854629766998, 40.6230743954525], [-4.28852797388932, 40.6228356309335], [-4.28856023952317, 40.622682173908], [-4.28871224884231, 40.6225358911356], [-4.2887639387046, 40.622483356089], [-4.28883393732562, 40.6224119913683], [-4.28886696068413, 40.6222305318766], [-4.28892277439332, 40.6220204617577], [-4.28897150608923, 40.6217879494589], [-4.2891102159879, 40.6215391506616], [-4.28921010881932, 40.6213810303098], [-4.28923569576681, 40.6211938186778], [-4.28923843424483, 40.6210288203034], [-4.28913091317203, 40.6207376477257], [-4.28902225115863, 40.6205261930647], [-4.28896568293055, 40.6203320187513], [-4.28892447162048, 40.6201100818527], [-4.28895770720548, 40.6199114831449], [-4.28908687506186, 40.6197876651064], [-4.28925301013004, 40.6196925871302], [-4.28937455783665, 40.6195744666363], [-4.28948993835008, 40.6193822983198], [-4.28953081528877, 40.6191723326625], [-4.28951227903016, 40.6189391729406], [-4.28938820850643, 40.6187502541321], [-4.28926455270681, 40.6185444396431], [-4.28910372378683, 40.6183266533255], [-4.28895014093823, 40.6181206095285], [-4.28882586236955, 40.6179371755796], [-4.28872398121885, 40.6177712397244], [-4.28870497407176, 40.6177241572914], [-4.28862347191045, 40.6175201237525], [-4.28855161511982, 40.6173373776758], [-4.2885403804672, 40.6171098655648], [-4.28859586041914, 40.6169227586644], [-4.28872513459104, 40.6167932430334], [-4.28876111360049, 40.6167581946596], [-4.28889236734496, 40.6166300748363], [-4.28910455929655, 40.616461626707], [-4.28920417114172, 40.6163262110505], [-4.28925882250932, 40.6161904735906], [-4.28925462201104, 40.6159912076897], [-4.28921350338094, 40.6157519713343], [-4.28913375549782, 40.6156035029386], [-4.28906271682858, 40.6153864031217], [-4.2889908612871, 40.6152036572357], [-4.2889512070676, 40.6151202082956], [-4.2889042325557, 40.6150210761879], [-4.28880214464575, 40.6148606257952], [-4.28869440593716, 40.614598329818], [-4.28865217336811, 40.6144383373657], [-4.28868529944449, 40.6142397809015], [-4.28876285633216, 40.6140644572006], [-4.28889374715724, 40.6138383207387], [-4.28900977598117, 40.6136123214448], [-4.28911053309318, 40.6133913100061], [-4.28915891545608, 40.6131814046237], [-4.28919333350787, 40.6129088384889], [-4.28918164013782, 40.612709715035], [-4.28917747997306, 40.612516480562], [-4.28913526281464, 40.612351060418], [-4.2890926898567, 40.6122141610267], [-4.28908783895417, 40.6120548861596], [-4.28909851535408, 40.6118676244418], [-4.28916141196247, 40.6116805590885], [-4.28923967939003, 40.6114651005567], [-4.28930902366348, 40.6113461598688], [-4.28936367102329, 40.6112104223099], [-4.28946475081902, 40.6109728206943], [-4.28955812705823, 40.6107572632165], [-4.28974914812362, 40.6105035905674], [-4.28995164006674, 40.6102937559028], [-4.28997757081598, 40.6102672458985], [-4.29021331391912, 40.6100192371228], [-4.29038139776547, 40.6098106203746], [-4.29047469761566, 40.6095839941009], [-4.29044907586715, 40.6093278719539], [-4.2903715323935, 40.6090428447806], [-4.29031529246681, 40.6088261741863], [-4.29029149721126, 40.6086320747145], [-4.29028233777063, 40.6085586389671], [-4.29028565165569, 40.6083596628149], [-4.29021621689811, 40.608040606988], [-4.29011590240636, 40.607772357033], [-4.28995535549877, 40.6075319123083], [-4.28974343843166, 40.6072341603862], [-4.28952367098729, 40.6069590261547], [-4.28932541010916, 40.6067409718539], [-4.28912624822077, 40.6065740871666], [-4.28889625551132, 40.6064749175314], [-4.28867954713273, 40.6064615710875], [-4.28850028057123, 40.6064484759862], [-4.28823967571404, 40.6063832822849], [-4.28796544315639, 40.6062443249307], [-4.28768314873427, 40.6061218630333], [-4.28734117537698, 40.6060047399042], [-4.2869757857637, 40.6059496319572], [-4.28665472775264, 40.6059182945091], [-4.2862284548642, 40.6059253020649], [-4.28578719623614, 40.6059324679363], [-4.28537484228175, 40.6060023699446], [-4.28500012801731, 40.6060438644017], [-4.28471603041883, 40.6060410115816], [-4.28444780665393, 40.6059873479576], [-4.28421855688921, 40.6058313115818], [-4.28395867798969, 40.6057321034821], [-4.28363802545069, 40.6056720454704], [-4.28330409169291, 40.6055151235274], [-4.28314196742409, 40.6053825295862], [-4.28297298467076, 40.6051991695764], [-4.2828254666146, 40.6050725058883], [-4.28264787058123, 40.6049626955248], [-4.28247652802112, 40.6049271091977], [-4.2822007242671, 40.604872903497], [-4.28197613207572, 40.604893252836], [-4.28165383710865, 40.6049356686535], [-4.28144449386618, 40.6049447587791], [-4.28127322541434, 40.6048920101529], [-4.2810664556938, 40.6047364164101], [-4.28075611201765, 40.6046542899557], [-4.28048564276033, 40.604594116204], [-4.28016561166898, 40.6045113320485], [-4.27995034014625, 40.604418002723], [-4.27983207890449, 40.6043371107154], [-4.27977032046197, 40.6042944416582], [-4.27964380470572, 40.6042648768329], [-4.27944963106434, 40.6042512633215], [-4.27923276596026, 40.6042485984448], [-4.27902404696217, 40.6042068003883], [-4.27889033542707, 40.6041598145056], [-4.27876746925239, 40.6039365697294], [-4.27869703684253, 40.6037082274186], [-4.27866335271434, 40.603514367731], [-4.27857625845816, 40.6032908318253], [-4.27857803701687, 40.6029351314952], [-4.27858037285126, 40.602518306247], [-4.2786922497204, 40.6021781385289], [-4.27868346051302, 40.6020746216315], [-4.27872564189614, 40.6018192255029], [-4.27873084836725, 40.6015572333933], [-4.27876570046961, 40.6012904232438], [-4.27878672553881, 40.6009719779313], [-4.27891060623696, 40.6007568631741], [-4.27906298443815, 40.6006050749306], [-4.27928350736566, 40.6004139726816], [-4.27952691307842, 40.6002003597657], [-4.2796949627316, 40.6000145435011], [-4.27989250650003, 40.5998569574843], [-4.28008312762052, 40.5996656659202], [-4.28027430764688, 40.5994456531939], [-4.28041993998046, 40.5992539163419], [-4.28055223936392, 40.5989822032896], [-4.28066903369195, 40.5987442426253], [-4.28080688928909, 40.5985695061534], [-4.28096031794638, 40.5983663197838], [-4.28122711958655, 40.5981074563099], [-4.2814028438865, 40.5979101344524], [-4.28149520990082, 40.5977688613005], [-4.28153622967165, 40.5975758308609], [-4.28164541450453, 40.5973436498339], [-4.28173956333619, 40.597111356137], [-4.2818539080921, 40.596998782485], [-4.28199806276475, 40.5968979527151], [-4.28205755257373, 40.5968537606093], [-4.2821495589689, 40.596785916558], [-4.28233985686225, 40.5966171461224], [-4.28255231887205, 40.5964486922687], [-4.28285663990051, 40.5961784348716], [-4.28291793992078, 40.5961394677274], [-4.28308370171604, 40.5960332132004], [-4.28332704121931, 40.5958252546238], [-4.28346472676018, 40.5956672015295], [-4.28347524470137, 40.5955026791218], [-4.28341712131523, 40.5954108265574], [-4.28330941596523, 40.5953091495695], [-4.28323347782337, 40.5952381142516], [-4.28312424078157, 40.5950888091445], [-4.2831346272095, 40.5949297565825], [-4.28322631825057, 40.5948061814693], [-4.28311245769791, 40.5941441711761], [-4.28273328958496, 40.5934725933525], [-4.28273437025827, 40.5934481184657], [-4.28271485593652, 40.5934172082354], [-4.28268975034819, 40.5931663744197], [-4.28266258408729, 40.5930183760556], [-4.28259889263531, 40.5928299042726], [-4.28252186628174, 40.5925556590787], [-4.28238458065968, 40.5923040725838], [-4.28235190084793, 40.592059020937], [-4.2823473143622, 40.5919050421127], [-4.28238633596774, 40.5918203676272], [-4.2825678953681, 40.5917085190595], [-4.282854495673, 40.5915807311683], [-4.28289236415381, 40.591516989592], [-4.28293178402511, 40.5914506325833], [-4.28299436156611, 40.5913033598446], [-4.28297594283635, 40.5910985537433], [-4.28298075394862, 40.590847950592], [-4.28296247384501, 40.5906257555947], [-4.28297380541746, 40.5904211116241], [-4.28303859191573, 40.5901600331062], [-4.28293709928219, 40.5899937512804], [-4.28272197871715, 40.5899060553808], [-4.28249068157619, 40.5898752987047], [-4.28213247925498, 40.5898373401202], [-4.28185644852773, 40.5898059364767], [-4.2817573431829, 40.5897281488054], [-4.28172397901826, 40.5897020565146], [-4.28161436321912, 40.5895698340717], [-4.28146797567636, 40.5893977191488], [-4.28133673956486, 40.5892255229375], [-4.28122064702076, 40.5890365620456], [-4.28114163629386, 40.5888707242025], [-4.28118903889916, 40.5887345991832], [-4.28131831296985, 40.5886277860069], [-4.28155347822342, 40.58844263576], [-4.28184403191702, 40.5882537286321], [-4.28186385693385, 40.5882410626801], [-4.28224277350723, 40.5879776957798], [-4.28256930572311, 40.5877137520737], [-4.2828112498769, 40.5875181562132], [-4.28286274220729, 40.5872552687779], [-4.28283917249777, 40.5864156362773], [-4.28274485827218, 40.5863496828171], [-4.28260495087357, 40.5862345907866], [-4.28250258066044, 40.5861139631098], [-4.28243091944543, 40.585959608673], [-4.28242737428252, 40.5857547038275], [-4.28248394690651, 40.5855219401663], [-4.28258463257286, 40.5853464473609], [-4.28279691572701, 40.5851898185832], [-4.2830085208116, 40.5850666475843], [-4.28319034611333, 40.5849434362858], [-4.28332778234079, 40.5847971171002], [-4.28354953684061, 40.5845373465466], [-4.28374790386313, 40.5843290715761], [-4.28399959523363, 40.5840643290501], [-4.28425053038332, 40.5838505355762], [-4.28453168444443, 40.5836034145032], [-4.28469092621623, 40.5834971200346], [-4.28493867374378, 40.5833226387944], [-4.28516045471633, 40.5831034032611], [-4.28530860378895, 40.5828376918909], [-4.28538901992945, 40.5825828687517], [-4.28535835279642, 40.5822870541315], [-4.2853356441974, 40.5819742602138], [-4.28525162126258, 40.5817231129031], [-4.28525178854732, 40.5813935794224], [-4.28528001252659, 40.5811320176331], [-4.28532436601686, 40.5808257966539], [-4.28535229305429, 40.5805873225203], [-4.2853794006734, 40.5803832025615], [-4.2854830946534, 40.5800886265032], [-4.28554093358128, 40.5798448195863], [-4.28562839049291, 40.5796186463646], [-4.28569485092209, 40.5793236016874], [-4.28579178834814, 40.5790121289286], [-4.28581817523755, 40.5789224229133], [-4.28588062072622, 40.5787117597519], [-4.28595363938575, 40.5784382854845], [-4.28596237909515, 40.5784057350252], [-4.28602389752518, 40.5780028398143], [-4.28609098191122, 40.5776795700608], [-4.28615070603766, 40.5773561906643], [-4.28629577803307, 40.5768917629697], [-4.28641544530701, 40.5765576769883], [-4.2865715141129, 40.5762695488777], [-4.28678886495905, 40.57591953885], [-4.28684643375471, 40.5756869273348], [-4.28685107521922, 40.5754769257782], [-4.28681191496105, 40.5752263559793], [-4.28676573436889, 40.5749586501305], [-4.28676407965463, 40.5747030976936], [-4.28682149421066, 40.5744817485553], [-4.28694725604004, 40.5742046442493], [-4.28709439656423, 40.5739843635864], [-4.2872555041475, 40.5737990189649], [-4.28742524511115, 40.5735620354326], [-4.28764041497791, 40.5733029660924], [-4.28781796968875, 40.5730548377521], [-4.28791329469706, 40.5728114431408], [-4.28800800535046, 40.5725908035667], [-4.28807939021621, 40.5724040863698], [-4.28815743494977, 40.5722571524409], [-4.28831863762751, 40.5720713904442], [-4.28847888629443, 40.5719253503474], [-4.28857546110339, 40.5718412687445], [-4.28868475718211, 40.5717460226048], [-4.28883106947447, 40.5715597147559], [-4.28892397670859, 40.5714184824149], [-4.2889626739907, 40.571331690405], [-4.28898698652175, 40.5712775836418], [-4.28899704263515, 40.5711581039052], [-4.28901405133672, 40.5710673418799], [-4.28898719167222, 40.5709420126792], [-4.28895963902361, 40.5708336544505], [-4.28894444304896, 40.5708113026365], [-4.28885830592435, 40.5706847612448], [-4.28872667874117, 40.5705637450643], [-4.28859498905332, 40.5704316705789], [-4.28852939317297, 40.5703570551121], [-4.288418336251, 40.5699806315461], [-4.28849741858576, 40.569793819008], [-4.28862140940415, 40.5695963503606], [-4.28864762909506, 40.5695607359698], [-4.28874480199156, 40.5694272343868], [-4.28886823320654, 40.5692580961495], [-4.28892442103093, 40.5690881754768], [-4.28892337718857, 40.5688039354921], [-4.28890753270359, 40.5685138796878], [-4.28882275869024, 40.5682969385349], [-4.28874670639484, 40.5680287386546], [-4.288686697292, 40.5677101673306], [-4.28867603865151, 40.5675165157272], [-4.28871599295191, 40.5674091797805], [-4.28883899933227, 40.5672511838068], [-4.2889759682299, 40.5671444676675], [-4.28911381010921, 40.5669982293755], [-4.28921439900128, 40.566846124152], [-4.28930726419536, 40.5667106114176], [-4.2894460746257, 40.5665187560714], [-4.28951678090909, 40.5663663452274], [-4.28951380466853, 40.5663355765943], [-4.28949845617559, 40.5661842170888], [-4.28945125849115, 40.5659618564663], [-4.28939102485415, 40.5656486807874], [-4.28931720489733, 40.5652783738752], [-4.28933163902733, 40.5649715793522], [-4.28933899892445, 40.5646476347521], [-4.28931466032337, 40.564403210649], [-4.28929543602307, 40.5642606266647], [-4.28924587589501, 40.564146671258], [-4.28949410743131, 40.5639974403696], [-4.28989728764303, 40.5637559717513], [-4.2903728610018, 40.5635450975111], [-4.29086405800253, 40.5633061670757], [-4.29153531511207, 40.5630350003052], [-4.29197955717624, 40.5628866293923], [-4.29244506774973, 40.5627895271586], [-4.29282082674488, 40.5626970797448], [-4.29308367042887, 40.5626432591525], [-4.29369976177505, 40.5626187185786], [-4.29432732844189, 40.5626653646238], [-4.29496996970535, 40.5626443075795], [-4.29535789188943, 40.5626601021084], [-4.29556028442338, 40.5626684335314], [-4.29605369432152, 40.5626240490017], [-4.29647242499412, 40.562573744153], [-4.29708534589259, 40.5625351714051], [-4.29754201423137, 40.5623939498447], [-4.29808131882787, 40.5621447907142], [-4.29861266243694, 40.5618981817721], [-4.2989263216157, 40.5618249279546], [-4.29960586989724, 40.5615380189666], [-4.30002867979853, 40.5612793323296], [-4.30065629736899, 40.5608954642523], [-4.30185198524491, 40.5604136816614], [-4.30484645453442, 40.5589024899974], [-4.30553049712317, 40.5588497181308], [-4.30555761964519, 40.5588525526081], [-4.30566861458335, 40.5587872565369], [-4.306170749471, 40.5584981442005], [-4.30667882401926, 40.5585049062941], [-4.3072392209413, 40.5585117960124], [-4.30790522358794, 40.558331324759], [-4.30842172006216, 40.5581444710079], [-4.30900594839036, 40.5578783020508], [-4.309552698292, 40.5576572864082], [-4.31015892707437, 40.5574312433824], [-4.31065326817856, 40.5572103849219], [-4.31105029861559, 40.5570406662314], [-4.31125230523422, 40.5569612707573], [-4.31134357835666, 40.5566544732579], [-4.31148030714658, 40.5562278293749], [-4.31160962361322, 40.5557615388485], [-4.31181336601121, 40.5553807483325], [-4.31203925387341, 40.5550627553932], [-4.31221237783019, 40.5548181206449], [-4.31235533848674, 40.5545910229048], [-4.31246872743517, 40.5543352429546], [-4.31263667319799, 40.5540543282865], [-4.31324948648626, 40.5540206051042], [-4.31376530577547, 40.5539587315978], [-4.31461013949428, 40.5538230876817], [-4.31523071562665, 40.5537213462567], [-4.31573934356872, 40.553591123222], [-4.3162704445834, 40.5534212294042], [-4.31685395133775, 40.5532512987849], [-4.31724325430566, 40.5530359921524], [-4.31762518832006, 40.552809115516], [-4.3179997003643, 40.5525991867124], [-4.31833660800126, 40.5523892712761], [-4.31865115330773, 40.5522022062583], [-4.31904072262626, 40.5519527634598], [-4.31940016945559, 40.5517256964946], [-4.31985688106523, 40.5514648079986], [-4.32032123150936, 40.551192675855], [-4.3207630755966, 40.5509145526993], [-4.32127213187958, 40.5506367340676], [-4.32170644992911, 40.5504099807324], [-4.32197588589117, 40.550279651626], [-4.32237235430362, 40.5501320956743], [-4.32278383660265, 40.5499961521356], [-4.32317298141601, 40.549859997396], [-4.3234722227914, 40.5497183701712], [-4.32370449896745, 40.5495825249402], [-4.32390669477518, 40.5494233832905], [-4.32404931768088, 40.5492700297618], [-4.32416936755415, 40.5491054534646], [-4.32426718959701, 40.5489351150839], [-4.32431261021442, 40.5487704260464], [-4.32433560916356, 40.5486282657259], [-4.32432841517352, 40.548537467417], [-4.32430679979761, 40.5483273719827], [-4.32418838431846, 40.5480489007539], [-4.3240990224822, 40.5476715651386], [-4.3240927223958, 40.5476453977992], [-4.32401228203611, 40.5472024245674], [-4.32391677387268, 40.5467532924076], [-4.32381361583702, 40.5463668832796], [-4.32368787812314, 40.5460772555693], [-4.32361440993118, 40.5457133576486], [-4.32359350957366, 40.5453328774148], [-4.32360227459002, 40.544963444344], [-4.32366306089035, 40.5447022007191], [-4.32380593074976, 40.5444580430241], [-4.32398610943955, 40.5442196014976], [-4.32415157704526, 40.5439695653995], [-4.3241901495172, 40.5436234191664], [-4.32428144226733, 40.5431802172031], [-4.32434261631979, 40.5428396143382], [-4.3243885160593, 40.5425269779115], [-4.32435982330615, 40.5422144470103], [-4.32434566462362, 40.5419815838938], [-4.32432390890735, 40.5418336832608], [-4.32431485210491, 40.5416361613894], [-4.32421164978181, 40.5413800368774], [-4.32408600703448, 40.5411461278784], [-4.32400516370714, 40.5409010076069], [-4.32394677483641, 40.540690538181], [-4.32397050773232, 40.5404340846773], [-4.3240690068723, 40.5402066701715], [-4.32421991845012, 40.5399564782898], [-4.32437111515921, 40.5396778392901], [-4.32456002899331, 40.539302380311], [-4.32471869363859, 40.5390124456953], [-4.32490798190171, 40.5386086706889], [-4.32500645002855, 40.5383812007041], [-4.32514967788977, 40.5381594106155], [-4.32529996561118, 40.5380059576139], [-4.32547250682441, 40.5378868036421], [-4.32571263274909, 40.5377222288752], [-4.32604258758519, 40.5375122865565], [-4.32636530375776, 40.5372682009637], [-4.32662075587847, 40.5370296293897], [-4.32684671732627, 40.5367396602551], [-4.32697537482003, 40.5364439877018], [-4.32703620873107, 40.5362619269932], [-4.32713438517665, 40.5360967464184], [-4.32729223710409, 40.5359434761074], [-4.32739755335916, 40.5358015529833], [-4.32751833436548, 40.5356024932346], [-4.32766206588783, 40.5352897113489], [-4.32781362681276, 40.5349538596528], [-4.32805511988195, 40.5345333105715], [-4.32822104933499, 40.5342662127031], [-4.32825484163425, 40.5341650406135], [-4.32829698686902, 40.5340384358205], [-4.32829825093425, 40.5338222151745], [-4.32825423172988, 40.5336796814185], [-4.32768730675067, 40.5335189707647], [-4.32723237473797, 40.5333699237317], [-4.32673266260669, 40.5332207603003], [-4.32631474811765, 40.5331344512677], [-4.32600878847263, 40.5330711227102], [-4.32566558889816, 40.5329960755165], [-4.325396861491, 40.5329444367541], [-4.32513581149944, 40.5328867308234], [-4.32484464283134, 40.5328236502011], [-4.32468057222774, 40.532777655114], [-4.32450901157993, 40.5327203985271], [-4.32439724143606, 40.5326857502614], [-4.32417324917448, 40.5326399314921], [-4.32387472283591, 40.532582305164], [-4.32353895212898, 40.5325131623386], [-4.32292693589103, 40.5323867324142], [-4.32245693709692, 40.5322772538742], [-4.32166858626227, 40.5322590101872], [-4.3210972316904, 40.5322457299045], [-4.32062073174639, 40.5319829574704], [-4.32049495890311, 40.5317546580056], [-4.32039151406558, 40.5315835688628], [-4.32033995100759, 40.5314297586364], [-4.32033380633231, 40.5312188172058], [-4.32024523444066, 40.53102529953], [-4.32019423588706, 40.5308375468378], [-4.32014342208129, 40.5305581355487], [-4.32013029522057, 40.5302679206491], [-4.32016924595079, 40.5299774864462], [-4.32012627108408, 40.5296869120263], [-4.3201581590215, 40.5293566077043], [-4.3202117661489, 40.5291178302769], [-4.32030309795953, 40.5288273852875], [-4.32044727542951, 40.5284578770365], [-4.32063647859468, 40.5280484019074], [-4.32084078872793, 40.527604728821], [-4.32100700433548, 40.5273036417159], [-4.32111252457073, 40.5271723734442], [-4.32119605176154, 40.5269109255462], [-4.32118257427368, 40.5267003098874], [-4.32109391387152, 40.5265065126997], [-4.32099020281419, 40.5263467614798], [-4.32088686458975, 40.5261643010039], [-4.3208130439083, 40.5259934184612], [-4.3208290369674, 40.5258111673811], [-4.32088250109985, 40.5256176992143], [-4.32094361079367, 40.5253843883006], [-4.32096771349106, 40.5251054663711], [-4.32096176484724, 40.5248492119152], [-4.32106064241056, 40.524559069477], [-4.3211290464245, 40.5243485855143], [-4.32126489145841, 40.524121135767], [-4.32134084940558, 40.523916306399], [-4.32136437145914, 40.5237282063599], [-4.32138784681965, 40.5235522700294], [-4.32143356632267, 40.5233984161484], [-4.3214498887114, 40.5231536044877], [-4.32143619748814, 40.5229486157903], [-4.3213482229663, 40.5226805773464], [-4.321267424631, 40.5224360168005], [-4.32122395157992, 40.5222135508749], [-4.32120293465327, 40.5219687644888], [-4.32124189099386, 40.5216955370834], [-4.32122846387531, 40.5214449803987], [-4.32120038523447, 40.5211374312358], [-4.321201248227, 40.5210010263372], [-4.32116199752744, 40.5207261837131], [-4.32115361065759, 40.5205100387122], [-4.32112293211227, 40.5203566800727], [-4.32101766765619, 40.5202373935021], [-4.32096478618456, 40.5201180709705], [-4.32090418745975, 40.5199250786232], [-4.32090315696148, 40.5197542944381], [-4.32096928878881, 40.5195206358346], [-4.32107285321024, 40.5193268676569], [-4.32116902652088, 40.5191157795703], [-4.32120532501223, 40.5189166119406], [-4.32120436283902, 40.5187173073487], [-4.32115133575067, 40.51855294346], [-4.32109824858332, 40.5184164195129], [-4.32109769342448, 40.5182969254516], [-4.32111156307787, 40.5180866393701], [-4.32117795250522, 40.5179096904599], [-4.32128180493856, 40.5177727104415], [-4.3214974374377, 40.5175613201236], [-4.32172819171493, 40.5173842343773], [-4.32198122333734, 40.5172122917016], [-4.32203286178426, 40.5171763656417], [-4.32221954416968, 40.517046419654], [-4.32242039530669, 40.5168861847847], [-4.32254656099341, 40.5167149449823], [-4.32265039276551, 40.5165722854464], [-4.32280680722679, 40.5164462549078], [-4.32291085119732, 40.5163664147815], [-4.32297029256137, 40.5162811018574], [-4.32297724927321, 40.516201138952], [-4.32296210836531, 40.5161274860369], [-4.32294635171901, 40.5159964424552], [-4.32285585813223, 40.5158261339363], [-4.32277281786738, 40.5156500597328], [-4.32273444363507, 40.5154453765779], [-4.32271122999174, 40.5152807331102], [-4.32275506086916, 40.5150868621613], [-4.3227847268331, 40.5150181866193], [-4.32282891765685, 40.5149158567897], [-4.32293306108576, 40.5148187537724], [-4.32307460059886, 40.5147498384498], [-4.3232313182429, 40.5146982262819], [-4.32336513193142, 40.5145950396499], [-4.32341708731151, 40.5145035393518], [-4.32347614247851, 40.5143553467601], [-4.32347544684495, 40.5142361464357], [-4.32349726351765, 40.5141163763949], [-4.32355659795278, 40.5140366793684], [-4.32356372518625, 40.5139626867296], [-4.32351826199396, 40.5138149101165], [-4.32353224035716, 40.5136441492395], [-4.32361369577055, 40.5135015913172], [-4.32358330527675, 40.5133710534882], [-4.32360503949248, 40.5132570706653], [-4.32368667363843, 40.5131317038732], [-4.3238131140199, 40.5130339756038], [-4.32397704382339, 40.5129482044671], [-4.32413342955291, 40.512867922961], [-4.32431246266732, 40.5128047267973], [-4.32446129695452, 40.5127016737922], [-4.32460998940439, 40.5125644055533], [-4.32473625749904, 40.5124273142194], [-4.32487012041265, 40.5122961030045], [-4.32502647524761, 40.5121817022577], [-4.32515303806162, 40.5121240748313], [-4.3253169410751, 40.512032382496], [-4.32548072640929, 40.5119235845493], [-4.32563680836607, 40.5117636829668], [-4.32574812522496, 40.5116209520889], [-4.32583665666889, 40.5114044232169], [-4.32591052670698, 40.5112222770023], [-4.32596926597281, 40.5110397413408], [-4.32605802163775, 40.5108456003764], [-4.32607953439451, 40.5106751058637], [-4.32609344301008, 40.5104815933295], [-4.32609317624905, 40.5104020852251], [-4.32614494971352, 40.5103277374317], [-4.32624173073387, 40.5102477965805], [-4.32639050778969, 40.5101332649896], [-4.32654670671743, 40.5100016257264], [-4.32674030895474, 40.5098873580463], [-4.32694921563565, 40.5098010662313], [-4.3271280039767, 40.5097376675046], [-4.32732189246323, 40.5096402607758], [-4.32744064862503, 40.5095088344612], [-4.32751447448328, 40.5093548785126], [-4.32749894790148, 40.5092294603312], [-4.327453585977, 40.5090987933916], [-4.32743803277619, 40.5090021293562], [-4.32743000138682, 40.5088941181201], [-4.32738443166783, 40.5087465722512], [-4.32730912679584, 40.5086331034253], [-4.32724150970612, 40.5085480552952], [-4.3271363915465, 40.5084403697638], [-4.32703101846511, 40.5082816102889], [-4.32695526333745, 40.5080655767868], [-4.32694720346492, 40.5079402450568], [-4.32700624544205, 40.5077920507097], [-4.32706536535026, 40.5076839359459], [-4.3271692659653, 40.5075300542057], [-4.32726563647373, 40.5074045155577], [-4.32727693680381, 40.5073790489834], [-4.32733947907267, 40.5072389888102], [-4.32730883304676, 40.5070855038618], [-4.3271440338143, 40.5069611113334], [-4.32700139991214, 40.506847769451], [-4.32676204380469, 40.5067748002328], [-4.3264929471731, 40.5067417832645], [-4.32610505813387, 40.5068114480534], [-4.32584377371009, 40.5068409093688], [-4.32562722857775, 40.5068760502475], [-4.32542572699033, 40.5068884965813], [-4.32514894264225, 40.5068212411599], [-4.32486923068381, 40.506760312467], [-4.32484231260147, 40.506754205269], [-4.32459590107004, 40.5067212182676], [-4.32441616845585, 40.5066590920771], [-4.32428135922129, 40.5065744922002], [-4.32421357005603, 40.5064836704712], [-4.32416823300214, 40.5063359339049], [-4.32414481895897, 40.506176862065], [-4.32412130775679, 40.505937839722], [-4.32411331876137, 40.5058129365055], [-4.3241347644494, 40.5056589829859], [-4.32417866511735, 40.5054710677407], [-4.32422280902121, 40.5053229634243], [-4.32423673571927, 40.5051122270221], [-4.32427319213976, 40.504952931863], [-4.32433228691238, 40.5048274987236], [-4.32442119856596, 40.5046792102641], [-4.32449534737567, 40.5045535427919], [-4.32453188717865, 40.5044226898942], [-4.32453135895457, 40.504303140399], [-4.32447852107739, 40.5041669274478], [-4.32437300844253, 40.5040080086439], [-4.32428278090796, 40.503871886062], [-4.32418480600064, 40.5037072400152], [-4.32406468663598, 40.5035652766497], [-4.32396686624419, 40.5034295788929], [-4.32387674167374, 40.5033101210266], [-4.32377138920127, 40.5031852071493], [-4.32361386300138, 40.503032738855], [-4.32348616913617, 40.5028964226572], [-4.32336587753311, 40.5027376211062], [-4.3232679360143, 40.5025787085238], [-4.32318491281743, 40.5024026336888], [-4.32310201897797, 40.5022379942084], [-4.32298929635657, 40.5020849761271], [-4.32283924835598, 40.5019374884657], [-4.32270382455861, 40.5017787464744], [-4.32263584724441, 40.5016253945244], [-4.32262011325222, 40.5014604682964], [-4.32266448499428, 40.5013578688409], [-4.32275330735772, 40.5012152589013], [-4.3227901346911, 40.5011013326532], [-4.32281187854813, 40.5009761295653], [-4.3228410152688, 40.5008222878371], [-4.32290005075265, 40.500691193143], [-4.32304867079848, 40.5005083474463], [-4.32321195925127, 40.5002975898006], [-4.32333810739195, 40.5001486286475], [-4.32366662360877, 40.4998233392329], [-4.32390942645467, 40.499626902474], [-4.32415977524702, 40.4994365414724], [-4.32429017928177, 40.4992586972034], [-4.32429525925469, 40.4992331044794], [-4.32410070392708, 40.4977398874459], [-4.32414091324795, 40.4975021515623], [-4.32417493658776, 40.4973007562902], [-4.32449174596015, 40.4954201938809], [-4.32445929896591, 40.494546481813], [-4.32444197778628, 40.4940782306054], [-4.3247417303717, 40.4931198776339], [-4.3246910745866, 40.492887922563], [-4.32446936813337, 40.4918707972033], [-4.32447338709071, 40.4918425766524], [-4.3245941061041, 40.4910135453617], [-4.32458336440526, 40.4908610844191], [-4.32448076603823, 40.4893938496692], [-4.32441941810505, 40.4885196264298], [-4.324333662675, 40.487294266228], [-4.32428257324624, 40.4865645528581], [-4.32411470551299, 40.4841645762801], [-4.32409316098584, 40.4838562763899], [-4.32406916407746, 40.4835155220494], [-4.32382424505, 40.481879139925], [-4.32374327864859, 40.4813391456401], [-4.32405742219839, 40.4799121415258], [-4.32398820225333, 40.4795845552407], [-4.32378715685865, 40.4786358689043], [-4.32368511363226, 40.4781539856687], [-4.32378559019678, 40.4779898265007], [-4.32388092570294, 40.4777804208585], [-4.32389328921619, 40.477603987806], [-4.32382289094232, 40.4774490246985], [-4.32366977400046, 40.4773155569672], [-4.32355615137047, 40.4771087410996], [-4.32345143397907, 40.4768392476635], [-4.32336960587837, 40.4765641634848], [-4.32331806619016, 40.4762674673683], [-4.3232429639072, 40.4760098909319], [-4.32317968868387, 40.4758664766066], [-4.32301352953258, 40.4756642261425], [-4.32279812520998, 40.4753590392929], [-4.32252208363931, 40.4750812404974], [-4.32228747583098, 40.474923458024], [-4.32198469824943, 40.4748047417892], [-4.32194669182775, 40.4748029243816], [-4.32145413257606, 40.4740861741948], [-4.32103686181048, 40.4726585643965], [-4.32076631030604, 40.4722394296524], [-4.32036773959008, 40.4716212038475], [-4.3205179182115, 40.4713464121748], [-4.32044911417452, 40.4712024963314], [-4.32028886708742, 40.4710573729917], [-4.32008681654029, 40.4710713404674], [-4.31981043524753, 40.4710786030122], [-4.31964806934344, 40.4710134550608], [-4.31956388041588, 40.4708179144028], [-4.31967277763596, 40.4706546209464], [-4.31988658601754, 40.4704871013249], [-4.31995845626933, 40.4704029653619], [-4.32000226444005, 40.4703517758976], [-4.32009484029243, 40.4702395123168], [-4.3202096837659, 40.4701388285301], [-4.32031104591668, 40.4699807533894], [-4.32030091875653, 40.4698095322106], [-4.32019916523961, 40.4697054314455], [-4.31999291705802, 40.4696109181178], [-4.31970345332148, 40.4695494739989], [-4.31939131120294, 40.4694934591039], [-4.31906347243627, 40.469471197797], [-4.31868426336168, 40.4694197840988], [-4.3182439993894, 40.4694129829599], [-4.31799665336815, 40.4694432281981], [-4.31774809222397, 40.469439345829], [-4.31768325452171, 40.4694383508053], [-4.31740177735651, 40.4693600890164], [-4.31721148987719, 40.4692201723707], [-4.31710526622264, 40.4690132558293], [-4.31709615158463, 40.4688023588539], [-4.31708453457136, 40.4686825126118], [-4.31713483873632, 40.4684892886342], [-4.31717700588221, 40.468308071177], [-4.31728968314782, 40.4680190718111], [-4.31737617173002, 40.467855105931], [-4.3175132016418, 40.4677603119043], [-4.3176581349314, 40.4676486278621], [-4.31784939821111, 40.4674806147946], [-4.31800241516237, 40.4673462562983], [-4.31815605492374, 40.4671890805284], [-4.31823460720543, 40.4670478745445], [-4.31828278325234, 40.4669289570225], [-4.31840510205648, 40.4668225582025], [-4.318502238577, 40.4667474057563], [-4.3185425499787, 40.4667165415095], [-4.31863746003763, 40.4665183934731], [-4.31862656687402, 40.4663760677961], [-4.31857820741172, 40.4662326229965], [-4.3184538538488, 40.4661393078917], [-4.31820263796109, 40.466044452447], [-4.31791358076393, 40.4659715529871], [-4.31763222112972, 40.4658930566409], [-4.31730608878599, 40.4658027461964], [-4.31698809227851, 40.4656948877667], [-4.31673770043006, 40.4655713983525], [-4.31650925524264, 40.4654480998853], [-4.31644345097053, 40.465412979359], [-4.31617989065606, 40.4652265178427], [-4.31598262213955, 40.4650751694468], [-4.31585227091205, 40.4649308253679], [-4.31567022474358, 40.4647628587711], [-4.31693328874168, 40.4641724794812], [-4.31832529512466, 40.4635046047611], [-4.31945319254959, 40.4629354146838], [-4.31996109910195, 40.462658259524], [-4.32009984929845, 40.4624952728791], [-4.32014929616842, 40.4623306707271], [-4.32009259899577, 40.4622159499785], [-4.31998357765626, 40.4621116798844], [-4.31982951189496, 40.4620178925205], [-4.31952826385886, 40.4618422844414], [-4.31926475474909, 40.4616503360866], [-4.31900214934376, 40.4614296636341], [-4.31876362058467, 40.4611467630705], [-4.31858482799537, 40.4608647477924], [-4.31836877016304, 40.4605819117196], [-4.31818957376194, 40.4603115100659], [-4.31804855353369, 40.4600130143587], [-4.31795196757264, 40.459726591935], [-4.31790104300189, 40.4594121734524], [-4.3178859671748, 40.4591499668422], [-4.31793560674199, 40.458974294097], [-4.31811312989757, 40.4587605650416], [-4.31831972347691, 40.4585754944332], [-4.31842669126769, 40.4584859742358], [-4.31878466541684, 40.4583802493154], [-4.31891921957168, 40.4583638054801], [-4.3190014244033, 40.458364177992], [-4.31918070477783, 40.4583536635864], [-4.31947973852883, 40.4583266292948], [-4.31967384325876, 40.458339052255], [-4.31989042508532, 40.4583512181982], [-4.31998724996916, 40.458363294216], [-4.32012135676299, 40.4583982036988], [-4.32027805368817, 40.4584216756123], [-4.32039697541456, 40.4584906975454], [-4.32041164361119, 40.4585057321549], [-4.32045530180934, 40.4585519660172], [-4.32056422157987, 40.4586560107755], [-4.32070853515856, 40.4588349022016], [-4.32083086144574, 40.4590020629744], [-4.32087973518709, 40.4590692326921], [-4.32098195988271, 40.4592097765282], [-4.32116727284211, 40.4595257781172], [-4.32140839216401, 40.4597178347356], [-4.32166358811668, 40.4599322516179], [-4.3219205726826, 40.4600846476261], [-4.32223071040389, 40.4602089758559], [-4.32224769386443, 40.4602104706857], [-4.32246910548221, 40.4602242656376], [-4.32272327233461, 40.4602168526719], [-4.32291745326162, 40.4602140670983], [-4.32316219532223, 40.4602635175535], [-4.3234574928487, 40.4603874952226], [-4.32380533246733, 40.46049555722], [-4.32429526567396, 40.4605946705097], [-4.32469863786021, 40.4605838543034], [-4.32490296669385, 40.4604784751263], [-4.32502547369802, 40.4603665089769], [-4.3251347961864, 40.4601971106502], [-4.32533691272004, 40.4599042625214], [-4.3254409849411, 40.4597764282136], [-4.32550677593229, 40.4596956774612], [-4.32570811605884, 40.4594311324576], [-4.32581216931038, 40.4591820569154], [-4.32590099258576, 40.4589383660834], [-4.32594641099865, 40.458642810079], [-4.3260026314197, 40.4584954428552], [-4.32594928802367, 40.4573083631196], [-4.32591299494028, 40.4572057424496], [-4.3258326872359, 40.4569940925937], [-4.32575211700054, 40.4568399202648], [-4.32563979311637, 40.4566379497788], [-4.32563443541943, 40.4566278764387], [-4.32545658521825, 40.4564671964882], [-4.32528572305498, 40.4563807579389], [-4.32509960705533, 40.4563057549033], [-4.32492094570208, 40.4562537509146], [-4.32484637478318, 40.4562249140351], [-4.32451087465795, 40.4561661118481], [-4.32438411586737, 40.4561484209408], [-4.32424902656031, 40.4562105558059], [-4.32415891455956, 40.4562788122992], [-4.32406110188675, 40.4563463721], [-4.32394079841662, 40.4564315940013], [-4.32387338327451, 40.4564712660922], [-4.32371633595139, 40.4564877040372], [-4.32361179513094, 40.4564753882574], [-4.32351500316106, 40.4564635466916], [-4.32335814037084, 40.456451829832], [-4.32321637365047, 40.4564393768834], [-4.32305961035162, 40.4564327258759], [-4.32293145077966, 40.4564375711761], [-4.32291760113834, 40.4564379747324], [-4.32270846316144, 40.4564367450994], [-4.32253714625602, 40.4564021077335], [-4.3223207685484, 40.4563723505758], [-4.32212687797411, 40.456337191236], [-4.32121713365618, 40.4562015591406], [-4.32100078047668, 40.4561605302783], [-4.32082947893851, 40.4561083714133], [-4.3206657798426, 40.4560448023145], [-4.32046509861806, 40.4559466489072], [-4.32026449611699, 40.4558260273945], [-4.32005688157626, 40.4556709160213], [-4.3199384364986, 40.455550651208], [-4.31980603701846, 40.4553387693942], [-4.31970327723648, 40.4551330544236], [-4.31958583508951, 40.4549099558582], [-4.31946168612061, 40.454607038215], [-4.31940408435994, 40.4543844941096], [-4.31939874116863, 40.4541446250734], [-4.31941582471877, 40.4539108396992], [-4.31946989424564, 40.4537170981822], [-4.31954663710206, 40.4534892755585], [-4.31960105434704, 40.4532556693197], [-4.31963310893133, 40.4530162109741], [-4.3196425879542, 40.4527995008118], [-4.31961504901103, 40.4525657040179], [-4.31961182510182, 40.4525139407239], [-4.31960195516999, 40.4523485182987], [-4.31964803449131, 40.4522173658361], [-4.31973242835527, 40.4519726038954], [-4.31989894378009, 40.4517225442249], [-4.32003529366717, 40.4515121365795], [-4.32020169431641, 40.4513017258808], [-4.32037510118635, 40.4511030741881], [-4.321150969809, 40.4503766161122], [-4.32149781578115, 40.4500245675202], [-4.32167809492954, 40.4498943250193], [-4.32186612664494, 40.4497698009042], [-4.3221736778015, 40.4496114457981], [-4.32239117670374, 40.4494984640015], [-4.32260092631349, 40.4494308875729], [-4.32304189832926, 40.449381814009], [-4.32349024301577, 40.4493610248761], [-4.32377383753792, 40.4493682684846], [-4.32415463069191, 40.4493701415474], [-4.32444585821882, 40.449377250299], [-4.32483415146732, 40.4493963022794], [-4.32484901223686, 40.4493972243897], [-4.32664134706141, 40.4493536626942], [-4.32747880787468, 40.4493333012725], [-4.32910514170823, 40.4486840009647], [-4.32989432758137, 40.4486388883015], [-4.3308456862716, 40.4487627264061], [-4.33210662541491, 40.448927027838], [-4.33224701513521, 40.448945116271], [-4.33269074658974, 40.4487237916542], [-4.3327311427002, 40.4483809948176], [-4.33238214227569, 40.4480246469006], [-4.33109987765552, 40.4469854248367], [-4.33072570714993, 40.4465483063003], [-4.33055071276995, 40.4460458028156], [-4.33057668036988, 40.4455680405105], [-4.3307798056253, 40.4451062228338], [-4.33111335727683, 40.4446790123203], [-4.33199310258738, 40.444443641036], [-4.3327608333719, 40.4444529284162], [-4.33313716549219, 40.444457503399], [-4.3335123296598, 40.4443895696788], [-4.3344178540669, 40.4442264944054], [-4.3349787145196, 40.4439677692695], [-4.33525541628835, 40.443649244304], [-4.33520198269863, 40.4433345907685], [-4.33455477168924, 40.4429149091392], [-4.33415095291788, 40.4426530402358], [-4.33333577296786, 40.4422053029784], [-4.33329240486441, 40.4421922901637], [-4.33308380253316, 40.4421338873717], [-4.33286036401044, 40.4420644296877], [-4.33260738225674, 40.4419662396903], [-4.33242126660124, 40.4419082736074], [-4.33222758713104, 40.4418503409747], [-4.332056406597, 40.4417927028415], [-4.33182558129074, 40.4417283603723], [-4.33169914039619, 40.4416881518697], [-4.33157994510918, 40.4416416662596], [-4.33144630712153, 40.4415728250869], [-4.33134233963936, 40.4414923911691], [-4.33126851917815, 40.4413952615], [-4.3312397059515, 40.441298186535], [-4.33124828070684, 40.441172528693], [-4.33130131717361, 40.4410700631203], [-4.33136186031704, 40.4409904829763], [-4.33145190086636, 40.4409338457845], [-4.33160168422955, 40.4408948178804], [-4.33180334785666, 40.440872785816], [-4.33198291524289, 40.4408510121316], [-4.33218440781028, 40.4408403743062], [-4.33243103184499, 40.440835712465], [-4.33264744172855, 40.440836915537], [-4.3329385668868, 40.4408439368051], [-4.33327461491718, 40.4408399278591], [-4.33340161244384, 40.4408290893788], [-4.33368566961816, 40.440790498003], [-4.333835562794, 40.440740123651], [-4.33403038340455, 40.4406607381128], [-4.33415792923437, 40.4405817120268], [-4.33425595105773, 40.4404965405501], [-4.33430115303, 40.4404340856434], [-4.33436172732795, 40.4403430727082], [-4.33440723957349, 40.4402634513301], [-4.33442257291709, 40.4402121668756], [-4.33446108638824, 40.440081135672], [-4.33448400869938, 40.4400241743622], [-4.33454487225482, 40.4398989528401], [-4.33497234532215, 40.4397011315347], [-4.33514370718949, 40.4397306909668], [-4.33530767200145, 40.439777210595], [-4.33535964062425, 40.4397944703517], [-4.33553119009743, 40.4398181187418], [-4.335762243975, 40.4398591555738], [-4.33591865173591, 40.4399114750011], [-4.33609732276253, 40.439963437639], [-4.33621644386077, 40.4400039253754], [-4.33633552363651, 40.4400444076178], [-4.33649945976187, 40.4400849351496], [-4.33662602801963, 40.4401256831102], [-4.33679037354054, 40.4401322450686], [-4.3369095129671, 40.4401498366331], [-4.33705134930022, 40.4401562526728], [-4.33714093515395, 40.4401566639945], [-4.33727556746221, 40.4401230577267], [-4.33739525629571, 40.440100809649], [-4.33752256736761, 40.4400612766936], [-4.33766467542249, 40.4400279510912], [-4.33780697485168, 40.4399829455125], [-4.33793438678168, 40.4399439015149], [-4.33808393803021, 40.4399044087332], [-4.33823388477911, 40.4398480949835], [-4.33833887721288, 40.4397858120128], [-4.33849742568024, 40.4395927992621], [-4.33853537856422, 40.4395186008509], [-4.33855813890575, 40.4394731156032], [-4.33858187010224, 40.4393361988803], [-4.33860506150631, 40.4392394332957], [-4.33863573993545, 40.4391542744823], [-4.33867369243262, 40.4390800760266], [-4.33872680209192, 40.4389832877287], [-4.33876487808356, 40.4388979024655], [-4.33878076212278, 40.4388125155881], [-4.3387734502798, 40.4387782545219], [-4.33891295416988, 40.4382141565067], [-4.33906260963292, 40.4381803292897], [-4.33918207187116, 40.4381639639132], [-4.33939110534622, 40.438164938205], [-4.33957769441386, 40.4381715421937], [-4.33970476671679, 40.4381779556164], [-4.33981652594783, 40.4381839798143], [-4.33992117452814, 40.4381844558811], [-4.34004054597411, 40.438179443186], [-4.34020508948639, 40.438151667324], [-4.34031718845409, 40.4381351111955], [-4.34044459252621, 40.4380843585428], [-4.34053478017883, 40.4380163342718], [-4.34059523949238, 40.4379310592263], [-4.34063385335447, 40.4378000779334], [-4.34066429101725, 40.4377372268842], [-4.34068723596063, 40.4376633504118], [-4.34030924518256, 40.436964905016], [-4.34019029636805, 40.4368564904025], [-4.34007121355959, 40.4367363733394], [-4.33995250971905, 40.4365709679813], [-4.33984895251674, 40.436365530777], [-4.33970065042008, 40.4360916160542], [-4.33957460951368, 40.4359087024338], [-4.33944847348859, 40.4356978960509], [-4.33935237178777, 40.4354696991098], [-4.33924874393324, 40.4352643153246], [-4.3392494329157, 40.4350994328614], [-4.33924280966248, 40.4348883882533], [-4.33926625861838, 40.4346662559169], [-4.33930450672896, 40.4344214509893], [-4.33940267160773, 40.4341883387703], [-4.3395230591132, 40.4339611624372], [-4.33954558413405, 40.4339040809592], [-4.33956849611639, 40.4338187483899], [-4.33959107212507, 40.4337447565328], [-4.33962880765522, 40.4336423437931], [-4.33965907099883, 40.4335513462791], [-4.3396893271559, 40.4334603363342], [-4.33971203836292, 40.4333806425313], [-4.33974236728356, 40.4332725102412], [-4.33978769088288, 40.4331473711873], [-4.3398330568878, 40.4330223508219], [-4.3398632814191, 40.4329255186245], [-4.33987118098271, 40.4328456756183], [-4.33984189882039, 40.4326862497294], [-4.33979759743529, 40.4325723252886], [-4.33970103130575, 40.4324522573325], [-4.33958936083447, 40.4323778684087], [-4.33947051641734, 40.4322350959001], [-4.33934441814648, 40.4320697098772], [-4.33921785805713, 40.4319666067821], [-4.33900263801991, 40.4317037484579], [-4.33900292265068, 40.4315843219459], [-4.3389884050643, 40.4314877037347], [-4.33897409510687, 40.4313792016505], [-4.3389671481428, 40.4312254018945], [-4.33902048887223, 40.4309693298915], [-4.33904336864499, 40.4308784144622], [-4.33907367025002, 40.4307530672498], [-4.33911893913841, 40.4306393705985], [-4.33925398021302, 40.4304802242133], [-4.33935885795611, 40.4303837833101], [-4.3394937398413, 40.4302932591103], [-4.33965097712387, 40.4301968452097], [-4.33986037447083, 40.4300721135371], [-4.3400240232611, 40.4300186331605], [-4.34008470719966, 40.4299986929575], [-4.3402865038006, 40.4299197055316], [-4.34050348377265, 40.4298065075673], [-4.34073542159247, 40.4296819385067], [-4.34087011588449, 40.4296026628146], [-4.34099012092497, 40.4294720478838], [-4.34109523279638, 40.4293243006904], [-4.34116297605778, 40.4291990491578], [-4.34118590678384, 40.4290737868978], [-4.34119347255586, 40.4290398221343], [-4.34119712085502, 40.429007780405], [-4.34120126364432, 40.4289715030099], [-4.34120163015693, 40.428880393185], [-4.34120200186795, 40.4288269860096], [-4.3412019804999, 40.4288006474554], [-4.34118759487895, 40.4286696015342], [-4.34117308548149, 40.4285953465609], [-4.34113616122833, 40.4284983680067], [-4.34111379349385, 40.4284665338952], [-4.34108422660392, 40.4284246484734], [-4.3409798594695, 40.4283557217147], [-4.34079362586985, 40.4282979559401], [-4.34065181519389, 40.4282804571779], [-4.34043523876052, 40.4282742152255], [-4.34009194118805, 40.4282846970429], [-4.33986043135669, 40.4282952633802], [-4.33924823485852, 40.4282989795303], [-4.33906160868989, 40.4282982670148], [-4.33899468176492, 40.4282754537074], [-4.33883782757282, 40.428252003572], [-4.33870368404984, 40.4282399739686], [-4.33851693587862, 40.4282395752453], [-4.33836031980136, 40.4282388825838], [-4.33818105489555, 40.4282270990494], [-4.33797966720463, 40.4282151368984], [-4.3377630822686, 40.4282086531484], [-4.33753929755827, 40.4281680851409], [-4.33732301557719, 40.4281275068517], [-4.33721112681532, 40.4281100770736], [-4.33700980268205, 40.4280467399752], [-4.33672675251915, 40.4279091463974], [-4.33652574060042, 40.4278119242326], [-4.33636917901863, 40.42773141986], [-4.33618322209657, 40.4276114982045], [-4.33598197458846, 40.4275080525436], [-4.33584783635362, 40.4274506764429], [-4.33569892095794, 40.4273761115274], [-4.33560241931292, 40.4272391390451], [-4.33551350137115, 40.4270850923264], [-4.33543964414647, 40.4269140308975], [-4.33538094868942, 40.4267030035329], [-4.33535152075239, 40.426554867815], [-4.33529993643815, 40.4264066508672], [-4.33522625301129, 40.4262014270001], [-4.3351298896414, 40.4260415087521], [-4.33494409434686, 40.4258245406037], [-4.3348402033853, 40.425699143725], [-4.33477381924199, 40.4255276180397], [-4.33476661419618, 40.425436665997], [-4.33476742792918, 40.4252602447277], [-4.33476810270461, 40.4250892564655], [-4.33471666157816, 40.4249011430264], [-4.33457558973557, 40.4247241871522], [-4.33424792425616, 40.4245407826752], [-4.33400962531229, 40.4244373726127], [-4.33370373204356, 40.4243738890556], [-4.33351006860825, 40.4243046270559], [-4.33319704509992, 40.424178736901], [-4.33282464280908, 40.4240118650818], [-4.33254894099354, 40.4238917363443], [-4.33236263446095, 40.4237999103642], [-4.33210975781019, 40.4235883601166], [-4.33196886693932, 40.423371461388], [-4.33182808856561, 40.4231658307079], [-4.33166453209412, 40.4229717957453], [-4.33146388798553, 40.4227717818338], [-4.33121839099478, 40.4225830224933], [-4.33092793138486, 40.4224622546663], [-4.33070428605598, 40.4223649422078], [-4.33046574022891, 40.4222958052275], [-4.33039129453991, 40.4222786851288], [-4.33025699982571, 40.4222492630364], [-4.32990623892725, 40.4222255999626], [-4.32969704285715, 40.4222590954974], [-4.32943563381227, 40.4223093863319], [-4.32924870463137, 40.42239430388], [-4.32906896910682, 40.4225078538171], [-4.32891932110707, 40.4226154271201], [-4.32878448976993, 40.4227459148418], [-4.3285746311014, 40.4229386368518], [-4.3284245082903, 40.423092092125], [-4.32822961339949, 40.4232737193776], [-4.32801249990879, 40.423443955771], [-4.32784777550485, 40.4235344499057], [-4.3274739401427, 40.423687184428], [-4.32712279015478, 40.4237484546968], [-4.32674178756686, 40.4238267798379], [-4.32636088077039, 40.423882388275], [-4.32603983067205, 40.4239097195397], [-4.32566643333135, 40.4239258423072], [-4.32530815285669, 40.4239189189253], [-4.32489780906263, 40.4239059228968], [-4.32452466064795, 40.4238876772013], [-4.32418152820931, 40.4238409341117], [-4.32389824737157, 40.423746771644], [-4.32385340850915, 40.4237318232166], [-4.32357095842091, 40.4234745756835], [-4.32346722277535, 40.4233316740726], [-4.32334857360732, 40.423160739986], [-4.32326694247762, 40.4230122506295], [-4.32320049140109, 40.4228525331608], [-4.32317881325667, 40.4226873210941], [-4.32322458785134, 40.4225107136735], [-4.32337466720255, 40.4223119291125], [-4.32356932797657, 40.4221700647371], [-4.32375654047714, 40.4220172042792], [-4.32389147731428, 40.4218923014201], [-4.32400417276328, 40.4217275287821], [-4.32410253218125, 40.4214657798287], [-4.32417057013328, 40.4212724382988], [-4.32422375605302, 40.4210277497222], [-4.32425476057574, 40.4207945727772], [-4.32425571272093, 40.4205608353464], [-4.32419747134782, 40.4202189244606], [-4.32411680988705, 40.4199397578968], [-4.32399302826389, 40.419198742904], [-4.32395046069583, 40.4187031278081], [-4.32397453951343, 40.4183383911181], [-4.32396731198412, 40.4182703451349], [-4.32402789996488, 40.4180711735983], [-4.32408085475258, 40.4179118814228], [-4.32417868488028, 40.4177413322122], [-4.32428393072383, 40.4176051375204], [-4.32446397224992, 40.4173947472528], [-4.3245615944651, 40.4172186290514], [-4.32465949523984, 40.4170535522396], [-4.3247648420819, 40.4168659762477], [-4.32505468500459, 40.4164887906694], [-4.32534613542353, 40.4161930973839], [-4.32566005888608, 40.4158915277153], [-4.32585707415628, 40.4157093413906], [-4.32597396348402, 40.4156013799109], [-4.32627286980996, 40.4153282686294], [-4.3265344412544, 40.4150836830409], [-4.32674388795446, 40.4148389378868], [-4.32684913222406, 40.4146112768405], [-4.3268723641081, 40.4143034481897], [-4.32682896912547, 40.4139786424588], [-4.32671862780736, 40.4135739512916], [-4.32658567978831, 40.4132370851644], [-4.3264524363109, 40.4129976295552], [-4.32628158436654, 40.4128265449829], [-4.32610295347398, 40.4127864143319], [-4.32585708368241, 40.4128145132454], [-4.32562591032888, 40.4128768291548], [-4.32534270524271, 40.4129219588787], [-4.32482920707982, 40.4127786922926], [-4.32450213317979, 40.4125901135256], [-4.32424950446403, 40.4124073630689], [-4.3240046171062, 40.4121507134249], [-4.32375216747834, 40.4119164953844], [-4.32346988627335, 40.4116824020029], [-4.32312078927581, 40.4114025792799], [-4.3227715737007, 40.4111683856163], [-4.32234774396444, 40.4109912174761], [-4.32196084864837, 40.4108308845713], [-4.32163807588195, 40.4106883426583], [-4.32161124949263, 40.4106764699089], [-4.32138096726786, 40.4105165200079], [-4.32120263551426, 40.410385145032], [-4.32386261220009, 40.4101670315108], [-4.32521976729102, 40.4097534068615], [-4.32715161709224, 40.4089698303326], [-4.33210679336973, 40.4084189418784], [-4.33370388206221, 40.4090076328378], [-4.33410847518136, 40.4088705133253], [-4.34519013025549, 40.410823217027], [-4.34638682545281, 40.4111425924239], [-4.34743485906612, 40.4116947517995], [-4.34834915344566, 40.4116846545692], [-4.35028621806508, 40.4115393331737], [-4.35210437316584, 40.4113309283282], [-4.35348928558953, 40.4115609638843], [-4.35430119959991, 40.4114579089059], [-4.35489301240403, 40.4114023419369], [-4.35720677843048, 40.4114070224929], [-4.35955130985313, 40.4113833654371], [-4.36093986311966, 40.4109858937936], [-4.3640420513378, 40.4084876907904], [-4.36476266768335, 40.4077849361421], [-4.36537986150718, 40.4068576421987], [-4.36561696821348, 40.4069026988051], [-4.36589625263869, 40.4070170366008], [-4.3662997948104, 40.407202619335], [-4.36651321198256, 40.4072811456119], [-4.36692307234219, 40.4073011042475], [-4.36721071333296, 40.4073928577757], [-4.36759576621968, 40.4074755756031], [-4.36796913481306, 40.4074722842184], [-4.36846152218821, 40.4074713344035], [-4.36888503296935, 40.4075261931354], [-4.36920441968631, 40.4075668915549], [-4.36962478905318, 40.4075022290801], [-4.37016508998794, 40.4074224669147], [-4.37053644633989, 40.407470411653], [-4.37106404666919, 40.4075330478466], [-4.37164453180134, 40.4075796312416], [-4.37224616220946, 40.4076553548162], [-4.37269059793161, 40.4077502052977], [-4.37300517521612, 40.4077171911779], [-4.37324076198613, 40.407802228253], [-4.37343011337275, 40.4079317317878], [-4.37354847862291, 40.4079569921774], [-4.37372347705781, 40.4078696893047], [-4.37392924662408, 40.4077542392624], [-4.37424054700603, 40.4076127189212], [-4.37478815820658, 40.4075389762906], [-4.37555943868674, 40.4074756844233], [-4.37635919665416, 40.4074415984372], [-4.37724352136568, 40.4073464026944], [-4.37800002547602, 40.4072771417898], [-4.37856048142695, 40.4073738271712], [-4.37913462717858, 40.4074725022432], [-4.37986067242647, 40.4076343121917], [-4.38016436992399, 40.4076724817122], [-4.38191548795161, 40.4080119122893], [-4.38306226360751, 40.4084203297467], [-4.38553638559671, 40.4093017551102], [-4.38774707530158, 40.4096356984558], [-4.39000177368662, 40.4098158112354], [-4.39645509256653, 40.4107109219435], [-4.39938988500649, 40.4112880136431], [-4.40066539479356, 40.4114166823779], [-4.40252702565914, 40.4113941163253], [-4.40452653175113, 40.4111987184252], [-4.4096022008543, 40.4104432545677], [-4.41115518046974, 40.4103162111998], [-4.41387082709947, 40.410553276501], [-4.41471560369098, 40.4103718187375], [-4.41540356587491, 40.4100210434215], [-4.41598440575786, 40.4096175323438], [-4.41648656040841, 40.4088366321823], [-4.41722595851331, 40.4069943542553], [-4.41743856260716, 40.4064646642217], [-4.41802311612548, 40.4062413008513], [-4.41865951381274, 40.4062335515468], [-4.42035947818607, 40.4063748347371], [-4.42143559763418, 40.4063937017448], [-4.42188025949385, 40.4064011835248], [-4.42211513178916, 40.4057786330077], [-4.42215374239477, 40.4056771219041], [-4.42280008225278, 40.403964831479], [-4.4228754207925, 40.4037651492972], [-4.42336059162311, 40.4024799380998], [-4.42338710096811, 40.4024097940983], [-4.423593275501, 40.4021279849792], [-4.42398150270285, 40.4019576683755], [-4.42427049255771, 40.401831364547], [-4.4249150202727, 40.4016612652204], [-4.42565321975362, 40.400904440089], [-4.42588059103708, 40.400790153003], [-4.42600302871694, 40.4007289600215], [-4.4266842143294, 40.4006214597701], [-4.42712020480886, 40.4006386003499], [-4.42738260909776, 40.4006488739068], [-4.42743605354133, 40.4006509542848], [-4.42753929648752, 40.400657637088], [-4.42794632285495, 40.4006807626481], [-4.42800991670958, 40.4006754727836], [-4.42810743552006, 40.4006668889051], [-4.42834113044457, 40.4006297596537], [-4.42876910311731, 40.400528993738], [-4.42920574200567, 40.400386492577], [-4.42942916183186, 40.4003118373341], [-4.42955765546811, 40.4002588346187], [-4.42961197438207, 40.4002095796059], [-4.42967297177069, 40.4001397321629], [-4.42970437753521, 40.4000577022191], [-4.4297473309379, 40.3998601051772], [-4.42980615296532, 40.3995249288083], [-4.42985153318336, 40.3992158187274], [-4.42987310655033, 40.3990162876559], [-4.42988626094353, 40.3989079664585], [-4.42992391705942, 40.3988012553344], [-4.42994552513527, 40.3987640703249], [-4.42997307736335, 40.3987285641117], [-4.42998468090189, 40.3987203219006], [-4.43006570735426, 40.3987047396914], [-4.43011008481723, 40.3986899109517], [-4.43016722575414, 40.3986613265764], [-4.43019738848644, 40.3986384094006], [-4.43023201315073, 40.3986037746846], [-4.43026636293058, 40.3985573560509], [-4.43030031296012, 40.3984911800939], [-4.43035627800232, 40.3984067429209], [-4.43038642276829, 40.3983829376734], [-4.43043438659754, 40.3983606622669], [-4.43053606682327, 40.3983270294804], [-4.43061126464146, 40.3983145560884], [-4.43068536502687, 40.3983107371963], [-4.43087888729189, 40.3983245762314], [-4.43103329331618, 40.3983271881958], [-4.43111700692, 40.3983223728162], [-4.43121110546774, 40.3983144514009], [-4.43131248462923, 40.3983199528596], [-4.43139386548176, 40.3983200713817], [-4.43145720919707, 40.3983129188507], [-4.43151246183497, 40.3983039637703], [-4.43154407269181, 40.3982974338234], [-4.43169389805687, 40.3982471016363], [-4.43175031589285, 40.3982334529099], [-4.43184745801777, 40.3982117205242], [-4.43196477440061, 40.3981858943174], [-4.43200363256524, 40.3981802044398], [-4.4320823647696, 40.398176375472], [-4.43211666051868, 40.3981793674065], [-4.4321307776752, 40.3981811629438], [-4.43219370883276, 40.3982009347576], [-4.43222922831199, 40.3982089404105], [-4.43228472915197, 40.3982170977046], [-4.43235105738276, 40.3982237593837], [-4.43243211753728, 40.3982197575616], [-4.43246141339532, 40.3982140075362], [-4.43249185730028, 40.3982046262028], [-4.43252097080035, 40.398188932494], [-4.43255131502027, 40.3981689148983], [-4.4325881647836, 40.3981349437819], [-4.43262847129207, 40.3980894100774], [-4.4327605739445, 40.3978733465585], [-4.43293154940433, 40.3975369701996], [-4.43307132545579, 40.3972461115198], [-4.43312362125012, 40.3971483402858], [-4.43318703247905, 40.3970304407741], [-4.43321082842952, 40.3969885157523], [-4.43323430500116, 40.3969314919493], [-4.43324635230743, 40.3968872134993], [-4.4332440939428, 40.3968376836107], [-4.43323232422217, 40.3967179521461], [-4.43321572694275, 40.39660921748], [-4.4331680947323, 40.3964152668976], [-4.43316442236026, 40.3963576068564], [-4.43316219723328, 40.3963062670305], [-4.43317000951448, 40.3962277490251], [-4.43318196258062, 40.3961836833023], [-4.43320254949657, 40.3961473931833], [-4.4332266165896, 40.3961189425534], [-4.43325883170335, 40.3960870657906], [-4.43329247810233, 40.3960623115029], [-4.43333688915399, 40.3960404382265], [-4.43346900783544, 40.3959943680067], [-4.43353568890013, 40.3959692818065], [-4.43358461652094, 40.3959452062142], [-4.43364053667818, 40.3959128032294], [-4.43368228509023, 40.3958846962912], [-4.43375432085451, 40.3958376951551], [-4.43383682212641, 40.3957752381058], [-4.43385154911098, 40.3957535960424], [-4.43387828387213, 40.3956793745167], [-4.43392213020307, 40.3955788032823], [-4.43394577070618, 40.3955299200509], [-4.43395721973448, 40.3955144494348], [-4.43396528031751, 40.395505345489], [-4.43398403462504, 40.3954941416901], [-4.4340118929993, 40.3954822404667], [-4.43404114663651, 40.3954701618432], [-4.43406923336219, 40.3954608273337], [-4.43408925157486, 40.3954551125382], [-4.4341289946848, 40.3954465594334], [-4.4342066303399, 40.3954339498752], [-4.4343300422268, 40.3954194687895], [-4.4343580569974, 40.3954139987808], [-4.4343756478073, 40.3954083347184], [-4.43438726482053, 40.395401938617], [-4.43439882793487, 40.3953918672703], [-4.43446532033389, 40.3953036490226], [-4.43454673195314, 40.3951999428672], [-4.4345686681154, 40.3951777767512], [-4.4346080875172, 40.3951440679237], [-4.43464290064442, 40.3951188619254], [-4.434754497007, 40.3950505222289], [-4.43477899406482, 40.3950394081821], [-4.43487730928275, 40.3950066749262], [-4.43490426832396, 40.3949945634963], [-4.43492623063481, 40.3949808078092], [-4.43495645186732, 40.3949550656736], [-4.43497714085692, 40.3949351228263], [-4.43504854914209, 40.394853137393], [-4.43512930884449, 40.3947721824605], [-4.43515243765309, 40.3947516257139], [-4.43523825775382, 40.3946949477628], [-4.4352686911467, 40.394677549667], [-4.43528958389588, 40.3946700137144], [-4.4353892025693, 40.3946417642371], [-4.4354431158594, 40.3946293789609], [-4.4354925546909, 40.3946252222829], [-4.43552093506486, 40.394626559032], [-4.43576421342112, 40.3946561946971], [-4.43582308719634, 40.3946543374481], [-4.43588299300628, 40.3946473325821], [-4.43593461009502, 40.3946349348986], [-4.43597437533276, 40.3946175496308], [-4.43613494708726, 40.3945279855863], [-4.4362890132971, 40.3944531732328], [-4.43644102220082, 40.3943983583964], [-4.43670651455983, 40.3943100757234], [-4.43681552460134, 40.3942788434443], [-4.43690424490764, 40.3942433950286], [-4.43700687166499, 40.3941955541981], [-4.43708600605499, 40.3941504372201], [-4.43714980979634, 40.3941028031821], [-4.43718223271907, 40.3940698999401], [-4.43720730287284, 40.3940354091433], [-4.4372259239004, 40.393960125977], [-4.43724265041905, 40.3938636372589], [-4.43725574991443, 40.3937636477752], [-4.43727784516362, 40.3935794247821], [-4.43729268610941, 40.3934981617225], [-4.43732927971538, 40.393396982299], [-4.43738418524367, 40.3932644863579], [-4.43741763162074, 40.3931751093231], [-4.43744156732927, 40.393082950919], [-4.43745448649382, 40.3930209396569], [-4.43747691693402, 40.3928626971888], [-4.43749987607604, 40.3927768592929], [-4.43753800057672, 40.3926871810089], [-4.43756437708012, 40.3926479632039], [-4.43765184965727, 40.3925539729874], [-4.43771519821741, 40.3924856197555], [-4.43772980821905, 40.3924454618318], [-4.43773202050839, 40.3923892902044], [-4.43771402545663, 40.3923192596752], [-4.43771612212449, 40.3921976097058], [-4.43773965808659, 40.3920776705369], [-4.43775805727859, 40.3920078861084], [-4.43779786701873, 40.3919407130167], [-4.43789103848335, 40.3918341835262], [-4.43800654655754, 40.3917264202806], [-4.43830547976538, 40.3914850652505], [-4.43842585055001, 40.3913799672966], [-4.4384532473073, 40.391344321399], [-4.43847254925638, 40.3913078794756], [-4.43846971995198, 40.3912268360965], [-4.4384497798103, 40.3911812829611], [-4.43842663696546, 40.3911401000412], [-4.43831593981612, 40.3910388342224], [-4.43824411411926, 40.3909847289378], [-4.4381476961432, 40.3909381996856], [-4.43794271856167, 40.3908839800597], [-4.43762405360059, 40.3907970529957], [-4.43742587915116, 40.3907372695219], [-4.43726234476579, 40.3906861257633], [-4.43713270893333, 40.3906325587704], [-4.43704408377009, 40.390568347066], [-4.4370124554326, 40.3905180660652], [-4.43701235138821, 40.3904604386173], [-4.43702064085215, 40.3904008507916], [-4.43706584124798, 40.3903102016338], [-4.43712571159053, 40.3901959509323], [-4.43723780606665, 40.3899819783248], [-4.43730929405241, 40.3898466037978], [-4.43742686190809, 40.3896742264031], [-4.43767561259678, 40.3894053614815], [-4.43776933088012, 40.3893183771853], [-4.43785953366805, 40.3892436286131], [-4.43799164081203, 40.38914019502], [-4.43814638689391, 40.3890434255391], [-4.4382034851156, 40.3890253472277], [-4.43871603776556, 40.3889710234297], [-4.43872693095733, 40.3889708893407], [-4.4389582437973, 40.388992784656], [-4.43907737305464, 40.3890025628213], [-4.43916461982299, 40.3890020398649], [-4.43935027440731, 40.3889836478529], [-4.43956539107212, 40.3889593263537], [-4.43981299301689, 40.3889157273197], [-4.44004508283702, 40.3889054936642], [-4.44014646034431, 40.3889115505114], [-4.44028557243334, 40.3889197703408], [-4.44044483475008, 40.3889304078163], [-4.44048379200848, 40.3889326851619], [-4.44051813128233, 40.3889373247272], [-4.44053595500135, 40.3889444222459], [-4.4406036802485, 40.3889770629825], [-4.44067872483803, 40.3890096457389], [-4.44071428837093, 40.3890199004483], [-4.44075328747254, 40.3890283509227], [-4.44081576207632, 40.389030459875], [-4.44087463074054, 40.3890286001385], [-4.44092984146017, 40.3890216333193], [-4.44117960043606, 40.3889651161488], [-4.44140970621358, 40.3889282723844], [-4.44153993498033, 40.388901446401], [-4.44165847442467, 40.3888729998475], [-4.44172737834582, 40.3888531702777], [-4.44180342971779, 40.3888269614263], [-4.44187590802903, 40.3887965293719], [-4.44193993324817, 40.3887602589913], [-4.44215246922311, 40.3886217267119], [-4.44233825789187, 40.3884914803855], [-4.44236133740813, 40.3884704543498], [-4.44237508029928, 40.3884479711247], [-4.44238052511399, 40.3884270705024], [-4.44237874828815, 40.3883955621041], [-4.44237090177096, 40.3883667561447], [-4.44234925347806, 40.3883418776684], [-4.44232515620912, 40.3883168412264], [-4.44219746493739, 40.3882446207649], [-4.44199353119822, 40.3881291228028], [-4.44185484233796, 40.3880333019413], [-4.44166246338215, 40.3879033851708], [-4.44151856669175, 40.3877852506101], [-4.44141100157486, 40.3876615955049], [-4.44133524299682, 40.3875274089553], [-4.44132716451371, 40.3874869731829], [-4.44132272070781, 40.38744085599], [-4.44133991879411, 40.3873111877744], [-4.44135541513387, 40.3872647780673], [-4.44137204075205, 40.387215294865], [-4.44139958750009, 40.3871780813441], [-4.44146182312539, 40.387109739916], [-4.4415403383239, 40.3870420171462], [-4.44165231242576, 40.3869874830573], [-4.44172701722308, 40.3869559084011], [-4.44178087841088, 40.3869417146488], [-4.44184321879666, 40.3869355496986], [-4.4419068487772, 40.3869330246854], [-4.44198568980409, 40.3869319444683], [-4.44203764566518, 40.3869357967072], [-4.4421902091105, 40.3869615840454], [-4.44224443784358, 40.3869656532614], [-4.44227752520665, 40.3869644361621], [-4.44230910576427, 40.3869603477113], [-4.44235590736643, 40.3869454408752], [-4.44238285612154, 40.3869315915749], [-4.4424427436375, 40.3868740110115], [-4.44253017307084, 40.3867737883195], [-4.44259827794579, 40.3867089945714], [-4.44265076021964, 40.386683115372], [-4.44269989806568, 40.3866689797224], [-4.44294147940124, 40.3866093153615], [-4.44298931151563, 40.3865907009186], [-4.4430290461645, 40.3865721875218], [-4.44305917504706, 40.3865521048671], [-4.44313070132988, 40.3864843436031], [-4.44314588851458, 40.3864750113268], [-4.44324805634025, 40.3864603706075], [-4.44331502560652, 40.3864475629438], [-4.44336187348701, 40.3864345910936], [-4.44339431464491, 40.3864162036455], [-4.44342325566843, 40.3863905863974], [-4.44345627324672, 40.3863370364029], [-4.44350549198236, 40.386212084057], [-4.44359073846831, 40.3860146770167], [-4.44373016153713, 40.3856991591311], [-4.44375561435725, 40.3856252270172], [-4.44375668527695, 40.3855620077425], [-4.44375580774802, 40.3855209163414], [-4.44373360742942, 40.3854759473008], [-4.44367476328675, 40.3854253142193], [-4.44356361121828, 40.3853476458429], [-4.443389204085, 40.3852315836295], [-4.44323472071599, 40.3851175246293], [-4.44315753866667, 40.3850374094162], [-4.44313100442561, 40.3849499054267], [-4.44312566178112, 40.3848664202642], [-4.44312545579869, 40.3847934478673], [-4.44314634728716, 40.3847310306457], [-4.4431859279569, 40.3846558000081], [-4.4432306191423, 40.38459756352], [-4.44331881641161, 40.3844695348767], [-4.44346080704394, 40.3842848062576], [-4.44350648547781, 40.3842184814743], [-4.44355300114155, 40.3841359074419], [-4.44357403878721, 40.3840725652159], [-4.4435866732251, 40.3839966102954], [-4.44360189015425, 40.3837767431624], [-4.44357864312328, 40.3835687954569], [-4.44354982200375, 40.3834882065935], [-4.44352672863442, 40.383447825651], [-4.44347752918297, 40.383413408395], [-4.44341099186819, 40.3833863605643], [-4.44332480400376, 40.3833703939829], [-4.44314600772398, 40.3833355924793], [-4.44290123110689, 40.3832917869722], [-4.44281124298887, 40.3832670098423], [-4.44273161488343, 40.3832389726875], [-4.4426197422912, 40.3831871767144], [-4.44244343716299, 40.3830931134385], [-4.44228171587374, 40.38301911968], [-4.44213226465932, 40.3829680575461], [-4.44185783887792, 40.3828678616496], [-4.44173458659233, 40.3828260620527], [-4.44171089966777, 40.3828201639085], [-4.4416858698915, 40.3828150615581], [-4.44154671150243, 40.3828030675538], [-4.44150881015237, 40.3827983590608], [-4.44147467868438, 40.3827915786195], [-4.44144506707076, 40.3827840651469], [-4.44142466226476, 40.3827759948558], [-4.44140804163536, 40.3827681017261], [-4.4413915045805, 40.3827582697274], [-4.44137814031284, 40.3827486422661], [-4.44136496382425, 40.3827370547222], [-4.44135767255086, 40.3827254717603], [-4.44135025971073, 40.3827058575484], [-4.44134487514728, 40.3826777723553], [-4.44134218689513, 40.3826552840128], [-4.44134391517574, 40.3826327406124], [-4.44134921589951, 40.3826050852594], [-4.44135811506851, 40.3825831524628], [-4.44139337340556, 40.3825178256263], [-4.44146248223652, 40.3823917444536], [-4.44153395418507, 40.3822565085756], [-4.44154945802066, 40.3822195197532], [-4.44156370960599, 40.3821671762517], [-4.44156854215842, 40.3821175679141], [-4.44155674695088, 40.3820067904681], [-4.44153421441581, 40.381940636289], [-4.44149036569602, 40.381869676083], [-4.44141517336042, 40.3817770286188], [-4.44130088789335, 40.3816649471638], [-4.44124848377291, 40.3815845309846], [-4.44120088460741, 40.3814493108272], [-4.44116889774899, 40.3813821439577], [-4.4410749741758, 40.381290312933], [-4.44099274162279, 40.3811833319452], [-4.440905827696, 40.3810924025145], [-4.44078697642549, 40.3809252056903], [-4.44070480270173, 40.3807804822958], [-4.4405940827894, 40.3806145553432], [-4.44047769094219, 40.3804561002495], [-4.44039522798346, 40.380349213829], [-4.44030718801452, 40.3802459557767], [-4.44017470367989, 40.3801096596467], [-4.43996394322229, 40.3799023746489], [-4.43989618689368, 40.3798167433186], [-4.43987276370745, 40.3797603899393], [-4.43984171667433, 40.3796335280184], [-4.43980690064264, 40.3794971241832], [-4.43980704730985, 40.3794402716799], [-4.43981457495011, 40.379406638522], [-4.43983026941643, 40.3793686017843], [-4.43985896585841, 40.3793371506333], [-4.43993785255319, 40.3792829081874], [-4.44007668179045, 40.3792198884996], [-4.44026131066652, 40.3791463340323], [-4.4405737627563, 40.3790533505542], [-4.44076245208509, 40.3790059467169], [-4.44083851783008, 40.378983355429], [-4.4409051850694, 40.3789575737131], [-4.44098654295234, 40.3789058855785], [-4.44106171243897, 40.3788401983481], [-4.44114477686663, 40.3787606659523], [-4.44119125300449, 40.3786762875259], [-4.44124305021875, 40.3785051774631], [-4.44126203236233, 40.378342220331], [-4.44126114462853, 40.3781394063301], [-4.44125024986077, 40.3779611863333], [-4.44120945321437, 40.3778096704107], [-4.44114147957786, 40.3776083838519], [-4.44105056425457, 40.3773798829304], [-4.4409741241846, 40.3772174629607], [-4.44088786228749, 40.3770907263384], [-4.44086712647695, 40.3770641618376], [-4.44084186405451, 40.3770392568472], [-4.44081569246716, 40.3770206817812], [-4.44077403120083, 40.3770003681918], [-4.44071579735656, 40.3769796980433], [-4.44064945525947, 40.3769585658463], [-4.44060328570071, 40.3769512584468], [-4.44041689894138, 40.3769400487634], [-4.44033604966748, 40.3769306507796], [-4.44031843235606, 40.3763320772701], [-4.44040821762246, 40.3762014356423], [-4.44050935624537, 40.3760830393616], [-4.44060074564127, 40.3760025559455], [-4.44070696674324, 40.3759031406987], [-4.44084866982969, 40.3758040893828], [-4.44093470018326, 40.375747275627], [-4.44101928132312, 40.3756902504927], [-4.44111593662028, 40.3756324074655], [-4.4411576935596, 40.3756054237968], [-4.4411889084016, 40.3755809045218], [-4.44122121507309, 40.375546075145], [-4.44124865182356, 40.3755035046228], [-4.4412780446545, 40.3754490857232], [-4.4413096655811, 40.3753783106774], [-4.44132398178267, 40.37533870935], [-4.44133283433932, 40.3753082040317], [-4.44133233048932, 40.3752845623363], [-4.44131822707298, 40.3751755070147], [-4.44130319963939, 40.3750749089134], [-4.44129410112138, 40.3750435839414], [-4.44127809673626, 40.3750113473899], [-4.44126008796647, 40.3749864848711], [-4.44120916990284, 40.3749284239998], [-4.44113567242014, 40.3748483999668], [-4.44107890090359, 40.3747753483783], [-4.44100953011073, 40.37467957041], [-4.44096073721775, 40.3746008971688], [-4.44094001104293, 40.3745625583851], [-4.44092489892948, 40.3745220431646], [-4.44088707940408, 40.3742377767652], [-4.4408604241466, 40.3740399746021], [-4.44085996420919, 40.3740183548168], [-4.44089293025422, 40.3737349027136], [-4.44088897215644, 40.3736009468005], [-4.44089294765145, 40.3735756441994], [-4.4409030303422, 40.3735493931321], [-4.44097778005531, 40.3734097164497], [-4.44103114569154, 40.3733114578521], [-4.44105317413614, 40.3732396763108], [-4.44105331865741, 40.3731946307294], [-4.44102742785314, 40.3731369595387], [-4.44097076654537, 40.3730171735721], [-4.44092763271076, 40.3729276235493], [-4.44090962577302, 40.3728078773534], [-4.4409111996214, 40.3727709038359], [-4.4409184717581, 40.3727222254503], [-4.4409229199409, 40.3726981372936], [-4.44092683390059, 40.3726770173589], [-4.44094735411665, 40.3725893852997], [-4.44104349092003, 40.3724026150128], [-4.44104519736113, 40.3723124368335], [-4.44104261828932, 40.3722432141537], [-4.4409938249413, 40.3721644325761], [-4.440900120699, 40.37202960876], [-4.44085637543962, 40.3719112598999], [-4.44085253075881, 40.3718384998004], [-4.44086747131339, 40.3717623022235], [-4.4409270219311, 40.3716894900578], [-4.44107235695491, 40.3716004064686], [-4.44117056568742, 40.3715107839941], [-4.4412147046108, 40.3714229614901], [-4.44123050874842, 40.3713354921511], [-4.44123104118506, 40.3711984993977], [-4.44120437860727, 40.3708865059908], [-4.44116260034017, 40.3707507234994], [-4.44112916684193, 40.3706727629218], [-4.44105306516432, 40.3705845068209], [-4.44098923120672, 40.3705147608637], [-4.44088604670284, 40.3704225808536], [-4.44083414932286, 40.3703701310836], [-4.44079559781148, 40.3703234854846], [-4.44075528802071, 40.3702612240796], [-4.44071652880368, 40.3702056676806], [-4.44070858910066, 40.3701716766529], [-4.44069940731108, 40.3701276174039], [-4.44070422791038, 40.3700774461078], [-4.44072343645321, 40.369976984305], [-4.44073761815907, 40.3699308027922], [-4.44075327130289, 40.3698909963029], [-4.44081805959779, 40.3697820700457], [-4.44089543508648, 40.3696513472171], [-4.440913625971, 40.3696223193382], [-4.44100315223247, 40.3695095475006], [-4.44104189423995, 40.3694448772493], [-4.44106182194173, 40.3693916583704], [-4.44108711265996, 40.3693041148416], [-4.44110546748811, 40.3692280329538], [-4.44112825230324, 40.3690755678203], [-4.4411511405321, 40.3689382945215], [-4.44118009682697, 40.3688064058607], [-4.44120326622191, 40.3687266694199], [-4.44122220625425, 40.3686815274525], [-4.44123816002772, 40.3686541643946], [-4.44127283734615, 40.3686233275841], [-4.4413122142612, 40.368588490849], [-4.44143490430341, 40.3684906802987], [-4.44155437825337, 40.3683974140952], [-4.44168186315628, 40.3683001065528], [-4.4417233754891, 40.3682618647668], [-4.44174612152075, 40.3682238569597], [-4.44175579834649, 40.3680199545955], [-4.44174571063554, 40.3679282620429], [-4.44173663548484, 40.3678949939677], [-4.44171386199383, 40.3678672869498], [-4.44169562290056, 40.3678504472961], [-4.44165534791995, 40.3678331075561], [-4.44161733202859, 40.367823491775], [-4.441549998469, 40.3678118990897], [-4.44145434806852, 40.367796763142], [-4.44137486595362, 40.3677760731929], [-4.44134174357447, 40.3677632578774], [-4.44131535975256, 40.3677479773832], [-4.44130197665147, 40.3677265184735], [-4.44129796465138, 40.3676951117581], [-4.441303672701, 40.3676347944988], [-4.44132038745475, 40.3675901053775], [-4.44134507742206, 40.3675396863633], [-4.44135043896441, 40.3675114868574], [-4.44134507422554, 40.3674827345673], [-4.44132909201329, 40.3674458566472], [-4.44129355237816, 40.3673843643913], [-4.44126588593661, 40.3673594087385], [-4.44123856264681, 40.3673428212295], [-4.44108854951637, 40.3672733323273], [-4.44104719214098, 40.3672573709146], [-4.44083725659542, 40.367195411531], [-4.44077459881324, 40.3671774367489], [-4.44074816527879, 40.3671631657496], [-4.44072680460066, 40.3671453754944], [-4.44070988676335, 40.3671286948523], [-4.44070241601461, 40.3671062660225], [-4.44069932657176, 40.3670250295014], [-4.44070966618068, 40.3669024125971], [-4.44071008094811, 40.3668094443085], [-4.44069756317886, 40.3667214367567], [-4.44071618342131, 40.3666466474418], [-4.44072495101523, 40.3666256336317], [-4.44080688275903, 40.3664903729912], [-4.44089511926586, 40.3663730287358], [-4.44090543031262, 40.3663560088101], [-4.44091077809383, 40.3663306050145], [-4.44090760366533, 40.3662963156391], [-4.44090239253836, 40.3662747549694], [-4.44089760080055, 40.3662648926178], [-4.44089020868816, 40.3662551100525], [-4.44088176901607, 40.3662462109073], [-4.44084710931746, 40.3662214408609], [-4.4408376370062, 40.3662144024687], [-4.44081465227918, 40.3661893517177], [-4.44080743336094, 40.3661787437589], [-4.44080131830926, 40.3661681220451], [-4.44080214644609, 40.3661551616242], [-4.44080304515613, 40.3661435585463], [-4.4408097079606, 40.3661245843478], [-4.44081670142301, 40.3661127516686], [-4.44082941199162, 40.3661047106162], [-4.44088094588666, 40.3660877400683], [-4.44111824961631, 40.3660117205412], [-4.44120591530655, 40.3659818088425], [-4.44125271573623, 40.3659650056651], [-4.44129701174884, 40.3659401035541], [-4.44134349816687, 40.3659108086618], [-4.44137805413871, 40.3658743428465], [-4.44140302993442, 40.36583341029], [-4.44141740594515, 40.3657865798769], [-4.44143557140558, 40.3656501297726], [-4.44147568953287, 40.3654300070211], [-4.44151144200101, 40.365276975322], [-4.44152520530463, 40.3652129821872], [-4.44152220934352, 40.3651777446483], [-4.44151096251578, 40.3650969409782], [-4.44149194068964, 40.3649782705692], [-4.44146684851582, 40.3647904947318], [-4.44145361106371, 40.3647219678931], [-4.44144892576059, 40.3646733996161], [-4.44146447649648, 40.3645732253478], [-4.44147517812644, 40.3645208051695], [-4.44147946848024, 40.3644459913895], [-4.44147345156448, 40.3643866224416], [-4.44145099525609, 40.3643227994466], [-4.44143358433216, 40.3642826168005], [-4.44142723145303, 40.3642611603961], [-4.44142416032651, 40.3642206592195], [-4.44143195838148, 40.3641529154796], [-4.44144413235022, 40.3641140213934], [-4.44146112578048, 40.3640840842117], [-4.44151847512651, 40.3640113034987], [-4.44156672080365, 40.3639503080888], [-4.44158117304176, 40.3639132179276], [-4.44159493074033, 40.3638400578343], [-4.44159716141426, 40.3637725684372], [-4.44158802406848, 40.3636200963178], [-4.44159287966748, 40.363571613645], [-4.44161606843587, 40.3635026326758], [-4.4416533552988, 40.3633698514942], [-4.44167444511772, 40.3633174830395], [-4.44175274946441, 40.3631777803593], [-4.44177631856252, 40.3631234103924], [-4.44180308027315, 40.363052817599], [-4.44182179733265, 40.3629843155177], [-4.44183288782771, 40.3629002830533], [-4.44187029413592, 40.3627213303524], [-4.44187045751272, 40.3626763187143], [-4.44185278315949, 40.3626197840136], [-4.44182913680626, 40.3625615216333], [-4.44181230916923, 40.3625390627161], [-4.44179319664081, 40.3625229726295], [-4.44177042876395, 40.362508054213], [-4.44173937714308, 40.3624932452247], [-4.44165780901614, 40.3624734232794], [-4.44154311142317, 40.3624578547331], [-4.44148504342489, 40.3624414750567], [-4.44142815845863, 40.3624216705623], [-4.44137239273349, 40.3623953393869], [-4.44133638122854, 40.3623739733621], [-4.44124905602009, 40.362306789009], [-4.44117856070783, 40.362262433914], [-4.44111291362352, 40.362220874036], [-4.44106056879191, 40.3621981484374], [-4.44100846740373, 40.3621843519467], [-4.44093393145285, 40.3621643237566], [-4.4407566044588, 40.3621327504495], [-4.44051524919363, 40.3620833176867], [-4.44044911820836, 40.3620723937423], [-4.44035121322948, 40.3620664156559], [-4.44022301285864, 40.3620752229472], [-4.44003039041411, 40.3620939375203], [-4.43992680237686, 40.3621023436748], [-4.43985397435459, 40.362105143153], [-4.439810183985, 40.3621010828508], [-4.43975465307155, 40.3620900514532], [-4.43971800015865, 40.3620798098982], [-4.43969035411598, 40.3620602333707], [-4.43960407669068, 40.361983820916], [-4.43948630657431, 40.3618799970275], [-4.43936786611551, 40.3617930865107], [-4.43930305985427, 40.3617353484199], [-4.43920154759706, 40.3616076478681], [-4.43917712605631, 40.3615668492901], [-4.43917390726924, 40.3615300777168], [-4.43919227147709, 40.3613791656702], [-4.43920897659963, 40.3612419305003], [-4.43932923496503, 40.361031155621], [-4.43966769501126, 40.3604379963759], [-4.4397179051276, 40.3604148769567], [-4.43972547582624, 40.360407463066], [-4.43975793882696, 40.3603591997528], [-4.43977555311091, 40.3603049277815], [-4.4398104904447, 40.3602864752146], [-4.43982697511123, 40.3602828916644], [-4.43985392205788, 40.3602816590519], [-4.43986454104283, 40.3602842382665], [-4.43989205295038, 40.3602972836322], [-4.43990395824575, 40.3603033289182], [-4.43992667705197, 40.3603159961305], [-4.43993832057545, 40.3603193499367], [-4.43995728653861, 40.3603189932538], [-4.44000170929517, 40.3603104616445], [-4.44013527051917, 40.3602779263865], [-4.44019157121705, 40.3602603337349], [-4.44027676175704, 40.3602277597425], [-4.44036883727704, 40.360184267619], [-4.44041217537443, 40.3601641199092], [-4.44044812036227, 40.3601411502105], [-4.44049204750646, 40.3601088425532], [-4.44051762298559, 40.3600867947932], [-4.44054282837115, 40.3600595758505], [-4.44056359050951, 40.3600332955842], [-4.44057932602282, 40.3600032532061], [-4.44060829965079, 40.3599206919433], [-4.44062049379174, 40.3598884462602], [-4.44062723317693, 40.3598756635761], [-4.44064129390172, 40.3598628499394], [-4.44067953668603, 40.3598434450959], [-4.4406996578254, 40.3598384747546], [-4.44073938424689, 40.3598337134252], [-4.44076060076629, 40.35983152191], [-4.44077931975116, 40.3598287336185], [-4.44080152018878, 40.3598174988977], [-4.44080840270849, 40.3598094256553], [-4.44081762114633, 40.3597959024361], [-4.44081957595399, 40.3597813504827], [-4.44081806569966, 40.3597649292299], [-4.44081178345864, 40.359746426907], [-4.44080862728733, 40.3597112141808], [-4.44081181720489, 40.359693165684], [-4.44082095493634, 40.359675931567], [-4.44083836337005, 40.3596638906354], [-4.44086387547392, 40.359651964275], [-4.44091300972669, 40.359635171841], [-4.44095624239175, 40.359617377887], [-4.44099003932567, 40.3595972500302], [-4.44111499591832, 40.3594965861843], [-4.44116241528724, 40.3594581719935], [-4.44118654272849, 40.3594236343697], [-4.44119886838387, 40.3593975805192], [-4.44120805509357, 40.3593104661829], [-4.44121060990221, 40.3592863904241], [-4.44120923547986, 40.3591684182603], [-4.44119817362543, 40.3590352174289], [-4.44118021360796, 40.3589651672846], [-4.44113030051584, 40.358833354942], [-4.44108486517944, 40.3587447389206], [-4.44106786221368, 40.3587224154367], [-4.4410221532371, 40.3586779311553], [-4.44096584503844, 40.3586318053615], [-4.4409131094397, 40.3585883320595], [-4.440893932205, 40.3585723327219], [-4.44085174013276, 40.3585287286377], [-4.44084226653129, 40.3585163490476], [-4.44083127345105, 40.3585012837113], [-4.44081514097145, 40.3584679470985], [-4.44080662440082, 40.3584497903675], [-4.44079404820928, 40.3584122228082], [-4.44079130237874, 40.3583997589548], [-4.44078421377284, 40.3583430741793], [-4.44078618412864, 40.3583194177703], [-4.44080037176987, 40.3582717117653], [-4.44080932707493, 40.3582482044763], [-4.44081837849972, 40.3582327588393], [-4.44083223528376, 40.3582180582702], [-4.44088308005869, 40.3581690025429], [-4.44090045214455, 40.358155272908], [-4.44091064266594, 40.3581415210797], [-4.44091393768639, 40.3581297821308], [-4.44091597237052, 40.358115311233], [-4.4409133798326, 40.3580469118981], [-4.44092102808891, 40.3579098967089], [-4.44093267384826, 40.357848459517], [-4.44094269096199, 40.3578194977461], [-4.44095278660331, 40.3577959587792], [-4.4409719140565, 40.3577533604848], [-4.44097737850838, 40.3577334776058], [-4.4409826219747, 40.3577045931376], [-4.44098444911842, 40.357675634856], [-4.44097912693619, 40.3576503639873], [-4.44096763987237, 40.357609281013], [-4.44095410585431, 40.3575806306017], [-4.4409322282839, 40.3575511607925], [-4.44090335912561, 40.3575227013412], [-4.44086977752989, 40.3574923838003], [-4.4408267370932, 40.3574585741235], [-4.44074807800628, 40.3574111320039], [-4.44065507065971, 40.3573638685893], [-4.44043283378432, 40.3572619100621], [-4.44041123162876, 40.3572497920778], [-4.44037176488654, 40.3572239184753], [-4.44036114145371, 40.3572132547952], [-4.4403464827012, 40.3571963200324], [-4.44034028971564, 40.3571819872106], [-4.44033293400227, 40.3571674361465], [-4.44032786242199, 40.3571497058349], [-4.44032694254714, 40.3571064519982], [-4.44031833213177, 40.3570865390022], [-4.44030255598213, 40.3570689140227], [-4.44026506780126, 40.3570218887738], [-4.44019034185603, 40.3569344208158], [-4.44017662924728, 40.3569065353578], [-4.44016798517446, 40.3568868401087], [-4.44015169291331, 40.3568419956015], [-4.44014384433267, 40.3568051755615], [-4.44014448932303, 40.3567799064385], [-4.44014617944799, 40.3567440972892], [-4.44015368447828, 40.356712248476], [-4.4402445158316, 40.3565003066643], [-4.44026376929686, 40.3564594192033], [-4.4402698007119, 40.3564134976151], [-4.44026259689029, 40.3563524545294], [-4.44024597020406, 40.3562921531454], [-4.44020124488268, 40.3561828564778], [-4.44013468061845, 40.3560422285637], [-4.44007095468353, 40.3559241089175], [-4.43997907777068, 40.3557569014443], [-4.43993449207354, 40.3557022778514], [-4.43988836300177, 40.3556442951648], [-4.43984177863185, 40.3555566913086], [-4.43979412387729, 40.3554697973106], [-4.43973944632591, 40.3553905251381], [-4.43968969924414, 40.3553288237965], [-4.43963416988486, 40.3552637588448], [-4.439590627727, 40.3552105130967], [-4.43957621666327, 40.3551904227394], [-4.43953698474753, 40.3551244536322], [-4.4395235935616, 40.3551038997962], [-4.43948032562071, 40.3550592999458], [-4.43944786109157, 40.3550309519397], [-4.43941683867154, 40.3550124236836], [-4.43933862056313, 40.3549881944181], [-4.4392106259065, 40.3549528335301], [-4.43918456401298, 40.3549430518411], [-4.43915852416005, 40.3549298627454], [-4.43911426632092, 40.354904474893], [-4.43907493098618, 40.3548751612172], [-4.43902074547792, 40.354818967577], [-4.43900375941547, 40.3547989091897], [-4.43899273414443, 40.3547816873918], [-4.43898533457365, 40.3547631033312], [-4.43898272062398, 40.354752974853], [-4.43898207024372, 40.3547223756508], [-4.43898603630567, 40.3546898904672], [-4.43898943759468, 40.3546791579681], [-4.43899730028104, 40.3546663168961], [-4.43900391906806, 40.3546428254642], [-4.43900582779436, 40.3546192708103], [-4.43900554055466, 40.3546057612079], [-4.43900278898741, 40.3545896835652], [-4.43899400615889, 40.3545645361487], [-4.43898055928256, 40.3545385061893], [-4.43896240978994, 40.354515647027], [-4.43892742993332, 40.3544800471617], [-4.43891763947827, 40.3544627901604], [-4.43891256446179, 40.3544385665078], [-4.43891542243613, 40.3544141840441], [-4.4389348289656, 40.3543780432129], [-4.43895079449878, 40.3543605737224], [-4.43898086582277, 40.3543279220281], [-4.4390162337907, 40.3542779335908], [-4.43903753810343, 40.3542241788129], [-4.43905616867823, 40.354164685148], [-4.4390603555444, 40.354137748354], [-4.43905952971353, 40.3540989082445], [-4.43905653245455, 40.3540617843043], [-4.43905265009822, 40.3540522607838], [-4.4390441177787, 40.3540422926647], [-4.43902163656835, 40.3540301247628], [-4.43900496188017, 40.3540247017737], [-4.43896001480685, 40.3540181321919], [-4.43894000996222, 40.3540159381857], [-4.43892926008479, 40.3540122093047], [-4.43891020785731, 40.3539988545019], [-4.43890174648425, 40.3539909260639], [-4.43888602871309, 40.3539693137637], [-4.43887611036269, 40.3539498259094], [-4.43885245322966, 40.3538897302889], [-4.43884485258405, 40.3538636988313], [-4.43883481970075, 40.3538280625711], [-4.43882826336839, 40.3537966133979], [-4.43882304328558, 40.3537234549171], [-4.4388102252248, 40.3535641535668], [-4.43877816916985, 40.3533788911727], [-4.43877183572114, 40.3532520292524], [-4.43877124732461, 40.3531700607739], [-4.43874986780955, 40.3530515486755], [-4.43870657850563, 40.3529537292589], [-4.43870009716087, 40.3529404682714], [-4.43887772070693, 40.352418779718], [-4.43914308427523, 40.3516387846668], [-4.43925695802896, 40.3513042901777], [-4.4395173008355, 40.3507593961777], [-4.43974170936031, 40.3502898345276], [-4.44047881314641, 40.3495149079184], [-4.44128261980642, 40.3491085057184], [-4.44186600815713, 40.3488876168608], [-4.44187792266439, 40.3488640408687], [-4.44191409227933, 40.3487994746379], [-4.44194833699675, 40.3487494268942], [-4.44199077426859, 40.348694939699], [-4.44202533066097, 40.3486611302897], [-4.44209143945242, 40.3486096953236], [-4.44215543915151, 40.3485739881391], [-4.44220206938103, 40.3485520107281], [-4.44225818655902, 40.3485366267061], [-4.44229616533757, 40.3485300043584], [-4.44232036434972, 40.348525959576], [-4.4423887457728, 40.3485232191507], [-4.44251829196448, 40.3485244185037], [-4.44255474594838, 40.3485256529171], [-4.44261831350538, 40.3485214816374], [-4.44264632883033, 40.3485173764408], [-4.44267219677007, 40.348511800644], [-4.4426978184658, 40.3485004956556], [-4.44272350097215, 40.3484846972686], [-4.4427372563034, 40.3484738959331], [-4.44275563942737, 40.3484538521695], [-4.44277403512777, 40.3484311137151], [-4.44278651644549, 40.3484028319602], [-4.44279980509833, 40.3483695193228], [-4.44282034293665, 40.3482807912406], [-4.44287533702198, 40.3481506037079], [-4.44297219037017, 40.3479990610062], [-4.44299231047046, 40.3479554049779], [-4.44300805434413, 40.3479200602564], [-4.44301412336218, 40.3478722559194], [-4.44301143829779, 40.3478028993486], [-4.44299923558299, 40.3477291925524], [-4.44298910990203, 40.347688046562], [-4.44297868572252, 40.3476474775217], [-4.44296345555087, 40.3475892699612], [-4.44296041398966, 40.3475639049798], [-4.44296401353899, 40.3475098209222], [-4.44297191561046, 40.347485563285], [-4.44298893999148, 40.3474653579983], [-4.44300631610404, 40.3474525197206], [-4.44303091572322, 40.3474397831094], [-4.44309521380521, 40.3474181479205], [-4.44330241699138, 40.3473677543012], [-4.44354366045923, 40.3473071283834], [-4.443684323158, 40.3472756118122], [-4.44392001324076, 40.3472303244304], [-4.44405221111462, 40.3471908543861], [-4.44415253586386, 40.3471472737507], [-4.44425982671205, 40.3470928055572], [-4.4443596765483, 40.3470301860901], [-4.44454502504074, 40.3468876716311], [-4.44467143446728, 40.3467937524001], [-4.44471903404904, 40.3467655683227], [-4.4447891804668, 40.346742169983], [-4.44487354437214, 40.3467256571196], [-4.44497597081173, 40.3467190033197], [-4.44504561430304, 40.3467237635849], [-4.44512355473697, 40.3467379919675], [-4.44533172296249, 40.346785501817], [-4.44551294363181, 40.3468383464518], [-4.4456779758276, 40.346900268816], [-4.44579308453846, 40.3469385146227], [-4.44599911455854, 40.34699808132], [-4.44624415050712, 40.3470573083167], [-4.44657769158527, 40.3471295559943], [-4.44667575995553, 40.3471436867759], [-4.44673480848841, 40.3471519568584], [-4.44692106361947, 40.3471639864536], [-4.44709808652913, 40.3471744378898], [-4.44714754695461, 40.3471817016435], [-4.44732878052067, 40.3472256035911], [-4.44741016844389, 40.3472416900955], [-4.4474953311252, 40.3472539236588], [-4.44773712278373, 40.3472734188673], [-4.4477770565756, 40.3472740159234], [-4.44780293198336, 40.3472709058272], [-4.44783221672731, 40.3472634156881], [-4.44786731257449, 40.3472532083037], [-4.4478906022048, 40.3472410926731], [-4.44795632347537, 40.3471771568356], [-4.44797372024916, 40.3471652639883], [-4.44799947111574, 40.3471530199343], [-4.44806297675933, 40.3471460311955], [-4.44834160244619, 40.3471329700893], [-4.44844749508715, 40.347129391608], [-4.44852862132111, 40.347120492762], [-4.4486294307496, 40.3471029015527], [-4.44869720541271, 40.3470805043696], [-4.44895420270797, 40.3469766510299], [-4.4490381694327, 40.3469457573129], [-4.44907675260339, 40.3469357119755], [-4.44972612568138, 40.3458583323672], [-4.45046153346162, 40.3457440457645], [-4.45049637661454, 40.345642034636], [-4.45052974167613, 40.3454991646397], [-4.45056684527734, 40.3452560249401], [-4.45059959500242, 40.34518748516], [-4.45063539596454, 40.3451583205557], [-4.45068229843068, 40.3451492864581], [-4.45075759684721, 40.3451432744114], [-4.4509290277481, 40.3451247952331], [-4.45101924621756, 40.345106406003], [-4.45111393314008, 40.3450745748296], [-4.45117802344404, 40.3450431448517], [-4.45123623821348, 40.3450038261049], [-4.45138259986614, 40.3448629160788], [-4.45149167762607, 40.3447849723261], [-4.45153826593357, 40.3447613025403], [-4.4516071863845, 40.3447422431175], [-4.45202842618416, 40.3446189859196], [-4.45207087820188, 40.344616668949], [-4.45213803412354, 40.3446229973655], [-4.45220900462426, 40.3446401509327], [-4.45225761785419, 40.3446557386699], [-4.45229599544487, 40.3446825340899], [-4.45244932282737, 40.3448100678234], [-4.45254396213922, 40.3448863685676], [-4.45263010518504, 40.3449510601219], [-4.45268144659849, 40.3449837396476], [-4.45275523511424, 40.3450197308574], [-4.45279908026697, 40.3450309361697], [-4.45284146439835, 40.345032187558], [-4.4528835307065, 40.3450181198528], [-4.45291967981183, 40.3450014675529], [-4.45315264530436, 40.3448850341629], [-4.45327630269712, 40.3448256204885], [-4.45332195604143, 40.3448098444274], [-4.45335351749105, 40.3448060694859], [-4.45343530482872, 40.3448281266151], [-4.45349775378202, 40.3448356632228], [-4.45357086209846, 40.3448354316082], [-4.45362358887319, 40.3448235078646], [-4.45366657058009, 40.3448019881266], [-4.45370500528725, 40.3447768774455], [-4.45379888489104, 40.3447109466128], [-4.45383787550866, 40.3447104564403], [-4.45388152191317, 40.3447211687086], [-4.4539302108446, 40.3447428291888], [-4.45410635975347, 40.3448253211786], [-4.4542727344717, 40.3448969885146], [-4.45458710311422, 40.3450067707027], [-4.45464980091307, 40.3450247761158], [-4.45473732826276, 40.3450425676836], [-4.45478116123008, 40.3450482474774], [-4.45483636107459, 40.3450486791541], [-4.45489034369502, 40.3450433543576], [-4.4549421047763, 40.3450383400215], [-4.45512983270703, 40.3450078255457], [-4.45524381369132, 40.3449992602088], [-4.45536403622091, 40.3449998109021], [-4.45540638591602, 40.3450015301229], [-4.45559414760351, 40.3450239410984], [-4.45575108424741, 40.3450451461118], [-4.45582298450446, 40.3450496655497], [-4.45588076055028, 40.3450507486812], [-4.45593949689513, 40.3450472795111], [-4.45600988169425, 40.3450346776655], [-4.45606578775079, 40.3450213819282], [-4.45611268186891, 40.34499489121], [-4.45614277306749, 40.344986600158], [-4.45728336309547, 40.344682854774], [-4.4573536086457, 40.3443046943135], [-4.4574196991445, 40.3442819347576], [-4.4575748753783, 40.3442230874195], [-4.45770108059758, 40.3441753502477], [-4.45772927038271, 40.3441688013676], [-4.4579078429983, 40.3441575414727], [-4.45810304703612, 40.3441470769093], [-4.45817020855821, 40.3441418464788], [-4.4581970557306, 40.3441377565132], [-4.45823208284016, 40.3441238289785], [-4.458265751697, 40.3441017785262], [-4.45830272904902, 40.3440697996747], [-4.4583511378904, 40.3440179463405], [-4.45843816175623, 40.343905920404], [-4.45848643632128, 40.3438521723258], [-4.45858109310333, 40.3437616740623], [-4.45866449678362, 40.3437003715332], [-4.45876782190593, 40.3436332947447], [-4.45883401067437, 40.3435919068768], [-4.45891644782189, 40.3435305350124], [-4.45897540928146, 40.3434836211272], [-4.45908990019868, 40.343384206076], [-4.45924382480192, 40.3432660551812], [-4.45935970837188, 40.3431807929014], [-4.45944905848451, 40.3431139147526], [-4.45952871112125, 40.3430462267321], [-4.45957034262486, 40.3430054047062], [-4.45960013195689, 40.3429706827205], [-4.45962978776036, 40.3429287328196], [-4.45964557541729, 40.3428940974986], [-4.45966130236749, 40.3428556116442], [-4.45969250723521, 40.342725251453], [-4.45970516724471, 40.3426546124312], [-4.45972655068951, 40.3425023312562], [-4.459737293642, 40.3424526381392], [-4.45978894227925, 40.3422826153458], [-4.45980457566017, 40.3422436709856], [-4.45984276753447, 40.34215760085], [-4.45985757403899, 40.3421296157956], [-4.45987225653029, 40.3421049961795], [-4.4600175634659, 40.3419051915533], [-4.46009102145481, 40.3418229199662], [-4.46012234126145, 40.34179914151], [-4.4601836853713, 40.3417524137377], [-4.46019870071128, 40.3417387020735], [-4.46024592514576, 40.3416912603515], [-4.4603347741024, 40.3416010810387], [-4.46038552423924, 40.3415588699103], [-4.46046443405044, 40.3415047214692], [-4.46054780848858, 40.3414406024393], [-4.46056512621063, 40.3414241683592], [-4.46058251613272, 40.3414025742331], [-4.4605971448623, 40.3413805168976], [-4.46060486588216, 40.3413561225152], [-4.4606084537534, 40.3413011317333], [-4.46062959560362, 40.341244996776], [-4.46064637972639, 40.3412060381227], [-4.46065421356863, 40.3411787011319], [-4.46065831833651, 40.3411590458733], [-4.46065660974083, 40.3411347123491], [-4.46065382348073, 40.3411094509841], [-4.46064972056093, 40.3410879706502], [-4.46062778198326, 40.3409937917205], [-4.46061880683705, 40.340964949844], [-4.46061710452958, 40.340940638845], [-4.46061640743693, 40.3409082285024], [-4.46061901925006, 40.3408604596852], [-4.46062074001153, 40.3408342793193], [-4.46061781717946, 40.3408047329751], [-4.46061109435902, 40.3407659674746], [-4.4606044565407, 40.3407311422459], [-4.46060511072767, 40.3407103011547], [-4.46061300012707, 40.3406956543383], [-4.46062696450847, 40.3406829987672], [-4.46064082723962, 40.3406754651601], [-4.4606804258935, 40.3406541710571], [-4.46071912262689, 40.3406401691003], [-4.46084882179278, 40.3405979912438], [-4.46088257286572, 40.3405850362468], [-4.46089544031114, 40.3405760064673], [-4.46090338952579, 40.3405676522723], [-4.46092624176832, 40.3405349274707], [-4.46095067809596, 40.3404931034468], [-4.46095676831829, 40.3404778079533], [-4.46095882547333, 40.3404614697527], [-4.4609582789578, 40.3404361394321], [-4.46095673831132, 40.3404158891152], [-4.46093550243146, 40.3403012952986], [-4.46092406245543, 40.3401620030176], [-4.46092372918048, 40.3400908274612], [-4.46092782459984, 40.3400637629276], [-4.46093450267567, 40.3400447690646], [-4.4609492676239, 40.3400184705729], [-4.46097574468721, 40.3399837900694], [-4.46102861026302, 40.3399273803008], [-4.46107393051119, 40.3398964030625], [-4.46114020365633, 40.3398645980285], [-4.4613232971239, 40.3397839938786], [-4.46100262911018, 40.3395242796787], [-4.46059718259155, 40.3391958974707], [-4.45997982233466, 40.3382948315134], [-4.45773243777129, 40.3368817739781], [-4.45567706997368, 40.3352922727216], [-4.45479424731581, 40.3343159417633], [-4.45450121776846, 40.3341025408536], [-4.45422269665875, 40.3336929263252], [-4.45391590068214, 40.3332422833124], [-4.45381440273313, 40.333093097792], [-4.45358573118765, 40.3319848515854], [-4.45308526447151, 40.3295591378844], [-4.45324434083699, 40.3264932161389], [-4.45316877994517, 40.3248434679663], [-4.45316479142532, 40.3247573400214], [-4.45415507768876, 40.3233972664832], [-4.4544364224627, 40.3230699743196], [-4.45510234610205, 40.3224043586787], [-4.45519116590864, 40.322315563813], [-4.45531921387547, 40.3221979640883], [-4.4554420889425, 40.3220575729599], [-4.45554177193667, 40.3219254618467], [-4.45573774516378, 40.3215754785601], [-4.455905285437, 40.3212632425145], [-4.45606071645786, 40.3209948471233], [-4.45617139659444, 40.320826905883], [-4.45619382896812, 40.3207753857723], [-4.45621488802189, 40.3207208255133], [-4.45621747696651, 40.320677546261], [-4.45620201488892, 40.320608619482], [-4.45617215326546, 40.3205369248641], [-4.45598405872312, 40.3202192303579], [-4.45579817865081, 40.3198901820903], [-4.45570642364216, 40.3197280520203], [-4.45568292983309, 40.3196787991772], [-4.45565919378039, 40.3196170445453], [-4.45564777888807, 40.3195793466675], [-4.45564108374427, 40.3195416069887], [-4.45563950989588, 40.3195208703957], [-4.45564607747893, 40.3195000899615], [-4.45565633084957, 40.319483740947], [-4.45571646940294, 40.3194081122957], [-4.45576303674152, 40.3193500949206], [-4.45658118617845, 40.3193065742829], [-4.45670627456713, 40.3193251402326], [-4.45736639464523, 40.3194244956681], [-4.45843690117546, 40.3194003038684], [-4.45906404816759, 40.3193856374086], [-4.4608819311259, 40.3193108895552], [-4.46132288824745, 40.3192923688687], [-4.46154968608894, 40.3192179956099], [-4.46224958055608, 40.3189879940711], [-4.46312528075291, 40.3187715214303], [-4.4638313753715, 40.3185483878823], [-4.46496580300592, 40.3184356457885], [-4.46574373505882, 40.3190446105524], [-4.46609715654611, 40.3193212765953], [-4.46625714684271, 40.3194405020039], [-4.46669101046981, 40.3196720454633], [-4.4696133560926, 40.3198331438408], [-4.47102732017028, 40.319365291089], [-4.47222810675757, 40.3195313149008], [-4.47245573370302, 40.3195633263648], [-4.47519059341206, 40.3201675391474], [-4.475885411045, 40.3203213965238], [-4.4776494158163, 40.3203563042846], [-4.47945318232279, 40.3203929287107], [-4.48235362300054, 40.3206260553191], [-4.48554180718754, 40.321098651228], [-4.48631849817642, 40.3208921680703], [-4.48745395474075, 40.3205911883511], [-4.4876832308524, 40.3205303808427], [-4.48827190943449, 40.3205162251547], [-4.49086484841656, 40.3204535948251], [-4.49090646155028, 40.3204528539639], [-4.49202817167589, 40.319675650868], [-4.49300141811541, 40.3190015175989], [-4.49303950220928, 40.3189749332535], [-4.49389281900305, 40.3187118606516], [-4.49471210056175, 40.3182209939379], [-4.49493834578549, 40.3180855650178], [-4.49676543822501, 40.3176835477691], [-4.49775484537389, 40.3166527586392], [-4.49845167752293, 40.3162293294823], [-4.50103548021507, 40.3154571115376], [-4.50303002940335, 40.3151789652103], [-4.50321171726283, 40.3151681366347], [-4.50438164895289, 40.3150983183426], [-4.50515211690407, 40.3153495713862], [-4.50585976476915, 40.3159439189648], [-4.50700388435103, 40.3165778531289], [-4.50918803008332, 40.3179545810087], [-4.51017605292836, 40.3184551909376], [-4.5129775389734, 40.3205807489861], [-4.51528687981826, 40.3264057560734], [-4.51590882349216, 40.3279746039268], [-4.51556648362224, 40.32845657798], [-4.51553923771967, 40.3288172827521], [-4.51571201968143, 40.3291753661575], [-4.51597518563548, 40.3293611392591], [-4.5160521577806, 40.3294008690091], [-4.51652096632583, 40.3296428732559], [-4.51791634435313, 40.3303626341018], [-4.51813257872349, 40.3305580042403], [-4.51866522578806, 40.3317401372391], [-4.5187675304242, 40.3318116893392], [-4.51910770535429, 40.3320496726106], [-4.51914729949876, 40.3321294295451], [-4.51948994928749, 40.3328193909901], [-4.51932809533116, 40.3334791857543], [-4.52026259744989, 40.3347281499169], [-4.52098202851653, 40.3358357875187], [-4.52169909252239, 40.3363128272842], [-4.52221567860798, 40.3362519510838], [-4.5224922761722, 40.3365095839264], [-4.52268251778978, 40.3367098273972], [-4.52323269008725, 40.3372889261024], [-4.52331218290503, 40.3373726031293], [-4.52421526673891, 40.3374542279866], [-4.52444463508484, 40.3374748028606], [-4.52473603418992, 40.3376527690527], [-4.52533994370767, 40.3380216133698], [-4.52594361247692, 40.3381667296027], [-4.52676906989992, 40.3382279580803], [-4.52670459511704, 40.3416341055244], [-4.5264133954379, 40.344908153115], [-4.52697795964451, 40.3448826755049], [-4.52802128816831, 40.3446797320156], [-4.53092995400655, 40.3436592712692], [-4.53491331843663, 40.3417506773561], [-4.53612981779915, 40.3413764138145], [-4.53833914426905, 40.3406961640054], [-4.53898360643462, 40.3405614669381], [-4.53934940388592, 40.3406303573566], [-4.54107679531483, 40.3409558762844], [-4.54420977937174, 40.3415458205917], [-4.54647136930373, 40.3421101749926], [-4.54784253422154, 40.3408035818661], [-4.54780343578963, 40.3398118185557], [-4.54778626301456, 40.3393719465107], [-4.54702134020797, 40.3383551859824], [-4.54591654506612, 40.3370338516076], [-4.54508485008876, 40.3360388028772], [-4.54353233439284, 40.3335190691569], [-4.54289501602488, 40.3318969904118], [-4.54285760512428, 40.3307713958992], [-4.54425764944861, 40.3301896628652], [-4.54426857904664, 40.3301850125482], [-4.54377146027422, 40.3300655269948], [-4.5429450287295, 40.3299837537658], [-4.54256807561801, 40.3299464530483], [-4.53985882202699, 40.327793430647], [-4.54027525266503, 40.3254005645117], [-4.53996439927132, 40.3251884938297], [-4.53973161758891, 40.3247861989564], [-4.53939160839399, 40.3238087701037], [-4.53921695410853, 40.3228561657923], [-4.53983883158775, 40.3212173013494], [-4.53790673609092, 40.316468360759], [-4.53770296648286, 40.315786366138], [-4.53778446703533, 40.3141907376801], [-4.5376839832843, 40.3113182593592], [-4.53733958267909, 40.3101426592643], [-4.53686659246622, 40.3090048993584], [-4.53594438405849, 40.3077738442771], [-4.5356553439293, 40.3059218637809], [-4.53540454598009, 40.3052405441921], [-4.53465698046831, 40.30392625385], [-4.53302234500062, 40.3013622885533], [-4.53217223960287, 40.3001933875543], [-4.53199945494615, 40.2993128190207], [-4.53185469930663, 40.2977923716791], [-4.53182979912159, 40.2975313296502], [-4.53064632263369, 40.295141631159], [-4.52967901673575, 40.2934607613115], [-4.52923463723269, 40.2929261760526], [-4.52908641071922, 40.2927478589763], [-4.53125402304194, 40.2902688167719], [-4.53393762047731, 40.2887648093515], [-4.53479046465829, 40.2884923989882], [-4.53933158514353, 40.2873153811587], [-4.54222859929937, 40.2865646826436], [-4.54234722204997, 40.2863654702357], [-4.54259120487889, 40.2859562572362], [-4.54401747944715, 40.2845318537562], [-4.54711141980048, 40.2811859700409], [-4.54719752194785, 40.281093041151], [-4.54705713431621, 40.2807355890724], [-4.54681040344264, 40.2801072478977], [-4.54823036988111, 40.2799621290821], [-4.54993439641927, 40.279894266684], [-4.55199355377053, 40.2788736846724], [-4.55520300250709, 40.2772830706232], [-4.55549160426668, 40.2770448992282], [-4.55531233148524, 40.276921248054], [-4.55529228271894, 40.2769125087782], [-4.55411276657807, 40.2764148577705], [-4.55412535729265, 40.2762744888542], [-4.55468319327451, 40.2699927850159], [-4.55468161410578, 40.2695571290475], [-4.55468076333166, 40.2693712521578], [-4.55490353833562, 40.2690370034836], [-4.55551073209404, 40.2681258957029], [-4.5559263116091, 40.267273428121], [-4.55617833845361, 40.2664682922385], [-4.55601156904037, 40.2662009137241], [-4.55592197364458, 40.2660573097582], [-4.55640421444191, 40.264519315874], [-4.55662679519389, 40.2643745419985], [-4.55664064114323, 40.2643652919191], [-4.56047107458272, 40.2618700242798], [-4.56113536166733, 40.2616087956697], [-4.5615835149929, 40.2616658297264], [-4.56230905011189, 40.2615118870194], [-4.56313814481347, 40.2612574668765], [-4.56739146323018, 40.259055881754], [-4.56806203954034, 40.2585603179949], [-4.5685219055164, 40.2581016626916], [-4.56869403170797, 40.2579300893073], [-4.56903077956527, 40.2574624239317], [-4.5692183054251, 40.2572023243309], [-4.56738880544229, 40.252317304646], [-4.56713742625246, 40.2511045154652], [-4.56688905245541, 40.2505313130556], [-4.56672381334907, 40.2464255142044], [-4.56632520767489, 40.2449444496714], [-4.56639847298583, 40.241493064538], [-4.56626039907225, 40.2406030562058], [-4.56590934146283, 40.2396528680599], [-4.56490420494915, 40.2393962004509], [-4.56381328953969, 40.2389875326425], [-4.56020303030448, 40.2363696429761], [-4.55947149479856, 40.235226368359], [-4.55915150127568, 40.2346000591503], [-4.55902035594741, 40.2340072402351], [-4.55892251547681, 40.2312788676452], [-4.55964491701357, 40.2284403435096], [-4.56007541336624, 40.2262003363388], [-4.56012607129182, 40.225334799976], [-4.56074862116602, 40.2227588709138], [-4.56142301030614, 40.2222171106547], [-4.56252104352316, 40.2213351953672], [-4.56378352152446, 40.2203215329515], [-4.56563475702417, 40.2180351265747], [-4.56714653051963, 40.2178526460319], [-4.56893786142553, 40.2180714968521], [-4.56917637655691, 40.2181269375387], [-4.57043844859865, 40.2184204651796], [-4.57116648748549, 40.218651729562], [-4.57448741879055, 40.2197078325166], [-4.57556571737341, 40.2195851472604], [-4.57632480322828, 40.2193765356678], [-4.57671945828541, 40.2191639837428], [-4.57732937087784, 40.2186078685704], [-4.57813433001075, 40.2178742443509], [-4.57828463073418, 40.2177372506481], [-4.57867845844295, 40.2174886323743], [-4.57900552066485, 40.2174030460104]], [[-3.37405100399399, 40.6402487204186], [-3.37266703094445, 40.6389258961014], [-3.37063382724954, 40.6390864736403], [-3.36843091655424, 40.6386998235674], [-3.36556590792892, 40.6381289883875], [-3.36482111036532, 40.6382400120534], [-3.36360784918922, 40.6384204962166], [-3.36367315060599, 40.6369266619855], [-3.36429607094046, 40.6360159379086], [-3.36358367013501, 40.633961199308], [-3.36429647531364, 40.6328268271773], [-3.36366679821949, 40.6316013644797], [-3.36548079922196, 40.6313996968284], [-3.36816277839688, 40.6325251624887], [-3.3688782568763, 40.6316652577419], [-3.36906025375621, 40.6303628774928], [-3.36905480038668, 40.6303219155705], [-3.36897154625145, 40.6296971967881], [-3.36937801751662, 40.6279430297313], [-3.37201301340019, 40.6265553445091], [-3.37173080046714, 40.6257679516612], [-3.37248627744431, 40.6261584087679], [-3.37373755421455, 40.6261228355097], [-3.37444410414311, 40.6261368753254], [-3.37527051973158, 40.6269697586246], [-3.37574875812052, 40.6277099042562], [-3.37610247018121, 40.6280610575626], [-3.37679154675683, 40.6287452384237], [-3.37843382312767, 40.6293315638778], [-3.37897108524663, 40.6293956788905], [-3.38157748016141, 40.6302800928007], [-3.38213653379768, 40.6304702440821], [-3.38194054977118, 40.6307051208683], [-3.38166301172794, 40.630996819486], [-3.38144808787793, 40.6312433343336], [-3.38118869481722, 40.6315701962414], [-3.38100426185872, 40.6318160690903], [-3.38085762446499, 40.6320165692901], [-3.38059250737014, 40.6323903871375], [-3.38046461062989, 40.6325646641351], [-3.38025812509181, 40.6328536375595], [-3.37821954466506, 40.6334972644735], [-3.37777897322233, 40.6335143477506], [-3.37710585559663, 40.6335405245637], [-3.37687019459832, 40.634220565085], [-3.37684669792536, 40.6342387801423], [-3.37592504441018, 40.634691178685], [-3.37415722101647, 40.6344869786796], [-3.37226071844989, 40.6356110676286], [-3.37416569392622, 40.6377287330645], [-3.3745738538597, 40.6381823271462], [-3.37484651540195, 40.6384855461804], [-3.37443284840015, 40.6394022097033], [-3.37426133755452, 40.6397823181301], [-3.37405100399399, 40.6402487204186]]]]}}]}