{"type": "FeatureCollection", "features": [{"type": "Feature", "properties": {"shapeName": "Milano", "shapeISO": "", "shapeID": "16045082B6836544745238", "shapeGroup": "ITA", "shapeType": "ADM3"}, "geometry": {"type": "MultiPolygon", "coordinates": [[[[9.53157871836452, 45.16535419550391], [9.531837619658702, 45.16583007668405], [9.531803882512735, 45.1663073202744], [9.531364615486078, 45.166876472459165], [9.531189750473603, 45.166971802482934], [9.5302124600897, 45.1675029294079], [9.52908713287446, 45.16819228092153], [9.527883531866154, 45.16876495518065], [9.526579233312717, 45.16949326965657], [9.526448096836443, 45.17041886496216], [9.527103705478288, 45.17113595928178], [9.527795543548157, 45.171636856061795], [9.528744107123284, 45.17237961315896], [9.529207525276794, 45.17303457228963], [9.529341290436792, 45.17373607871913], [9.529409329801064, 45.17421284917473], [9.529287794966525, 45.174502826423485], [9.52924728458959, 45.17451597473792], [9.52833243012735, 45.17464990278005], [9.526399485287907, 45.17481185912431], [9.524902073458135, 45.175196821350255], [9.523713490474618, 45.17603505303705], [9.52385922763233, 45.17666437230293], [9.524934356150155, 45.17741105720511], [9.526398207469954, 45.17881756638829], [9.526851872111209, 45.179706632859784], [9.526759107911335, 45.18068823900757], [9.525980734111428, 45.181399131370405], [9.52445508093122, 45.18189840406336], [9.524111914452599, 45.18201014868294], [9.522352541010067, 45.181406767171744], [9.522298829119416, 45.181388338914616], [9.52134497427789, 45.18063600465806], [9.521311658288194, 45.180609720711175], [9.521268240563243, 45.18059952108846], [9.521118010781164, 45.180564295512575], [9.520116060801422, 45.18032924184944], [9.519730833486504, 45.18023885474215], [9.518551425464018, 45.18098496191604], [9.51819590885676, 45.18136226808319], [9.517608379111836, 45.18198579356407], [9.516727046738943, 45.18270350383422], [9.516585731552693, 45.18281857105828], [9.516225154818308, 45.18337427212965], [9.516146353393035, 45.18349567421994], [9.516285029580718, 45.18475525954417], [9.51633371551514, 45.185916254026765], [9.516094272436176, 45.18638316996252], [9.515956429837049, 45.18665057418936], [9.515821078637561, 45.186884464707134], [9.515707776082175, 45.18708028030856], [9.515575149016428, 45.18697513512671], [9.514054391405988, 45.18719919330047], [9.510787245700692, 45.18713566925534], [9.509044499746835, 45.187256402709835], [9.507484016710729, 45.18715907783836], [9.50660780764241, 45.18706699428881], [9.505945940418217, 45.187074426403356], [9.505337028878358, 45.187221156489095], [9.504789214234075, 45.18716956298436], [9.503874016086211, 45.18731763950777], [9.503227947076162, 45.18767154900141], [9.50241297907785, 45.18763913408964], [9.5019900737272, 45.18722692042314], [9.501831300232467, 45.18654348777504], [9.501712802958757, 45.18609393119679], [9.501542737248728, 45.18586342707271], [9.501454195082626, 45.185743415403415], [9.499528591873316, 45.18601250971518], [9.498670057938803, 45.186137897045725], [9.498500409988944, 45.186186771192105], [9.498548696438473, 45.18637993802035], [9.499000900737093, 45.186599164786585], [9.496863745857267, 45.18812227253002], [9.496579128556114, 45.187864806218755], [9.49604378249936, 45.188405102517315], [9.495666075008026, 45.188744198207566], [9.495520098960638, 45.18890556835361], [9.495282772379358, 45.18915422002699], [9.495111871628795, 45.18932469215414], [9.49616930422253, 45.190129833823754], [9.496314305745841, 45.19024023886516], [9.496465326377251, 45.190386196488035], [9.49716143954702, 45.19103769286422], [9.497612474059665, 45.19166584329578], [9.497563986877811, 45.19185508867676], [9.497483321673386, 45.19214675336075], [9.496889971716811, 45.192474348145645], [9.496679466925832, 45.19270507705685], [9.496623846596993, 45.19286314259599], [9.496418549177976, 45.19344433825653], [9.49620416500393, 45.19367932287838], [9.495881277204711, 45.19392821767008], [9.495560843167071, 45.1939071539588], [9.495338117626483, 45.1936380624981], [9.493975854539755, 45.19353595040152], [9.492804357860603, 45.19350500934901], [9.492586848483096, 45.19337992496354], [9.492489661984289, 45.1924441680516], [9.492267270044513, 45.191752019729], [9.4920828913297, 45.19163707589722], [9.491822048177445, 45.19124689610117], [9.4912255301619, 45.19126188829329], [9.489750943386209, 45.1912061306178], [9.486244395049239, 45.19158115428609], [9.485491704487623, 45.19180786493672], [9.485065314356781, 45.19210093235828], [9.484806768405372, 45.19231075532174], [9.484303602989186, 45.19324775642037], [9.484142475552634, 45.1934970841884], [9.48336171703433, 45.19403407038704], [9.482570172571643, 45.1940863729755], [9.480717711875533, 45.194205293098776], [9.479282960890972, 45.19458726409086], [9.47929566134077, 45.19465747654299], [9.479388999253896, 45.1949798477983], [9.479839048579768, 45.19579902346288], [9.48091425515497, 45.19657408797402], [9.481186292850968, 45.197255799419736], [9.480522061834186, 45.19759159011263], [9.480302327908507, 45.19774888237445], [9.47973519707065, 45.197822130328206], [9.479501447255537, 45.19782311195224], [9.479030527002386, 45.19742347831673], [9.47885919383961, 45.19690447227328], [9.478359265672443, 45.19702468110413], [9.477822251253231, 45.197101904461334], [9.477680676705452, 45.197272764963245], [9.477515481402527, 45.19748608655243], [9.477251269112353, 45.19784155034244], [9.477219645623567, 45.19805429703981], [9.47708969521318, 45.19833564443915], [9.476789243598555, 45.198504953872096], [9.476389695091399, 45.19864836958713], [9.475508030658176, 45.19818261047129], [9.474879172030548, 45.197569271631046], [9.473721718236863, 45.197806803495396], [9.473529095350168, 45.19850952123787], [9.473364664327933, 45.19881731454878], [9.473151426591091, 45.19956963304259], [9.47317756924201, 45.19963764353947], [9.473706130042194, 45.20044049723075], [9.474246479419614, 45.20111336746947], [9.474186243287026, 45.20152769164371], [9.4739227536623, 45.201996853706646], [9.473590445391624, 45.20234049943455], [9.473047302932184, 45.2023695553685], [9.47155300582035, 45.20171861379916], [9.470751535979533, 45.20134971436457], [9.470670390081375, 45.20131234826126], [9.470313482932527, 45.20114102634766], [9.470057527900547, 45.20101815940943], [9.469188648003266, 45.20064368163899], [9.46852591488304, 45.20056538061162], [9.467954001189074, 45.20059473109357], [9.467620843079349, 45.20033505523538], [9.467502631014188, 45.19989445839714], [9.467332320120278, 45.1993100604895], [9.467657386524973, 45.19857960097699], [9.468023347344412, 45.19818202273262], [9.468326911985013, 45.19793774733325], [9.468514773781097, 45.19755890807546], [9.46879234626396, 45.19735074089988], [9.469109220811585, 45.19717839918068], [9.469259937734401, 45.19692573475017], [9.46892871883532, 45.196900105622355], [9.468114231147219, 45.196844934583375], [9.46720123929102, 45.19715921262185], [9.466286009710158, 45.19746901417589], [9.464418026468193, 45.19780967524224], [9.463262172817366, 45.19814743648454], [9.462613394179442, 45.19821307935224], [9.4622650456143, 45.19764738716274], [9.462021558056273, 45.19745034137295], [9.461170245528645, 45.19756179247607], [9.460749370601754, 45.19747347320357], [9.460508662940867, 45.197167794062715], [9.460247700791411, 45.19683638658633], [9.46023656247066, 45.196638399493736], [9.460196326789495, 45.19590373524997], [9.460192715264212, 45.195837439379034], [9.46018800112907, 45.19574743948654], [9.460310597016186, 45.19516185009364], [9.460205277315938, 45.19473020846724], [9.459631738171531, 45.19465149630869], [9.458538576539125, 45.194862935832546], [9.457609965581813, 45.19485764430493], [9.457010983941396, 45.19477903982921], [9.45681805989307, 45.19453676160117], [9.457591038629758, 45.194083591556335], [9.458641210005746, 45.19337725620812], [9.459450007526048, 45.19263587949247], [9.460140201653704, 45.19214228009095], [9.459279953650773, 45.19007956618729], [9.45904698562319, 45.19000904698347], [9.458455201731969, 45.19000270415891], [9.458235414078246, 45.19030035456914], [9.458328325433053, 45.19077706617614], [9.45817991263067, 45.19131775923674], [9.457662258636063, 45.191850914453276], [9.457627527378767, 45.192283138802686], [9.457604655026795, 45.19260728350877], [9.456272176095343, 45.193134699746174], [9.455677139618855, 45.19355114822988], [9.45506580220832, 45.19381913447794], [9.454521627659103, 45.19382580854757], [9.453947702543283, 45.193693055135654], [9.453666613517273, 45.19356816732678], [9.453347211733323, 45.19342540156039], [9.453092264474751, 45.193381412361674], [9.452895202019931, 45.19332298940711], [9.45288242075581, 45.19407647584614], [9.452882436429638, 45.19411135616641], [9.45140331411284, 45.19260945358811], [9.450648558711276, 45.192144365055405], [9.450187558597142, 45.19180411870585], [9.449775945743145, 45.19126564382855], [9.449581675049194, 45.190843339509584], [9.450082969224697, 45.19055497472939], [9.451236407912218, 45.19081880236656], [9.452883947190061, 45.19072722025762], [9.453132030400027, 45.190461020412194], [9.453324621892609, 45.19039940963424], [9.453436779323185, 45.190274508801366], [9.453561577859414, 45.18995895538978], [9.45357093971627, 45.18953584888846], [9.453149661046874, 45.18938449079051], [9.452895632256686, 45.18926974467552], [9.452881351085178, 45.18991493991209], [9.45288125925996, 45.189952640894], [9.451973293226235, 45.18892556292082], [9.451449031927861, 45.18872960508471], [9.450198219832368, 45.18831147305921], [9.449380571668517, 45.188154823335964], [9.448977420880018, 45.188469310078595], [9.448752340915155, 45.188787500339586], [9.447581580059907, 45.189032877286515], [9.446285605482585, 45.18924499257016], [9.443856942737302, 45.189596505392345], [9.441974739238722, 45.18982884367068], [9.441070802408369, 45.18981434484842], [9.440229160953958, 45.18952052848801], [9.439498112762017, 45.1888122243411], [9.438984103698983, 45.188184086179255], [9.438549404042663, 45.18763547659448], [9.438821251336805, 45.18738809016197], [9.439190130549605, 45.18704460662108], [9.439559100164097, 45.186710135755135], [9.439867928201203, 45.18642038139554], [9.439726147132474, 45.18598485942638], [9.43960475347476, 45.18558154223898], [9.43998600707439, 45.18543026980876], [9.441108341466439, 45.18550694446552], [9.441501552561965, 45.185532432702075], [9.441930931499918, 45.185710809227395], [9.443549602788899, 45.18638864771243], [9.445203439689712, 45.18708433566738], [9.44564563317557, 45.187064599715264], [9.447005715927489, 45.187018782619354], [9.448067676133572, 45.18649253555592], [9.44929605917217, 45.1858891001949], [9.450065535542734, 45.185508000954286], [9.450646403882988, 45.18521766082226], [9.451452176885265, 45.18489942041927], [9.45289583957103, 45.184364909890114], [9.45290187714827, 45.18432401491691], [9.453893075096435, 45.18391758347561], [9.45442980522452, 45.18378492718409], [9.455649403259347, 45.183393001152346], [9.4568296928656, 45.183257765106674], [9.457361797376539, 45.18275744248181], [9.457341236386158, 45.18186946443628], [9.457233668764946, 45.181649372937], [9.456900501753106, 45.18097107154794], [9.456513308575099, 45.18010397216855], [9.456339164891334, 45.179713103821385], [9.455985233131232, 45.179719015582556], [9.454676877312675, 45.17974674127861], [9.454637046052584, 45.17945506024014], [9.455018880752512, 45.17924128623716], [9.455679774897503, 45.17850648714065], [9.455899775932966, 45.17778402637201], [9.455920653659714, 45.17750953321622], [9.45656085299877, 45.17659767696557], [9.457603236739828, 45.17604439376862], [9.458504704161491, 45.1762748319689], [9.459079056204713, 45.17677661706354], [9.459369685178942, 45.17780162821411], [9.460441421775434, 45.17822937889357], [9.461043195674845, 45.178280964690195], [9.461432087201517, 45.17827039968885], [9.462552650740632, 45.17823885919645], [9.46285267004935, 45.17825563619653], [9.463458341462145, 45.17819918271753], [9.464316015975214, 45.17747913105695], [9.464682074642225, 45.17647940086837], [9.464495017944644, 45.17616960219199], [9.464238232950782, 45.1755990441903], [9.46442936525002, 45.1752337101572], [9.464859951258148, 45.17448483298432], [9.465194043068323, 45.17390287235473], [9.464869676722417, 45.1735306217836], [9.464142113041824, 45.17316450679346], [9.463280496096647, 45.17284395097931], [9.462637369502183, 45.17229746240613], [9.462376846139678, 45.17204647017581], [9.462333203362295, 45.171371530714595], [9.462626797043233, 45.17092068833211], [9.46351834113176, 45.17157377316316], [9.464130707269598, 45.17176030390435], [9.465159202248772, 45.1715760981542], [9.466638503464647, 45.17049340766928], [9.466217030806803, 45.170014503391855], [9.466096854300858, 45.16981246467262], [9.46583277804353, 45.168947010768065], [9.466180822079027, 45.168601404919485], [9.466740122963468, 45.16901319338456], [9.467125018256972, 45.16929967200869], [9.467471518749889, 45.16955929790274], [9.468169911930962, 45.16954744088472], [9.468117854943616, 45.16923259345841], [9.467529487654065, 45.16886593005139], [9.467181227898525, 45.168489304300515], [9.467182793836589, 45.16790300163703], [9.467660842332954, 45.16781222301688], [9.467992745572436, 45.167747851816465], [9.468422990953949, 45.16793962193278], [9.468975356220191, 45.16818488459517], [9.468986915890671, 45.16842788830121], [9.468995754689564, 45.1686348794202], [9.469018920352152, 45.169129881947775], [9.469529239673474, 45.16928981317205], [9.469961722225396, 45.169270022924955], [9.47081362773375, 45.169185508256746], [9.47096004730066, 45.16905670741079], [9.47129157497253, 45.16875811666673], [9.471079676002383, 45.16836525911406], [9.470704593086667, 45.16772769298914], [9.470884549700356, 45.1673332283177], [9.471091877820202, 45.16714549427068], [9.473703149038593, 45.16698618026833], [9.474755162772496, 45.16735086578441], [9.47528057897035, 45.16769974352599], [9.4758671073122, 45.1678413367749], [9.476207397508372, 45.167542852714156], [9.476816686197333, 45.1673602899093], [9.477505332725393, 45.16725388011669], [9.478267570753584, 45.16699913195286], [9.47829569977072, 45.166949026112924], [9.477967310132241, 45.16638779417527], [9.477503487577568, 45.165701122242005], [9.477307068590385, 45.16503581996868], [9.47750642786897, 45.164530894135105], [9.47755115286689, 45.16379257661205], [9.477735682088936, 45.16303568171819], [9.47814723931211, 45.16213378331808], [9.478236518404284, 45.16166077671112], [9.47827339016528, 45.161498476079544], [9.480153577839083, 45.16150793669094], [9.48144297574574, 45.16148747662865], [9.481750597137797, 45.161482593172074], [9.482417898077891, 45.16147199717692], [9.482687449127932, 45.16148568942317], [9.484264148073217, 45.16156576121364], [9.48607155782099, 45.16166796295581], [9.488034033711301, 45.16174055839533], [9.489130257313148, 45.16183996498308], [9.48979928978614, 45.161928512368966], [9.489906899107364, 45.16194326364394], [9.490022649166042, 45.16194614088984], [9.490340155978753, 45.161953995859804], [9.490849862531615, 45.16199686871869], [9.492245852329228, 45.16211352529719], [9.493057330023786, 45.162227899066224], [9.493290408512145, 45.16225139333368], [9.49712852401164, 45.16263820423318], [9.497880856493905, 45.16266962571321], [9.49955748457761, 45.16276640138925], [9.500959394630474, 45.16282455961163], [9.501116531921943, 45.16283195103874], [9.502664986942342, 45.1628476558689], [9.503463604654435, 45.16285650820071], [9.503827756314474, 45.16286054367282], [9.504064762202198, 45.16286399600999], [9.504838634085173, 45.16287407134957], [9.504879178784506, 45.16287389212049], [9.50530901204016, 45.162906583664565], [9.505434734238555, 45.162925451145966], [9.50665990875122, 45.163073052674555], [9.50766694255219, 45.16319008707626], [9.508011629001388, 45.163229076302585], [9.508266190384353, 45.16326081419377], [9.508325305836852, 45.16326818360918], [9.50854833006308, 45.16330769195082], [9.509201526013117, 45.1633407863881], [9.51011328500382, 45.16338623310629], [9.51087742248851, 45.1634638235269], [9.511208248917997, 45.163552362582834], [9.512559197756644, 45.163622832567526], [9.51308510628361, 45.16364747881119], [9.51323099722327, 45.16365478707102], [9.51415598424704, 45.16370115655379], [9.516487951568394, 45.16390667713522], [9.516952722900767, 45.16394507733733], [9.519354184892675, 45.164176514172865], [9.519419377950623, 45.16418143505889], [9.52172127934222, 45.164400479898994], [9.52185773024123, 45.164409423458004], [9.522106404551387, 45.16442572673277], [9.52421834536928, 45.16447906492943], [9.524434828589989, 45.164491684278794], [9.525363326060045, 45.16454581161819], [9.526293875649007, 45.164520806289914], [9.526525798790711, 45.16452246570667], [9.526741181934542, 45.164593479577036], [9.527326948109001, 45.16478609103092], [9.527355491037275, 45.16481941213505], [9.52852358751126, 45.16541128838456], [9.52851480299172, 45.16534006373997], [9.528710718861884, 45.16519506635299], [9.528877725492285, 45.16507418744697], [9.53157871836452, 45.16535419550391]]], [[[8.842896248692094, 45.39383804139007], [8.843689975350618, 45.39323904306634], [8.845314995076821, 45.39231412800346], [8.846735518913992, 45.391397929371614], [8.84764469257229, 45.39033781217214], [8.847597642500267, 45.38909476472319], [8.846796513000193, 45.387734494782684], [8.846267891210324, 45.38600694523445], [8.847074555603237, 45.3841073700844], [8.847338448667339, 45.38367323928503], [8.847421560180006, 45.38353651046515], [8.84770323678933, 45.383073072628974], [8.84784459090926, 45.38254079684062], [8.847859733251662, 45.38248374412865], [8.84796039082638, 45.38209584915329], [8.847747576272003, 45.38083181854247], [8.84711287552745, 45.37937275866807], [8.846951688696839, 45.378278045247406], [8.84742592931638, 45.37695183149694], [8.84768475358599, 45.37528812947055], [8.847681498003611, 45.3752410751591], [8.847626396525541, 45.3744773113773], [8.84762220883358, 45.374420231027436], [8.847539053027434, 45.37328484549956], [8.847924459964188, 45.3720198045241], [8.848617627523533, 45.37069754458891], [8.849157382886947, 45.36941108121508], [8.84965649594097, 45.368204806699794], [8.84983855811864, 45.367764735503734], [8.849913693598452, 45.36766130618257], [8.850517823360898, 45.36682949819818], [8.851438703175523, 45.36626361387726], [8.851672532735954, 45.366171006757206], [8.852729758322793, 45.36575221345308], [8.853535502028937, 45.365381091430564], [8.854327803954156, 45.36501615928941], [8.856130925129403, 45.36396529297811], [8.857934541024937, 45.36268036974434], [8.859737652173038, 45.36157543162476], [8.861578295474217, 45.360749574876394], [8.861636325542916, 45.3607371828094], [8.86172649103021, 45.360708951227345], [8.862442422162756, 45.36055795199279], [8.862491402571866, 45.36055470027126], [8.86380109852605, 45.36027517691798], [8.864141405533385, 45.36015312053622], [8.864878861186375, 45.35988863079711], [8.86615241998917, 45.35943182435374], [8.867316195769595, 45.35862307336646], [8.867931027119802, 45.35738339302635], [8.867781593504882, 45.35614826379332], [8.866750240155806, 45.35495887794354], [8.866431663543944, 45.354706485608794], [8.865424970618825, 45.35391318459516], [8.865134441171783, 45.35364690192275], [8.864699302381974, 45.35324808937442], [8.864653518058933, 45.353206114858715], [8.864303956215913, 45.3528857113554], [8.864015586828964, 45.35115461104973], [8.864567388080092, 45.34989772721474], [8.864694771390763, 45.34960968840244], [8.864960158335496, 45.349092928422884], [8.865438600898988, 45.348161361933016], [8.865773727394162, 45.34684756596725], [8.865803264970287, 45.345101336609034], [8.865864034787844, 45.34432001784721], [8.865869055209908, 45.34426429438434], [8.866075994465934, 45.34312138493182], [8.867008860480981, 45.34265439932334], [8.867162177546499, 45.34264408842116], [8.868719524243042, 45.34253935491688], [8.870225987437784, 45.342406061091815], [8.87223021624143, 45.342282301282566], [8.874425320702278, 45.34242876598034], [8.876257150767751, 45.34226606868846], [8.876327508719374, 45.34225980251492], [8.878128633627384, 45.341613649511785], [8.879113025979429, 45.34113528354288], [8.879144663408221, 45.34111984993896], [8.879181949509285, 45.34110169398087], [8.879291357079534, 45.34104779503138], [8.879427338905092, 45.341016666037724], [8.880504478093814, 45.34077004381871], [8.882687496077445, 45.34057426368019], [8.884653085331541, 45.34057626558929], [8.88582746805262, 45.340514434911874], [8.886964535886474, 45.33995749235626], [8.888115031165071, 45.33904949825821], [8.889788283208008, 45.33840301679923], [8.89136366412104, 45.33812432531805], [8.891662900179952, 45.33809586269053], [8.893528677798178, 45.337974508706665], [8.895506858193595, 45.33803035112697], [8.897000677898662, 45.337734649425414], [8.898431774310222, 45.33680879466263], [8.898993945336567, 45.33647625239445], [8.899722356801194, 45.33594580651091], [8.90066834883242, 45.33505550029888], [8.903425483371215, 45.334067735353834], [8.904773106355849, 45.33358278051043], [8.908936590741082, 45.333185626145145], [8.90975343784136, 45.33287122457075], [8.910430317239939, 45.33255670836141], [8.910928720837818, 45.332116026761874], [8.911171397159814, 45.331729161773445], [8.91119677209651, 45.33143061218981], [8.91104487371413, 45.33104496750461], [8.910764748794817, 45.33063068803391], [8.910242228258639, 45.330198203107635], [8.909656009623511, 45.32969368205423], [8.908954894961248, 45.3292160508351], [8.90830478667871, 45.328783458764995], [8.907527278498591, 45.328224757284666], [8.906903150814838, 45.327756173458816], [8.906278950483227, 45.32711656654866], [8.90599931193911, 45.32677265842785], [8.906028207276671, 45.32673011543699], [8.906266994930796, 45.32637844831779], [8.90719920937279, 45.32595615042009], [8.90857829956292, 45.32510212935152], [8.909587275387631, 45.324517850542996], [8.910327568013399, 45.324131377849156], [8.91122153025131, 45.32364600701453], [8.911815643343516, 45.323394039671875], [8.912280889577884, 45.32319675924804], [8.913404340513889, 45.322810560144504], [8.914323084326208, 45.32251419455911], [8.915433662230212, 45.322172983680225], [8.916862874280486, 45.32179597248074], [8.91783308688708, 45.32146361398809], [8.918688114081677, 45.321068172462596], [8.919262698602342, 45.32078053825029], [8.919569679729799, 45.320524216174185], [8.920271177982256, 45.31985860289593], [8.920859139194109, 45.319183305702325], [8.920999603149642, 45.31902198674128], [8.9218427319046, 45.31824845522999], [8.922158505201795, 45.31796512512618], [8.922749697195599, 45.31743893688159], [8.92350321585095, 45.316872370449644], [8.924600712022615, 45.31665706419994], [8.925393383508066, 45.316917054417544], [8.925480644204933, 45.31694568550764], [8.92652594269289, 45.317630458403734], [8.926810967549764, 45.317949046074695], [8.927468728260788, 45.31868422034321], [8.928564980206556, 45.3194770363745], [8.929674569164806, 45.319837774597815], [8.931345879800745, 45.31993780434462], [8.932275785317175, 45.319848361500696], [8.933028726595634, 45.3197227855727], [8.933272595065525, 45.31959266783757], [8.933450025674906, 45.31949799809159], [8.933594259021614, 45.31943531152657], [8.935683927512663, 45.31852712064759], [8.936845477278272, 45.31807770214411], [8.938758813763986, 45.31737663567016], [8.94052017841361, 45.3167114637228], [8.940641658408826, 45.31665417433486], [8.940671774045805, 45.31663996052769], [8.941988077599236, 45.316019125981605], [8.943175539835298, 45.31508358615305], [8.943193169777341, 45.3150379684823], [8.943877458614491, 45.31361670829036], [8.94399336626909, 45.31234059710217], [8.94398652535932, 45.31207032212246], [8.94398207424257, 45.3118942861094], [8.943956701744536, 45.31088931753794], [8.943690549110332, 45.3091249221956], [8.94334771650225, 45.307513512166295], [8.943097057407439, 45.30687869686659], [8.94286423745973, 45.306280075669406], [8.942483054616707, 45.304866669430886], [8.942496259631621, 45.30317441685031], [8.942816125456051, 45.30219343851009], [8.944003382479206, 45.30113186739525], [8.94488390704659, 45.30066421484652], [8.945624460194152, 45.29993094878194], [8.945651045664968, 45.298584120763806], [8.945472784329638, 45.29718095820952], [8.945281615903246, 45.296199710617344], [8.945142796975922, 45.2954885386808], [8.94472354967932, 45.29383207407866], [8.944534049399163, 45.292449000115816], [8.944611060928862, 45.29146467058098], [8.945325635300357, 45.29061887342947], [8.946589182688836, 45.28908023370578], [8.95014810733234, 45.2868945074962], [8.952034160559888, 45.28614034983547], [8.953093913798414, 45.285716567577296], [8.955272357907528, 45.28474527847262], [8.957146053960917, 45.28412490664933], [8.958408897656811, 45.283450269844984], [8.958899598709706, 45.2829966721282], [8.960780081612295, 45.28180835753314], [8.961965482557318, 45.28121465524822], [8.962628510561373, 45.280575774259596], [8.963290938166933, 45.279630850394824], [8.964387320706109, 45.279181107965854], [8.965827900888858, 45.278749490252245], [8.967344970625174, 45.278313359284745], [8.968759661906216, 45.277827680998065], [8.970442116302218, 45.27725203807361], [8.971653063356648, 45.276928295949546], [8.972915055669876, 45.27652353247925], [8.973578122127186, 45.27626264909522], [8.973642129965912, 45.27601768203275], [8.97379446379627, 45.2754345663147], [8.97381533201186, 45.27513695659217], [8.973844976404344, 45.274714472959765], [8.973879244899814, 45.27457151729973], [8.973895097945784, 45.27450532034739], [8.97411242925888, 45.27359835414281], [8.974596413145191, 45.27284233636577], [8.975590411755583, 45.271843398767416], [8.976609805506953, 45.27103348720937], [8.977208442852712, 45.270367500938434], [8.978215088336748, 45.26944954529062], [8.9791834444913, 45.268486574241436], [8.980533939924637, 45.26721762205761], [8.981374744701947, 45.26633561389054], [8.982610283093372, 45.26539516388593], [8.982938965554352, 45.26499362740937], [8.983719373058165, 45.26503075731719], [8.984369344137432, 45.265390901207894], [8.985095749597448, 45.26601210946012], [8.985480966101207, 45.26620522877754], [8.986065585314867, 45.26649830600297], [8.987276532467439, 45.26662446929324], [8.98811279240368, 45.266711405010405], [8.988576686663244, 45.26675962390261], [8.989582511065137, 45.266840741716415], [8.99129064573388, 45.26674187088884], [8.9921064511798, 45.26679592661057], [8.99257846705746, 45.26687248094867], [8.993191994793023, 45.26962695732599], [8.993307196586445, 45.270822487471236], [8.993257919422957, 45.27181896746371], [8.993678140396353, 45.271971853113115], [8.99413706838871, 45.272043884164354], [8.994290042385773, 45.272259930526424], [8.995067676240236, 45.27234998351632], [8.99668709342167, 45.27273710268358], [8.997757550136512, 45.27275513980878], [8.998624823476895, 45.27306119267571], [8.999670613238237, 45.27374530144679], [9.0006913119268, 45.274672447313655], [9.001737139774079, 45.275698616129645], [9.00279614890461, 45.276391691852105], [9.004313343433681, 45.27700373959145], [9.005792703337828, 45.277318726236565], [9.006251700909274, 45.27748072701908], [9.006545001140125, 45.2779127873912], [9.006978489809086, 45.27806577170582], [9.008036696866284, 45.27785867874616], [9.008966932508512, 45.2773545252924], [9.010011472027658, 45.276625318829446], [9.010890702611668, 45.27626968404198], [9.011681512249643, 45.27614810198805], [9.013160739345397, 45.277507147043174], [9.013492143732336, 45.27719205539235], [9.013925443726, 45.27639987415658], [9.01424280349299, 45.27572472866375], [9.014319250663513, 45.275508699527805], [9.01508764516866, 45.27590822538898], [9.015441336002421, 45.276102636412595], [9.016411724585016, 45.2770116569239], [9.01724074265059, 45.278055687574714], [9.017981652870409, 45.278811699087775], [9.018092832749304, 45.279051335281984], [9.017884935279707, 45.27964508256761], [9.018697429681511, 45.28057765918882], [9.018471188645716, 45.281091917394996], [9.019101256087838, 45.281785159184444], [9.018635351379777, 45.28207010871593], [9.018214525262179, 45.28186313534294], [9.016194330537596, 45.283039364190614], [9.016724818783302, 45.28359163467494], [9.017528726431356, 45.28425762167686], [9.018000598252732, 45.28455459072144], [9.018161555848177, 45.284685323390214], [9.017338612280351, 45.28543683687953], [9.015948115485868, 45.284698927479866], [9.015480333185705, 45.28639320357783], [9.016290122471995, 45.28721425393868], [9.014950752236178, 45.28829494226171], [9.015952937575394, 45.28904660676857], [9.016037461300014, 45.28913180284199], [9.015130019244, 45.28994249811744], [9.01580912906641, 45.29059002302902], [9.015190341897652, 45.29109902742673], [9.014999071941451, 45.291144053735145], [9.0147950054339, 45.29109006525235], [9.013928345118874, 45.29156725012268], [9.0137880793831, 45.291621282235795], [9.013418197053596, 45.29136028828386], [9.012054651485766, 45.292161565343406], [9.011658870375674, 45.29194556587279], [9.010040619699607, 45.29280985476698], [9.009325964728433, 45.29222483009185], [9.007745509301891, 45.29304406431554], [9.007208969570135, 45.29204494953427], [9.005232734483352, 45.29239611158771], [9.006156584048197, 45.29057911607188], [9.00400954798474, 45.29110896504288], [9.003631453726396, 45.291203530891615], [9.00220987933132, 45.29155908283841], [9.001943730011076, 45.29193990456874], [9.00196591097275, 45.292087025031215], [9.002070819039405, 45.29269776982813], [9.002504857114554, 45.29354388426542], [9.00287514036073, 45.2941199646118], [9.00343161458945, 45.29484192312739], [9.002903473591138, 45.29502909793606], [9.001777129779663, 45.295412693020154], [9.002030303360742, 45.2957875158625], [9.001296868968781, 45.29614767850498], [9.00237818703883, 45.297043388955714], [9.002131926544452, 45.29730021437926], [9.002261947521452, 45.2975594520196], [9.00034085148413, 45.29798160347788], [8.999677242255231, 45.29718947719767], [8.997790053655825, 45.29768452376798], [8.997241240815887, 45.29715344121017], [8.9962588543447, 45.296595316610734], [8.995429883839547, 45.29605521876976], [8.994932132567998, 45.295677135599966], [8.994755493778255, 45.29561478171958], [8.99489404999206, 45.2970005165617], [8.993265420380373, 45.29735074813571], [8.993568963849022, 45.29940392005865], [8.992295184663575, 45.29969159968316], [8.992258832893572, 45.30096636571441], [8.992449622503752, 45.3013883709802], [8.992908794203199, 45.30140641141235], [8.994005715306242, 45.30129844604487], [8.99422252256763, 45.30159551586742], [8.996274870748069, 45.30130755574495], [8.99644071545362, 45.30093849706396], [8.997221857504032, 45.30083199016508], [8.997392228226627, 45.30142549581592], [8.996635442023676, 45.301568208419965], [8.996875476266737, 45.3025047493976], [8.998734089631444, 45.30250478511955], [8.998712221834277, 45.302630806049635], [8.998407666009541, 45.30329690932806], [8.99801676761173, 45.30395535632028], [8.998223674790873, 45.30444581879081], [8.997808112609697, 45.30489014719349], [8.996890813088623, 45.30628532802874], [8.996177598699806, 45.30746448890344], [8.995362688316794, 45.30874265501939], [8.99434440111403, 45.31033585450882], [8.993387873011484, 45.31170399782498], [8.99272513865572, 45.312982151978034], [8.992509316047682, 45.314053310098], [8.991897973756226, 45.31538547625086], [8.991069313976144, 45.31652857588725], [8.99038218245366, 45.31758167964573], [8.9896802897678, 45.31861676859624], [8.989094331922418, 45.31983189619391], [8.988685907906396, 45.3205159725114], [8.988307312066972, 45.3215961190528], [8.990014045159459, 45.32161421904784], [8.990039897970703, 45.32244688211624], [8.991665368573758, 45.322756089431216], [8.992145334487741, 45.32272159401367], [8.992743992764634, 45.32146143429604], [8.99465790940883, 45.32149754281965], [8.99510340577921, 45.32014736339763], [8.995740546514533, 45.320147388935126], [8.995805473459132, 45.320984514367076], [8.99658377704115, 45.32105656425128], [8.997372993520745, 45.318635213730175], [8.997933592213583, 45.31759106281496], [8.998303595725647, 45.31806814258216], [8.999796742724936, 45.318788272445], [9.001277969988461, 45.319913432375444], [9.002018004176366, 45.32057052807265], [9.00255390451004, 45.32081354307125], [9.002796311855057, 45.32008442328462], [9.003739268216702, 45.32026421047882], [9.003690505942934, 45.32100268132571], [9.007058829419812, 45.32181250015334], [9.008334829379889, 45.32222647756683], [9.008641484192676, 45.32239749160075], [9.008845210696055, 45.32227145616921], [9.009585696081064, 45.32240641317719], [9.009764400809324, 45.32281146538056], [9.012900702943574, 45.32381929471632], [9.01300802854892, 45.323848116774805], [9.013235974274915, 45.323909329910094], [9.01484392628095, 45.324341131721155], [9.01604542224725, 45.32453901385448], [9.016295182797052, 45.32457942454567], [9.016490063547563, 45.32461095733174], [9.016658604761476, 45.32465473285129], [9.017217444129855, 45.32479987877715], [9.018021861990247, 45.325222814778975], [9.018315316646934, 45.32532176473114], [9.018876267677273, 45.32488061859255], [9.019207492990654, 45.32447551598191], [9.019436691543895, 45.32421442270924], [9.019653596422021, 45.3241603888104], [9.019852066596542, 45.32601378583385], [9.020527017750856, 45.32589499282321], [9.020469684992152, 45.32371917706731], [9.021616396996917, 45.3225037827897], [9.022215467580777, 45.32190957071276], [9.022699787684802, 45.32152241901788], [9.02314964096449, 45.321148471014226], [9.023630493901447, 45.32074811724242], [9.02449662578071, 45.32008183149062], [9.025579585661687, 45.31928047391542], [9.026018022644994, 45.318940014015865], [9.026472388183196, 45.31858717896705], [9.027402194225068, 45.31777682346742], [9.02811642854183, 45.31727258901193], [9.028499039915552, 45.317011439355234], [9.028768996067559, 45.3169716177833], [9.029116499999942, 45.316914163641776], [9.029275815712229, 45.31647567516791], [9.029644999348319, 45.315692452212616], [9.0306644393914, 45.31493608021973], [9.031684455067714, 45.31451272385611], [9.03251261002197, 45.31401742419041], [9.033239125910796, 45.313540141060685], [9.03405437370708, 45.3127837797623], [9.034614864776003, 45.312072507102506], [9.034892619656656, 45.31098873364797], [9.03468924147726, 45.3104792387496], [9.034050744815778, 45.31008337580236], [9.03378163509379, 45.30935434112691], [9.033540547418822, 45.308029097083455], [9.033868795147992, 45.30778807578554], [9.034263661241681, 45.30750892957179], [9.034530159321314, 45.306518697089736], [9.034796678966012, 45.30561848004142], [9.035764127227159, 45.30433998510865], [9.036298989801049, 45.303624195124144], [9.036421123338704, 45.30319023789756], [9.035392054818987, 45.3027873541675], [9.034819368072492, 45.30359764873404], [9.034029224778443, 45.30407046280248], [9.033110707261454, 45.30389071825041], [9.032549254041324, 45.303494806988326], [9.031695221399602, 45.30382810789487], [9.030727266943932, 45.30500753922499], [9.030179424723654, 45.305484760022914], [9.030055440062712, 45.30566043878158], [9.03027832790718, 45.30600114754115], [9.02953067464979, 45.306664112282256], [9.028676626205904, 45.30704239134066], [9.027770832175502, 45.306817580935636], [9.026813422562627, 45.30620571885714], [9.02607289191168, 45.305539784423914], [9.025294210378835, 45.30517089402723], [9.025119965701382, 45.30505392721023], [9.025002841643568, 45.30496535529361], [9.025009928686769, 45.30492173634293], [9.025127687667899, 45.304495829640125], [9.02524203507501, 45.304333781112405], [9.025509263484855, 45.30383865302629], [9.025724008273642, 45.30357585534405], [9.025840320313552, 45.30343351171602], [9.026357874034746, 45.30294282448215], [9.026400906875644, 45.30290231252982], [9.027254215737544, 45.30183993487979], [9.027559082268205, 45.30091723559855], [9.027800207134307, 45.30005304412294], [9.028194460197389, 45.29937782502763], [9.02862690082997, 45.298558603160934], [9.029123609887645, 45.297946385847915], [9.029365415181204, 45.297712275285704], [9.029594840228706, 45.29743318623332], [9.02961270666362, 45.297331346326104], [9.029724730167398, 45.297072143685924], [9.029891544716607, 45.296798342436794], [9.029925080220988, 45.29674328614302], [9.030087115977372, 45.29651426089574], [9.030337199344583, 45.29620493615263], [9.030410735062754, 45.29614527563481], [9.03052497884082, 45.296170301619156], [9.030583722595136, 45.29626976011925], [9.030677665133364, 45.296344322807755], [9.031104445718112, 45.29670578873729], [9.031297717623481, 45.29686945534649], [9.031694177787914, 45.29731235451958], [9.032063474384815, 45.297794377537116], [9.032135146203082, 45.297932064363266], [9.03224986645494, 45.298024981957965], [9.033001261962468, 45.2986834433831], [9.03430354860621, 45.29961919825434], [9.035491113171764, 45.30057298573318], [9.036372047557544, 45.301283814209995], [9.037112579983573, 45.30185067002528], [9.037393328311923, 45.302030593938085], [9.037673820417252, 45.301859482330826], [9.03873342285413, 45.30267826064077], [9.039244275978632, 45.30302012596916], [9.041157099226483, 45.302938450491965], [9.042738125300016, 45.30266781740507], [9.043974688304836, 45.302298301230714], [9.044828576304903, 45.30190189652908], [9.046268948757902, 45.30173929963297], [9.048156892529406, 45.30198156376243], [9.050147053588084, 45.3024127822628], [9.051499658449428, 45.3026011919034], [9.052303302582745, 45.30267285270594], [9.052403345527956, 45.30276963992603], [9.051947432795956, 45.30321310017089], [9.05076212175341, 45.303807712395596], [9.050172179149445, 45.30424259437612], [9.050457529830066, 45.30463597675397], [9.051325133305033, 45.304887630631676], [9.052104010058054, 45.305292347466974], [9.052792922102627, 45.305409037286545], [9.053608764326826, 45.30526464407874], [9.054451285560456, 45.305543274980195], [9.054936384799221, 45.30593010024318], [9.055801909787663, 45.304822522882496], [9.05669324340442, 45.30366990610523], [9.058427329297729, 45.303813045444386], [9.06086407584859, 45.304243849547944], [9.063122702739781, 45.30470168744228], [9.06434984643922, 45.304937299586804], [9.066286790076846, 45.30532100092918], [9.068583392808652, 45.305787704749754], [9.070828841704808, 45.30613738883684], [9.071872092527096, 45.30641484299068], [9.071193726872204, 45.309755711943275], [9.070495945506151, 45.31155643273738], [9.069925936629316, 45.3132310307043], [9.069737186313613, 45.314375946228594], [9.069850988119473, 45.31453627856031], [9.071624588608875, 45.314751198223405], [9.072708440312718, 45.31487990714995], [9.07328337413225, 45.31494819000921], [9.075414284562408, 45.315207840740214], [9.076537267034945, 45.315432125851835], [9.077430626611115, 45.315647560684056], [9.078123394785623, 45.31583610271392], [9.08150706248575, 45.31577084974021], [9.078250996862874, 45.31121382110082], [9.078102808914103, 45.311006901232126], [9.076680358840663, 45.30960993574604], [9.077015168613203, 45.308265997393924], [9.075514445864854, 45.30801575127384], [9.075586506942114, 45.30666531647759], [9.07461934904951, 45.30655819256589], [9.074706077911918, 45.305999901522156], [9.07579047344193, 45.306107196315324], [9.076450468226671, 45.30454953097327], [9.07717834357623, 45.30483708409132], [9.078102133570711, 45.30499848123748], [9.080338298354437, 45.3049519104256], [9.080909378898923, 45.302890201355076], [9.081406612564304, 45.302736819826826], [9.082159357336042, 45.30288031210534], [9.082516883277522, 45.303141090045976], [9.084213139175466, 45.30328386613343], [9.084608710693397, 45.30312155044035], [9.08599851262389, 45.30329155075916], [9.08607589991569, 45.3038675805506], [9.088014762720448, 45.30414513245858], [9.089327088103499, 45.3043688527447], [9.089190884158148, 45.30503859287389], [9.089304947041654, 45.30535032097175], [9.090682449627622, 45.30552926898895], [9.093118574746144, 45.305626323832335], [9.093845832531086, 45.30573373781992], [9.094368373276899, 45.30547227082239], [9.094710688191418, 45.30444583091108], [9.095309710648163, 45.30439131944833], [9.096523057660553, 45.304651429737724], [9.09681540566383, 45.30471409970471], [9.097082689561391, 45.30437183321687], [9.097616901556655, 45.30349823042084], [9.098356680410697, 45.303470606726734], [9.100269943763507, 45.30367596739068], [9.10217003822522, 45.3036562725189], [9.103496146525986, 45.30362808954604], [9.103573435138957, 45.30425480368205], [9.103550477853856, 45.30517627090743], [9.10324581061636, 45.3062477013687], [9.103184004806877, 45.30693307030082], [9.103541512993079, 45.307525628474885], [9.10459995167158, 45.307353645693254], [9.105772852347258, 45.306992515991276], [9.106792488958082, 45.30673952592552], [9.107889286139832, 45.30662596903617], [9.10920245677914, 45.30668323224212], [9.110376468553481, 45.30691615202621], [9.1107995908006, 45.30693570394501], [9.111141939477799, 45.30696940667713], [9.112455137998145, 45.306626081807615], [9.113398907740086, 45.30653512977807], [9.11419025397532, 45.30677736768822], [9.114776978495309, 45.30674977346985], [9.115261570029489, 45.30667727934205], [9.115573650525278, 45.30667696398163], [9.115342280927045, 45.30744293426717], [9.11579415696796, 45.3075579979335], [9.115647405444355, 45.30823413315017], [9.115035021483564, 45.30818973356136], [9.11469575450027, 45.30902787286555], [9.11587910853725, 45.30926005330516], [9.116118497855751, 45.3083776674141], [9.116995887299781, 45.30849339109398], [9.116798735620582, 45.30966446932648], [9.118175522570537, 45.309941797921454], [9.118592125222811, 45.30987974048578], [9.118708409151445, 45.30978266881299], [9.118820919615697, 45.309716312948886], [9.11890847834505, 45.30967901978829], [9.118982880417606, 45.30966040564672], [9.119088261293573, 45.30961998738482], [9.119200819585783, 45.309576814296406], [9.119317626053258, 45.30956055725748], [9.119487094085438, 45.30955664269953], [9.11963728627761, 45.30955317385027], [9.119792118391352, 45.30952320240616], [9.119876553550885, 45.30949993151688], [9.119984396843698, 45.30944682591706], [9.12005002534548, 45.309407012008876], [9.120085863270543, 45.30935888325486], [9.120124548853223, 45.30927834091772], [9.12020226961554, 45.30908243647025], [9.1203520059257, 45.30877856576132], [9.120507278954118, 45.30857556542393], [9.120710639760398, 45.308457030368665], [9.120927583136671, 45.308266644582964], [9.120999996392136, 45.308187414635256], [9.12137989733292, 45.307771750820955], [9.121774214350594, 45.30734030612036], [9.121893844241939, 45.30727258849361], [9.12202554788044, 45.30725552245277], [9.122236161310878, 45.307228229913854], [9.12238461731538, 45.30714526848269], [9.12261190441605, 45.30701825291935], [9.12274328408746, 45.30684908274051], [9.1228386259081, 45.306629239746094], [9.122898360696519, 45.306561564755846], [9.122897683892777, 45.306531119906595], [9.12282344934479, 45.30648541842422], [9.122741567870207, 45.30643390747902], [9.122633877864295, 45.306370275841374], [9.122536257936343, 45.30632450746259], [9.122572363988546, 45.30622628278664], [9.122781053717778, 45.30568084483833], [9.124266541114359, 45.305900465880995], [9.12433231546773, 45.30591018967088], [9.125813523825878, 45.306188096687116], [9.125780660935842, 45.306346335034256], [9.125610377303127, 45.30716623962266], [9.125629954499784, 45.3073384219574], [9.125504959535576, 45.30789967946168], [9.125191922213173, 45.308441324570715], [9.126387078190655, 45.30876283862668], [9.127076223952114, 45.30889708924973], [9.12712824608149, 45.30956560775265], [9.12710493143678, 45.31015731704619], [9.128125479934887, 45.310327141064455], [9.128916553773214, 45.310398257010526], [9.129350502953093, 45.310487783449595], [9.129629618434244, 45.31055009090093], [9.129576723992663, 45.31108694251466], [9.130984664703968, 45.31104399657423], [9.131226436458398, 45.310782683735], [9.13127446587713, 45.31032308454472], [9.130548829557002, 45.31013536675704], [9.130548147660816, 45.30983832732836], [9.130775882549708, 45.309018933289536], [9.131183759475366, 45.30887443623894], [9.132163900112383, 45.30864827033256], [9.133235071767073, 45.30848500442839], [9.134459814029956, 45.30853758232787], [9.134687615298361, 45.30777219606514], [9.134965535396237, 45.30662868768222], [9.13537274051119, 45.30621414213406], [9.136366535498526, 45.305726889220345], [9.136478170885793, 45.30441255399464], [9.136526769560275, 45.30340435193338], [9.138481809689857, 45.30326749776226], [9.137871840917123, 45.30475314304406], [9.138865165690897, 45.304821868303144], [9.140857909025685, 45.3049416227529], [9.140829421381493, 45.30555045345585], [9.140736878952293, 45.305851569491175], [9.140720915787089, 45.3059034869803], [9.140652264346807, 45.30612675961929], [9.14002795686021, 45.306415571075796], [9.13991451402254, 45.30697378689284], [9.13953296976921, 45.30743333523842], [9.138449460030449, 45.30774970598084], [9.13809726975436, 45.308421177074415], [9.138300373554197, 45.30890206182858], [9.13897610423511, 45.309243280964864], [9.139105129153494, 45.30983722236594], [9.140278925524816, 45.30990779286325], [9.141069115371119, 45.309618775453146], [9.141565079800273, 45.30899707521051], [9.14250807353453, 45.30859982933815], [9.143054627490994, 45.30781603706484], [9.144239925683841, 45.30740947703266], [9.144900153130548, 45.306661533420545], [9.145293409624507, 45.30580589949399], [9.145879669987824, 45.30560712496291], [9.146925244826528, 45.30545275570938], [9.14724297106296, 45.30500227974373], [9.147484407725448, 45.30465091459097], [9.147879181992248, 45.304398362780766], [9.147978806842744, 45.30347109198553], [9.148728365721968, 45.3023179402684], [9.149592654602907, 45.301614703005654], [9.150980839952256, 45.3008207694799], [9.1513199359898, 45.29883099696563], [9.151673049102033, 45.2973363121814], [9.152153804543056, 45.295877439277355], [9.152689556051833, 45.2959127283538], [9.1539652725745, 45.29604603047834], [9.155610018022696, 45.29630485909967], [9.156809147877755, 45.296411227593296], [9.157637957139203, 45.29634707739674], [9.157805486334015, 45.296967934943396], [9.1580506733649, 45.29800276702128], [9.158041857205687, 45.299389135550406], [9.158157181048566, 45.29960486587494], [9.159177721251192, 45.29967545438557], [9.15931652971837, 45.299144188598284], [9.15951826403888, 45.298306762752965], [9.159811494149396, 45.29827035152249], [9.161380182745955, 45.29824113787945], [9.162094290100628, 45.29820412354149], [9.162616679800875, 45.29801435041355], [9.16394128966127, 45.29794044876406], [9.164690549077426, 45.297912476303615], [9.164595225182643, 45.29848669233336], [9.164812471874564, 45.29928940059738], [9.165871990823424, 45.299593922535436], [9.170834355321126, 45.29989264490359], [9.171021214316527, 45.29880319747806], [9.1717484748697, 45.298892123449946], [9.173547602274231, 45.29915044158611], [9.175193754563336, 45.29942697712634], [9.176750361715548, 45.29960461244987], [9.178036750412257, 45.29941358399598], [9.178386056646053, 45.29915248919635], [9.178736584588322, 45.29888140159047], [9.17927853701843, 45.29819289685935], [9.180686778417524, 45.29850027110047], [9.180966418892288, 45.29820278665429], [9.181397860575332, 45.297508990142575], [9.181867556609314, 45.29682414506973], [9.182529258953942, 45.296355010101806], [9.18311159853855, 45.295381934791635], [9.183542935672971, 45.294679132139095], [9.183846490024992, 45.29389553116731], [9.184034782859548, 45.292968083538135], [9.184428789703714, 45.29255338155332], [9.186123307328351, 45.292055545921194], [9.18756490185153, 45.29222422808193], [9.188571513783177, 45.292321584008995], [9.18959072923969, 45.29202283758266], [9.190482371018366, 45.29170631984876], [9.191921661029804, 45.29118181548194], [9.192954649141967, 45.291189090009915], [9.193452581100553, 45.2913682653546], [9.193758249388996, 45.29125074166095], [9.193961504596784, 45.29101634773803], [9.193959879830693, 45.29053928353355], [9.194480404525363, 45.28986328558617], [9.19537142633421, 45.28938468886795], [9.195700325192792, 45.28957136896268], [9.19545048203597, 45.290122666860775], [9.195222887918067, 45.29069014857659], [9.195161753840337, 45.291132738169715], [9.195596137307735, 45.29168866288724], [9.196464523254411, 45.29203822692359], [9.196999517527114, 45.291857289613866], [9.19760869230619, 45.291469178754305], [9.198654387149006, 45.291512354106864], [9.198639658714443, 45.29082836367133], [9.200844412364635, 45.291058465107824], [9.20071981491452, 45.29131972217177], [9.199994028883895, 45.291636046656784], [9.199230101314537, 45.291988436210815], [9.198581169874988, 45.29240363280745], [9.198085097333323, 45.29277354166317], [9.197449923304754, 45.293026683369824], [9.196762116897405, 45.29327991131537], [9.196048903572606, 45.29355119064789], [9.195462416508931, 45.29359719414362], [9.194455861085933, 45.29387796120499], [9.193921694817087, 45.294301930001126], [9.19370728959087, 45.295008901325424], [9.193391088708758, 45.29578355461049], [9.193138468651902, 45.29650860039937], [9.19242732309068, 45.29729291403138], [9.19137058209465, 45.29784377114523], [9.190275522249044, 45.298259665841705], [9.189053135274296, 45.29886479138021], [9.188739329554503, 45.29941848482116], [9.188838690048795, 45.299893524405555], [9.18852517409358, 45.300383422488245], [9.188625945067482, 45.30102767452912], [9.188043528806281, 45.301989946572874], [9.18754768877019, 45.30247683288716], [9.187015143312632, 45.303314830872964], [9.186457585592171, 45.30444091065403], [9.185912204033915, 45.305269929017875], [9.1846300995677, 45.307063284153315], [9.18384232070705, 45.308018703985375], [9.18320665489067, 45.308685830094035], [9.182854283558418, 45.30915906299939], [9.182939887123752, 45.30952583443056], [9.182497228497821, 45.31022619726792], [9.182058540839128, 45.31074178310766], [9.18235886973129, 45.31083850960088], [9.183048084795951, 45.31094541624634], [9.18359535272038, 45.310548486399725], [9.183902365682586, 45.31080902872353], [9.184248854762318, 45.311438571666294], [9.184684010402277, 45.311878940045226], [9.185101265384638, 45.31193018577159], [9.185743666627314, 45.312129242054404], [9.186369010674424, 45.31220025015842], [9.186891054505478, 45.312010365239125], [9.187539641650618, 45.31139721090779], [9.187948194018796, 45.31149555513232], [9.188294168566129, 45.31183702359357], [9.18922470219872, 45.311979517703776], [9.190424522461996, 45.31216655375449], [9.191700145809294, 45.31213741199384], [9.192682792916965, 45.31223477157692], [9.192796245129466, 45.312560508518196], [9.192162506711778, 45.31305477938187], [9.1921521351439, 45.31371251522957], [9.192358763911438, 45.31450366319639], [9.193226155932429, 45.3144572009402], [9.194221334959366, 45.314599525993906], [9.19494972584901, 45.31494933902034], [9.195563415859322, 45.31532634901483], [9.19634434605589, 45.31610811995509], [9.196384895363853, 45.316765157092725], [9.196634654661288, 45.31697832312334], [9.196829937315464, 45.3171609614425], [9.196274253938885, 45.31779900525547], [9.196241068255667, 45.31783655861177], [9.195443200214722, 45.31874707407142], [9.195009529046372, 45.319251895892485], [9.194970620810093, 45.31929696042555], [9.194903329734743, 45.320134198472594], [9.194867424438147, 45.32132273251133], [9.194866262411878, 45.32198983321622], [9.194878938329136, 45.32232607844899], [9.19489816000321, 45.32235303550113], [9.195181081926087, 45.32276211775564], [9.195832925613278, 45.323085048484685], [9.196969155270988, 45.32326312662546], [9.197593728171466, 45.323073019001754], [9.198204697449622, 45.322639905914045], [9.198906522135454, 45.322656676097786], [9.19943043209592, 45.32321385844615], [9.199777268718483, 45.323879336367646], [9.200213743577988, 45.3246256957947], [9.20063748607114, 45.32538105473208], [9.200932927752628, 45.32641859528051], [9.20078709327387, 45.32747352266061], [9.200841089686838, 45.32849517400247], [9.201453505280618, 45.32880012984039], [9.201582015763965, 45.32905194340247], [9.20159672526408, 45.329564846381786], [9.201639207431699, 45.330447055833766], [9.201679827412152, 45.33110407311204], [9.201693859213432, 45.331464097264394], [9.201773889723665, 45.33243611185383], [9.201815475774787, 45.33337217235404], [9.201876150485552, 45.33379058880708], [9.201727770749846, 45.33483954719349], [9.201822574446135, 45.33480337592556], [9.204849646398019, 45.3337043287898], [9.204939154995126, 45.333636660425974], [9.205282395035102, 45.333379506850385], [9.206021764314373, 45.33315312439761], [9.207168704497402, 45.33292151862948], [9.208482479538693, 45.33273009783687], [9.20966892620421, 45.33261991734454], [9.210472623326556, 45.332537418469315], [9.210956340721955, 45.3322034832304], [9.211667753454925, 45.33165308962636], [9.212508082665451, 45.331138453769285], [9.213220770490862, 45.33061505402931], [9.213759560077955, 45.33021213333383], [9.2139206659625, 45.33009165485048], [9.214569430025954, 45.32954135758486], [9.215103459507894, 45.329027279242226], [9.215561141230001, 45.328576348724006], [9.215919286611287, 45.32817038565017], [9.216564852834082, 45.327422279639364], [9.217403003416857, 45.3266735820425], [9.218228353685918, 45.32612263486338], [9.21826849611106, 45.32609584557002], [9.219186466284238, 45.325896041295344], [9.220347555393664, 45.32586682100734], [9.22168817379815, 45.32607124850693], [9.222761000834174, 45.3263122047034], [9.2234242031727, 45.32622988762063], [9.224161659901524, 45.3259584120379], [9.224914678351917, 45.32600192885454], [9.225937373098406, 45.326467987406915], [9.227191257969372, 45.32731161835456], [9.227768593601962, 45.32808458159601], [9.228779512508591, 45.32878466740967], [9.229887776720185, 45.32934798256722], [9.229764437490658, 45.32965583310214], [9.229527535119889, 45.33007273154556], [9.230278412433814, 45.33052792173304], [9.230789098305243, 45.331171978410225], [9.230627251343071, 45.331580377640805], [9.229571618016415, 45.332464622797104], [9.22894201954436, 45.333099138681284], [9.229494528365514, 45.33339929144892], [9.229792223665651, 45.333373326067324], [9.23025174818189, 45.33339039353859], [9.231221939161745, 45.33346045742021], [9.23159167327658, 45.33366672973187], [9.231911923566296, 45.333666079935995], [9.232267975167195, 45.3333503074464], [9.232623062171083, 45.3328005047719], [9.233246954644411, 45.332448180462855], [9.233692999922624, 45.33230325618905], [9.23375446989059, 45.332029284349034], [9.233627195760912, 45.33163059808854], [9.233712500450013, 45.3308359974998], [9.233952624196307, 45.33026841471601], [9.2351245240002, 45.33004097677364], [9.236232925152713, 45.32959761990327], [9.236487520469494, 45.32944406644252], [9.236831190219837, 45.329236331910764], [9.23688941050898, 45.32918457550636], [9.237008797862357, 45.329078438883236], [9.237149048881681, 45.32895662607256], [9.237193735603235, 45.3287180977026], [9.23721147787089, 45.32862345426199], [9.237440043961499, 45.328352928101516], [9.238140757874412, 45.32817820027718], [9.238765986391073, 45.32807113473567], [9.239649431528305, 45.32792976989441], [9.240213854948543, 45.32739300129049], [9.240353947323602, 45.32726041915535], [9.240452143713094, 45.327158452434674], [9.240674160405232, 45.32695096319535], [9.240919552078333, 45.32641935811824], [9.241656516408437, 45.32605775200411], [9.242573639326173, 45.32623584065088], [9.243017412073907, 45.326315901013956], [9.243402288075785, 45.32610475809614], [9.243270523241105, 45.32564026170512], [9.243121151306305, 45.32523182739904], [9.243306295554826, 45.32487057279428], [9.244268789442877, 45.32484600950165], [9.244903060789452, 45.324628632641605], [9.246028271969234, 45.32451818487425], [9.246386682500667, 45.3247784487911], [9.247564173346527, 45.325349407927135], [9.245480934760671, 45.32789673896718], [9.246369085643629, 45.328184221058706], [9.246923980200144, 45.32840094599213], [9.248593191604744, 45.32647224140851], [9.249416335716626, 45.32544799359842], [9.249456910823408, 45.3254764367657], [9.253998880753134, 45.32711785343368], [9.254440165907166, 45.327277315079215], [9.255254433778317, 45.32619836333323], [9.255494513906859, 45.32595966719427], [9.255606788774086, 45.32584804151855], [9.255657188471753, 45.325812261522586], [9.255768358275139, 45.32579774539508], [9.257251419146346, 45.3258396144311], [9.258117567800685, 45.32539039994049], [9.26003063530056, 45.32428786293644], [9.260282080835745, 45.32438941306143], [9.263513856852528, 45.32569453839482], [9.262226219985232, 45.32715270423061], [9.263498162133518, 45.32784287470727], [9.264305305592258, 45.3274928010709], [9.266088940966307, 45.32671004943839], [9.268159025271013, 45.32580650803839], [9.269699355112492, 45.32502383239068], [9.270637392976505, 45.32452227903244], [9.274159924739871, 45.32641074405388], [9.27428756444146, 45.32647916608154], [9.274439240002188, 45.32656047784544], [9.275355584551738, 45.3257593358892], [9.27518744645066, 45.32566486352391], [9.273526683541137, 45.32459261137262], [9.2744036170119, 45.32385864969937], [9.274490942428512, 45.32382322993274], [9.275104644057327, 45.32407379214645], [9.27614430802635, 45.32451235440142], [9.276805299481016, 45.32464577112039], [9.277256739226347, 45.32452165653776], [9.277563414116782, 45.32437725721433], [9.277665858316075, 45.32464807411022], [9.278030307260707, 45.324732789191984], [9.278425054234123, 45.324810293836045], [9.278415537184289, 45.32493158408316], [9.278476698055123, 45.325031302066336], [9.278064304640031, 45.32548170774823], [9.278095165534975, 45.32558863330742], [9.278106254033672, 45.32578833955323], [9.277996207819305, 45.32603114150157], [9.277594194724534, 45.32653858638847], [9.276839215767096, 45.32724661996762], [9.278699710914195, 45.32795976605611], [9.27877531191361, 45.327854470304565], [9.28014464095664, 45.326869967136155], [9.281021660426116, 45.32721886498808], [9.281710063239553, 45.32749626778205], [9.281583864007748, 45.32762735325423], [9.28123059958929, 45.327763757842526], [9.280415572858148, 45.32859323061728], [9.281926280905951, 45.32943711841603], [9.281652511264582, 45.32987270759021], [9.281405714748502, 45.3302943089491], [9.282260439396726, 45.33011344730009], [9.283154043185851, 45.32994887353131], [9.283628464517811, 45.3298614962573], [9.283654161318239, 45.3301799147829], [9.283527487838283, 45.33021291160311], [9.282626198031785, 45.33044767865905], [9.281762920166514, 45.33074555989269], [9.281132382825236, 45.3309737500805], [9.281540590172613, 45.331268197686974], [9.281600631967095, 45.33131754749081], [9.281702748472984, 45.331402814415846], [9.282284505318279, 45.33188307020193], [9.282499532413544, 45.331806571229585], [9.282678833799995, 45.331667498807036], [9.282797732440617, 45.331539819322735], [9.283236736039555, 45.33106838927768], [9.284175103583054, 45.331503120726666], [9.284638309922018, 45.3311979242119], [9.285220998778753, 45.33146982705612], [9.285549701589838, 45.33162321059958], [9.28600633334515, 45.33135127886531], [9.286409634959229, 45.331181103985855], [9.28661793735631, 45.33109320753339], [9.286760144048795, 45.33107657515284], [9.286992599237648, 45.33094266430452], [9.287145033705112, 45.330761594190754], [9.28721731358486, 45.330431055493676], [9.28730062502703, 45.33005006850947], [9.287497936954574, 45.329738938003636], [9.287780683423279, 45.32946767247643], [9.288418212849855, 45.32912536923736], [9.28882910927846, 45.32891389961568], [9.289198149942806, 45.3288528445023], [9.289383231874082, 45.32893253866229], [9.289639136352147, 45.32897197238066], [9.290775546614148, 45.32900510589099], [9.292210667041038, 45.32902554461098], [9.293404046476214, 45.32904252600756], [9.294341029467995, 45.32898630121345], [9.29624512797267, 45.32902517209142], [9.29755220368535, 45.32905183646354], [9.297753654703234, 45.329542312130116], [9.299786476063824, 45.32966815777983], [9.300546633425514, 45.32905782248165], [9.300492721109851, 45.3290341160022], [9.299994359536916, 45.328814975269374], [9.300515323280916, 45.32783273126551], [9.30081764255707, 45.32771752032379], [9.301313663328008, 45.32770721685519], [9.302604016051381, 45.3276948095182], [9.30306378791162, 45.32717911489775], [9.303941769881083, 45.32729518824457], [9.304222062462923, 45.32721343832817], [9.304353344472878, 45.327006048934486], [9.3049091264119, 45.32616744434068], [9.30589478632747, 45.32652485808894], [9.306758720642705, 45.3267115697884], [9.307404159210064, 45.32690336391994], [9.307553919585299, 45.32745655560345], [9.307669496128145, 45.32788830029552], [9.309096078560087, 45.32789338787744], [9.309847581288267, 45.32715329817633], [9.310863876860882, 45.32646644201956], [9.312625296121986, 45.326551650322486], [9.313012714065785, 45.32600788603284], [9.313081092600854, 45.325902310983956], [9.314385872785591, 45.326483809783376], [9.314984253287328, 45.326239116739224], [9.316097484583391, 45.326794135106994], [9.317847810760126, 45.32600491443133], [9.317026515782127, 45.32551655789899], [9.318119936551911, 45.324321713383036], [9.317561919337487, 45.32425168066612], [9.316568867106218, 45.32450647698501], [9.316111117946592, 45.32479578824818], [9.315497231484962, 45.32454544600315], [9.314729182915759, 45.32411370126343], [9.315084824316745, 45.32380847468054], [9.315694751516798, 45.32334772815206], [9.316367478999526, 45.32271576666331], [9.317045438437098, 45.32301993947741], [9.318528169843121, 45.323627904099226], [9.318705898876713, 45.323465383717746], [9.319034685399698, 45.32293338041964], [9.319692592781069, 45.321941391151235], [9.320540817424654, 45.32075983323558], [9.321050441190998, 45.320911429631046], [9.321917580082674, 45.32152723434489], [9.321819680987637, 45.32190818924922], [9.32176135462041, 45.32215254946372], [9.323550032053786, 45.322938687897405], [9.324629477734756, 45.3211297369483], [9.324140578159541, 45.32076050547574], [9.32495945988244, 45.31984531564764], [9.323867217950445, 45.31969780437389], [9.324241361835883, 45.31886811775696], [9.32473509061113, 45.318191616361695], [9.3252887551958, 45.317212546360714], [9.324985431717879, 45.31643972817276], [9.325766991827805, 45.31569529973536], [9.328056955708428, 45.316507858235916], [9.331627941506124, 45.31217688945459], [9.33299636938177, 45.31275801022453], [9.333249914316406, 45.312487220525135], [9.338007929805011, 45.31455255448569], [9.338824204511601, 45.31296534111103], [9.342373779464618, 45.314998613958885], [9.345904183821581, 45.31691295559651], [9.346662447210178, 45.31615189034321], [9.34839753354674, 45.31681622535062], [9.350512633424506, 45.31761906058536], [9.351710474863038, 45.316312664799824], [9.353740235656755, 45.317043291113066], [9.353376019234128, 45.31797155733928], [9.352643140813486, 45.318772621485735], [9.35137192114528, 45.319580332207224], [9.352303383202708, 45.31988316740838], [9.352548023915805, 45.3202424622307], [9.353201314473775, 45.32065450656553], [9.354019510783008, 45.320913010169754], [9.354661704581611, 45.32080430871362], [9.354410867690662, 45.32024571019825], [9.354319521478113, 45.31974794221416], [9.354292012232362, 45.31959796843136], [9.354440111351794, 45.31879638765275], [9.355009756681897, 45.31807451891959], [9.355311958580671, 45.3175206297312], [9.355501704566763, 45.317172856983326], [9.35604263584674, 45.31594697247729], [9.35674810521269, 45.315184160295836], [9.358015270475386, 45.31517568743393], [9.358251125690376, 45.31533665947907], [9.360115865642168, 45.31660930242482], [9.361806419289405, 45.31744073417599], [9.36243904945399, 45.317422191004354], [9.362825740721473, 45.31741086097503], [9.36407303127662, 45.316938815065406], [9.365282453492442, 45.3165299028071], [9.366254048807226, 45.31606242027771], [9.367123356138068, 45.31512878348423], [9.367396520340844, 45.31409275498644], [9.367096255091745, 45.31303154241274], [9.366180986320717, 45.31155826051215], [9.366122834037732, 45.31045128914792], [9.366399472212699, 45.30982929652646], [9.36702933676036, 45.30859409502609], [9.366919510833199, 45.30738825746603], [9.366784400206669, 45.30621850562248], [9.366798217028615, 45.30619370367949], [9.367351843699607, 45.30519953939796], [9.36795733764517, 45.30415342524934], [9.36899965689004, 45.303232045373676], [9.370144873249492, 45.30329122026817], [9.371015849898276, 45.303846489518115], [9.37179301333389, 45.30417872168562], [9.373126423575922, 45.3047487467287], [9.373919865761717, 45.3047595730651], [9.374131723234397, 45.304385407463336], [9.37386013119509, 45.30381920379379], [9.373981388217553, 45.303238294413916], [9.37495083634783, 45.30287049338934], [9.376019996119222, 45.30252492071945], [9.377256072213605, 45.302349823371955], [9.378125309585227, 45.302634994456035], [9.37852518589308, 45.302779157644146], [9.37928802120841, 45.30305419925328], [9.379708893765496, 45.3030438038912], [9.379957481029257, 45.303979117930616], [9.38056052014644, 45.30450818031433], [9.381328315732544, 45.30487468508884], [9.381789315079338, 45.30514317851451], [9.381698164308236, 45.30562512981476], [9.382190713899385, 45.30573921607605], [9.383152357457178, 45.305967461807434], [9.384442305939357, 45.30626072036153], [9.38528724465608, 45.306538948715804], [9.385882461931269, 45.30681268591946], [9.38535557694412, 45.30719699643041], [9.384723320886348, 45.307059640610035], [9.383370557473308, 45.30696517606657], [9.381949909840436, 45.30699677710836], [9.381807867682689, 45.30724142246125], [9.381421875733421, 45.30729574952834], [9.380375412500893, 45.30722721254209], [9.38013793396364, 45.307957119079404], [9.380229694316386, 45.308325878129956], [9.38063999919547, 45.30863956459087], [9.380857884150139, 45.30867483951177], [9.381406219840807, 45.30876300974472], [9.381369817068652, 45.30904217773971], [9.380981478530467, 45.30950674093182], [9.380499513002974, 45.3094501496684], [9.380275309757883, 45.30942388934301], [9.379253345866884, 45.30921125009978], [9.378258052667748, 45.30916955153534], [9.377488192989102, 45.30952046144825], [9.376810336086558, 45.31015549100345], [9.376757722236446, 45.31022337968683], [9.376215846365445, 45.310922552211096], [9.376268080349712, 45.31126787057961], [9.376628234624315, 45.31155129453847], [9.37713244193533, 45.31162071513511], [9.377479780220623, 45.31107140906976], [9.377778972388176, 45.31078715094484], [9.378397179929472, 45.31090634935135], [9.37910004586873, 45.31109304786436], [9.379089216894995, 45.311381128867275], [9.378943582826203, 45.311940978452874], [9.378927508211643, 45.31200275282403], [9.379131981886848, 45.31207880430323], [9.379324542219209, 45.3121139609566], [9.379416399780752, 45.31214066285509], [9.379592142444226, 45.31218957510638], [9.380014017022976, 45.31232320816683], [9.380130346816397, 45.312547853319785], [9.379970852931242, 45.31279198263891], [9.379940861458817, 45.31282751475368], [9.379573732518839, 45.31325181269484], [9.379526405201316, 45.313810047990685], [9.380126924233194, 45.31394306703989], [9.381020705927547, 45.31405711292974], [9.381376142559894, 45.31402891965698], [9.381657850532566, 45.313946955876126], [9.382065964896952, 45.313927601153466], [9.382742713960816, 45.314015352364976], [9.383854687441865, 45.31431765585899], [9.38467286942673, 45.31456694417752], [9.3857328943722, 45.314734407148286], [9.386209622105522, 45.314439444001216], [9.386353553820705, 45.31407520126914], [9.386453049935787, 45.31381382763528], [9.386666230683566, 45.313273021971284], [9.386925993951886, 45.3128128378294], [9.387517716751644, 45.31279306200437], [9.3882077630759, 45.31296173783589], [9.38955100909345, 45.313501745697785], [9.390995058842107, 45.31385687952029], [9.391060197767626, 45.31405468531773], [9.391369354984379, 45.31448568160171], [9.392176808742207, 45.31502299690063], [9.393213764663942, 45.3155415227029], [9.393254905688083, 45.3159554270031], [9.39286667950156, 45.316438021715356], [9.392725367789756, 45.316505535929345], [9.391645745740407, 45.31699793055285], [9.390544194759183, 45.31779677685928], [9.38904919472094, 45.31898762231414], [9.38735018620979, 45.319918213065165], [9.386300854930347, 45.3194626871426], [9.384244352417284, 45.31911856947938], [9.383554156638183, 45.31894087525845], [9.383131921350763, 45.3187622567147], [9.383253926735925, 45.31793372168115], [9.382982634553029, 45.31743506603379], [9.381767520335284, 45.31698005314064], [9.380668826500647, 45.31675868815293], [9.379340979120233, 45.3166100790166], [9.378522558871468, 45.316906939313604], [9.378173022373328, 45.317361075981914], [9.378072432480115, 45.317586443753804], [9.378100953712591, 45.31803641613499], [9.379315640937033, 45.31842843959295], [9.38058056781351, 45.31882030431734], [9.380750385481479, 45.31940931900276], [9.380364557600181, 45.3207428123494], [9.379837567870918, 45.321531334392354], [9.379181947297667, 45.32134082213547], [9.378632455887367, 45.3215634939873], [9.378177522273635, 45.32251956390795], [9.37761923234308, 45.32339823197711], [9.376784035716904, 45.323392067117354], [9.375802675964021, 45.323566320884126], [9.37504819176448, 45.32401410991469], [9.374368706924999, 45.324642200311345], [9.373739359280883, 45.325958456141926], [9.37365790987859, 45.32715589423347], [9.373918337986192, 45.32794716607664], [9.373396491682065, 45.32835277732985], [9.372500207563634, 45.32885809686238], [9.372064967427253, 45.32942943604325], [9.37180044900907, 45.3298398605398], [9.371509054156656, 45.33027317867986], [9.370351685067986, 45.330762711705624], [9.369684730517017, 45.33134337286584], [9.369379244791125, 45.33232759624599], [9.3694991177138, 45.33310131831141], [9.369386914983753, 45.33364824542371], [9.367535657775614, 45.334413239887446], [9.36735477690568, 45.33535321858253], [9.364661957289508, 45.334868552147476], [9.36401625720907, 45.33646291137869], [9.364781639104892, 45.336443607193196], [9.364711591059287, 45.33675763845989], [9.364657670179236, 45.33697394133615], [9.365361711816147, 45.337174232700185], [9.365406966175101, 45.337195572460736], [9.365372749232145, 45.337772773043014], [9.365366003480892, 45.337910631171006], [9.36476764901842, 45.33819776362079], [9.36443201702936, 45.338436624818776], [9.36425103604491, 45.33886551540664], [9.364240556153765, 45.33889081213585], [9.363725536763159, 45.33889419694274], [9.363421422286617, 45.33886815811046], [9.363010398024462, 45.338833461410594], [9.361502822588399, 45.33859521788298], [9.360634579276814, 45.338543950643306], [9.360049560605399, 45.33886984014048], [9.359624924435089, 45.339394955439914], [9.35950727882268, 45.33990669573624], [9.35996911775161, 45.340274304452606], [9.359605852955498, 45.34136460786235], [9.359318692942269, 45.34199941545435], [9.358631259859106, 45.34266385303663], [9.357485382967734, 45.34312652400465], [9.356606489093625, 45.343417313967386], [9.356321078112881, 45.3435498472666], [9.356178708706954, 45.34440879476075], [9.356561877908108, 45.3444436011742], [9.356541536002682, 45.34527178741461], [9.358061767211863, 45.345465059477256], [9.359940077047195, 45.3457651892128], [9.361856876701895, 45.34609219185731], [9.362431323247122, 45.34621055603672], [9.3615578797414, 45.34724530729408], [9.360520816904792, 45.34876979670777], [9.361033250708985, 45.349056220357], [9.360629049156863, 45.34973259327821], [9.361729511323981, 45.350143173970814], [9.360808651902293, 45.35188335258208], [9.360465056767625, 45.35406275196717], [9.36126960904327, 45.35410520967179], [9.360430658988426, 45.35853097970626], [9.359273249743145, 45.358316452072046], [9.359307014495212, 45.35875973582594], [9.357552746004151, 45.35855558387857], [9.35694061739113, 45.36002367962545], [9.35655615927293, 45.36376352711181], [9.35372663746493, 45.363096520390634], [9.35320638510372, 45.365220030024346], [9.354560234509142, 45.36526983092848], [9.35435444342753, 45.36688148969976], [9.353405937885977, 45.366871218924544], [9.352992310128927, 45.36771714483441], [9.353206103489597, 45.367729775301086], [9.353362797347817, 45.368000944085935], [9.353582161918775, 45.3681598906004], [9.353672036534192, 45.368225017928026], [9.355223182070537, 45.368463873532164], [9.35533373133273, 45.368480895066604], [9.355730746473636, 45.3671400617341], [9.355771154204488, 45.36712792538065], [9.356107516500149, 45.36711417538154], [9.357058896899803, 45.367075275475756], [9.357163712921793, 45.367070984471276], [9.35752881482936, 45.367256420355105], [9.357586455452044, 45.367285698625125], [9.35808605320053, 45.367536169374354], [9.358182218518165, 45.367598860177274], [9.358264642301478, 45.367651212747894], [9.358377758986679, 45.36772304959015], [9.358534806965686, 45.36782280382571], [9.35919732727378, 45.367892514296884], [9.359400056252559, 45.36680171796445], [9.359564637318748, 45.36590714097144], [9.359784781664152, 45.3647106848925], [9.359814623607226, 45.364608223914196], [9.360518009018582, 45.36480200227242], [9.361312722785586, 45.36502094685018], [9.361932522983093, 45.365191679963175], [9.36226169206593, 45.36528234849919], [9.362639877932095, 45.365386520920126], [9.362816370816097, 45.36543514290921], [9.363375898834983, 45.365582999056166], [9.363438379048842, 45.365606489119315], [9.36363124993195, 45.36565987975591], [9.363935767326941, 45.365730924284534], [9.364509333158797, 45.36586282025623], [9.365102125219984, 45.36599914986425], [9.369758378993648, 45.36706978164303], [9.369972192137476, 45.367118940539555], [9.371097354528574, 45.367377614925395], [9.378200161610808, 45.36894801905887], [9.378212608687344, 45.36968937000152], [9.377397006508659, 45.36993133069854], [9.376969972728652, 45.37018161812609], [9.3764587100604, 45.370942580214425], [9.376185468986199, 45.37210463908437], [9.376278502500908, 45.37265340626963], [9.377046894659374, 45.37297491695122], [9.37803336144928, 45.373439729506565], [9.378497428559164, 45.374086278154486], [9.379031665532285, 45.37567773583515], [9.378440006625606, 45.37696687580202], [9.376869242992633, 45.37816547850243], [9.375031522428191, 45.37913843034194], [9.373199268761377, 45.37966550420487], [9.372586208238346, 45.38019958224812], [9.372616467525251, 45.38091957439157], [9.373067886945298, 45.381584198064644], [9.372908429391098, 45.382583853198064], [9.372828248450555, 45.38398831407785], [9.372785828889372, 45.38531163044289], [9.372918659058247, 45.386085318365105], [9.37309393902389, 45.3865409615539], [9.374172858143735, 45.386441262165505], [9.375337214645306, 45.38673447911709], [9.37572360057897, 45.38721027676587], [9.376109789642568, 45.38765906706899], [9.376818771103672, 45.38778708106372], [9.377334053288665, 45.38734899706713], [9.37765551056734, 45.38692629949037], [9.379826352266758, 45.38754775680449], [9.380698358966288, 45.38804892650354], [9.381633661881727, 45.38845986488962], [9.38167913675954, 45.389521856262874], [9.38205456012659, 45.39042542564111], [9.38226367377412, 45.39096010057083], [9.382567342885944, 45.392417275316376], [9.38233194537658, 45.39350721271328], [9.382392176741487, 45.39485721232508], [9.383053997274908, 45.396376193411754], [9.384819949299139, 45.396793311423366], [9.385129487592579, 45.39722433690368], [9.38462516736829, 45.39821617295344], [9.38468097330267, 45.39890906791993], [9.385194864853966, 45.399321393953535], [9.386664651869454, 45.399388450839204], [9.388313563657412, 45.399490864474835], [9.388915109471135, 45.39984040130295], [9.389670548832003, 45.39987329530193], [9.390156009721434, 45.39986264130662], [9.39137753783493, 45.39912935901055], [9.391976346623782, 45.39888426518271], [9.393304532234033, 45.39879869680655], [9.394660530254066, 45.39903706092971], [9.395581058285813, 45.39912387246543], [9.395963362043897, 45.39897853693025], [9.396551775579653, 45.39907550898018], [9.396894812691714, 45.398909660366485], [9.396751711834154, 45.39843572697121], [9.396601338769914, 45.39779693009551], [9.397749888552964, 45.39775266538499], [9.398264776317115, 45.39738630957229], [9.39842289637511, 45.39714365734148], [9.399055807618737, 45.397230543663596], [9.400040463241483, 45.3973531175292], [9.400590024027004, 45.39737817826246], [9.400909171961521, 45.397341057816114], [9.400957471978714, 45.39694484002547], [9.400913602173883, 45.396161875332325], [9.400958083199127, 45.395225597138655], [9.400864642615502, 45.39465884201919], [9.400743252246109, 45.39375014869691], [9.400854206413749, 45.39318267702238], [9.401519031629212, 45.39198088066083], [9.403027495886844, 45.39159082053304], [9.403676976511527, 45.39130048597028], [9.403937823744315, 45.391133036844806], [9.404427129492406, 45.39079392544644], [9.404850713168353, 45.39108029758334], [9.404712030587731, 45.39134182255988], [9.404536354915807, 45.391783509077385], [9.404131345707865, 45.39231602452886], [9.405082257741261, 45.3924518928357], [9.405347753997633, 45.39217706812462], [9.405880921435362, 45.39222879916856], [9.406113640246238, 45.39261502464296], [9.40597885341224, 45.39341661478817], [9.406364033707906, 45.39368529058774], [9.407209151866615, 45.39395231097381], [9.407316003114225, 45.39460001500258], [9.407678768400702, 45.3953008189594], [9.408270986223235, 45.395928795830834], [9.408047306973554, 45.396802707969876], [9.407646113756046, 45.39786628411426], [9.407500444240581, 45.39892896442116], [9.407210322243019, 45.39945206538905], [9.40697416710519, 45.40037103754504], [9.407055942037143, 45.4010818395012], [9.406674638148651, 45.40314447052571], [9.409066409923025, 45.403329012017295], [9.409187267495968, 45.40277580347939], [9.412230896507328, 45.402863519885564], [9.412426414246564, 45.403393893007596], [9.412330291069667, 45.404231351090615], [9.412527270216897, 45.40502966631229], [9.412191236574449, 45.40520919498125], [9.41173888922247, 45.40553866689462], [9.411629314413497, 45.40624115775838], [9.411090737575877, 45.406812041717025], [9.410535814872077, 45.406992188319784], [9.409730712177945, 45.40698608329806], [9.409132285237543, 45.40728526180058], [9.407753335539363, 45.40744321820141], [9.40618005772784, 45.40752033262212], [9.406070140898683, 45.40794427258488], [9.406504659108785, 45.40795172378586], [9.407565355951782, 45.40795695872738], [9.409162531140181, 45.40793323786312], [9.40968864693389, 45.408237400171146], [9.410276135738997, 45.40819027604593], [9.411168355002726, 45.40787202103051], [9.412892005028448, 45.4076677813776], [9.414245863099511, 45.40757286384026], [9.415511060591959, 45.40758627723497], [9.415795083835242, 45.407981291195945], [9.415814856539091, 45.40893535167379], [9.415630640937014, 45.4099531634128], [9.417241701255248, 45.410073308559625], [9.417106170779283, 45.41075788827532], [9.41711034483659, 45.41132495364213], [9.41725581820038, 45.41199051692916], [9.417740645523434, 45.411880718675064], [9.417885066983057, 45.41240227170858], [9.418191582272993, 45.4123741433684], [9.418257061877513, 45.41258993876957], [9.417643068401471, 45.41424839317304], [9.418961393913456, 45.414513612456176], [9.418778416263926, 45.415693443943525], [9.41983945577874, 45.415725552164886], [9.419840277599036, 45.415846976304586], [9.41984794964573, 45.416980925536876], [9.42025966424222, 45.417348727256226], [9.420597349292553, 45.417644519897934], [9.421058747375056, 45.41781383598557], [9.421304047380318, 45.41814598561227], [9.42158789900946, 45.41850498180954], [9.422496411475224, 45.4186456353156], [9.422715605239343, 45.41865907513814], [9.422759426240392, 45.41866321916292], [9.423211807028343, 45.418705996677716], [9.423648994280217, 45.41905542361779], [9.424059870718963, 45.41930593261578], [9.424826532169135, 45.419276079051855], [9.425518256476067, 45.41948054146436], [9.425752373418497, 45.42001974231332], [9.425416327966635, 45.42058907143173], [9.424837781116784, 45.42067122977559], [9.423264289816286, 45.420909676628966], [9.422890706040656, 45.4218125981069], [9.422882278282854, 45.42228969440889], [9.423330537655705, 45.422513063698666], [9.424265074192832, 45.422707617759734], [9.42498351895595, 45.4227362686213], [9.425346525670534, 45.422037523961784], [9.425456491545411, 45.42163935401849], [9.42593181453421, 45.4215620565485], [9.425920905957, 45.42159446666773], [9.425978079224729, 45.42204532563739], [9.425974761775832, 45.422291716055724], [9.425860280096028, 45.42302570343366], [9.425707213862866, 45.42400727183377], [9.424732687763191, 45.42398880793515], [9.424574887172826, 45.42436272001566], [9.423216304357766, 45.42438117286621], [9.42283698741265, 45.426129092513214], [9.422385746382572, 45.42614833070232], [9.422041304492266, 45.4276800287076], [9.42301508179439, 45.427982458366785], [9.422230797043108, 45.43047337167658], [9.420565136137473, 45.430196797375494], [9.41950284922024, 45.43002968718956], [9.419037818654209, 45.42998717010046], [9.418503841940609, 45.43115279123192], [9.417706815457048, 45.43090937872768], [9.416862182708947, 45.430786446890664], [9.416183267525764, 45.431081974434385], [9.415429326731584, 45.43216884719811], [9.415216681929396, 45.43280870523198], [9.415006668651136, 45.43380859309227], [9.414858491457778, 45.43430420604507], [9.414715708198445, 45.43479300684136], [9.41445373811582, 45.43489974208054], [9.413685611044144, 45.4347585193298], [9.413121918621975, 45.434598538911914], [9.41267347430832, 45.434465145819644], [9.412198663862723, 45.434223821298616], [9.41189054807015, 45.4340449025175], [9.411220879316428, 45.434082910796306], [9.411011155831034, 45.43442612332295], [9.411051605634853, 45.43471401482094], [9.41087056029915, 45.435091171041165], [9.41138811416994, 45.43527988157529], [9.411990978189051, 45.435547736940705], [9.413380727431196, 45.43619428951915], [9.413622694326772, 45.43588423987955], [9.41419270127381, 45.43591782738307], [9.415114717375173, 45.436121516916394], [9.415576751853129, 45.43636285771869], [9.415862138358277, 45.43691990038003], [9.415943038785933, 45.43759919119626], [9.415820173799146, 45.43827922204269], [9.416028051674191, 45.43862051477757], [9.416640818043835, 45.43860027073448], [9.417127893972348, 45.43848384970327], [9.417294986405155, 45.43888592137955], [9.417273877106313, 45.43948907945467], [9.417140787527856, 45.440407689637205], [9.41687546558947, 45.44084070575114], [9.41652805364881, 45.44124109678718], [9.415863589624532, 45.44164244616397], [9.415592229893656, 45.44195253337353], [9.415571621023512, 45.44251968586851], [9.415614147510363, 45.44308659059545], [9.415133934223872, 45.44386243442301], [9.414803865887741, 45.44418769033103], [9.41473850425805, 45.44446684059407], [9.414679885321336, 45.44471919938054], [9.416395411626729, 45.44500099589787], [9.416085421281098, 45.446208286080875], [9.417848769243689, 45.446138839656044], [9.417646830088811, 45.45036899268046], [9.41763902359826, 45.45053216558993], [9.417532103751267, 45.45153167890616], [9.418197769437693, 45.45161926038275], [9.418633236129644, 45.45181568657171], [9.41918546851895, 45.45212870293906], [9.41948307174371, 45.45248765178217], [9.419678964381884, 45.453036018860274], [9.420270854938796, 45.45351990094118], [9.421324891460344, 45.454236100506186], [9.42195585111833, 45.45480984444967], [9.42240723383719, 45.455312244794186], [9.423251324793835, 45.455417127524655], [9.4248765037566, 45.455537110939815], [9.425261452617429, 45.45570671130081], [9.425341511869128, 45.45614745534917], [9.425522257560441, 45.45637181057289], [9.426137830853792, 45.45659456122889], [9.426830857232673, 45.4569069979337], [9.427141115707185, 45.45734689730385], [9.427352085536299, 45.458183210463375], [9.427151377744579, 45.458706040990805], [9.427549368205193, 45.458902574890885], [9.427720410140175, 45.459531999913764], [9.429310074355522, 45.46001211297183], [9.431603659924384, 45.460444509639935], [9.433753473730897, 45.46077841555233], [9.43456118447533, 45.46102737917691], [9.434692760667902, 45.46150394036955], [9.43448020622699, 45.46203582435894], [9.433860845600256, 45.46300129870958], [9.433469012406645, 45.46361486055856], [9.433001984549367, 45.46432771652137], [9.43274123855414, 45.464936281737785], [9.43234848827667, 45.46585137399524], [9.432222494377157, 45.466103884228446], [9.431679360134513, 45.46690703794396], [9.431343689433406, 45.46744387779468], [9.431312864863827, 45.467493507942194], [9.431709696259606, 45.46752801179654], [9.432846629815161, 45.467424698772554], [9.434162671625026, 45.46722168159155], [9.434586525045551, 45.467445096855556], [9.434514468121241, 45.468057445637264], [9.434224704602677, 45.46882469636754], [9.435211881240441, 45.46891889843682], [9.43560920897022, 45.46901639426521], [9.435902444824679, 45.46909627460822], [9.435951501616737, 45.469339125773764], [9.435955874918948, 45.46969914939266], [9.43592728910357, 45.46993328305893], [9.436082919134428, 45.470103722368066], [9.436164494951022, 45.47012284086765], [9.436309615730224, 45.47015685119941], [9.436625815108346, 45.47010164845594], [9.436933452017966, 45.47007796284144], [9.437221582661948, 45.46996931504971], [9.437456934118092, 45.469782975097225], [9.437648614392248, 45.46971068681036], [9.437691649594896, 45.46969251144008], [9.43775254898077, 45.46991730505311], [9.43855652315608, 45.46966218697997], [9.439195232387632, 45.46954273101348], [9.439673666918292, 45.469398578966526], [9.440161609539418, 45.46889091847945], [9.440510448540303, 45.46823132124382], [9.440567367643402, 45.4682232841887], [9.44086325779632, 45.46843815581441], [9.441352156421347, 45.46858929165053], [9.442010535728913, 45.46873976969127], [9.442433048496188, 45.46878312999257], [9.442846520085517, 45.46879953821846], [9.443130212310272, 45.46878042753128], [9.443470437864152, 45.46873411110368], [9.443777879275167, 45.46868340153907], [9.443940645656388, 45.468642268210424], [9.444262971521209, 45.46845199095382], [9.444558342417706, 45.46849585852491], [9.44541414153989, 45.468330505002584], [9.445991256948087, 45.46851725921375], [9.446723107166399, 45.468856447278064], [9.447388737313895, 45.46890785647912], [9.44755746644615, 45.469213221507204], [9.448137166996618, 45.46912557149405], [9.448641843069435, 45.46872268915429], [9.449202416890415, 45.46864870424481], [9.449768719251672, 45.46907851938516], [9.450103744905187, 45.46938324732775], [9.450874411209675, 45.469308940133466], [9.45100898355854, 45.469001625857146], [9.451205843454876, 45.46876507396146], [9.451971334386963, 45.46856577578148], [9.453018932752345, 45.46829158202343], [9.453567516220376, 45.468406425897655], [9.454625353488062, 45.46829059678696], [9.455367610615433, 45.46800810638493], [9.455299502402067, 45.467436417005636], [9.455122547656522, 45.46687533801832], [9.455421553173876, 45.466706834800895], [9.45647301140921, 45.46701768129503], [9.45749866735143, 45.46730161336562], [9.458355478390239, 45.46698689741986], [9.458667048547067, 45.46625279124126], [9.458507721388637, 45.46553334979119], [9.458312255835576, 45.465093072988196], [9.457812885325517, 45.46503206897721], [9.457568330127781, 45.46484402198303], [9.457399778518885, 45.46456565818023], [9.456886828961208, 45.46440569133285], [9.456602886135776, 45.46409178483824], [9.456087838331051, 45.4636707925615], [9.455382218667868, 45.46341257760471], [9.455229948371496, 45.4627434855075], [9.455567189211868, 45.462556727085044], [9.456118303930001, 45.46268955922095], [9.4569765435778, 45.4622580489893], [9.457669298458935, 45.46151320116855], [9.4580573568318, 45.4604675062818], [9.458456796258563, 45.459250749426594], [9.458998364518907, 45.458213451199185], [9.459130502194002, 45.45715978524965], [9.459405070911448, 45.45632157791217], [9.460124543130544, 45.45514852378883], [9.460743075062048, 45.45414690773267], [9.46100333027767, 45.45365904326467], [9.462208854344283, 45.453537905512825], [9.46191022322471, 45.45455624875123], [9.463994588664297, 45.4552926222482], [9.464946217367153, 45.45359882100542], [9.46578787486017, 45.45175015013974], [9.46612197265885, 45.450389621441964], [9.466318531112902, 45.44996681862747], [9.467283208363787, 45.45008782489814], [9.46789097776219, 45.45014720411851], [9.468255923319813, 45.45018285215743], [9.469179202119161, 45.45036249573149], [9.469336145991337, 45.449538010789325], [9.47055102494675, 45.44938284515745], [9.470539140847666, 45.44870305262475], [9.471615120372014, 45.44815277474925], [9.472585754113078, 45.448004753362554], [9.474773605759573, 45.44813969013947], [9.476655194453619, 45.44834788582407], [9.478293057180222, 45.44846705640971], [9.479904880560094, 45.44853230018289], [9.481453318184982, 45.44866079784844], [9.48239983206367, 45.44868380894279], [9.48303874547599, 45.44862711591985], [9.483371520980985, 45.448661708555136], [9.483908297107362, 45.4486879921472], [9.483721564718035, 45.44921829160946], [9.48396182573788, 45.450396428260554], [9.484575493247618, 45.451870012714494], [9.484606202252937, 45.45191725763506], [9.485187037889826, 45.45281127338641], [9.48539197048634, 45.45312671710296], [9.486207170392829, 45.45423038130363], [9.48707409620739, 45.45539684359915], [9.488057080258416, 45.45667081235597], [9.488093858057999, 45.45672274880277], [9.488796348530776, 45.457714776172814], [9.489092897752977, 45.45813355080261], [9.490221367429651, 45.45994694595107], [9.49096430727309, 45.46154595740145], [9.491050068986757, 45.46169763883732], [9.491261738698215, 45.462152698003926], [9.491875847463444, 45.46340528503788], [9.492160600946846, 45.464524688671], [9.491562670138252, 45.46495957736177], [9.490460734265527, 45.46554746472717], [9.490224347367104, 45.46619371750941], [9.490327960204974, 45.4664716662063], [9.490656532736116, 45.46735301938022], [9.491369868564153, 45.4684750911254], [9.49498943146629, 45.47213564825702], [9.494690946451252, 45.472295237065275], [9.494344514477497, 45.47247160288318], [9.492996935737878, 45.47315765361707], [9.491609897070928, 45.47366661142329], [9.49067002791045, 45.47443683498842], [9.490597776709926, 45.474495657505834], [9.491474736094213, 45.47465390707406], [9.491555605924614, 45.4746670509603], [9.491654120218731, 45.47468463743756], [9.492589436748329, 45.47484262814586], [9.493308074856534, 45.475091559868865], [9.4941704349182, 45.47568189579077], [9.493808542744535, 45.47672759484378], [9.493730082710357, 45.47687050635552], [9.49368116665452, 45.476970114179224], [9.493537533961133, 45.47726260612718], [9.493343401880054, 45.47767473010096], [9.493568373135947, 45.47852885008542], [9.493801604363679, 45.47922993094561], [9.493870570214337, 45.47943666787488], [9.493764947235649, 45.4805262582618], [9.494145904423268, 45.48165874037221], [9.494613924161548, 45.48250282825115], [9.494953447710397, 45.48328444657438], [9.49537594799922, 45.48330962126554], [9.496770545453572, 45.48329456891779], [9.49767877868088, 45.48326360830417], [9.49890157144398, 45.48407736318943], [9.499443203794646, 45.484552056229774], [9.499396637539967, 45.48507433639452], [9.499243968923503, 45.48553855110992], [9.499097561283294, 45.485984745802135], [9.498878279962641, 45.48723685534346], [9.4992355562007, 45.488567463398624], [9.499812605763216, 45.490149122086905], [9.500578156434429, 45.491333911521], [9.50072203380461, 45.491435723957345], [9.501569512630976, 45.49200465926371], [9.503596475244322, 45.492553799828784], [9.505353492137429, 45.49296908888218], [9.506829907767768, 45.49348460352935], [9.506940036827807, 45.493602454767995], [9.507282488418966, 45.49400467118339], [9.507022052977957, 45.49493293782201], [9.506605860999803, 45.49561886181655], [9.50717570131243, 45.4963634166644], [9.508332800208553, 45.49694335585497], [9.509669433456331, 45.497558465327174], [9.510299982988462, 45.49793369913711], [9.511693230905458, 45.499142613643365], [9.512402491415232, 45.49972449769134], [9.513408344252573, 45.50054808169938], [9.513609418506338, 45.500754213903996], [9.51422949407579, 45.501404713357324], [9.51495968432962, 45.50109466052755], [9.51548484239745, 45.500871780086506], [9.51636215511792, 45.50139173793537], [9.516392123489606, 45.50140948322382], [9.517057407275463, 45.50180376599554], [9.517163339429812, 45.5018582491924], [9.517978057261077, 45.501098984948676], [9.51858938057234, 45.50107580471757], [9.519352046877485, 45.50105228335749], [9.519186928960448, 45.504477922567276], [9.518595273905797, 45.50506119416006], [9.518241902650098, 45.505611861638926], [9.51795284605285, 45.50619823638902], [9.517866378220992, 45.5065406741311], [9.517805521081538, 45.50688299569473], [9.51778288010399, 45.507207136321554], [9.517772480026697, 45.50746821173246], [9.51778365917507, 45.50753798912331], [9.517840377413128, 45.50789094803108], [9.517889081483302, 45.50796724942529], [9.51794266581272, 45.508052503695005], [9.517968623891207, 45.50809288386987], [9.518015343892055, 45.508167212155804], [9.518664594166541, 45.50842727629349], [9.519585347497182, 45.50832408030351], [9.520093385806522, 45.508050289740325], [9.520468862905378, 45.50793850653051], [9.520761677493352, 45.507875253209846], [9.522477963492227, 45.50734799575591], [9.522411675703836, 45.5070690388684], [9.52217181495015, 45.50578433386041], [9.522159753516053, 45.505718948062125], [9.52250332987442, 45.50586186226759], [9.523972001382898, 45.50605464941197], [9.524237292198512, 45.506191023501536], [9.524376514195062, 45.50643804791239], [9.524486888952199, 45.50674025011824], [9.525959191036486, 45.50627255230647], [9.52607258081558, 45.50623639647015], [9.527920844440978, 45.50564722796827], [9.528006708411167, 45.505619845707194], [9.530249572658535, 45.50494554798288], [9.53226434737843, 45.50430335010006], [9.53264798664331, 45.504181058225186], [9.532944324775395, 45.504089108383035], [9.534181291794829, 45.50370528275747], [9.534909982462025, 45.5034791504272], [9.535756392245307, 45.50321649642481], [9.536148281938017, 45.50309489126427], [9.538722272070988, 45.50230192667467], [9.540574636761882, 45.501722155850366], [9.54122189060974, 45.50149718133516], [9.541554046060135, 45.501786277261786], [9.540995906333952, 45.50365213866175], [9.541168092765975, 45.504254397338], [9.541734218058807, 45.504557741640006], [9.541993165742749, 45.504862556346175], [9.541399416431563, 45.50568447792558], [9.541426986383922, 45.5058913625075], [9.543110417686197, 45.50656744518682], [9.543778653548031, 45.50683430807294], [9.545289204563613, 45.50683610288207], [9.546608621382989, 45.50698008955808], [9.547185764800808, 45.50704306428817], [9.548749208756533, 45.50721559134608], [9.54932688417038, 45.50738382902488], [9.549738346765619, 45.50757087328352], [9.550157878966866, 45.50858597659706], [9.550355966478778, 45.50920608762574], [9.550567527368566, 45.50989815762144], [9.54962128063147, 45.510010720831225], [9.548664659441641, 45.51168951009997], [9.548250513602941, 45.512546604391446], [9.547923935791873, 45.51319624315198], [9.547317740949714, 45.51405425487997], [9.547221349280205, 45.51467578134813], [9.547506486815708, 45.51503447147459], [9.548175080204325, 45.51532829370376], [9.547887012150523, 45.515986760947925], [9.54686043351017, 45.5157486446554], [9.546817245456431, 45.516576950554565], [9.548432335195349, 45.51676722589208], [9.54915210145467, 45.51705180270147], [9.549284924614538, 45.51754621280932], [9.549199156986802, 45.51794268143758], [9.549867030384691, 45.518155499660566], [9.550048118361463, 45.518343633191975], [9.549940593352128, 45.51913624614039], [9.551463327168163, 45.51903889205653], [9.551203279456118, 45.52125441952427], [9.551562493000636, 45.52132468727329], [9.550940576191053, 45.5231998972757], [9.550340245971162, 45.523355813557444], [9.550303378297802, 45.524166078023335], [9.545114161619615, 45.52453212100547], [9.541819395821676, 45.524743934080576], [9.54054671525555, 45.52482572772264], [9.53980505019361, 45.524873384466666], [9.539684959249323, 45.5248782292316], [9.539050447507673, 45.52491724587595], [9.539095436819453, 45.52543234127975], [9.537918272620319, 45.5255797417927], [9.537413083809998, 45.52564512647099], [9.537186001714629, 45.52567307188215], [9.537070926381329, 45.52568723615468], [9.537682162694336, 45.528015631139986], [9.537861626543782, 45.52800967993593], [9.538135822679786, 45.52800125515876], [9.538740822609478, 45.52805912391319], [9.538682116193574, 45.528827367201025], [9.538532948028955, 45.52916382764808], [9.53798379300723, 45.52910211866961], [9.537933266462876, 45.52913094860356], [9.537371942201254, 45.529394247060964], [9.535127322735294, 45.53003486193998], [9.535819966465164, 45.53149876721086], [9.537729549443183, 45.53164281612896], [9.537461654342382, 45.53444340513632], [9.533130012417738, 45.53440969264374], [9.532184036568456, 45.534342098630596], [9.531384162250086, 45.535040697280124], [9.5303293820138, 45.53596190066061], [9.529618998669466, 45.53686579461458], [9.529456083619877, 45.5370730842049], [9.529299661851306, 45.53737983514092], [9.529274957969559, 45.53742795058201], [9.528915237636586, 45.53812871011166], [9.528325309259342, 45.53941858296112], [9.528265317179098, 45.539544673005274], [9.527986163591079, 45.54013122639299], [9.527242249815057, 45.541394797991416], [9.526755412143345, 45.54275620551687], [9.526333533651094, 45.54421630334639], [9.526054525313755, 45.54589178777058], [9.526026923423004, 45.54705303744678], [9.526022348628686, 45.54793516579505], [9.526045729648958, 45.54906917618682], [9.526594773828002, 45.550245779533746], [9.527234188869105, 45.55149396782318], [9.527625322006752, 45.552221245979574], [9.527913546573144, 45.55274810280351], [9.527926894035952, 45.55277248619451], [9.52796593714941, 45.552828666779305], [9.528276182013457, 45.553316351763996], [9.52843235180782, 45.553576654714895], [9.528067689022057, 45.55445353451656], [9.527881055461025, 45.55490236167667], [9.526942588051984, 45.555932807630214], [9.52623520415102, 45.55701617149537], [9.52500820484486, 45.55871400498399], [9.524711004541798, 45.55982249859947], [9.524818124844536, 45.561694202538675], [9.525521605903556, 45.562933107040756], [9.525845106073291, 45.56314180259157], [9.528194673566828, 45.56465749977761], [9.528306254115968, 45.564729464670314], [9.530328218250112, 45.5658163015685], [9.530419855506258, 45.565865556437444], [9.530766996200589, 45.56613120915863], [9.531416349393352, 45.56661641908104], [9.532586689534066, 45.567490890174106], [9.533879976855774, 45.5687359871675], [9.534479184463969, 45.56975929303748], [9.534589920654964, 45.57062286761739], [9.5346091325488, 45.57129784959957], [9.53462757629897, 45.57189181683181], [9.534711736837997, 45.57265650494175], [9.53478007604864, 45.573106232812805], [9.53479937688218, 45.573790226782464], [9.53476530893016, 45.57424942778319], [9.534616540435911, 45.574781189092874], [9.534629010005439, 45.57609526846947], [9.534768044204784, 45.57707212595004], [9.534790574843624, 45.577165617590396], [9.534841248627943, 45.577208369223946], [9.536227187989812, 45.578374011706494], [9.53741252433358, 45.57901650670516], [9.538022308477117, 45.57978773196433], [9.538324575590382, 45.580569382853], [9.538525891398004, 45.58151354234493], [9.538547964755297, 45.58172487390222], [9.538582320265153, 45.58205331733279], [9.538597626305958, 45.58231428624852], [9.538601929550067, 45.582764313884326], [9.538543618548305, 45.58336765478035], [9.538508515105043, 45.58371883898894], [9.538338136488813, 45.58408419195532], [9.53643665564104, 45.585564791106805], [9.536058074807276, 45.58587839555936], [9.535660810785862, 45.58620749967219], [9.53558474093127, 45.58636627586195], [9.535245989462029, 45.58707353433386], [9.53472914997252, 45.58799405456679], [9.534252347149845, 45.58908539781754], [9.533867599318091, 45.59041932309919], [9.533643389858481, 45.59111345125685], [9.533138275961596, 45.591925886985095], [9.532974359748641, 45.592214681981254], [9.532903054967885, 45.592809084018874], [9.532779666558614, 45.59340758129855], [9.532719188421513, 45.59370103655424], [9.532670464961514, 45.59397128189448], [9.532475200874565, 45.59501630837958], [9.53207957037707, 45.59656630344288], [9.532005369448305, 45.597136495393435], [9.53196003040125, 45.59748495930184], [9.531863505074725, 45.598124474420864], [9.53155045142184, 45.59891800038734], [9.531174649366541, 45.59985585633461], [9.530772668584996, 45.6007398059217], [9.530345192777707, 45.60164188058493], [9.530045690914964, 45.602180487935776], [9.529853430725955, 45.60252625873416], [9.529412433398898, 45.603356391700096], [9.529047605009419, 45.60410514961092], [9.529006404747914, 45.60421183458269], [9.528730507903703, 45.60492613331443], [9.528645205115183, 45.605146978221704], [9.528584417544954, 45.605304427360245], [9.528181852251917, 45.6061343566294], [9.528102114916862, 45.60629629817461], [9.528030828779347, 45.60644109244384], [9.526978729472996, 45.60775108732514], [9.525708484924555, 45.60905306002546], [9.525373865342225, 45.609296580605225], [9.525258787572794, 45.60939641298784], [9.524947799115662, 45.60958885565638], [9.524732164401298, 45.609799935273195], [9.52441003168098, 45.610259827533994], [9.524382641202433, 45.6103080670447], [9.52407551714915, 45.61084868481222], [9.52390504598399, 45.611527500590654], [9.523812325956335, 45.611795326485584], [9.523788965471788, 45.61220608286304], [9.523725231882255, 45.61266478972473], [9.523728876114388, 45.613056305972975], [9.523704598939762, 45.61337158242282], [9.523734742933772, 45.61368658776174], [9.523751523450983, 45.61403030170831], [9.523741143249206, 45.61437415995957], [9.52354764872977, 45.61526460741802], [9.52292512134691, 45.61621221209435], [9.522687658804715, 45.616573680125896], [9.520909905329566, 45.61712185504701], [9.520071084030873, 45.616567612062816], [9.519775595358121, 45.6151288141438], [9.519856141638995, 45.614129351695894], [9.51962080481049, 45.613644377597026], [9.518786445345476, 45.61356715383242], [9.517739527293463, 45.61408495376119], [9.517802172141067, 45.615317801550084], [9.518543662568222, 45.61644854113438], [9.52008348168829, 45.617908690194064], [9.520618491110373, 45.618896352078664], [9.520454329624162, 45.620562263014726], [9.52035539796952, 45.62083765497281], [9.520004145864775, 45.62181543543214], [9.519904034468862, 45.62208592769079], [9.518942879007188, 45.6235754364299], [9.518675691229081, 45.62381066727742], [9.517733925820613, 45.624625029849135], [9.51543314818048, 45.625526524713905], [9.5125909211593, 45.62614235566357], [9.510862277069867, 45.62649213933171], [9.508840999199736, 45.62711321808588], [9.506335384175724, 45.62808744269283], [9.504392186713755, 45.6288431231266], [9.50193684430252, 45.629718020448735], [9.499623420248701, 45.630691252758076], [9.496987943528042, 45.63152181829369], [9.49554650547853, 45.63246418250981], [9.49531415108593, 45.63376130726523], [9.49562503183528, 45.63555113131895], [9.495983414859225, 45.63690869701567], [9.496084744946844, 45.63821338575637], [9.495835137101984, 45.639006549743186], [9.495852113415872, 45.639659029415505], [9.495440713170357, 45.63947631162501], [9.495117208798138, 45.63930460210979], [9.494751016158625, 45.639110257416114], [9.494227974714693, 45.63891647679682], [9.494181045233551, 45.63889907760861], [9.492902102723976, 45.63842517770781], [9.493010580916948, 45.63771814157907], [9.491867517539731, 45.637408055330816], [9.490854684086171, 45.636948858573554], [9.49111568698957, 45.63634917433617], [9.49140307032421, 45.63565038646391], [9.491124274950371, 45.63540405713535], [9.490287738359333, 45.634651570558574], [9.490445963923754, 45.634403363126395], [9.490720378849744, 45.63405566690053], [9.490926723101751, 45.63381174893662], [9.491171338696029, 45.63335615676661], [9.491357857142265, 45.63304481984333], [9.491657077336189, 45.6326924988225], [9.492047188079733, 45.6323712870198], [9.492759862423577, 45.631985679151136], [9.493259552304268, 45.63172699789742], [9.493481394171518, 45.631604524514465], [9.493773384727685, 45.631436750048145], [9.494067496720525, 45.63114295166714], [9.494210790543375, 45.63093532115027], [9.494060992690093, 45.63058493530153], [9.494811606058644, 45.6301406380344], [9.495287787128866, 45.630494108825175], [9.495442750205816, 45.63033591959422], [9.495554101729814, 45.63014191739059], [9.49557398153811, 45.629759294936086], [9.4966574485984, 45.629147029110065], [9.496519437851457, 45.628409558350924], [9.496229855841579, 45.62848731827543], [9.495752392095483, 45.62871441293988], [9.495392289375035, 45.628977015787406], [9.494828363805015, 45.629402497604374], [9.493880224970166, 45.62981614227043], [9.493298232120097, 45.62946310542514], [9.49249454277849, 45.628791510745735], [9.493077396984381, 45.628419970645226], [9.49254184645225, 45.6278777276653], [9.492928080807642, 45.627484527166224], [9.49402744199971, 45.626858708843805], [9.493579436523486, 45.62642411317107], [9.493170200635408, 45.626110848476976], [9.49288478758052, 45.62611208024383], [9.49269456021776, 45.62636492811253], [9.492569100219294, 45.62659498775687], [9.492049248405033, 45.626925754304104], [9.491669606487015, 45.62715690745844], [9.491250250266623, 45.62678518776361], [9.490526061359802, 45.62593770875047], [9.491621201756603, 45.62537945392061], [9.49268533142406, 45.62485280488404], [9.492067514581382, 45.62415791603708], [9.49081623333195, 45.62482934902716], [9.489734220868971, 45.62532905088269], [9.489708958019595, 45.625299849405415], [9.489089551330707, 45.624584727103795], [9.489011909862892, 45.624493276842976], [9.488979502726902, 45.62445509313522], [9.488278714604068, 45.623629620102726], [9.487409100899471, 45.62264323576218], [9.487301177486954, 45.62246988246151], [9.487006659840265, 45.6219968729905], [9.486511989898865, 45.62116190228932], [9.486210837219287, 45.62073115228021], [9.486109824130178, 45.620760779440616], [9.484918580984422, 45.62111016907447], [9.48491071468252, 45.621407243724235], [9.485064719307713, 45.62169461941083], [9.485112260788442, 45.62181591415394], [9.48415287234051, 45.62231054484996], [9.483709180859554, 45.622550939610456], [9.483481241301, 45.62196235498404], [9.483056242092829, 45.62195064064265], [9.48277366689779, 45.62200134847225], [9.48269506012205, 45.62190267109643], [9.482482213786945, 45.62129601063665], [9.482354527022613, 45.62089600304747], [9.481892497655265, 45.62096095780485], [9.481668888406896, 45.62059287444541], [9.481341716437612, 45.61983367571233], [9.481214105733015, 45.619631643286134], [9.481669755897986, 45.61957127083479], [9.48141936257335, 45.61878923795341], [9.482510513879967, 45.618892655822265], [9.482544261426144, 45.61834346406413], [9.483787169298482, 45.61819418298846], [9.48455618936568, 45.61812791611093], [9.484398619672023, 45.617705547543665], [9.4823593702589, 45.61772317268038], [9.48217565765965, 45.61735648780718], [9.482098394538426, 45.617202226964665], [9.481949448855225, 45.61628476049119], [9.481928115546342, 45.61594087526973], [9.481918418527114, 45.61556482911462], [9.484021912124051, 45.61566393951658], [9.483720129070122, 45.614873133306396], [9.484679618051874, 45.614590052039176], [9.484584025638584, 45.61391537467398], [9.483185700647628, 45.61387629911382], [9.48298745954941, 45.61319307779094], [9.482332782642201, 45.61312382351338], [9.482263703907051, 45.61254805619555], [9.483108912455075, 45.612400481248606], [9.482909982344315, 45.61163624394168], [9.483601805277765, 45.6115523176719], [9.483700061604788, 45.61104784849492], [9.483173657498202, 45.61097807201946], [9.48324787967646, 45.61066272513913], [9.484400923050229, 45.610522813731514], [9.484359579679616, 45.61018996313971], [9.48328102286597, 45.610041511884944], [9.483081711480793, 45.60923227943183], [9.481700558833488, 45.6096881555403], [9.481332038175717, 45.60858258965182], [9.482022669680623, 45.60836367056096], [9.48229600532029, 45.60584225722549], [9.480970445303129, 45.6052897791319], [9.478954008709364, 45.60492022809569], [9.47792672925692, 45.60475350201862], [9.477390538035158, 45.60478853813649], [9.477337965016151, 45.60479196577098], [9.477068044597655, 45.604811103358074], [9.476545135354769, 45.60482362530508], [9.47615776375159, 45.60483290941016], [9.475811228387732, 45.60479833498549], [9.476065852980271, 45.603725345145136], [9.476108402876854, 45.60354597185268], [9.47687845386427, 45.60362377501158], [9.477365191159922, 45.60355873707071], [9.477614831533316, 45.602756611036774], [9.47717773640247, 45.602623430162566], [9.477034936088451, 45.60241699413094], [9.47714643361728, 45.60195748930281], [9.476644761082715, 45.60177056299595], [9.47717841548632, 45.599680127029046], [9.477910478816534, 45.59982107083143], [9.478200502752827, 45.599243798659764], [9.478402575365715, 45.59888292039998], [9.478567398750219, 45.59885072658412], [9.479209044998989, 45.59872651986215], [9.480017272827304, 45.598777139708204], [9.48042794843268, 45.598820409260924], [9.48165446284681, 45.596808053223626], [9.48088457564432, 45.59673927437993], [9.480712742835113, 45.59613693311557], [9.479004958188352, 45.595838085723834], [9.47759511095476, 45.59589800178176], [9.476787382640639, 45.59590137583509], [9.473549080834086, 45.59503274579471], [9.471196942833233, 45.59433140263124], [9.469527100656155, 45.59396023731367], [9.467909407007552, 45.593687841303996], [9.467152166224254, 45.593591931301724], [9.46643342287142, 45.59349585999829], [9.465732752475086, 45.594038775596644], [9.463469458352186, 45.59321089706165], [9.46128409140054, 45.59249965926583], [9.459948076552024, 45.59217201932584], [9.458292281361595, 45.59193564173645], [9.456611606370377, 45.59178937204939], [9.45541818070636, 45.59165011198538], [9.454211149826094, 45.591411883487176], [9.453132235160673, 45.59116415831691], [9.452498763262485, 45.592102762982066], [9.452075922906783, 45.59213144098327], [9.451986035455594, 45.59211378837403], [9.450162769308076, 45.59176995159197], [9.449200333276027, 45.59165672178255], [9.448481617493416, 45.591560537394344], [9.445905021062778, 45.5915976276832], [9.445176486528352, 45.59187950354701], [9.44461281196224, 45.59193571104959], [9.444660038808344, 45.59142247497406], [9.445080769066069, 45.59112379104687], [9.445258043084483, 45.59084408642591], [9.445115150625975, 45.59061060655605], [9.444458650439891, 45.59027114006758], [9.444200897220938, 45.590101111948776], [9.443849176572742, 45.589391410046666], [9.443030845531714, 45.58803545356621], [9.442678162055888, 45.58719971860108], [9.442550048809832, 45.58558005676028], [9.441562226954467, 45.58548487094618], [9.441237599421612, 45.58495506323824], [9.440647383547962, 45.584885337876116], [9.439992452273112, 45.58473484338114], [9.439862716314051, 45.58453732445189], [9.43950112868076, 45.58419667519102], [9.438334480596387, 45.58407514268256], [9.437602419317177, 45.58399695195807], [9.437293865250698, 45.58388111501374], [9.436766977907835, 45.58371211786502], [9.435855165108272, 45.58349057792088], [9.435444355978705, 45.58341112830296], [9.434676721941665, 45.583603072064136], [9.433767458007061, 45.58371453406014], [9.432832198910603, 45.58378108857397], [9.432562182550582, 45.58367410733242], [9.431995012845883, 45.58326220716348], [9.431546098367125, 45.583227904362275], [9.431240524038406, 45.58349907866763], [9.430999328309511, 45.583806028600684], [9.430808230783231, 45.58395976926064], [9.430319544449505, 45.583754580775086], [9.430381356452243, 45.583457320949144], [9.430622372118748, 45.58312338615642], [9.430438927563868, 45.582602009978444], [9.42999050021355, 45.582630704493155], [9.429452550193915, 45.58268673775785], [9.428555759785988, 45.58275311444911], [9.427785810998856, 45.58263898178885], [9.427946888146536, 45.58190929755692], [9.427650792440643, 45.58173939349125], [9.426816890980428, 45.58164350379915], [9.425778916687706, 45.58168338038566], [9.424227082299211, 45.581572135279956], [9.422417943011908, 45.58133582377662], [9.422373880400334, 45.5807950996913], [9.422361477678377, 45.58064295462872], [9.42191559858848, 45.580516099338425], [9.421877373436505, 45.58050523497338], [9.421447046659905, 45.58038155177876], [9.421398075446778, 45.580367476631935], [9.421447658539304, 45.58014227108701], [9.421479823786262, 45.5800521584832], [9.421774165621825, 45.5792409745359], [9.421464818937899, 45.579008096178804], [9.420758985887828, 45.57889367952164], [9.418616576826153, 45.578640527316075], [9.418779461391921, 45.57813587250854], [9.41873555097797, 45.577942512514774], [9.418721595428488, 45.57788009211119], [9.418660148269476, 45.577605263343514], [9.417508572095722, 45.57787050292546], [9.41734130055238, 45.57781642126808], [9.416930401079497, 45.57768359410507], [9.416660788541602, 45.577729572987025], [9.416431139350527, 45.577766430643976], [9.415814182849294, 45.577636684396936], [9.415422345177566, 45.57755427992752], [9.414811251078289, 45.57742578598509], [9.414659615152907, 45.57739483114163], [9.415190830328976, 45.576429801707334], [9.41485707552968, 45.5763589944022], [9.413496199064713, 45.57604891076895], [9.413369547697027, 45.5762563826836], [9.412458250245422, 45.57607964905424], [9.412326088681409, 45.575531072039354], [9.41146626550312, 45.575381151333424], [9.409774242385227, 45.57535123283995], [9.409737687340018, 45.57561238905402], [9.410049259965316, 45.57616034409847], [9.409548980109609, 45.57609913252448], [9.408766233212386, 45.575975920915255], [9.40699601238728, 45.57576621255969], [9.40467111860529, 45.57506340126686], [9.404689946496356, 45.574118225482295], [9.404265860607474, 45.57395771225293], [9.403339693804492, 45.5734839345702], [9.403120078164898, 45.573241694735195], [9.402985541171224, 45.572351071586], [9.401933369318266, 45.57217475255793], [9.400856266715017, 45.57209753700392], [9.400560686536735, 45.57198155508966], [9.399867242049918, 45.571785968246], [9.398302003552569, 45.57154840244843], [9.397328349131103, 45.57159680905556], [9.396777341798632, 45.57149519981236], [9.396468561915146, 45.57143778052037], [9.397651957868629, 45.56841833065139], [9.397530806128644, 45.568391764524044], [9.397437010642243, 45.56837039300188], [9.396868964283614, 45.568241043740606], [9.396333561580443, 45.568133128671114], [9.396034806225353, 45.56807291007828], [9.395226523787649, 45.56794069842946], [9.394342380658777, 45.567952750470425], [9.393508676904608, 45.56784762021352], [9.393033199407435, 45.56766023363739], [9.393120327317135, 45.56729090589349], [9.393410803905242, 45.56667784281838], [9.393137931422512, 45.56613872106617], [9.393158962535136, 45.565481568603126], [9.392273667206787, 45.56532259702488], [9.392168404158744, 45.56492692274005], [9.391501563405852, 45.56485718826623], [9.391721705777519, 45.56334427360027], [9.392143949715017, 45.56325281360997], [9.39314364211925, 45.56328539785416], [9.393646519427246, 45.56373371262055], [9.394710773884261, 45.563829049020434], [9.3951609600015, 45.562243312319254], [9.394081726470173, 45.56183299351651], [9.394137438719852, 45.560635678844875], [9.393033573993087, 45.56036044797046], [9.391764519017997, 45.56028380682748], [9.389637678405633, 45.56030907317894], [9.389820219681392, 45.558913310925725], [9.387256205292049, 45.55870600395122], [9.387481633889449, 45.55794914976861], [9.386199775040584, 45.5578634774596], [9.38620467366114, 45.55734898618831], [9.386207215496459, 45.55708037459783], [9.383784535416805, 45.55691752867447], [9.383721069784354, 45.55698253683054], [9.383630270394216, 45.5570755454008], [9.38335664321539, 45.55734650445356], [9.383396115868484, 45.55738237437475], [9.383420278173025, 45.55740480129963], [9.383395700158719, 45.55744088348477], [9.383398770841964, 45.557656903736266], [9.383543784907758, 45.558090462761534], [9.383567168777688, 45.55816037909134], [9.383885798595097, 45.55885239027095], [9.383642490007494, 45.55887121784725], [9.383008197548207, 45.55886433263701], [9.382367870407034, 45.558911491983295], [9.38225708839666, 45.559109882150935], [9.382222214170142, 45.55916400871819], [9.382121136374137, 45.55913734283776], [9.381573081278804, 45.559092994938645], [9.38083913530048, 45.55903360067232], [9.380594061364015, 45.5587914018071], [9.38007995497294, 45.55825519115061], [9.380026282282328, 45.55819921938593], [9.379576143334496, 45.557948686665306], [9.379382568039635, 45.55774231371616], [9.379265575198833, 45.55749067285624], [9.379083295489785, 45.557059223061664], [9.379004381341764, 45.556905651581026], [9.378875562814608, 45.55665487851637], [9.37800451898895, 45.55668477000066], [9.376672418217925, 45.556743164796494], [9.376533469284116, 45.55704066740021], [9.376238653019655, 45.55702363038171], [9.375482505256246, 45.55699011681338], [9.373715361329717, 45.55713991764797], [9.373382548615547, 45.55718602019929], [9.373052865006683, 45.557709149110835], [9.36764597441834, 45.55771768450068], [9.367434216087128, 45.55668325874635], [9.365883354516015, 45.55659822337217], [9.36593763898313, 45.55706608873698], [9.36309215983817, 45.556895161026496], [9.362970520656331, 45.555914434080904], [9.362067386314429, 45.5558092956489], [9.362016928370776, 45.55580945556523], [9.361509198266202, 45.5558020489214], [9.361101896212244, 45.55572233850294], [9.361327521720241, 45.55494304582703], [9.361392156838207, 45.554281261311104], [9.361393468508338, 45.55423624289549], [9.361088894707173, 45.55419220708214], [9.35904940492169, 45.555827816984845], [9.356435647250622, 45.55581799218269], [9.35641277175405, 45.55422490260968], [9.3549901458357, 45.554148315698654], [9.355046603442496, 45.55497623255874], [9.35212545141327, 45.55497627867687], [9.352101921368941, 45.55530938110742], [9.35209325094668, 45.555975482878985], [9.352097073319882, 45.55658753617203], [9.352101670416214, 45.55669338784123], [9.35212770979134, 45.55689653505831], [9.352116646635215, 45.557028529032436], [9.352127038247243, 45.55728052545192], [9.352061365828035, 45.55750853718909], [9.351951182415567, 45.557891085487874], [9.351901305656055, 45.55806429867453], [9.35167477958493, 45.55872207714808], [9.350857491760326, 45.558778582145834], [9.350401222896265, 45.558809698661626], [9.350304383131263, 45.558816300897924], [9.348491057925033, 45.55893802452958], [9.346147064099048, 45.55909532645506], [9.345808876779381, 45.55911802972752], [9.34589089914957, 45.55995486862913], [9.344291203730236, 45.5602747376646], [9.343394499762379, 45.5603134381881], [9.343080967371403, 45.56143050498748], [9.342441506870621, 45.56147937491893], [9.342222853373976, 45.56149606642202], [9.34046825535503, 45.56163633846231], [9.33911985075704, 45.561501303039314], [9.338198877450973, 45.561409043558506], [9.33653254306685, 45.561314954130225], [9.33463603019468, 45.56129352053507], [9.332752722513145, 45.561344036121525], [9.332305631433046, 45.561579359239126], [9.332085636470289, 45.561658416953826], [9.331295497761776, 45.56194232764421], [9.331134748208227, 45.56195766974417], [9.330322214717048, 45.56203515924268], [9.329104610145404, 45.561984679043576], [9.32889855719942, 45.56194475610231], [9.328399094265182, 45.561851682110735], [9.326978618585402, 45.561896273201675], [9.326655612838728, 45.5617126741649], [9.32637325311398, 45.56163246465833], [9.326400754958188, 45.56135604152155], [9.326417148108613, 45.56119130442753], [9.326464293440157, 45.560908374975995], [9.325247941103546, 45.5607196687851], [9.325435519629504, 45.559879245451], [9.324939220037333, 45.55986642669626], [9.324177327338319, 45.559455762973066], [9.323476136922414, 45.55903068891441], [9.323954691551968, 45.557719708528026], [9.32412506662353, 45.5574131635331], [9.321964036239947, 45.5569104607946], [9.321837247192253, 45.556874245013546], [9.321911693141718, 45.55640159001249], [9.322443802357542, 45.554147305416215], [9.322770174487138, 45.5540628206427], [9.323557632716199, 45.5510553324021], [9.323770179642748, 45.55014561791236], [9.323849283027936, 45.5497525658601], [9.32228254583061, 45.54935113447904], [9.3225360910766, 45.54809356652074], [9.321211956494878, 45.547770000879574], [9.321275739262923, 45.54741611034623], [9.321825748796027, 45.54436429816631], [9.321602038871966, 45.54432564663658], [9.321653735748095, 45.543592342444356], [9.325249278030569, 45.54384399736907], [9.325525025040946, 45.53999410786583], [9.324351764451086, 45.53997126740635], [9.32421607571437, 45.53904209801594], [9.313152106691945, 45.53872144314411], [9.312836980930184, 45.538720334442274], [9.312844860527674, 45.536782670553436], [9.30507355397258, 45.53664834673984], [9.304903352717405, 45.53664539154836], [9.30460365908285, 45.53684796918293], [9.304525540342897, 45.53691990616332], [9.3044120298366, 45.53790473498795], [9.304372597254758, 45.538273245166785], [9.30436945156043, 45.5383026915716], [9.303635626694788, 45.53835626113983], [9.303400196671417, 45.538375320885], [9.302377413479174, 45.53849394596351], [9.301484635704993, 45.53853035315095], [9.30072488827663, 45.53854903925093], [9.29979379047105, 45.538571891164125], [9.296178396183896, 45.53870510861448], [9.295668521050002, 45.53890819038372], [9.2955009354034, 45.53897492954822], [9.295346757548497, 45.53965357461726], [9.295325859713317, 45.539745485515695], [9.295283316836928, 45.540042310517066], [9.295276682343488, 45.540087913607444], [9.295226789536871, 45.54036350423263], [9.29520035025373, 45.540509533071564], [9.29519246771744, 45.54055213482012], [9.294739042992434, 45.54137098739012], [9.294219878447734, 45.54139299039387], [9.29326329835297, 45.54143353279648], [9.293197334138771, 45.54143552754016], [9.29303697268525, 45.54144038104883], [9.292595882090794, 45.541453715357825], [9.292502739731413, 45.54213358250241], [9.292475259082735, 45.54224210046829], [9.292470541133703, 45.54227317254282], [9.293637272321911, 45.542471295738856], [9.293646244531072, 45.54268300665337], [9.293658684290062, 45.54297615032477], [9.293661557397316, 45.54304429273759], [9.29354764030088, 45.54304209673323], [9.292021112049722, 45.54301280883201], [9.291868354399233, 45.542820527733134], [9.291678658715623, 45.54258179351074], [9.289458768102545, 45.54263887132588], [9.289372209902485, 45.54264109966367], [9.289243349221762, 45.54264592475114], [9.289052805703616, 45.54265414887579], [9.289061823003411, 45.54288800806038], [9.288118700487694, 45.54306262795603], [9.288063461801237, 45.5433933837392], [9.288031210292756, 45.54358635886854], [9.287998727737579, 45.54378078913734], [9.287989461454604, 45.54383602415155], [9.287909131425037, 45.54424719380011], [9.287548401173472, 45.544255457170514], [9.287354344565694, 45.544259890652], [9.287222296584488, 45.54426291406112], [9.287155145532697, 45.54426446544598], [9.287042744091409, 45.544267034211266], [9.286999650543464, 45.543690986822305], [9.286968331176439, 45.54340323742995], [9.286902379065737, 45.543408359979104], [9.286744645464298, 45.543420590630134], [9.286604763367945, 45.5434353757851], [9.28653014165389, 45.543443267896826], [9.286443690789527, 45.54345655605956], [9.286013077746853, 45.54352167492553], [9.285334848975934, 45.54362424240768], [9.285215346045257, 45.543643325171814], [9.284536408457846, 45.543751714272], [9.284494965493982, 45.54375832526426], [9.284400709039561, 45.54377421012538], [9.284005557408328, 45.543828411143686], [9.283423369759971, 45.54392694890613], [9.283385074462393, 45.54393342207043], [9.281682545066584, 45.54430749400649], [9.281399067977647, 45.544935061171685], [9.281284332561029, 45.545074595645886], [9.280805644404273, 45.545656812841834], [9.280723534230814, 45.54574761937537], [9.280537979927143, 45.54597549612228], [9.280399226793595, 45.54589714048091], [9.280106464505588, 45.54573184307844], [9.280016372231628, 45.54568096400586], [9.279941879294354, 45.54563893338684], [9.279746010694883, 45.54553067854499], [9.279654133525241, 45.54549611078643], [9.279365039705157, 45.545387301281394], [9.279328331112357, 45.545375612253785], [9.279289678825943, 45.545363318594326], [9.279212955522661, 45.54534461111176], [9.279042625457427, 45.54528854382129], [9.278509825178093, 45.54511321074871], [9.278307471023757, 45.54505856609177], [9.278144648049828, 45.54500301743368], [9.27765336839663, 45.54483541018102], [9.277560289176725, 45.544803636687014], [9.277113693993469, 45.54530406048042], [9.27709156869433, 45.54532885268009], [9.276219055380091, 45.545901833126614], [9.27595349844974, 45.54607739442908], [9.275776904690584, 45.54619412094199], [9.275722643168287, 45.546230254381385], [9.274383199629014, 45.546152462719405], [9.274315544648216, 45.546148127370806], [9.274120921650493, 45.54613510016705], [9.274123446124234, 45.54665449240944], [9.274124117116902, 45.5467925419109], [9.274124596477236, 45.5468911645116], [9.274124737946519, 45.54692027001023], [9.274125897809425, 45.547158895309174], [9.274122855384569, 45.54751523307444], [9.274115702311308, 45.54835394485826], [9.274112649494029, 45.5484759669644], [9.274004014225577, 45.54848324931808], [9.273895327695083, 45.54849053349155], [9.273283096755794, 45.54853161524496], [9.273134957188379, 45.548529443846604], [9.273096198312647, 45.54854424784642], [9.273012533792944, 45.54855001498611], [9.27199364355072, 45.548624447710864], [9.271570237075045, 45.548655834544185], [9.271366041728378, 45.5486723947916], [9.271352539097833, 45.548876047951744], [9.271344600792608, 45.54903111726712], [9.2713322270776, 45.54927266939181], [9.271320659482038, 45.54955158478666], [9.271318685538613, 45.549593968260986], [9.27130028122165, 45.54998938527331], [9.2712981478185, 45.55008038023783], [9.27127332155306, 45.55066819206374], [9.268637539206651, 45.55129660631694], [9.268685892050925, 45.551527083452875], [9.268032537838508, 45.551872117494675], [9.267908771793278, 45.55193747915334], [9.267773389834929, 45.55207688088166], [9.267539505242905, 45.55230343006826], [9.267417701862051, 45.55269488578855], [9.2673320500346, 45.55288632175366], [9.267366779187363, 45.55303907566483], [9.267692898648678, 45.55335489875888], [9.26776430728999, 45.553374474309926], [9.268101518409182, 45.553466941502705], [9.268993318151873, 45.55376039638498], [9.269439735325001, 45.55401142958155], [9.26958847229358, 45.554080631594346], [9.270307934772893, 45.55453963405005], [9.27074452356047, 45.555320938145485], [9.271179035342605, 45.55566762794417], [9.27154041984302, 45.556231792335744], [9.271671462291929, 45.55648260731482], [9.263195573710846, 45.55520196772951], [9.2630026411493, 45.55518613458202], [9.26281905376892, 45.555171090603274], [9.260755097775778, 45.55485835074123], [9.260031992606478, 45.554754187180016], [9.259928723918492, 45.554738826982884], [9.25722991069497, 45.55433724865493], [9.253524621762056, 45.55375472187405], [9.2523096814094, 45.55356368931989], [9.252152955224636, 45.553539057452184], [9.252100574499247, 45.55360795100316], [9.251978270865555, 45.55358840412832], [9.251806810192665, 45.553560983356284], [9.251670911853969, 45.55347134341834], [9.25155800990591, 45.55347159209727], [9.250335087259785, 45.553258803266694], [9.250499116702741, 45.55336206111302], [9.250732243853228, 45.55356248016026], [9.251126467054844, 45.55382533153376], [9.252487260463509, 45.55450046306593], [9.253329037875321, 45.55496322825984], [9.25358022020447, 45.555201281594194], [9.253755967103737, 45.5553171911975], [9.253902766699456, 45.555414050242355], [9.25433275599537, 45.55567680916668], [9.254582530408527, 45.55583976405164], [9.254747439655375, 45.5560124181774], [9.25512417136214, 45.556374100955175], [9.255743944535872, 45.55710633289024], [9.255561394836919, 45.55714760888111], [9.255198185506256, 45.55718962135066], [9.254671082654278, 45.55727317794883], [9.25431956331479, 45.557306922904004], [9.254021000849846, 45.557306776204214], [9.253043021529129, 45.55727014140894], [9.2528747584204, 45.557250367863524], [9.252803525398665, 45.557246469653656], [9.251260246671231, 45.55710225465669], [9.250693571470386, 45.55706266730564], [9.24980745766052, 45.55705439589494], [9.249691242888451, 45.557054649972535], [9.249560470155389, 45.55704472314866], [9.249095610858452, 45.55703552695739], [9.24813659768709, 45.556966144898254], [9.247453487422364, 45.556875752091685], [9.247264440651593, 45.55682509760344], [9.246930043487197, 45.55675435350922], [9.246502853559248, 45.558715549078855], [9.248857456707416, 45.55902693683336], [9.248627693039753, 45.56040217088559], [9.24861687881015, 45.560467025323646], [9.248550501396041, 45.56188633139882], [9.248610897416018, 45.56240688486952], [9.248727484945777, 45.56248831370354], [9.24868189675604, 45.56264771782895], [9.247954901666466, 45.56519045982167], [9.24770814859535, 45.565176857221736], [9.247533484440657, 45.56516840671452], [9.24712578159308, 45.56518551108735], [9.247036792321182, 45.564869117384795], [9.246683824247999, 45.564271900879305], [9.246482152974378, 45.56393816464343], [9.246205865077492, 45.56371010532348], [9.243060542710134, 45.56349246312518], [9.242992321617255, 45.563482948347065], [9.242774421030482, 45.56345756696207], [9.240960907466482, 45.563246411492656], [9.241061029276766, 45.563855038471345], [9.239304591114669, 45.56378691034954], [9.239322097556311, 45.56311383195861], [9.23891579002148, 45.56306691844051], [9.236842688489956, 45.562894473902624], [9.236323197193366, 45.562847177297336], [9.236135417985489, 45.56282559407549], [9.235077674114756, 45.56273103247772], [9.235005343819548, 45.563434678964015], [9.234987111892956, 45.56351827759241], [9.235131045735267, 45.563522387431824], [9.235017703040585, 45.56485051282746], [9.234904939335141, 45.56485190589432], [9.234592261650853, 45.56485577440116], [9.233810222090295, 45.56486178371026], [9.23373647497019, 45.56553816519831], [9.233617253723844, 45.56553333969106], [9.232996850332002, 45.56549687352565], [9.233015564051072, 45.565693839169214], [9.232877590577605, 45.56694311543258], [9.230688394650295, 45.566765759846355], [9.230037970782782, 45.566797044895736], [9.230141601903982, 45.56606235286574], [9.229875306885054, 45.566050630531436], [9.227210536206297, 45.56593328395556], [9.227048240361842, 45.56592614028332], [9.227049194681618, 45.56600684434483], [9.227057069961818, 45.5666651227663], [9.227064299334012, 45.56726767791554], [9.227197875109912, 45.567270896631044], [9.227352287475876, 45.56727460748447], [9.227672296979359, 45.56728895777033], [9.228077778498434, 45.56734061323306], [9.22805707522458, 45.567490559524806], [9.2277621302886, 45.56840550943673], [9.227125326342732, 45.56837000000701], [9.226983386388879, 45.56836209748949], [9.227005146226265, 45.56846698284328], [9.227004414745679, 45.56852654320274], [9.226983844427112, 45.57112774660942], [9.226983243946242, 45.57120043197427], [9.225486067101683, 45.57082986887532], [9.224265962750552, 45.57050481067411], [9.223925068272056, 45.570417310756206], [9.220140037160782, 45.569398059881784], [9.219872233619379, 45.56987100082718], [9.2202137009514, 45.57035613386052], [9.221175050583462, 45.57129181076456], [9.222874269534094, 45.57294555513519], [9.223253356597061, 45.573308442667276], [9.223395987071445, 45.573500429238784], [9.223647075146008, 45.57383838711314], [9.225095050142688, 45.57567335044833], [9.224901060884417, 45.575723302926335], [9.223695092664512, 45.5753616003296], [9.223438373026777, 45.57583568856657], [9.223152307627034, 45.576424474056374], [9.22127990512131, 45.57596348922951], [9.220786275372483, 45.57700382494316], [9.21934711284341, 45.57665690610669], [9.21892152706736, 45.57742510761529], [9.21769671791837, 45.57708489123351], [9.217016677581299, 45.576888168203205], [9.21649144692512, 45.578245699515094], [9.21819312808905, 45.578543598961346], [9.217781169326933, 45.57927291257038], [9.214668038591697, 45.578657119514205], [9.21169297430982, 45.577972984934604], [9.211487224300331, 45.57791942925182], [9.211087770193807, 45.57782162136563], [9.209411085161811, 45.57741114035655], [9.208848702739184, 45.57727358307193], [9.207992893559608, 45.57708297099687], [9.203132312586504, 45.57600022265691], [9.202671277468037, 45.57711754639528], [9.200561510550472, 45.57661544976762], [9.200446805839062, 45.57658213041078], [9.199859382293099, 45.57794980524739], [9.199795207399337, 45.57807176242008], [9.195583322472126, 45.577003375978265], [9.193581343440812, 45.57647944441106], [9.1936921248631, 45.57680293944419], [9.193891161935928, 45.57726501722813], [9.193971752841517, 45.57741091467055], [9.19343037989248, 45.57723495819401], [9.192904082281917, 45.5772975104759], [9.1934178360797, 45.57883368177943], [9.192797922358823, 45.580279193885964], [9.191772726961968, 45.58005845864605], [9.191443385673987, 45.579981938095024], [9.191296541720334, 45.57994384248464], [9.187842337426815, 45.57904767502737], [9.187515521375317, 45.57972641562034], [9.187208134273412, 45.579649845916215], [9.186351787807585, 45.57942004789521], [9.18558982681572, 45.58120927043632], [9.185458862813189, 45.581409859961724], [9.183680448471154, 45.58099656807572], [9.183353923482281, 45.58178319023212], [9.183221944133791, 45.58199723440698], [9.183596259234497, 45.58209107020456], [9.183083833438566, 45.583062936409725], [9.183002021140908, 45.58320565331723], [9.18052598938071, 45.582617754335566], [9.179835187098156, 45.58430088319773], [9.180442628350292, 45.58442518419678], [9.179944309259449, 45.585604230182625], [9.179831844604806, 45.58580305126671], [9.179681720192905, 45.586015165644106], [9.177135293139651, 45.585502681241515], [9.17694658723112, 45.585436757823885], [9.176663757065782, 45.585410723612746], [9.176122349000263, 45.5866660443077], [9.176108120397538, 45.58673357193756], [9.175802550977059, 45.587305732926325], [9.175563800398812, 45.588048543789505], [9.17517775031267, 45.58889790068976], [9.17516666262275, 45.588922294188265], [9.174412185602042, 45.58879101961763], [9.17416888445711, 45.58936081359318], [9.173925988696677, 45.59006303440096], [9.173878764276841, 45.5902448660574], [9.174171710511159, 45.59027454072279], [9.175238241005145, 45.5904860793051], [9.176897250025247, 45.59080677145463], [9.177208676834598, 45.59085254759089], [9.176984163027228, 45.591395827393335], [9.176918551510177, 45.591772387394045], [9.17675804754556, 45.59174717744609], [9.174233240200373, 45.591305141579134], [9.173328737218844, 45.59115806775673], [9.173010592328646, 45.59110632806294], [9.171089315987315, 45.590797079798016], [9.170822413568173, 45.591745056844545], [9.171060519280724, 45.59176700321022], [9.170730595649195, 45.59287115229021], [9.169634971975444, 45.59269441994321], [9.168947076239334, 45.59259087754124], [9.166554630744496, 45.592230731759706], [9.164018566356624, 45.59181552646515], [9.163424106880766, 45.59178297753775], [9.163067300791418, 45.59172503317247], [9.162997986566879, 45.591689608780364], [9.162947907930008, 45.591541510402934], [9.162935505705283, 45.591366166272984], [9.163029639180666, 45.59103202766198], [9.161614693517842, 45.59090878035436], [9.161471926142127, 45.590867229335814], [9.161425024849676, 45.59086432709202], [9.160282981349617, 45.590793748989064], [9.160073701794145, 45.590782287131546], [9.15939130216042, 45.59074491055962], [9.15907025501427, 45.59071195536511], [9.158737365825248, 45.59069571886594], [9.15867789989937, 45.59068745035868], [9.158570954225793, 45.59070430019876], [9.15766733390348, 45.59063874644267], [9.157690771097608, 45.59051345447468], [9.157973261101773, 45.589822237025345], [9.155865216831085, 45.58962784436313], [9.155803823261436, 45.58962012064843], [9.154775618102573, 45.589507080590714], [9.154869865779537, 45.58919798200969], [9.154684144350194, 45.58917235127442], [9.152852726669012, 45.58884569862064], [9.151979990093608, 45.588700847067436], [9.150933500269637, 45.58853524351955], [9.150744382909155, 45.58893630037145], [9.148342847672257, 45.58878913556983], [9.148317433122346, 45.58817126367959], [9.146914681227775, 45.5881229713326], [9.14676822880475, 45.587780622138716], [9.146421943481036, 45.586873895518295], [9.146339381691009, 45.586643688249765], [9.14627956676498, 45.58653917324648], [9.146141939811057, 45.586356042238464], [9.145895002844515, 45.5859533182996], [9.14564815592105, 45.5855736353458], [9.14540023109753, 45.58546633520241], [9.144921290949458, 45.584669677368346], [9.144900934393595, 45.5846252958459], [9.144874243890701, 45.58370870355409], [9.144613470905739, 45.583728442827635], [9.144053527924344, 45.5837677150854], [9.1429103682466, 45.583833541363404], [9.135875361214199, 45.58423836221627], [9.135317958410466, 45.584192957601594], [9.135435534774766, 45.58537891090187], [9.134288495518117, 45.585541489148085], [9.13394124940554, 45.58427519033463], [9.131641877674753, 45.58437910192621], [9.127959296347624, 45.58454541313577], [9.124427634335808, 45.584443319492244], [9.124234258903064, 45.5844095925725], [9.122949454842244, 45.58429431428029], [9.12216667629822, 45.58425850918635], [9.12172297674605, 45.584185650749], [9.120210823496574, 45.58415079160798], [9.119299502835217, 45.58418391292401], [9.11932182729214, 45.58376662020428], [9.118798758061267, 45.583910157992975], [9.11838313029059, 45.58402421542104], [9.11830583421438, 45.584482507739885], [9.118098711133742, 45.585252540823895], [9.1177638243109, 45.58537748109319], [9.116164528610028, 45.586054500513164], [9.11506232023164, 45.586000314746016], [9.114215377898036, 45.585975135566336], [9.110199607500634, 45.58608365536474], [9.109125720683148, 45.58632452957307], [9.109072960327723, 45.58603133369366], [9.109037044650114, 45.58566516048953], [9.108639874594433, 45.585782557290834], [9.107896720847991, 45.58596328611004], [9.106858622732009, 45.58609927236139], [9.106307486943294, 45.58614478346224], [9.105629540928671, 45.58632781488545], [9.105055734242145, 45.58643832091912], [9.104483178913894, 45.587208665419276], [9.103962907766098, 45.5880522697932], [9.103650469425261, 45.58841913097713], [9.1033386615735, 45.588343742085776], [9.101510817134601, 45.58834774096747], [9.099528347003812, 45.588642748608606], [9.097959919216656, 45.58695784403193], [9.096893894747272, 45.58739687405355], [9.095736996431969, 45.58787331452149], [9.095589680721355, 45.58793382647131], [9.093355002428979, 45.58885187777635], [9.09331807524987, 45.589779003185434], [9.093600603009817, 45.59007581653761], [9.094165397762033, 45.590507387444724], [9.093678958313177, 45.590696807317016], [9.093782097542563, 45.59104776048505], [9.096780768400311, 45.59077523956915], [9.096961696050396, 45.591369137204524], [9.09729699239216, 45.592511973408534], [9.097388923744088, 45.59354699617299], [9.098042004983391, 45.593330410240036], [9.099310033775753, 45.592852283263255], [9.10071968090058, 45.59250001235262], [9.101032542396688, 45.592477228212864], [9.101962715025934, 45.59240889526217], [9.102207588270774, 45.59311974558225], [9.100567794505352, 45.593607247068604], [9.10047849762302, 45.593859354197164], [9.100057455834056, 45.594786819972825], [9.100289157029852, 45.595304165367025], [9.100560319396418, 45.59614101134882], [9.100869353957412, 45.59688782500646], [9.099268463633608, 45.59769030931395], [9.097999883758224, 45.59789841636941], [9.098630225160436, 45.599076995983154], [9.098258891971472, 45.59936534639991], [9.098517003226677, 45.60010319800704], [9.099555048514189, 45.600003290057444], [9.099866141658374, 45.60166818565496], [9.097341656719443, 45.60235442697475], [9.097535345709508, 45.60305269950323], [9.096472044428888, 45.603489288148594], [9.095599992719626, 45.60372497181065], [9.095235969285767, 45.60382335314578], [9.094076009832646, 45.6041393482518], [9.094640920535538, 45.60455292451041], [9.094362419176358, 45.606470348674165], [9.09579778158873, 45.60616311394709], [9.096261003869902, 45.6070808232198], [9.097416191374487, 45.60768290781889], [9.098237559309155, 45.60804223497009], [9.098433913732608, 45.60834559648452], [9.098546180178465, 45.60851901848665], [9.098624743554774, 45.60921202579059], [9.098805076757236, 45.609661912702144], [9.099560646668968, 45.6092832171888], [9.100534840577469, 45.609030337055614], [9.100601906129345, 45.60902240667389], [9.100726372081999, 45.609007660532924], [9.101111423341896, 45.60895782408455], [9.101135731704314, 45.608219729811445], [9.10223753984714, 45.607849704115544], [9.10282255409371, 45.60762755009682], [9.103544301474646, 45.60735348576652], [9.104351609829443, 45.60703771827092], [9.104928510581448, 45.606938181917634], [9.105365157143737, 45.60727080588659], [9.105212531941321, 45.60795502444391], [9.104982588570673, 45.60843228531601], [9.105329425732053, 45.60873798803894], [9.104779889014154, 45.60933705835553], [9.104117782695996, 45.61005979021988], [9.104024783459007, 45.610161333781], [9.104155760411698, 45.610129711075686], [9.104603607522424, 45.61001921472258], [9.105009341918715, 45.60991911633655], [9.10506499694228, 45.61005910753118], [9.104832705191864, 45.61025379660678], [9.10462246633551, 45.61038623416348], [9.104080386593589, 45.61081461609895], [9.10386009182792, 45.61150717313598], [9.103207619132103, 45.61214568582353], [9.103661988673888, 45.61221528478767], [9.104005511329719, 45.61225386930067], [9.104328949287858, 45.61219722028289], [9.104770964456348, 45.6122893555161], [9.104913699710721, 45.612320726077286], [9.105555171954279, 45.612437153033255], [9.106030169009392, 45.61268874088239], [9.105843277587017, 45.61282392315112], [9.105505452528092, 45.613067248887766], [9.105378186907439, 45.6135984272922], [9.105647878591869, 45.6137871973819], [9.1059818158246, 45.61402990127813], [9.106341842572535, 45.61452462554575], [9.106906957555085, 45.614929145557774], [9.107067006856775, 45.6152080099402], [9.107112839133462, 45.615288983660186], [9.107036639377405, 45.61567609156833], [9.107085969703201, 45.615910062908796], [9.10709243883377, 45.61594156017852], [9.106932750959785, 45.616063225319905], [9.106610173023988, 45.61630655791348], [9.10593711843803, 45.61669871732085], [9.10606821656386, 45.6169191207798], [9.105444230287333, 45.61740124477527], [9.104815067496386, 45.61788786784521], [9.104516061570793, 45.61811932036785], [9.104471653194446, 45.61815370140779], [9.103993847571703, 45.61857719454078], [9.104025392411868, 45.618602991342065], [9.104296109471768, 45.61882442976421], [9.105159205391445, 45.61909367507808], [9.105281402060308, 45.619062059214485], [9.105612986382553, 45.61867921377156], [9.106092895817552, 45.618737279764325], [9.106328402130758, 45.61864254905767], [9.106655091330508, 45.618232702270845], [9.106750612684229, 45.61829112012028], [9.106837294563695, 45.61834503308051], [9.107806690489157, 45.61845664235837], [9.10792736984705, 45.6184700217346], [9.10864668685156, 45.61900039854742], [9.109213897207276, 45.62025097849611], [9.109359973514499, 45.62075939126448], [9.109394700698871, 45.62088087347106], [9.108737543772564, 45.620957258206886], [9.108535868460027, 45.620980699427236], [9.108306544038507, 45.621790992117646], [9.108245652153256, 45.62189883972462], [9.107782810205915, 45.62271857732005], [9.107154170583234, 45.62267417117924], [9.106612881159025, 45.62266146422131], [9.105679346876963, 45.62263954481593], [9.103521200443822, 45.62259398054722], [9.102819093330806, 45.62257914739094], [9.100856673652842, 45.622445869104894], [9.100716359838767, 45.62244599289259], [9.100279150314227, 45.62243762138606], [9.09981761524829, 45.62242878971283], [9.09825294561075, 45.6223581448737], [9.09808572265585, 45.62209724683598], [9.097725415366936, 45.621440502965946], [9.097250334742911, 45.621161875511014], [9.096403393236459, 45.620964577970625], [9.095223114701916, 45.62085756282249], [9.094607265160539, 45.620852922346536], [9.094146036427558, 45.620849442868646], [9.093172019947836, 45.62090034785695], [9.092658634193509, 45.620927176876464], [9.091286461825675, 45.621126296946144], [9.090055984471885, 45.62146029947434], [9.088812507594724, 45.621673408967375], [9.088684237864562, 45.62169540790836], [9.08836799878209, 45.621713644947874], [9.087414460976287, 45.62177738424849], [9.086132116671607, 45.62176936182036], [9.084772719206267, 45.62168936385411], [9.083713096294462, 45.62171670881278], [9.082118927882902, 45.62241138128341], [9.080990891472343, 45.62268220492141], [9.080495382401539, 45.62265105183781], [9.080429571862048, 45.62265919993693], [9.07936166720539, 45.62257534512862], [9.077999540909389, 45.62258078102156], [9.077315463761598, 45.62253165804313], [9.077261051588215, 45.62252775064193], [9.075378657198652, 45.62239252329965], [9.075206096295405, 45.62238013831949], [9.073667087579533, 45.62230012631044], [9.071807464747463, 45.622251814141386], [9.06962680388478, 45.62225316399678], [9.067831524758613, 45.62238025724701], [9.065497637839645, 45.62264264197495], [9.063740752148119, 45.62270664412167], [9.062430115147851, 45.622787332231525], [9.062266039304806, 45.62279743262373], [9.061675671332612, 45.62283379083954], [9.061072756527631, 45.62283411474337], [9.059264706068126, 45.6230420769502], [9.057841290398505, 45.62308780490444], [9.057302535799042, 45.6230970908505], [9.05419882118412, 45.62326961435301], [9.0539045508378, 45.62323375341958], [9.053518877476822, 45.623188938143684], [9.052969841181303, 45.62319017063302], [9.052924418354806, 45.62319026549262], [9.052908176952135, 45.62282043604735], [9.052870518732224, 45.62238901044178], [9.052787376736966, 45.622392698771144], [9.052498080660829, 45.62238918219686], [9.05247926862176, 45.6221865652291], [9.052479146635708, 45.62205581489426], [9.052438074689638, 45.62184832511965], [9.052888549609872, 45.62181110108154], [9.052878671704216, 45.62171335541251], [9.05286041405184, 45.62153269152786], [9.052785925230683, 45.62154581424182], [9.052740146851281, 45.620633067643226], [9.052671376516647, 45.619262839467176], [9.053594848919921, 45.61918701713289], [9.054045864503903, 45.619186804655044], [9.054002102112374, 45.61834239153063], [9.054765730727015, 45.618368092956985], [9.054742862255758, 45.61773283854383], [9.055158193228126, 45.61773263876832], [9.055152171467233, 45.61728675172462], [9.055150177084723, 45.61713901829057], [9.055047361346611, 45.61684156395851], [9.053261737490239, 45.616919556657635], [9.053261427065497, 45.6165916548584], [9.053177674738418, 45.615164328248355], [9.053012131887826, 45.61443142059174], [9.054220860391027, 45.61441157055733], [9.054544644995772, 45.6143926701363], [9.054544138045225, 45.61429706583683], [9.054542449655685, 45.61397898008953], [9.054533919756889, 45.61359829774213], [9.054518617738887, 45.61291539527359], [9.0562384803434, 45.61289642463851], [9.05706257994914, 45.612896015979], [9.057309327795187, 45.61287279420756], [9.05768061680696, 45.61283784114898], [9.059768363024688, 45.61284640888847], [9.061128215347875, 45.61292285185569], [9.061086505745582, 45.61244064607042], [9.061182586258468, 45.6123923729225], [9.061126601867679, 45.611437604598905], [9.060953082521085, 45.61150221528839], [9.061003560207185, 45.61195847935791], [9.058092987889413, 45.611967241370174], [9.058054142211633, 45.60985559353945], [9.058112835709563, 45.60951667477142], [9.058120250243709, 45.60947383181863], [9.059247800565917, 45.60888819811678], [9.059298269343202, 45.60810508535712], [9.061234578029273, 45.60834709531961], [9.06132363097168, 45.60768997261804], [9.061014666342246, 45.60660102923986], [9.060872458321956, 45.60553900349082], [9.06065277662515, 45.60435100403787], [9.060831138254851, 45.603270796224095], [9.06084929320487, 45.60318174893629], [9.06104756330651, 45.602208574941244], [9.060943975439528, 45.60127254237553], [9.06037860170687, 45.60016572159386], [9.061698862454696, 45.60012002118826], [9.0613774501352, 45.59933710474307], [9.062390366286806, 45.599309567509806], [9.06253208715707, 45.599921549335306], [9.062942391228482, 45.59991231042888], [9.063018558726524, 45.599219211117244], [9.063287312777016, 45.599138045636764], [9.063250927613344, 45.598445743753125], [9.06320873118209, 45.59765294633426], [9.065233719217776, 45.59726477025467], [9.065579407340833, 45.59685052715398], [9.065783988859625, 45.596355350069665], [9.065911506291819, 45.59604783717423], [9.066026506396259, 45.59577015521634], [9.066037106919543, 45.5955174212485], [9.066051438255403, 45.59517607311339], [9.064820895811131, 45.595068774244986], [9.064771382683062, 45.594050257937845], [9.064737241896934, 45.593544375896], [9.064625298490347, 45.59303627228977], [9.064565752152857, 45.59270982479401], [9.065127472988573, 45.59267181339701], [9.065496790979584, 45.59264713486372], [9.065470876839921, 45.592015696989264], [9.065461557576619, 45.591790753179474], [9.065453104448125, 45.59158955257756], [9.065423819350823, 45.59087850003271], [9.065385886173674, 45.59007993478504], [9.064480812617981, 45.58989343108914], [9.064506169396362, 45.589659399038446], [9.064513927910053, 45.58956299311175], [9.064553711563201, 45.58922343243], [9.064242189052518, 45.58920110915346], [9.063845253873765, 45.58917544752026], [9.06372401395574, 45.58890101907412], [9.06361475817819, 45.588646113273214], [9.064072587593724, 45.58863118488688], [9.064749773563344, 45.58860890094668], [9.064947600587967, 45.58786113080423], [9.063835384162104, 45.58786837614683], [9.063905008523495, 45.587619392147836], [9.06413150044609, 45.5867719373947], [9.063969718778932, 45.586767935347574], [9.063950696881172, 45.586293365633345], [9.064034587683867, 45.58362452984716], [9.06443251332127, 45.58200864825763], [9.063282125869017, 45.58191825153096], [9.06298114990888, 45.58037207359867], [9.062986989156173, 45.58033942732141], [9.062071675380066, 45.58063646474973], [9.06082128289706, 45.5810422222701], [9.060161630230313, 45.58125627438691], [9.058690544093734, 45.582028645526215], [9.057706360447233, 45.58139566868524], [9.057711121103111, 45.581334344219854], [9.057745552878137, 45.58115014281055], [9.057595495764536, 45.58114852277383], [9.056813770309377, 45.5810835201038], [9.056792186940786, 45.58105024150977], [9.050828960133218, 45.58059388381189], [9.05081303637884, 45.58020032179882], [9.050134751491036, 45.58015218705779], [9.05043468561967, 45.57780164539818], [9.049505079792647, 45.577726733352925], [9.049547074973674, 45.57746923757111], [9.046001292095301, 45.57733392841922], [9.045874608101249, 45.57790441945439], [9.045896948559301, 45.58069505039004], [9.04227406694553, 45.58064642539236], [9.042247984059657, 45.58095130547812], [9.040516159043062, 45.580975838598256], [9.0398030886911, 45.580961463536354], [9.039612524764033, 45.58262204801344], [9.040441787609701, 45.58266896772423], [9.040393612676604, 45.58376573460619], [9.039617652173767, 45.58375384418807], [9.038159222592016, 45.58373148351228], [9.03736491284428, 45.58371929678817], [9.037368041984907, 45.58331947208759], [9.037348724720834, 45.58241727171286], [9.034804888811985, 45.582396555462026], [9.034192193061758, 45.582848683647704], [9.033971106763158, 45.58393869915004], [9.032392453020453, 45.58393043211552], [9.032110973923949, 45.58485760670261], [9.033149271095494, 45.58479430492169], [9.033072948174166, 45.58581141852088], [9.030932620249303, 45.58593803211012], [9.031022773816778, 45.58669409158793], [9.029741222625155, 45.58661341623158], [9.029741027751083, 45.58624438792796], [9.0269335706002, 45.586155071635616], [9.026665881615386, 45.5885223787682], [9.025666151704195, 45.58846859727886], [9.02361513527763, 45.58835204022802], [9.024484856156729, 45.584688467733876], [9.024151529058022, 45.58458053476992], [9.022843980786806, 45.58452679050831], [9.021421515424548, 45.58451807049813], [9.021318695034996, 45.58386101385296], [9.02134866970869, 45.58363598587679], [9.021446529066422, 45.58291589983654], [9.019918799141463, 45.58296170981109], [9.018729034793948, 45.582997377722776], [9.018716912298222, 45.582619355516876], [9.018703141104876, 45.582178307613276], [9.016485849287651, 45.581782596749285], [9.01566572141512, 45.58262881028476], [9.014852203335462, 45.58224801890928], [9.014281576647436, 45.58198092742016], [9.014447996248014, 45.58109880604291], [9.014204407760992, 45.58088280970999], [9.013101846207013, 45.58004585760778], [9.012112715875352, 45.579562279526755], [9.011230977555222, 45.57913118162658], [9.010102636275453, 45.57857900475824], [9.009475093915524, 45.579308139501734], [9.011141173091067, 45.58018107628306], [9.011077137183936, 45.58053212004199], [9.010986842222959, 45.58060489201178], [9.00955242123277, 45.58176089700286], [9.007386021609527, 45.580662930238944], [9.007294817490514, 45.5806129976065], [9.005873816456845, 45.579834928803336], [9.003862443971059, 45.57843949065689], [9.0032208416698, 45.57799435110325], [9.003900109637483, 45.57725625318096], [9.00287467425802, 45.57623917168088], [9.004425003785691, 45.57469096535571], [9.002541327655202, 45.57370091708252], [9.002092767192071, 45.57416896564989], [8.998555756405704, 45.57731482081436], [8.992159943395984, 45.5833811848528], [8.991807390973795, 45.58362869131084], [8.991570621415738, 45.58379518634399], [8.988968745703302, 45.586261220131654], [8.983533215955546, 45.59105806317681], [8.981392591429818, 45.5899506313942], [8.981158993608036, 45.589811453949714], [8.980841050288676, 45.58962199135931], [8.980535490575928, 45.58944024924089], [8.978252708890237, 45.588302896595685], [8.977649988168618, 45.588815833412816], [8.976278865071084, 45.58834752046921], [8.976765849360978, 45.587807560773136], [8.974395201956222, 45.586546913444764], [8.972677275132563, 45.58768963860434], [8.973996906090386, 45.58847301887827], [8.973663853361296, 45.588778980928474], [8.972984139612736, 45.58932787748774], [8.972215077694106, 45.58990375213418], [8.971419952897868, 45.59043461816588], [8.971035099158232, 45.59093857679786], [8.97089414361636, 45.59157760775236], [8.970556172722993, 45.5923339013513], [8.97029087660108, 45.59292758741303], [8.971239334857174, 45.593476884112185], [8.971202059823812, 45.59350837727879], [8.970751914425628, 45.59389979956866], [8.969918525794602, 45.59470066285499], [8.969264580987318, 45.59532300143318], [8.969162097733577, 45.5954205453897], [8.968982294676625, 45.59596954955093], [8.969187116645042, 45.59652765244776], [8.96945576663492, 45.597643840967116], [8.969686224861858, 45.59826495831806], [8.969848163487391, 45.598709753989475], [8.970249979757812, 45.59981327400259], [8.970403155306501, 45.60110943733435], [8.970479689654482, 45.601892544668154], [8.97083834714739, 45.6026307103406], [8.970505066117529, 45.60317967782189], [8.969953326517661, 45.6038366076878], [8.970709605349404, 45.60436784788048], [8.968259816112793, 45.606743425827304], [8.968593056674282, 45.60704955799059], [8.967259053482513, 45.60827779902293], [8.96898937783059, 45.609277395979056], [8.96932286202324, 45.60917845742337], [8.969989484824856, 45.60965568370165], [8.969655931304988, 45.609889633204524], [8.972758373225268, 45.61216763820779], [8.972463236868244, 45.61246459006044], [8.974194133318154, 45.61356309739814], [8.975143352559654, 45.613257288863444], [8.975976610006336, 45.61323046155557], [8.976848578865376, 45.6135996870964], [8.977746124525405, 45.61421192323008], [8.978207673269516, 45.61464404632574], [8.977374062940575, 45.615498973957536], [8.975899372546259, 45.61485960827926], [8.974064636594749, 45.61800950798287], [8.973852342491465, 45.61799227947889], [8.973397678943355, 45.61795536062917], [8.969265638208896, 45.62445295749838], [8.96895745578025, 45.62501091884662], [8.968367247026348, 45.62521778841541], [8.968328566075018, 45.62555979801307], [8.968251468235591, 45.625775801797346], [8.967546074432148, 45.62620765303072], [8.967866518175743, 45.62666678322813], [8.967969010346325, 45.626936828360385], [8.967301831084997, 45.62708965884058], [8.966981175672442, 45.62766562189693], [8.967186121232727, 45.628223746008075], [8.96698055207609, 45.62872772188941], [8.965915737027565, 45.62877242282516], [8.965376996594145, 45.629285310317755], [8.965299530284307, 45.6301133679154], [8.960593485969458, 45.62744757110991], [8.958631401192171, 45.626510793749276], [8.95818207578822, 45.62695167508235], [8.957002589456142, 45.625988146141644], [8.956579656111057, 45.625483932821496], [8.955874418157094, 45.62506962307987], [8.955335548551053, 45.62570847392028], [8.954553203237818, 45.62546515267655], [8.954026186370491, 45.62726511275741], [8.953627316090103, 45.62869609452466], [8.953473250134243, 45.62932607999134], [8.95431973008935, 45.62963245774339], [8.953883121948563, 45.63012732178953], [8.956229758770345, 45.63102832977328], [8.957371135021603, 45.63164081726618], [8.958230424727901, 45.63200118255746], [8.959346512233429, 45.632145590096584], [8.95939746862081, 45.632640665459945], [8.959371569723656, 45.63295568864709], [8.958781112943983, 45.633342512411076], [8.957344833887012, 45.63299095179919], [8.95657465204015, 45.63349469542926], [8.956510602709308, 45.633478615216205], [8.955497164209776, 45.63322426294089], [8.954509704291725, 45.63315187021381], [8.95371424146881, 45.63317855797561], [8.953020990583294, 45.63320526157372], [8.95135896503061, 45.63431167968601], [8.950344428281605, 45.63540034582533], [8.9506391327222, 45.63586852503516], [8.948378356700163, 45.63869378726276], [8.947749722461202, 45.638585498585805], [8.947377177082242, 45.63906237434254], [8.948108166945506, 45.63948574273214], [8.946708254909913, 45.64084421918937], [8.945040746489724, 45.640240369776976], [8.944282999368125, 45.640924076644794], [8.942076706329045, 45.64020290265995], [8.941319149188962, 45.640670567159205], [8.940928618074361, 45.64109521888323], [8.940831007818765, 45.64120135573476], [8.940586569621388, 45.64178629534558], [8.939969712238224, 45.64266804682561], [8.93987012988948, 45.642649782014686], [8.939674618004009, 45.64261389762617], [8.938045623975905, 45.64201896214117], [8.936480754740252, 45.6414510453729], [8.936712310972396, 45.64092912996741], [8.936983262216716, 45.639606162516976], [8.935995657262644, 45.63926357511073], [8.93328949917304, 45.63819993053359], [8.933739292554945, 45.63760612633743], [8.93232851862593, 45.63708325781524], [8.930712761877459, 45.63634422020982], [8.928994635493114, 45.63540707940594], [8.929598659846436, 45.63460637925565], [8.929817836244224, 45.633760422805], [8.930049333913466, 45.63217120658239], [8.930115482345235, 45.63171740772491], [8.93029683863928, 45.63099071249102], [8.930463589997595, 45.63032249602848], [8.930461028260662, 45.63011996364927], [8.930440148659752, 45.62854030642508], [8.93122263642608, 45.62859478937979], [8.931256865945553, 45.62853445963052], [8.932426396398705, 45.626461651816854], [8.932900682585542, 45.62642810405297], [8.93301203162692, 45.62642214237209], [8.933085391263516, 45.62641768669653], [8.934087362349613, 45.625257145653826], [8.935049107283842, 45.62559073837015], [8.935099964496002, 45.62561777368442], [8.936688606854236, 45.623521451828005], [8.934693228084802, 45.62273726293076], [8.934372268976619, 45.6229710962776], [8.933654513839631, 45.62246662807052], [8.933490085235588, 45.62238636557067], [8.932192947267817, 45.621835702148516], [8.931210455080588, 45.621519418392936], [8.930372193600704, 45.62124955552634], [8.929927055232278, 45.62107463983986], [8.929829246815471, 45.621036220480796], [8.928628573955686, 45.6205644185447], [8.926796352093602, 45.61992869522989], [8.926705369225392, 45.61989713358258], [8.925897818916772, 45.619500579983644], [8.925924926893124, 45.618384485462855], [8.925553356221643, 45.6180872027208], [8.924643569619903, 45.61742055576703], [8.924305337350852, 45.617031819641156], [8.924041700297108, 45.616728815764], [8.923350149046852, 45.61593453742729], [8.924248906323525, 45.61522407063062], [8.923660382605638, 45.61414356885579], [8.922916188020414, 45.614377104768444], [8.922801179783976, 45.61407998479082], [8.92307119463436, 45.61358512697359], [8.923520405573926, 45.613333400908736], [8.922967266485871, 45.612505276945335], [8.92294268210438, 45.61246847255072], [8.92241970080149, 45.61168550325738], [8.920507784648224, 45.61238624115176], [8.919432048894835, 45.61129637963746], [8.918379978342593, 45.61159267708842], [8.917841971429121, 45.61115124441878], [8.916404490061451, 45.6118792774983], [8.915341525266342, 45.610879399915866], [8.915046950263527, 45.61060914342108], [8.915278075122195, 45.6104383031015], [8.916112707936248, 45.609745844977425], [8.916870308627532, 45.609089341998185], [8.916722906513677, 45.60850866078393], [8.916710057760463, 45.608458420636246], [8.916691805220347, 45.60838714129255], [8.915770045752478, 45.607333359670264], [8.915487772452124, 45.60743215912515], [8.914833021817799, 45.60791771781527], [8.914683380601968, 45.60775558968506], [8.914026430207533, 45.607044030769295], [8.9128971787434, 45.60752022475362], [8.912692397891732, 45.60726804048863], [8.91210338044273, 45.60670052792263], [8.911563365492002, 45.60632656831422], [8.911309151505511, 45.60615086316707], [8.910899065491463, 45.60597953286749], [8.910399415225038, 45.605682097517196], [8.909643529666788, 45.60524946915249], [8.90891211002807, 45.60554591128572], [8.907461692454659, 45.60636383731679], [8.906560101872946, 45.606795136368085], [8.906030263288304, 45.6070483148099], [8.905694757862681, 45.60720863088524], [8.90527879126804, 45.607480690184246], [8.904932879305287, 45.60774813027288], [8.904681254319298, 45.60758627496211], [8.9045561996628, 45.60753406486149], [8.903832604691509, 45.607231959875286], [8.903609776374779, 45.60707012732706], [8.902969797281633, 45.60674628972936], [8.90214996817051, 45.60638693702207], [8.901315691559915, 45.606062927132385], [8.89974357893292, 45.60535820998331], [8.899194182278235, 45.6051282062964], [8.89897534311253, 45.60503645061882], [8.898064962210386, 45.60465465246597], [8.896680915342984, 45.60416736389582], [8.896191942953871, 45.603995909368265], [8.89502779666753, 45.603589797368656], [8.894775184997235, 45.60349114744184], [8.893387646679834, 45.602949213952726], [8.892226292752058, 45.60257460004453], [8.892071594018352, 45.60252746261395], [8.89199082617871, 45.602497858585394], [8.891779778958345, 45.60242115867715], [8.891068201523382, 45.60216395641703], [8.890933609939928, 45.6021181327534], [8.89062961801283, 45.601999640426634], [8.889594665069579, 45.6016134877845], [8.888479776018274, 45.60126136953337], [8.887403395674797, 45.60090927834076], [8.886005485630912, 45.60031708676948], [8.885763520317182, 45.600214574162386], [8.885597020842427, 45.60015510460614], [8.885442845405676, 45.60010002884143], [8.884298042741552, 45.599691051611664], [8.884097826748642, 45.59961884713143], [8.881227494759829, 45.59874279679436], [8.880830315697548, 45.598607372966995], [8.879869506257732, 45.59820131893672], [8.8783966524325, 45.59743467992979], [8.877639403643327, 45.59779392232328], [8.877203687274575, 45.597685432223344], [8.87627765750034, 45.598989570743306], [8.875970219200699, 45.598854228079006], [8.874715170123338, 45.598168794885325], [8.872614298771445, 45.59732037481684], [8.872987362693172, 45.59677173836995], [8.872911834897506, 45.596159594699216], [8.87382659258261, 45.59418040357614], [8.873352626760495, 45.59399085838149], [8.872327598173474, 45.5937106841031], [8.87068762267433, 45.593231788936905], [8.869317538595467, 45.59248315945927], [8.867824886556, 45.59201537363339], [8.867960644646438, 45.59159954893399], [8.868385098583536, 45.591005987691005], [8.868527190232978, 45.59054711059225], [8.868720221811879, 45.5902322960237], [8.869633010157324, 45.589126221741445], [8.871818468713041, 45.586455428387836], [8.872949429435945, 45.58518755345], [8.871989116727299, 45.5847004336076], [8.8720822657303, 45.58407496467127], [8.872337643541705, 45.58363871698177], [8.872748794067627, 45.58321611591504], [8.873134411538837, 45.58273949425591], [8.873584592936155, 45.58205592948164], [8.873637235351486, 45.58144392646792], [8.873920679127115, 45.58079617609028], [8.873587865235628, 45.5805977915094], [8.872832740087265, 45.58009289511366], [8.871732115575602, 45.57934457449167], [8.871938091248039, 45.57895776571342], [8.87305332240678, 45.57890501879368], [8.87323353832303, 45.57856317777999], [8.872951946430844, 45.57839185293255], [8.872260058134378, 45.5782830584146], [8.870876200731686, 45.57809247954914], [8.87114672491249, 45.57749873254979], [8.870365544585521, 45.577209819914856], [8.869723652779221, 45.5776591358826], [8.868904207952747, 45.57728915149477], [8.86781603897578, 45.57673884109061], [8.86630517524622, 45.5760890205872], [8.865976289923337, 45.57593559813945], [8.863451178292335, 45.574763288353445], [8.86300213987209, 45.574554940627905], [8.86193899680341, 45.57430163130181], [8.860896880925184, 45.57591155100001], [8.859718469461404, 45.57561306386912], [8.859976469175468, 45.57494730783689], [8.858137283040778, 45.5741560670434], [8.85771038312292, 45.573972412179025], [8.85637352001537, 45.57552790990454], [8.855617690800589, 45.57538293275685], [8.855334966661927, 45.57567962032874], [8.854387289082755, 45.57538137104867], [8.854708563469552, 45.57504875237552], [8.853607231228107, 45.57470530497429], [8.853324614552081, 45.57495697095498], [8.852184741913957, 45.57464946081522], [8.85302177680016, 45.57312939015916], [8.853880183896525, 45.573238496411335], [8.854125011396174, 45.57272575472594], [8.85285729536027, 45.57231008279367], [8.852728357773344, 45.5726159585764], [8.852126360158037, 45.572471156465014], [8.852332467392158, 45.57207538621355], [8.850757075212055, 45.57170429160905], [8.85105354508189, 45.5710656301938], [8.848800650186137, 45.57006354963595], [8.848170527945816, 45.57087281241913], [8.847619576330468, 45.57081806548768], [8.845761427927359, 45.570779572194766], [8.844338350044824, 45.570966663446185], [8.842978882500224, 45.571333832285305], [8.841492423766427, 45.571268772277996], [8.83999463889297, 45.5706816257705], [8.838779878395362, 45.56972581368697], [8.837808199478923, 45.568932349699004], [8.837002180367074, 45.568463146341635], [8.836175924124843, 45.57055919455082], [8.835899743990936, 45.57298006157873], [8.835897751725073, 45.573664125459864], [8.835393402024089, 45.57516541331921], [8.835117986340176, 45.57598525629022], [8.83474340088913, 45.57709937734983], [8.834682417568548, 45.577280754061654], [8.834680621463093, 45.577892832087564], [8.834668508220185, 45.57929244671958], [8.834664204098956, 45.579807764542196], [8.834662274682762, 45.58003803008529], [8.834660495868476, 45.58014317370484], [8.834661151334835, 45.580170089472176], [8.834219824295518, 45.58204163614296], [8.833960159713328, 45.58315737652815], [8.833614264636056, 45.583093867127054], [8.832909610916586, 45.58296682456623], [8.831781692675124, 45.582938163528674], [8.83034639964229, 45.58281002693049], [8.829180354276874, 45.58267327781365], [8.828335046586112, 45.58243799354921], [8.827444213576408, 45.58207809273733], [8.825274535704333, 45.581652914946886], [8.824489580359755, 45.581554343271556], [8.824166530790539, 45.58145646549387], [8.82079636666255, 45.58089957107775], [8.82024608830189, 45.58249053286128], [8.819949279555571, 45.583244157973326], [8.820692597758773, 45.583290343827], [8.82045421655998, 45.584059547164124], [8.820407496469896, 45.58426198999934], [8.82028973045943, 45.58501789081496], [8.820320995816132, 45.58511761168915], [8.817868587167133, 45.58505822342123], [8.817790259608529, 45.58505806521182], [8.817313248179383, 45.586702987830265], [8.814514273428683, 45.586524884214484], [8.81456007487087, 45.5863293020394], [8.81445843108425, 45.58634237026836], [8.813706780369102, 45.58640723413165], [8.813614922790885, 45.58750830791571], [8.81366705626682, 45.587514092394066], [8.815092683493743, 45.58767298298622], [8.81513406966801, 45.589133384266326], [8.815131725942056, 45.589847324990686], [8.813239879788174, 45.58916276448459], [8.812703234977707, 45.5891932615718], [8.812136896531241, 45.589225512010685], [8.812633711206411, 45.59084926567661], [8.81148917185686, 45.59075800558771], [8.81138665323279, 45.59074986509106], [8.811937250986702, 45.59188659631752], [8.81133242352367, 45.59315123186386], [8.811202965318069, 45.593211504634695], [8.811054770318496, 45.5932805843411], [8.811096583246973, 45.593919876689064], [8.811206281378249, 45.5955961497578], [8.813322932394028, 45.59570217459535], [8.81317517982925, 45.59623176162247], [8.815535899267175, 45.59611596133247], [8.815676970690667, 45.59762022813827], [8.813023425455746, 45.5979577353545], [8.813385052551691, 45.59898380119849], [8.81241075625145, 45.599255673254255], [8.812022943853446, 45.598793562741264], [8.811000213838108, 45.598996968926365], [8.808590622025939, 45.599129681920864], [8.80856877824771, 45.5983947242748], [8.80834977488926, 45.59839435707987], [8.807398107694455, 45.599161873245905], [8.807568161808527, 45.59924761872359], [8.80702744923715, 45.600802008188516], [8.806953449061966, 45.60109242029703], [8.806588486860536, 45.60107471463167], [8.806391719711701, 45.60167254480496], [8.806334702084849, 45.60167992347006], [8.805823638911063, 45.601717822246115], [8.80464407692381, 45.601679810016684], [8.804547014276457, 45.601669957142775], [8.80308949436721, 45.601691703695295], [8.802720596643082, 45.60169451461774], [8.8008737694265, 45.60179931402426], [8.799231344790952, 45.60211147351321], [8.798585781541842, 45.60211483494042], [8.79830808201839, 45.602118842781806], [8.797165918892102, 45.60237786323818], [8.795524463642357, 45.602911987351746], [8.795432781716746, 45.602941816260255], [8.794980109755352, 45.60048375097054], [8.793094645926171, 45.60063337278057], [8.791106254145038, 45.6008817815541], [8.788719878409013, 45.60124643934842], [8.786150898455638, 45.60242076278061], [8.786088984726067, 45.60184458894893], [8.786219458639891, 45.60100484496653], [8.786274283523383, 45.600294518388985], [8.786287880783005, 45.60011678620647], [8.78625279327734, 45.59922564432775], [8.785484356964576, 45.598990168578325], [8.785268163910006, 45.59852172672149], [8.785974650125112, 45.59819000809137], [8.785797743423805, 45.59750561178835], [8.7856430055278, 45.59700786511856], [8.785531742526242, 45.59665002020807], [8.78521549937813, 45.59552431646444], [8.784707991915406, 45.59412820999644], [8.78427882938751, 45.59236322269243], [8.78407532298058, 45.59178511050298], [8.783784221770313, 45.59095814010827], [8.783289187108123, 45.58967007436103], [8.783094368217958, 45.58935752490437], [8.782766815007326, 45.58883199862777], [8.782757602983498, 45.588620882539594], [8.78274324735274, 45.58829189490483], [8.782668925530123, 45.58761668590895], [8.782275597670894, 45.586567324157194], [8.782250208584108, 45.5864997709663], [8.781346435972265, 45.58661056530378], [8.77887874465154, 45.58690733813077], [8.777789446613092, 45.58703903602683], [8.777120063987914, 45.58711994623901], [8.774247026798871, 45.58749234852541], [8.770925119671997, 45.58789977971431], [8.770439550008655, 45.58751176657372], [8.76946495368685, 45.587590802157045], [8.769199987584964, 45.58655516662872], [8.769317078256282, 45.586132363313965], [8.769536923108191, 45.585664751381806], [8.769243944104078, 45.585214115259674], [8.769151678342752, 45.58407080415585], [8.76845313504671, 45.582885766373344], [8.768407769862504, 45.582809172164296], [8.767094211083194, 45.57808100123324], [8.765697086405936, 45.57808714075421], [8.765598264275289, 45.57719585832132], [8.766649294321995, 45.57718899736821], [8.76643393682867, 45.576576495410954], [8.765677642989136, 45.576601950555066], [8.764601842021673, 45.576401722758945], [8.762822161817349, 45.575956989151116], [8.762654760697862, 45.575909876687824], [8.760953131167117, 45.57543104608736], [8.75953318259782, 45.57479799286167], [8.756792026796159, 45.574423142692766], [8.756202614743527, 45.57439489856726], [8.756333442367241, 45.5737741010211], [8.755116035982523, 45.573744491145995], [8.754180950582048, 45.57362548305139], [8.753826036854852, 45.57356331561863], [8.752516122298282, 45.573333856703194], [8.750889621211737, 45.573069298126335], [8.749545599800584, 45.5726883155525], [8.747740456832805, 45.572261302796605], [8.742662823946796, 45.57166490187442], [8.749507818642382, 45.56677459674877], [8.751300996402664, 45.56552288595059], [8.751345987270824, 45.56549147937236], [8.75027120625299, 45.56512008707992], [8.749107168280172, 45.56465849360562], [8.747267856375146, 45.56401966454515], [8.747072857255445, 45.56395192952101], [8.745396862722556, 45.56336314896209], [8.745087029199777, 45.56387551348497], [8.742180394765983, 45.56340093294445], [8.74201071568323, 45.56407562040108], [8.740678310141268, 45.56401859101471], [8.740616794886517, 45.56346040059515], [8.740390373185207, 45.56254178131848], [8.74017542367146, 45.56192023354573], [8.7397688833128, 45.561163219003745], [8.739341627137481, 45.56060870698578], [8.739310324473987, 45.56056811916815], [8.73917113102001, 45.56018975768261], [8.738620001561973, 45.56022449944892], [8.738083226880034, 45.55992624280679], [8.738004728859943, 45.55993944555078], [8.737765612105493, 45.559979636511365], [8.735864809368973, 45.56029917958761], [8.734172711528336, 45.560457268833176], [8.732031966920363, 45.560650286542], [8.73077703588574, 45.5608582365857], [8.730211021355293, 45.560952023335716], [8.729594587756958, 45.56123859734895], [8.728732926496356, 45.56189363309282], [8.727498042694704, 45.56288080288727], [8.727356913546654, 45.56299971459525], [8.726507340516068, 45.56371552280217], [8.725850882063138, 45.56431701690774], [8.725039090640607, 45.56524216434694], [8.724317346476834, 45.566086508517145], [8.723813611539436, 45.56689539276598], [8.723667577997333, 45.567930142860575], [8.723481764509675, 45.5692348361453], [8.72333457093951, 45.570503604763495], [8.723300922387134, 45.570708410017254], [8.72312318485387, 45.571790242794165], [8.722936770296977, 45.57321193533708], [8.72280570652028, 45.5738056883914], [8.7219337366829, 45.57389356323716], [8.721102248695749, 45.57357651853009], [8.719604457944717, 45.57323080867334], [8.718580033633586, 45.57309495657115], [8.718221230554445, 45.573047380198325], [8.718352545021558, 45.57241764954903], [8.718602556287207, 45.57111312348078], [8.718763452714919, 45.57031070201402], [8.718786557702723, 45.57019547104615], [8.71893219310011, 45.569259735223575], [8.718899355592542, 45.56813453660931], [8.718880704426896, 45.5676492343731], [8.718870596544068, 45.567397346255376], [8.718865264737875, 45.56726134555611], [8.718700217489534, 45.56695491768724], [8.718472252340241, 45.566414295080044], [8.717938181128307, 45.56558488708707], [8.71704537186037, 45.564745592831045], [8.716384857153662, 45.56478611301426], [8.71634037869278, 45.56478884150441], [8.716290485986486, 45.56451869644481], [8.716138696128544, 45.564122283688626], [8.715731551493116, 45.56354520941235], [8.715272573939455, 45.56308500443755], [8.71470827690664, 45.56318260616972], [8.714544606043253, 45.56260613535883], [8.714341470239653, 45.562236596681196], [8.713830507448185, 45.561920280535865], [8.712386508072269, 45.561151568333884], [8.71054608864103, 45.56022881627357], [8.70878289797914, 45.55925223674908], [8.7068786265959, 45.55831426584733], [8.706843030465427, 45.55776661837726], [8.706568797444064, 45.556298751647546], [8.706527119998249, 45.55608209375058], [8.706506431653406, 45.55597455817208], [8.706412252709018, 45.5554522102846], [8.706357009212164, 45.55514608028973], [8.70614154928967, 45.55385980073967], [8.706096074466394, 45.55358823360198], [8.70616429346495, 45.552787322526896], [8.706711928909455, 45.55095253429747], [8.706745908924992, 45.55082651852222], [8.707221372950604, 45.549063634117516], [8.707651396507769, 45.54781625497175], [8.707754617903806, 45.54751681611982], [8.70828033940514, 45.54609829878452], [8.708521128633937, 45.54544855766686], [8.709105561776079, 45.54390186478902], [8.709201183790661, 45.5437484861159], [8.709454274902672, 45.54334469859564], [8.710019812892911, 45.54260929634149], [8.71031196425667, 45.54222937601641], [8.711001732439396, 45.541330899870076], [8.711259386408628, 45.54104501847642], [8.711672994949646, 45.540316977146155], [8.712279719027208, 45.53939140343908], [8.71261694771904, 45.5385641551361], [8.71289036645656, 45.53769175167014], [8.713485342877457, 45.53655011119996], [8.714720345046658, 45.535473085938285], [8.7165052886183, 45.534541418880266], [8.717223965847401, 45.53417062104494], [8.717737985401566, 45.53390539902731], [8.71857421423927, 45.53315137744142], [8.718839087466003, 45.5326295022677], [8.718962248412245, 45.53238725487128], [8.719221727566262, 45.531712807843434], [8.719404298040931, 45.531054684654436], [8.718025695495605, 45.53015268877081], [8.716953118079648, 45.52951995803512], [8.715969842067008, 45.52894527214719], [8.715855013186676, 45.52887815977025], [8.71533000194295, 45.52857266612802], [8.714922915565342, 45.52833578270325], [8.714412984378379, 45.52787545413799], [8.714045086772234, 45.52719046053864], [8.713767431680056, 45.52638867578423], [8.7137037253643, 45.526249439303825], [8.713412806315894, 45.5256136914532], [8.712983537270555, 45.525082872100825], [8.712954739787689, 45.5250472580062], [8.712814720599072, 45.52487410569588], [8.712561359583571, 45.524333406134055], [8.712424359972804, 45.523576976152945], [8.71229140131327, 45.52202846180215], [8.712564650786266, 45.521174054773326], [8.713069324905312, 45.52013119448051], [8.713196449584627, 45.51993209062548], [8.713572657085463, 45.519349377612606], [8.714011665073466, 45.51862138874437], [8.714386773168162, 45.51787523792735], [8.715006010566794, 45.516949686408005], [8.71581561441573, 45.51635762647223], [8.716920067691522, 45.51568529078223], [8.718370896589098, 45.514869784606496], [8.718402279079466, 45.51485061489165], [8.719295513315899, 45.51430499834066], [8.71963208543665, 45.51355872603835], [8.719764895456102, 45.512595941439294], [8.719732248850693, 45.51143473057089], [8.719853417478358, 45.510237886900676], [8.71998523373636, 45.50947312734564], [8.72016614708369, 45.509272629616454], [8.720384549809715, 45.509030621976336], [8.720422879922852, 45.50898813688193], [8.721472327159894, 45.508416340663224], [8.72200172921604, 45.50812788858317], [8.722284414538281, 45.50791255460111], [8.722836198741936, 45.507642353317145], [8.722915436888593, 45.50714899582672], [8.72292629546192, 45.506857175047244], [8.722930173358629, 45.50675298111094], [8.722727049272441, 45.506410451722445], [8.72284414230314, 45.50602369370064], [8.723513275053156, 45.50531422430653], [8.724490112992077, 45.504497490708104], [8.725555913168089, 45.50380696835073], [8.72676246580411, 45.503125787366635], [8.727892399133077, 45.50239939370102], [8.729058654855807, 45.50209613003869], [8.730287191652835, 45.50215304058995], [8.731042312771983, 45.502172831405915], [8.731952648095088, 45.50185092675878], [8.734947435313993, 45.50074628734665], [8.73558195421545, 45.50037420712654], [8.736326531608238, 45.49990787541565], [8.737404976129543, 45.49919926977155], [8.73853473466674, 45.49846377420783], [8.739342748235279, 45.4981055824504], [8.740713609664693, 45.497811671015754], [8.7419044457977, 45.497697347617134], [8.742838329885414, 45.49779846550272], [8.744194837163548, 45.49783751136722], [8.745666819716176, 45.497822808545976], [8.746664739718922, 45.497915031162755], [8.748187047010386, 45.498089420606014], [8.749234970163672, 45.4984517633728], [8.750565199387333, 45.49865269639781], [8.751551181856103, 45.49855583532203], [8.753151507707464, 45.498460294068906], [8.75495646723656, 45.49840117141082], [8.756211182380106, 45.49831385191139], [8.757082608416315, 45.49806217327343], [8.757403736459636, 45.49779432380497], [8.75819888021727, 45.49741796361658], [8.759262561894069, 45.49709617187309], [8.760351535295724, 45.49684642970631], [8.761661996482655, 45.49567003796229], [8.762640570901784, 45.49426790504938], [8.763491178818594, 45.49285650278465], [8.765174889643239, 45.49113176834033], [8.766946552202157, 45.489776232622965], [8.768746141827817, 45.48782665298134], [8.77017184715921, 45.48653337456693], [8.771749675111087, 45.48558241991238], [8.773493493107624, 45.48470378366124], [8.775260714295143, 45.48436522651678], [8.77735892834452, 45.484450355723204], [8.779597627870038, 45.484607710623564], [8.78134898823408, 45.48505213418394], [8.78262578301248, 45.485899330753874], [8.783562005398926, 45.48644464707725], [8.783697870276134, 45.48652377797678], [8.78464375616591, 45.48679560800603], [8.78591037819117, 45.48686099704817], [8.786781253880259, 45.486673601624105], [8.787486741101105, 45.48623235726023], [8.788258668048853, 45.48512815945637], [8.78895974876975, 45.484120573443526], [8.788991979502162, 45.48407638597491], [8.789353556493607, 45.48319494839636], [8.79003665352656, 45.48186403642579], [8.790580202083508, 45.48020883487257], [8.790803153924335, 45.47874207174476], [8.790849212319062, 45.47806474327637], [8.79092494175255, 45.476951072364486], [8.79090532103959, 45.47619873725878], [8.790880101408277, 45.4752317758702], [8.790811282420975, 45.47308938312432], [8.790894015950157, 45.471469337428026], [8.791006153519932, 45.470974790877015], [8.791154456159438, 45.47035106770864], [8.791204803686616, 45.47009863964173], [8.791441289140495, 45.468769999902435], [8.791366262460347, 45.46812028776845], [8.791280154294263, 45.46737453328862], [8.790196793104373, 45.46630141430805], [8.788832129442765, 45.46520976457866], [8.788169125803638, 45.46422247975864], [8.78812413858002, 45.464155320330455], [8.788110662317663, 45.4631651702837], [8.788374532219377, 45.46250857848941], [8.789348168175087, 45.46198195663569], [8.789830046451627, 45.4617191704116], [8.791251987456171, 45.461136700888055], [8.791360925330372, 45.461069006581056], [8.792508360614205, 45.460355891094196], [8.792926532605048, 45.45979801477398], [8.79336953987873, 45.45920530664352], [8.794126969378127, 45.458432580836416], [8.795085872628945, 45.458103329939355], [8.795561265034204, 45.45794009343727], [8.797429604147684, 45.457664390133935], [8.798619930544865, 45.4574234569604], [8.799198009044927, 45.456713389391965], [8.799968550910174, 45.455822124182944], [8.800303069811848, 45.455257133966136], [8.800996826878015, 45.45436723683228], [8.802203525944472, 45.45308216515833], [8.803538378068021, 45.451698298396124], [8.804286986195006, 45.45083068645083], [8.804423754143004, 45.4506721761876], [8.804707801238278, 45.45034289817126], [8.80477102199667, 45.45026922418212], [8.804840312085771, 45.45017512506785], [8.80564470338037, 45.449082563466845], [8.806683182050616, 45.44831023179857], [8.807823377922624, 45.44770007920869], [8.808682074936545, 45.44713444383596], [8.810067916568721, 45.44597742362524], [8.810543455635074, 45.44498627231172], [8.810548697959463, 45.44342007871465], [8.811039980192243, 45.44180968361849], [8.811824764733604, 45.440361787502454], [8.811982846293104, 45.43896687668386], [8.811513176814397, 45.43793997278769], [8.810019141213541, 45.437379412992655], [8.808832324085568, 45.43672035887597], [8.808017305412895, 45.435764864401634], [8.807638200700165, 45.434459051432924], [8.808102261958412, 45.43333468947436], [8.809063125716268, 45.43273321824299], [8.809976081226772, 45.432553519552144], [8.810022583752799, 45.43254579012573], [8.811249782572942, 45.43257483192111], [8.81259110553734, 45.43289208490011], [8.813412622282469, 45.43323322310142], [8.81354862432807, 45.43328969484154], [8.815029486794643, 45.43394019365487], [8.816079835072362, 45.434217870444584], [8.816536810580935, 45.434338678276525], [8.81800582916208, 45.4347175816681], [8.818401699965396, 45.43486372125678], [8.81946176875784, 45.43519844660915], [8.82127668267182, 45.43537232427807], [8.823143449730015, 45.435321217938736], [8.824320307025607, 45.43511601632838], [8.824947831856765, 45.43477492995341], [8.825832518844468, 45.4339481700328], [8.826335287200145, 45.43258976871607], [8.82583991091813, 45.43154486930959], [8.82526703357109, 45.43076090227045], [8.82437418885072, 45.430111443236356], [8.82286779867058, 45.4294340209077], [8.821540042426752, 45.42888288434638], [8.82037827727006, 45.42840399893934], [8.820238546288667, 45.428124745779705], [8.820751868346854, 45.42749547483224], [8.821725387582788, 45.4268579131291], [8.822826440575112, 45.426310557076675], [8.823889366855903, 45.42569110804962], [8.824390268566784, 45.42492678611066], [8.824496202576032, 45.423738784933775], [8.82430860628224, 45.42240633196174], [8.824248229851623, 45.42126308086593], [8.82424910348464, 45.42098149756013], [8.824251162101781, 45.42031796191076], [8.824277759832754, 45.42024121936298], [8.824534890726683, 45.41949779076969], [8.826803270493654, 45.4175290252002], [8.827545426383246, 45.41689437780544], [8.827584902321638, 45.41685757720755], [8.828238651204341, 45.41622848145651], [8.829110118314903, 45.41543768767147], [8.830046395082706, 45.4143319291723], [8.830343859325428, 45.41316221583201], [8.830309827088895, 45.41172197211804], [8.830453739388746, 45.41060604280357], [8.830942047353922, 45.409706636935255], [8.831942055393572, 45.40861896676036], [8.833095194360544, 45.40758551557806], [8.834452498860983, 45.40664236419438], [8.835924083932788, 45.40571949211734], [8.836500764969731, 45.405358145105446], [8.838088913196348, 45.40408223179771], [8.838448736115444, 45.40366168531722], [8.8393344517456, 45.402626488324216], [8.839550432170158, 45.402374059984936], [8.840730238422601, 45.400854506352914], [8.842192148537888, 45.39894677759606], [8.841477775051246, 45.398542226077865], [8.840751327089736, 45.39789313208186], [8.840663787064399, 45.39721791893272], [8.841126709817908, 45.39615642210027], [8.841704331300237, 45.39519408482836], [8.84256304594853, 45.39421413955434], [8.842896248692094, 45.39383804139007]]]]}}]}