{"type": "FeatureCollection", "features": [{"type": "Feature", "properties": {"shapeName": "Roma", "shapeISO": "", "shapeID": "16045082B91955581988975", "shapeGroup": "ITA", "shapeType": "ADM3"}, "geometry": {"type": "MultiPolygon", "coordinates": [[[[12.251858912842128, 41.7368965510027], [12.251625045794988, 41.736421338014736], [12.251659064109191, 41.73641465589189], [12.251858912842128, 41.7368965510027]]], [[[12.249030311927575, 41.737460611426684], [12.248623703890566, 41.73660794673498], [12.248653656374067, 41.736595114604334], [12.249030311927575, 41.737460611426684]]], [[[12.243624222794388, 41.73786775989437], [12.24342032365035, 41.73790275590907], [12.243791060943511, 41.73780232791704], [12.243624222794388, 41.73786775989437]]], [[[11.733766971184142, 42.158058111336835], [11.733545756986496, 42.15754106453121], [11.733609096211438, 42.157413497752195], [11.733940372575622, 42.15695531445019], [11.733890999802135, 42.15638917118491], [11.734186107440799, 42.155864330818666], [11.734934174384184, 42.15547853293351], [11.735220126139993, 42.15474723820129], [11.73549955189038, 42.15451346529863], [11.735907379299348, 42.15438287773804], [11.736533143742669, 42.15447181285024], [11.737133911570126, 42.15430404471685], [11.737851172334805, 42.153727231392686], [11.738168667488718, 42.15312481045966], [11.738754362090141, 42.15262593786457], [11.739434328473926, 42.1525376546891], [11.739820644147084, 42.15219971474972], [11.740921972760773, 42.15158207451084], [11.741727851538508, 42.1507660163289], [11.74220818832162, 42.15033884400753], [11.742913599205664, 42.14961946155526], [11.743436657301293, 42.14878127712595], [11.74378792476797, 42.14810647381661], [11.743838498568012, 42.14805124371487], [11.743985184186474, 42.147346275067456], [11.74383613494463, 42.14690123859906], [11.743521278309379, 42.14633770718012], [11.743726535128172, 42.146059140213], [11.743943343279255, 42.14518366823354], [11.743587303224457, 42.14482884456012], [11.743297806512285, 42.14287591988132], [11.742870879498303, 42.142636269651824], [11.743714241577392, 42.14080042311742], [11.744734948413992, 42.13980257391326], [11.745137150456355, 42.13866219201892], [11.745475707935972, 42.138017675314146], [11.745677310559852, 42.13781010438051], [11.745935575730533, 42.137785162734744], [11.746381250424438, 42.137949989704275], [11.746660261816858, 42.13782265242982], [11.746856342615805, 42.13754077666069], [11.747239475199665, 42.13718700782471], [11.747353919437545, 42.13669256057611], [11.747572694865688, 42.136411338371175], [11.747982331447766, 42.13594952174238], [11.747812195097875, 42.1357248891596], [11.748067638389005, 42.13561377101929], [11.748301285163622, 42.1354851378648], [11.748349890111411, 42.13497926304767], [11.748822997203073, 42.13460802741946], [11.749106314691376, 42.13439623996681], [11.74936693055622, 42.134183836303414], [11.74950416347649, 42.133942539742], [11.749819439729142, 42.133549909332984], [11.750007071580537, 42.13298880113756], [11.75016838288379, 42.13294264253653], [11.750319510741946, 42.13265103078705], [11.750676013807967, 42.132339885073584], [11.750795416229014, 42.132224905806815], [11.750921409403945, 42.13220312643299], [11.750964919055617, 42.132018354181156], [11.751213754375096, 42.13181406729283], [11.751233284340593, 42.13165399312665], [11.751370182603747, 42.13164095158979], [11.751402889779841, 42.13122339376296], [11.751524878252402, 42.13105778181208], [11.75162648381605, 42.13106910095701], [11.75179109954581, 42.13073561169927], [11.75204859225297, 42.13036245473556], [11.751876273485584, 42.13018004102658], [11.752117787189775, 42.13011924717715], [11.752354529608926, 42.13015131585607], [11.752485263277164, 42.13003667158293], [11.752342654917015, 42.12993963702107], [11.75227364901925, 42.12973476888441], [11.75245999702851, 42.12964282144481], [11.752384961338398, 42.12955615182551], [11.752357859259895, 42.12942012193671], [11.752445404773669, 42.12926197550078], [11.752618894460834, 42.12919925375397], [11.75285907346146, 42.12916379379709], [11.752863820522645, 42.12907093041314], [11.752970596328288, 42.12898096558795], [11.753106396029999, 42.12898902914148], [11.753183056299399, 42.128822123704055], [11.75335177233973, 42.128852265789], [11.753362143746848, 42.128649660686655], [11.753448379116131, 42.12851682943569], [11.753778392908881, 42.128500806917344], [11.75413278844704, 42.128451664838316], [11.754264819710972, 42.12831168307476], [11.754586079926469, 42.12824469077607], [11.754698023946442, 42.12805342171577], [11.754789212989328, 42.12782351551311], [11.754884530179616, 42.12751339432293], [11.754958031180243, 42.127185779225066], [11.754833953143525, 42.12672573295197], [11.75490929795652, 42.12658414334427], [11.754942764551112, 42.12637373558729], [11.755251683392805, 42.126103481496486], [11.755742402367218, 42.12582994594217], [11.756214451805093, 42.1256995685357], [11.75634581038672, 42.12557225314752], [11.756589436129971, 42.12546923853828], [11.75684008147859, 42.12545096574484], [11.75698213300683, 42.125336634981856], [11.756976415592984, 42.12522655704407], [11.756811569716628, 42.12512045390423], [11.756988480262766, 42.12499019730837], [11.75729966532022, 42.124897545574356], [11.757486204947671, 42.12480135915966], [11.757932114544488, 42.124737888593486], [11.758038655347615, 42.124715214044414], [11.758563255473026, 42.12460356390979], [11.758807749812469, 42.12448366647992], [11.759342267641097, 42.12424093095366], [11.759572817571494, 42.12417136732207], [11.75986036173906, 42.123875132212824], [11.760490053162727, 42.12354631409798], [11.761015723689852, 42.12347663094044], [11.762022457695883, 42.12309927528114], [11.762545259612617, 42.12264060074348], [11.76323713948586, 42.12242764031796], [11.764302220484494, 42.12201809516134], [11.764593158899904, 42.12165432130584], [11.765245049724331, 42.12133454978534], [11.765825671897492, 42.121300220877814], [11.766139849836431, 42.12114845518982], [11.766801333391337, 42.12086274772786], [11.767100591393211, 42.120558392497365], [11.767547148950221, 42.12025817086099], [11.768016984534407, 42.12016997800021], [11.768231180233979, 42.11987964152615], [11.76818413847242, 42.119561751664335], [11.767916563935678, 42.11956214445532], [11.767579322167165, 42.11957541287281], [11.767489197509217, 42.11941608252747], [11.76753614297469, 42.118769355177065], [11.767660133058136, 42.11879109388692], [11.767599962347768, 42.11920751197425], [11.767588390454733, 42.1193581753288], [11.767604618158378, 42.11942250010084], [11.767653168703726, 42.119464521726734], [11.767710678526356, 42.11948356769471], [11.767804255644332, 42.11948330080979], [11.767934049420996, 42.1194608203381], [11.768029697978417, 42.119419966315], [11.768126080618032, 42.11936461559333], [11.768215988886922, 42.11928295600755], [11.76827793343784, 42.11921500953577], [11.76830857747476, 42.11914909302101], [11.768351344606964, 42.11907480594151], [11.768381818414488, 42.11901178785527], [11.768396447964548, 42.11895413230934], [11.768445832544028, 42.11890325437406], [11.7685050961482, 42.11888751202987], [11.76856019617425, 42.11887745804628], [11.768568181379665, 42.118835575592], [11.768503419631154, 42.11884391679994], [11.768436368988926, 42.11885944191899], [11.768397282803116, 42.11886125287425], [11.768387232503224, 42.11882901662665], [11.768339560915559, 42.11876960175129], [11.76828889524551, 42.11869268148469], [11.768264001130683, 42.118645534037874], [11.768263055810316, 42.118587425140205], [11.768269167725384, 42.11854404710661], [11.768289954345281, 42.11851850029468], [11.7683225903061, 42.11849037911321], [11.768453993324746, 42.118436027785116], [11.76851717218283, 42.11842037551215], [11.768549494098236, 42.11839807123916], [11.76855874462342, 42.11836929802414], [11.768531881405984, 42.11828433493411], [11.768486888892449, 42.11817273481356], [11.768441794767247, 42.11813952021704], [11.76836783426749, 42.118137432751105], [11.768138645564326, 42.118197760481806], [11.767737779572402, 42.11833744158511], [11.767534533348595, 42.11842462189383], [11.767362332860257, 42.11859105750448], [11.76723920130041, 42.118712451356444], [11.767121608016216, 42.11864815763631], [11.767391530306687, 42.11840026208996], [11.767590985193449, 42.118234569821205], [11.76769111410934, 42.11818222780003], [11.767766097198002, 42.11816402254077], [11.767804676599612, 42.11809542370115], [11.767822822197893, 42.11804511640999], [11.767805865174067, 42.11799528636026], [11.76778518278432, 42.117942430363385], [11.767890664748187, 42.1178612064736], [11.768032169208634, 42.11806844499673], [11.768230351901511, 42.11800434895659], [11.768427294103576, 42.11788795838999], [11.768549253300154, 42.11778977510427], [11.76864643896652, 42.11764152545505], [11.768660416535564, 42.117519962504], [11.76864956827272, 42.1174267563965], [11.76859970231937, 42.117410826797624], [11.76850539775515, 42.11742558988035], [11.767978639804152, 42.11758786132911], [11.768004116832065, 42.117623412916565], [11.767964739494243, 42.11763101942741], [11.767927244560076, 42.11752542839036], [11.76796829817806, 42.11756142344989], [11.768515085746893, 42.11738811858281], [11.76854418369141, 42.117352652400726], [11.76854250642136, 42.11730903826912], [11.768463561720148, 42.1172516501059], [11.768285593439842, 42.11714790823162], [11.768171045211783, 42.11710113592019], [11.76809662288743, 42.11710774604192], [11.768044540014333, 42.11713530372068], [11.767998928139509, 42.11718918917387], [11.767814399445182, 42.117291409215646], [11.767722206802329, 42.11734108778567], [11.76767885883842, 42.11742697232639], [11.767750956471206, 42.1175422329908], [11.76780704522991, 42.117665756187144], [11.767824217532391, 42.11778819077217], [11.76779430188888, 42.11783961248662], [11.767634147105804, 42.11794635353584], [11.767524697943788, 42.11789101043046], [11.767702410933174, 42.11770786164574], [11.767640315305924, 42.11754933166897], [11.767480397071779, 42.117382796676445], [11.767513738298605, 42.11727920955773], [11.767743235088892, 42.117181160083334], [11.768019012001451, 42.117000788396346], [11.768333659633043, 42.11688423097232], [11.768158924741645, 42.11673297661491], [11.767932939280728, 42.11648618794869], [11.76768655670867, 42.11636425232469], [11.767685291295694, 42.11611336684606], [11.767670014733891, 42.115862063108786], [11.767453782293376, 42.115699175602686], [11.767439678072343, 42.11564420027008], [11.767418667664046, 42.11556230964118], [11.76768335092015, 42.115324129695956], [11.767834397882414, 42.11483711346644], [11.768198822563761, 42.11429339600953], [11.768855014484789, 42.11408194618752], [11.769431927956608, 42.11377418003294], [11.769327796675022, 42.11361445265559], [11.76998723274571, 42.113063365254874], [11.769525170057882, 42.11276811585548], [11.769505113274539, 42.11261076508399], [11.769663482969934, 42.11253160041058], [11.770136877959418, 42.1128794327698], [11.770365309788156, 42.11280224504957], [11.770650480021434, 42.11160821924066], [11.770108081663276, 42.11123754594654], [11.770172604358665, 42.111072138953176], [11.770286816526923, 42.11103354521309], [11.770761810141584, 42.11135003815037], [11.771495542872982, 42.110440423225356], [11.771303107663263, 42.11036184187564], [11.77040718144322, 42.11059790963247], [11.76983665943519, 42.11078044640275], [11.76873810421999, 42.111690212012746], [11.768734401289647, 42.1117632804327], [11.768705524749688, 42.11205513637194], [11.768393024253587, 42.11212996134441], [11.768036170829362, 42.111973549743404], [11.76804626192275, 42.11177524727177], [11.768501828957257, 42.11136997504476], [11.769565222191076, 42.11060032438792], [11.770439483944436, 42.1102382119079], [11.771586537809679, 42.11003011893547], [11.77233093089076, 42.10946549157227], [11.772403719225121, 42.10941028449175], [11.772893515464595, 42.108940745711976], [11.769791386203908, 42.107224961004384], [11.775114790902917, 42.10149220442313], [11.77818299110925, 42.103082261692094], [11.778160707962991, 42.10313920343866], [11.78000483517626, 42.10128899378176], [11.780465308998249, 42.100849137409604], [11.781002249941043, 42.100282147507976], [11.781286006673238, 42.09999684987491], [11.782016368410355, 42.10039700429252], [11.782005313867943, 42.100570131556005], [11.782099214220244, 42.10031021810531], [11.782652712207907, 42.099870244613236], [11.782970976034438, 42.09989314716374], [11.782796049397314, 42.09984418496052], [11.78262954651144, 42.09978955897838], [11.782697544083353, 42.099737374903256], [11.782563184591453, 42.09967008340235], [11.782450050567787, 42.0996017381632], [11.782314734714095, 42.09953988183198], [11.781399139922208, 42.098703465588265], [11.780709947082226, 42.09806726345939], [11.780843859881983, 42.0979917194614], [11.780640195634234, 42.09780975810607], [11.780542171206207, 42.09787749653236], [11.780395331258884, 42.097741204723704], [11.780560423339823, 42.09751671624012], [11.780810429672723, 42.09771760177458], [11.781271890041042, 42.09817998702447], [11.781814244819822, 42.09867987682274], [11.7821319976904, 42.098944329488546], [11.782447974629275, 42.09924399591978], [11.782947088193822, 42.09872929528917], [11.783123543917439, 42.098513931737976], [11.783385329984268, 42.09824812220899], [11.782297946638908, 42.0973011492299], [11.780971474248163, 42.09614388642688], [11.78166695151722, 42.09538352633116], [11.783276784955142, 42.09678354654042], [11.783918135005706, 42.096186746498034], [11.783844457565479, 42.09613344726652], [11.78396406110786, 42.09603434483956], [11.784054735124547, 42.096053961683744], [11.784150884171266, 42.09596557133782], [11.784256238518477, 42.09587705105066], [11.784206714613077, 42.095767890267034], [11.783958275171564, 42.09554460279544], [11.783245350789679, 42.09496118633896], [11.783017797271853, 42.09478665039752], [11.782844264896465, 42.09460562124483], [11.783657078142785, 42.09404392760022], [11.785041945800264, 42.095131685475984], [11.785176594948325, 42.09523154873793], [11.785295837266622, 42.09521087384209], [11.785464457117218, 42.095063475444405], [11.785393385894205, 42.09498141630416], [11.785639554319019, 42.0947881288606], [11.78560068864435, 42.09470696516958], [11.785396195662036, 42.09450105540107], [11.785416212620044, 42.094317468146066], [11.785536681016998, 42.09427278627751], [11.785730831828326, 42.09447040721299], [11.78585474526836, 42.09456997666885], [11.785903616393078, 42.09454035018893], [11.785942757805168, 42.09452151984358], [11.78594576459665, 42.09446182907487], [11.78577339636931, 42.09419673117673], [11.785587054395561, 42.09391389857479], [11.785664582972396, 42.09386802905342], [11.78570791418439, 42.09386122190913], [11.785750021182578, 42.09387842053622], [11.78599097367313, 42.09421346599973], [11.786035510294662, 42.094182691221576], [11.786146027146199, 42.09412172554937], [11.78626892821435, 42.09402908845018], [11.786326603416004, 42.09395063207229], [11.78639423131718, 42.093888476782624], [11.786152509324813, 42.093759753458095], [11.785988273253519, 42.09362887145023], [11.785907696553606, 42.09352253258707], [11.785702945236796, 42.09334742995542], [11.785503780182232, 42.09322294583222], [11.785511047506684, 42.09307902466606], [11.785666519084712, 42.09297928959388], [11.785903794036983, 42.09296192432042], [11.786099356967846, 42.09291936445808], [11.786195112214626, 42.09293806279747], [11.786324898872133, 42.09313387144764], [11.786447609090525, 42.09325740865069], [11.786518262925965, 42.093347482224516], [11.786621119767164, 42.093438432863934], [11.786745428176191, 42.09353000576268], [11.786861845959493, 42.093565298174354], [11.787056207237637, 42.09354672391266], [11.787366150356831, 42.09357943175922], [11.788061581235826, 42.093638952082905], [11.788592426116674, 42.09376591498891], [11.788643911917033, 42.093964842652866], [11.788688242954478, 42.09420898131336], [11.788679756123008, 42.09437690831753], [11.788541709028262, 42.0944085947899], [11.788484609218598, 42.094411477369825], [11.788430539900347, 42.0944179559366], [11.787750513010119, 42.0944789756356], [11.787611558579373, 42.09456628703765], [11.78726910551036, 42.09464965576815], [11.786863883467577, 42.09543899740809], [11.786824413303552, 42.095582022645054], [11.78694038027961, 42.09575330508727], [11.787822375836367, 42.096034366053416], [11.788074420131988, 42.095937332700764], [11.789194234450163, 42.09461551399807], [11.788913407129492, 42.094431497198585], [11.788858076035128, 42.09403759222136], [11.789342141509346, 42.09402712740989], [11.789975173757949, 42.092555544342645], [11.790113211004511, 42.09237524348345], [11.79018203394064, 42.092289100664246], [11.789111485266407, 42.092211072186515], [11.789120755408728, 42.09202717294524], [11.790369038485746, 42.09199005295967], [11.790398158084182, 42.091838739422855], [11.79032159382996, 42.09165242880794], [11.79043293815972, 42.0915754866768], [11.790498438195364, 42.09153781788183], [11.789297022921978, 42.09023851050698], [11.787312071410055, 42.09167223262051], [11.78676359376849, 42.091256506246154], [11.788799136949288, 42.08967208385149], [11.788795685379673, 42.08952787020762], [11.787241964942917, 42.089444292501774], [11.78583269451137, 42.09054179568931], [11.784156186815705, 42.09182394744775], [11.783886932374928, 42.09204860970171], [11.783709203766564, 42.09216371103348], [11.783562035443271, 42.092311728936636], [11.78341688023621, 42.09241975060027], [11.783286931652148, 42.0924401304575], [11.783210607250867, 42.09246201290509], [11.783047640406792, 42.0924974684125], [11.782599227300132, 42.09265303561968], [11.782658327900577, 42.092758773249415], [11.782125267704721, 42.092925486410316], [11.781614856189995, 42.09309096417624], [11.781024707154055, 42.09329889351064], [11.780698456048322, 42.09348044561518], [11.780492280810059, 42.093617977227986], [11.779494896521772, 42.09454361312157], [11.779410869846373, 42.09471740954057], [11.779114693988008, 42.09483720106593], [11.778989977443205, 42.09475361575613], [11.778699966527087, 42.09485756123891], [11.777681396800599, 42.09523730382941], [11.776697305359258, 42.096526787505184], [11.776482976895553, 42.096833040591136], [11.776103296078055, 42.097258380611144], [11.775874256251585, 42.09733096642894], [11.775855012982682, 42.09744895042813], [11.775381722537245, 42.09763318061284], [11.772284285080467, 42.09989679358166], [11.7724238967219, 42.100019253643765], [11.77223106092281, 42.10016197997752], [11.771821474137974, 42.09987388034651], [11.773817949662183, 42.09840899656386], [11.773746047323076, 42.09825880348012], [11.774990519914944, 42.09733955647168], [11.775423178214965, 42.09728366077429], [11.775773359341967, 42.0970532968356], [11.775900317755731, 42.09688071422138], [11.776192471656364, 42.09662869984523], [11.776258928240841, 42.09654171846428], [11.776583151254247, 42.096023145776265], [11.777013622454941, 42.09557032868802], [11.777377486482505, 42.09523002159715], [11.777532352200323, 42.095105229351155], [11.77766063888848, 42.09501658375432], [11.778063694071207, 42.09488031935863], [11.778345363069203, 42.094751512789024], [11.778455891893323, 42.09469057312208], [11.778597418752197, 42.09465451797216], [11.778694835084064, 42.09463976407597], [11.778949523599335, 42.09449932642837], [11.779174007933607, 42.09430239346714], [11.779242847125449, 42.09421623694863], [11.779299328858562, 42.094161789050524], [11.77941108357222, 42.094076843595715], [11.779569395894155, 42.09392114668435], [11.779683585896969, 42.09378824474779], [11.779775885239484, 42.09366271570153], [11.779803825208703, 42.09353539049566], [11.779885414275261, 42.09340956806808], [11.779987661410532, 42.09330034066214], [11.780110149565898, 42.0932157061522], [11.780203679236442, 42.09306618978233], [11.78038020956393, 42.09297506115153], [11.78046968206643, 42.09290552021605], [11.780624347906986, 42.092821781718705], [11.780777391233709, 42.09277002732724], [11.78093166548716, 42.092694301940696], [11.782375079320653, 42.09219834225799], [11.782624708733804, 42.09214929378458], [11.782780576243075, 42.09204158499464], [11.782870877425985, 42.091956031141464], [11.783004486453216, 42.09186369057918], [11.783105080612273, 42.0917864445906], [11.783194570118045, 42.09171690022641], [11.783309536543928, 42.0915679858088], [11.783490111387321, 42.09139689678086], [11.783634847534076, 42.09129687031157], [11.783748605772146, 42.09117194283221], [11.783875949002192, 42.09099135606106], [11.784124122422694, 42.09075811378803], [11.784292731832513, 42.090610699321566], [11.784585854769238, 42.09033868588778], [11.784795659176336, 42.09029864076311], [11.784896167158239, 42.09024667985164], [11.784985300310613, 42.09017695903961], [11.785082304535836, 42.09008004600096], [11.785302407365743, 42.08999816094086], [11.785408136133706, 42.08992805470287], [11.785578134665766, 42.089806849139805], [11.785747325920516, 42.089649661925826], [11.78584576870235, 42.08951667536147], [11.78604067323814, 42.089394882938855], [11.786258036369052, 42.08926802555661], [11.786363741430032, 42.08917990005033], [11.786432096875957, 42.08910170098264], [11.786570101746445, 42.08902630845464], [11.786708956856131, 42.08890135802231], [11.78682207486625, 42.0888445709532], [11.786953866405776, 42.08878282991189], [11.78702646855975, 42.08874954722965], [11.78716547946864, 42.0887146485736], [11.787288136561372, 42.088702667149086], [11.787421573785226, 42.088712942526165], [11.787706204801772, 42.08874204135068], [11.787876095429368, 42.088773930942985], [11.788008023551244, 42.08878422251292], [11.788251673976145, 42.08879181718875], [11.788608079115722, 42.08885518842246], [11.788790739702096, 42.088850746183525], [11.789129734980369, 42.08887852018579], [11.789482220427688, 42.08886994599992], [11.789711177322333, 42.08888689413202], [11.79007847176101, 42.08892297776788], [11.790354099428583, 42.088970308022915], [11.790603146417737, 42.08894622845683], [11.790820034796575, 42.08898148793093], [11.791028018387536, 42.08898542582669], [11.791425268701419, 42.08899825613093], [11.791714998525524, 42.08902272173406], [11.791929239898431, 42.089049024609885], [11.792047652514865, 42.08905827086392], [11.792243679632405, 42.08906838722428], [11.792538331940774, 42.089101748908014], [11.792836672298826, 42.089098982991906], [11.793166500590132, 42.08907293033005], [11.793434941181815, 42.08902587214583], [11.793682558088072, 42.0889342827316], [11.793950997613383, 42.08888722246699], [11.794250828200425, 42.088780859570974], [11.794486302244376, 42.08865354532449], [11.794703148675213, 42.08856722161334], [11.794722547232007, 42.08853736232481], [11.794842484931419, 42.08835274655055], [11.795066658771912, 42.088127202493325], [11.795356854555653, 42.087891324998665], [11.795711818805918, 42.08766943356326], [11.79598074738389, 42.08753054813178], [11.796082511905572, 42.08746019735926], [11.796204308678544, 42.08731718942986], [11.79635028674784, 42.087326650597745], [11.796352594235891, 42.087497430850654], [11.79653964753217, 42.08768148507511], [11.796639257929673, 42.08764434702247], [11.796884272869827, 42.08755292404541], [11.797135366587558, 42.087332326139936], [11.797305280914342, 42.087207010566644], [11.79770885766575, 42.086990659537065], [11.798044729099935, 42.08692329875421], [11.798213184011866, 42.08680211222025], [11.798221767927908, 42.08676924097519], [11.798163032076209, 42.086537684113104], [11.798025984342798, 42.08632480261765], [11.797663274536632, 42.08637970533147], [11.797630319592553, 42.08616741936323], [11.79823715981293, 42.08602991079445], [11.79834716690605, 42.08622808868386], [11.798177402842498, 42.08628068061589], [11.798397990607599, 42.08674356526566], [11.79864680311727, 42.08669697302408], [11.798913373425583, 42.08665894772225], [11.799274671479912, 42.08652405150879], [11.799317288652027, 42.08645840622463], [11.799235465147436, 42.08635044655234], [11.799313745513283, 42.08631198166943], [11.79939161556867, 42.08628164153817], [11.799458192130517, 42.08625912001076], [11.799607002589521, 42.08626378634495], [11.79966232990024, 42.08628495449621], [11.799890462327776, 42.086180327411135], [11.79999634069643, 42.086096684289906], [11.800109642353204, 42.08604439859854], [11.80034279870421, 42.085804184744525], [11.800471992349367, 42.0856208238783], [11.800525367532806, 42.085427214889904], [11.800544019694753, 42.085273277198695], [11.800621583371488, 42.085099346816996], [11.800539377782114, 42.08502155205766], [11.800599020293227, 42.08494392572257], [11.800814279407179, 42.0849952321683], [11.800873922423238, 42.084917625491286], [11.800976880056776, 42.08478457069989], [11.800924834723293, 42.084711387821976], [11.800787517066961, 42.084620719827235], [11.800681272196883, 42.08461776385045], [11.799643930305615, 42.08519664244705], [11.799695795405082, 42.085273610786736], [11.799624170146041, 42.0853451479678], [11.799400749494948, 42.085233231197904], [11.79947468691773, 42.08506457362547], [11.800475123549495, 42.08447468278793], [11.800835360361265, 42.084468485239654], [11.801008153173328, 42.08428632729622], [11.801277704488008, 42.08413127656614], [11.801623942305088, 42.08397021992816], [11.801899641917618, 42.08369338574667], [11.801894861690295, 42.083571318734464], [11.802008267860332, 42.08348505655794], [11.802081785376783, 42.08332452146117], [11.80224161591777, 42.0831826625023], [11.802095652857826, 42.08304851569547], [11.802238199988414, 42.08281674474669], [11.802335010262173, 42.08284383296359], [11.802407159560607, 42.0829271467022], [11.802673063508593, 42.08284514290779], [11.802716753521379, 42.082626872290774], [11.802655485557338, 42.082543864638666], [11.802683784409172, 42.082414588100676], [11.8028395357892, 42.082353902963945], [11.802947771280909, 42.08215367739793], [11.803207030313635, 42.08198614816759], [11.803299872784185, 42.08187491736416], [11.8034975611596, 42.08184791573043], [11.803602514846832, 42.08171265388178], [11.803584414121694, 42.08163897366216], [11.80396737436266, 42.08139765273428], [11.804131269068943, 42.081174597903676], [11.804377013263469, 42.08105951633731], [11.804707705277009, 42.08120692157934], [11.80486060921348, 42.08120305194926], [11.805074475438516, 42.08107082242645], [11.805231323324337, 42.08120527012488], [11.805545246834988, 42.08103516459795], [11.805873737305332, 42.080792310761204], [11.805765767269568, 42.08055355227123], [11.805762618139784, 42.08039902146177], [11.805876833001214, 42.08029652412071], [11.805964369094848, 42.08029082322598], [11.806152965074999, 42.08066189114323], [11.806497123213193, 42.080541408680226], [11.80676544302284, 42.08041070160893], [11.80691803150508, 42.08019546251083], [11.806910716203548, 42.079906659255016], [11.80637225924625, 42.07976973135818], [11.806313830708287, 42.079629906655], [11.806634582221728, 42.07954129497711], [11.806874583386412, 42.07953984584141], [11.807218636617652, 42.07963885395852], [11.807310650324284, 42.07954387069379], [11.807162254121582, 42.07945844258049], [11.807198992409702, 42.079378164884886], [11.807374062466433, 42.079366778182724], [11.807397993926974, 42.079107307889345], [11.80734486210518, 42.078861952715215], [11.807280776361845, 42.07880269716615], [11.807240644220142, 42.07876557587387], [11.807385477351685, 42.07870458093791], [11.807478717829508, 42.07858524024005], [11.80751803114681, 42.078236775396114], [11.807531055981515, 42.0779770020254], [11.807559752502796, 42.0778395997424], [11.807743389016816, 42.07765773713077], [11.807769340704574, 42.07735768021144], [11.807768231441978, 42.0771625444232], [11.80781912451492, 42.07701764548439], [11.807637752154656, 42.0767199352968], [11.807322939394126, 42.076690849266136], [11.806818282275623, 42.076749956298336], [11.806779621737546, 42.07665132863955], [11.807715130237401, 42.0766097990834], [11.807602244039945, 42.07634095384786], [11.807537798696377, 42.07610339969746], [11.807460573427178, 42.075686672045904], [11.80732631714732, 42.07553660539834], [11.807336908909287, 42.075325543362624], [11.807256699736628, 42.07518510857296], [11.806891318417186, 42.075077382861664], [11.806633617262886, 42.074997026642244], [11.806648568106125, 42.07491615755586], [11.806481455584239, 42.07476923635449], [11.806258855903193, 42.07464110190179], [11.806105582691773, 42.07465309714669], [11.805708849012056, 42.074300621489506], [11.805412365676398, 42.07434112772301], [11.805185287504289, 42.07430229144027], [11.804856785086654, 42.07389478825201], [11.80534614314075, 42.07370521166644], [11.805864501003681, 42.073589580282835], [11.806150609909261, 42.07332114976727], [11.806168363018331, 42.07314045444651], [11.806172906063495, 42.07309416160273], [11.80608386880576, 42.07291283303926], [11.80620214048932, 42.072729161045004], [11.806481810103742, 42.072806047599045], [11.806786137404085, 42.072391802094224], [11.806806818986171, 42.07219727558077], [11.807177987373159, 42.071971872354524], [11.80734680418665, 42.071751182350134], [11.807458091863458, 42.07160572710326], [11.807476412645931, 42.071240420634474], [11.807362122187032, 42.07112750870453], [11.807461058472464, 42.07089451229415], [11.80769014758588, 42.070892757832915], [11.80781685730768, 42.070758083275564], [11.808133470612026, 42.07075064392098], [11.808307410648872, 42.07054411957187], [11.80836434941356, 42.07052327162044], [11.808451814125915, 42.07049124865099], [11.80862493235767, 42.07030095553501], [11.80920618120415, 42.070235852644394], [11.809461116323737, 42.070153529246596], [11.809387020911347, 42.06989133394795], [11.809261630075119, 42.06978216113631], [11.809302838280317, 42.06961258246147], [11.809523178273817, 42.06935045918016], [11.809317991622216, 42.06909274611349], [11.809960259754435, 42.06867976665402], [11.810233214607594, 42.06845567138015], [11.810273529830923, 42.068541330122535], [11.81002892278316, 42.068761613170906], [11.810064572453857, 42.0688610133368], [11.809535795811927, 42.0690771745459], [11.809787787641168, 42.06929279628031], [11.810028159837636, 42.0692832177577], [11.81020963083746, 42.06936143169676], [11.810336082044644, 42.06942114934844], [11.810916894939902, 42.06917993549851], [11.81065708212312, 42.06889263646918], [11.810480515541954, 42.068970976014825], [11.810426809391343, 42.068944757220976], [11.810743088260669, 42.06872592437973], [11.81093359171922, 42.06840606460981], [11.811045628138116, 42.0681287209227], [11.810960648965034, 42.067866220643374], [11.811184929093788, 42.067742393155584], [11.811703661760323, 42.067618630492575], [11.81189486793402, 42.06750201091343], [11.81187796517846, 42.067403977035504], [11.812404735373022, 42.06733733463668], [11.812537022027776, 42.067308491392055], [11.812731496259524, 42.06712692681198], [11.813058172915534, 42.06713601053705], [11.813330486021425, 42.066924096320825], [11.813392339979508, 42.06655999024173], [11.813313137397879, 42.0663992843236], [11.812140764821233, 42.06629351748477], [11.810863185323951, 42.06611165851054], [11.810661982100287, 42.065992265488276], [11.810717145926187, 42.06589737032878], [11.810871866212704, 42.065876628889875], [11.811555676379063, 42.06593502062366], [11.811885338806508, 42.065969245255914], [11.811902621234086, 42.06581580106599], [11.812185389702439, 42.06582723552614], [11.812187554690944, 42.06578433995952], [11.81197262517403, 42.06576046974073], [11.812007878625751, 42.06553592908784], [11.810883568620547, 42.06545095477519], [11.810895489248557, 42.06540475735069], [11.812369345886491, 42.06551017068285], [11.812434009924877, 42.0650824051039], [11.810855182916542, 42.064963317918206], [11.810852540572304, 42.0649202988543], [11.81245089800094, 42.06503276629039], [11.812506452886952, 42.06469065145634], [11.810932961875544, 42.064560976395995], [11.810950039757097, 42.06450775618087], [11.81262386494994, 42.06464738150368], [11.812671926761395, 42.064358749956526], [11.81089242839432, 42.064219778464754], [11.810898835456381, 42.06418773404953], [11.81266447675125, 42.06431559129945], [11.812718241052325, 42.06400922592894], [11.81087623846622, 42.063872082547086], [11.810882835008293, 42.06383647363574], [11.812753416870054, 42.06397798780353], [11.812797400721779, 42.063674923226095], [11.810955951329932, 42.063527070834], [11.810957927621455, 42.06348773884955], [11.812962246404563, 42.06364371306046], [11.812980405598555, 42.06356905378599], [11.813034410356503, 42.06354548652067], [11.813089306066795, 42.063504062999286], [11.813122040197182, 42.063329563963634], [11.811093933518576, 42.063169361297874], [11.811100340361813, 42.06313731597288], [11.81328172457351, 42.06330535920963], [11.813309827423957, 42.063223816230455], [11.813373067103068, 42.06320765796465], [11.8134258377981, 42.06311248791075], [11.813437438886975, 42.06297677676932], [11.811294235691346, 42.062813370305065], [11.811300995249022, 42.06277417950764], [11.813530179184335, 42.062947131248045], [11.813538536203357, 42.06287577422237], [11.813621686037147, 42.06284586592257], [11.813644591188309, 42.06286797063527], [11.813693084042894, 42.06285859218945], [11.813729855457664, 42.06279516879323], [11.813753726526576, 42.06260611360989], [11.812831069994248, 42.06252318123076], [11.811524766985825, 42.062429581886725], [11.811527096539166, 42.06238312242496], [11.813961195154441, 42.06258682133808], [11.813974357219212, 42.062515585918305], [11.81404737634563, 42.06249614347401], [11.814092492183965, 42.062458021310576], [11.814133955261845, 42.06220499915974], [11.811790283429143, 42.06201813770382], [11.811792423343226, 42.061975242736985], [11.814222428390472, 42.06216450357782], [11.814242888318091, 42.06204336548685], [11.814305965418644, 42.06203080657367], [11.814332253418888, 42.061984995543675], [11.814325530927878, 42.061927525694415], [11.814265512983296, 42.061879331777305], [11.814275863824443, 42.06176864132363], [11.812166444439873, 42.06160261447017], [11.81217320336957, 42.06156342363407], [11.814272842014887, 42.06173275134756], [11.814284091943426, 42.061604204449154], [11.814343229234712, 42.06157363225891], [11.814392799294493, 42.061542795933775], [11.814380563972025, 42.06149949636056], [11.814339915030379, 42.06144824526882], [11.814317549949353, 42.06141541185972], [11.814342817449381, 42.06129439620348], [11.812568374844343, 42.06115200676643], [11.812580456861182, 42.061102227330316], [11.813857800591785, 42.06119859121499], [11.814075557648595, 42.0611652517728], [11.81422316507991, 42.06109418328319], [11.814357645975003, 42.06099769018741], [11.81444408337847, 42.06090165740046], [11.814500634989061, 42.06073138681405], [11.814496437693862, 42.06052723376631], [11.81445527977457, 42.06039004994635], [11.814333140288806, 42.060239897273476], [11.814204054519037, 42.060132499869894], [11.814073371823163, 42.06005726842591], [11.8139082202143, 42.059998984346926], [11.813722993552302, 42.05995803006583], [11.813550899576285, 42.05994251786118], [11.813329582056516, 42.05995067705818], [11.81307719513416, 42.06000452523324], [11.812831175142643, 42.06012297033987], [11.812377780713172, 42.06045044528451], [11.811922526009885, 42.06081545462793], [11.811565423487789, 42.061138442664316], [11.81118091808758, 42.0615286794963], [11.810864618091063, 42.06189931794579], [11.810473915445804, 42.06241288618547], [11.81023272985426, 42.062817846955795], [11.809991405188848, 42.06332124282208], [11.809847551414638, 42.063700284733756], [11.809791457558907, 42.063861597617155], [11.809675830009647, 42.064252157282255], [11.809611129170802, 42.06477656425463], [11.80960119761555, 42.06497497683504], [11.809807214220719, 42.06498427847543], [11.80982979024165, 42.06539658968738], [11.809863614758893, 42.065583676545856], [11.809950319634552, 42.065770445648184], [11.809971395050505, 42.06592496059049], [11.80996402757675, 42.066071523652724], [11.810009445508456, 42.06621955794805], [11.81003008600797, 42.06625820692726], [11.809882794552644, 42.06641028245538], [11.809549616136247, 42.06644006152235], [11.80947352511599, 42.066216699651555], [11.809456903294963, 42.065851806569064], [11.809152383233602, 42.065309740148265], [11.809141285143742, 42.0648343850779], [11.80931348090067, 42.06383704836816], [11.809712928633019, 42.06283301884683], [11.81037417674606, 42.061829746049874], [11.811424436612977, 42.0607266733803], [11.812658616617432, 42.05978488412571], [11.813618109750461, 42.059447150767824], [11.814320578047713, 42.059362559270596], [11.815117225550624, 42.05948879696776], [11.815605835281984, 42.05984075568321], [11.81564126252157, 42.059749687340926], [11.815685972798216, 42.05963475357424], [11.815520091599959, 42.059460942685604], [11.815398211508217, 42.059106160361154], [11.81532027772418, 42.058570386446384], [11.81716884285875, 42.057905913461546], [11.817157925716218, 42.05777545771592], [11.817939172349995, 42.057510823502945], [11.81827241424018, 42.05712962447256], [11.81830107284047, 42.05714642225775], [11.818521987922715, 42.056876685854924], [11.818899682843538, 42.05639456079867], [11.819116932470381, 42.056143874313285], [11.81937825538834, 42.055755642581694], [11.819497769625688, 42.055412043600974], [11.819553221352797, 42.05503320439953], [11.819577611000947, 42.05486658394706], [11.819500884801743, 42.0543285325954], [11.819401386965987, 42.05385745526001], [11.819749998699463, 42.053229825391284], [11.820166723821101, 42.052145421015084], [11.820175505078224, 42.05158079394792], [11.820207117689966, 42.05121443941391], [11.820025317176876, 42.05082826891856], [11.820273859931898, 42.049999911587236], [11.820141894992288, 42.04953654923536], [11.819871003397543, 42.049268538691365], [11.819789162768364, 42.04902291726365], [11.819812378644752, 42.04862609749227], [11.820130353625203, 42.048150012225584], [11.820703142479982, 42.04736605647914], [11.821166786337228, 42.04715681380581], [11.821992534193905, 42.0466969081866], [11.82346346239415, 42.045762399059875], [11.824262264034267, 42.04528366448587], [11.82455784279654, 42.04536784440408], [11.825101464467195, 42.04529001385912], [11.825442619102326, 42.044831212459535], [11.825876744106182, 42.04451897307941], [11.826279169846485, 42.04451805641584], [11.82697430268063, 42.04348860418976], [11.82700167628134, 42.043000848734415], [11.827227569525835, 42.042680089280196], [11.827536479751071, 42.04176293881766], [11.827984610826734, 42.041108005585734], [11.828468250544173, 42.04040265944368], [11.828165627900031, 42.04031263131471], [11.828850132722899, 42.039697586110066], [11.829527286484854, 42.03975533574866], [11.830342354631137, 42.038942579418084], [11.83057841666822, 42.03886755454807], [11.83093153059237, 42.038608344773806], [11.831027374335415, 42.03840336424189], [11.831249825021523, 42.038252117708076], [11.831392053328619, 42.038021980518], [11.831763995075173, 42.03790545680574], [11.83218916300548, 42.037770891641465], [11.832502899952463, 42.037371838348584], [11.832681655292168, 42.0370792505294], [11.832726725526689, 42.03625863980974], [11.832847434117507, 42.03537314139725], [11.832758711397759, 42.03510966193192], [11.832899057126566, 42.03461540680272], [11.832895798869265, 42.03421925786375], [11.832869720059467, 42.033598519865876], [11.832474290174012, 42.03308728912748], [11.832108435732655, 42.03264024609928], [11.832342654261764, 42.032287751764414], [11.832388117528932, 42.032070495185586], [11.832362167355873, 42.03166016994389], [11.83278147914288, 42.03137914379823], [11.832828622417177, 42.031060022557774], [11.833040242120026, 42.03090837549204], [11.833147608365998, 42.030852808979745], [11.833696046817064, 42.0308679573529], [11.833887670550629, 42.03054756941416], [11.833888189852955, 42.030304404560646], [11.834129864325194, 42.03029472514283], [11.83435528105504, 42.02989213067196], [11.834700493575935, 42.02923519727072], [11.834993227494227, 42.02884073202176], [11.8352762341474, 42.02870315863857], [11.83547833334788, 42.02869816230328], [11.835455330599807, 42.02884282653448], [11.83506337615972, 42.02921272747956], [11.835023932277252, 42.02934427903368], [11.835223731951316, 42.029474416532594], [11.835372843783935, 42.02939869194817], [11.835532829359327, 42.02914258275418], [11.835686148758997, 42.02894067724399], [11.835987051568479, 42.02886569877689], [11.836189301731965, 42.02900027403155], [11.836029768770834, 42.029130295550225], [11.836024206039625, 42.02931054777565], [11.836171274826429, 42.02939245117202], [11.836391538094183, 42.029337482988204], [11.837105664600218, 42.02903164662325], [11.837506019702653, 42.029451538700506], [11.837903338955753, 42.02939914097973], [11.838287792339989, 42.02933558912755], [11.838755190976926, 42.02931042830527], [11.838874147968479, 42.02883928992075], [11.839212648942468, 42.0287865911153], [11.839548281587852, 42.02887387207037], [11.839689046394714, 42.029199613871796], [11.839894596797608, 42.02953689926505], [11.840273897171665, 42.02929993854198], [11.840414532044306, 42.02944053217918], [11.840406098863648, 42.029674875777424], [11.840535026875141, 42.029739238901136], [11.840677421844166, 42.029681673912336], [11.840849179417422, 42.029758457917794], [11.84100403746595, 42.029997774751834], [11.841470156675054, 42.03008978562002], [11.84171735898147, 42.030250255448244], [11.842019257561219, 42.030265293744705], [11.842395949251443, 42.03024954038908], [11.842578336154823, 42.03015688092707], [11.84292446253417, 42.03028337803439], [11.843862889494728, 42.030318650396936], [11.844103171005843, 42.030364830003045], [11.844569784518807, 42.03013902333994], [11.844990932008796, 42.030187114270674], [11.845842975646528, 42.03055320418508], [11.846150675998832, 42.0306311257815], [11.846914318244634, 42.030859806084734], [11.847089634370267, 42.03078835893008], [11.847508934912065, 42.030770626833565], [11.847815602188382, 42.030915609769494], [11.84842011683046, 42.030854194171035], [11.848796394558839, 42.03091330944917], [11.848928958445821, 42.031141272913224], [11.849367215557953, 42.03153371522559], [11.849981021263092, 42.03181391998717], [11.850268308956556, 42.03182181242034], [11.85080945839523, 42.03171963153351], [11.851185210393874, 42.0315251234374], [11.851235074728942, 42.031288293139404], [11.851788285816534, 42.03130155751542], [11.852239733063339, 42.03140290635224], [11.85240450064327, 42.03172441937042], [11.85250375695802, 42.03209778312161], [11.852983066401384, 42.032307452309645], [11.8538696672089, 42.03260058413167], [11.854317463375756, 42.03260295835131], [11.854450017755289, 42.03240479045485], [11.854775030243863, 42.03244295629227], [11.854708850864846, 42.03272399570981], [11.854886878374494, 42.032826423717644], [11.85550503091902, 42.033018942177634], [11.855731440274987, 42.03320070349228], [11.856280956564472, 42.03345962456033], [11.856606855896226, 42.03321495707632], [11.856460397723437, 42.0335328183351], [11.85674244705692, 42.03363222746639], [11.85694222862672, 42.0336767700083], [11.857110837577967, 42.03356451248497], [11.857498962676836, 42.03359986178569], [11.857815724552482, 42.03386214027704], [11.858138646743255, 42.03390811217884], [11.858273527091882, 42.033801193533215], [11.85898153029656, 42.03367998800908], [11.859320944550415, 42.034009216773256], [11.860049252765698, 42.034256728568636], [11.860624220884583, 42.03428290664428], [11.861551485429649, 42.0342867920736], [11.862162854266113, 42.03413195985104], [11.862569614952209, 42.03377509757119], [11.863178010138828, 42.03338618113461], [11.863520670935072, 42.03328723749315], [11.86387006523842, 42.033296864423455], [11.864554940699579, 42.032946549027415], [11.864849082565943, 42.03286515365813], [11.86512284447128, 42.032882382696606], [11.865328090091282, 42.032931754086896], [11.865660293303128, 42.033121420261864], [11.86600569277929, 42.033277152804594], [11.866139373495336, 42.03336174829407], [11.866645929861471, 42.03352918284612], [11.867441100751375, 42.03380197537713], [11.868292603506388, 42.03381670048615], [11.868778954915529, 42.03406880642558], [11.868914117529526, 42.03413886462354], [11.869412517835835, 42.0341083768039], [11.869872153611517, 42.03403835584354], [11.87015044452497, 42.033729701562955], [11.870392733361756, 42.03349400373977], [11.870754830775784, 42.03340390147289], [11.87107647803324, 42.03352190768535], [11.87141114272139, 42.03406287194438], [11.871894290788706, 42.03409579230128], [11.87277481165039, 42.033983681386765], [11.873843401539565, 42.03424214777929], [11.873931641742304, 42.03457617036526], [11.873044893669105, 42.034259388046564], [11.872868907139507, 42.03438138863492], [11.872588044298375, 42.03442962647502], [11.871638956991049, 42.03439659054569], [11.871470645048165, 42.034579186173886], [11.871339566068203, 42.03475356307535], [11.871259259639558, 42.03530039663804], [11.870954656629575, 42.035141428212896], [11.87088007804914, 42.035598061140654], [11.87151328728511, 42.03628012709218], [11.872403005347886, 42.03632088353923], [11.872782412581778, 42.034839004771435], [11.87300891778764, 42.03485584969248], [11.873020673867366, 42.035019512481014], [11.87290142762975, 42.03556996118131], [11.87267232237218, 42.03652182455592], [11.872806914361632, 42.03671081260599], [11.873154732041636, 42.03681782801974], [11.873788433514514, 42.036961906372454], [11.874539659978351, 42.03709134195617], [11.87586128329108, 42.03735978593718], [11.877613860529575, 42.037622086575745], [11.878709457789704, 42.03800885530748], [11.879449276579527, 42.03806220954858], [11.88000381166456, 42.03809791472766], [11.880706648777256, 42.037755039861004], [11.881279197425123, 42.037546285535605], [11.88198988526605, 42.037422159686614], [11.882488399780353, 42.03752668779133], [11.88300905072526, 42.037720732990856], [11.88333551559446, 42.03774848954924], [11.884327600091758, 42.0377852150848], [11.884786591922673, 42.03775867536712], [11.884789657380665, 42.037963573169726], [11.884825023314027, 42.03804255976209], [11.884861365033675, 42.03810208271179], [11.884957667536687, 42.038085975536056], [11.885306211535962, 42.0382303017287], [11.886266416759396, 42.038809482539385], [11.886862219710682, 42.03924476830722], [11.887372260643586, 42.03930396589098], [11.888642888526196, 42.03916841023148], [11.888622475681615, 42.038934772962556], [11.88875646168768, 42.03890889801254], [11.88881866783591, 42.03918198251853], [11.889046573064794, 42.039162741380586], [11.889261830635675, 42.03904085149613], [11.889594902574213, 42.03883373734772], [11.889686214031284, 42.038652465790335], [11.88995449668241, 42.03845544819096], [11.890011315327333, 42.03815409843883], [11.890221627263951, 42.0380524882007], [11.890501696278573, 42.038064131082706], [11.890828290291877, 42.038077717289035], [11.891252255993876, 42.03845108397404], [11.89167484500774, 42.038664234345944], [11.89169392287476, 42.03878532808975], [11.891842289508212, 42.038777086934516], [11.892136781671315, 42.03881645085764], [11.892375895553178, 42.03900823858372], [11.892714739044408, 42.039300274549944], [11.892988785245011, 42.03958081241938], [11.893316945693472, 42.03982378173639], [11.893648636925096, 42.04001477997158], [11.894312162088127, 42.040065334169014], [11.89495877918322, 42.0399462857369], [11.895579732539385, 42.03981679780136], [11.896389245667848, 42.039575372006816], [11.896991196589388, 42.03929905231722], [11.89734356737385, 42.03904522964084], [11.897595943284847, 42.03895154318833], [11.898253325042425, 42.03876383793911], [11.899056064266468, 42.038883122803384], [11.899708059129518, 42.038875638090815], [11.900776685608443, 42.038848612925015], [11.901389725945574, 42.03896368043596], [11.90177153582578, 42.039155213334965], [11.901989845359555, 42.03977558595493], [11.902611426635769, 42.04027455857969], [11.903081565845623, 42.04045177148103], [11.904024669301277, 42.040684544373576], [11.904888435221851, 42.04083376248793], [11.905986216766735, 42.040981563248806], [11.907326913374986, 42.04114119446712], [11.907634182719129, 42.04096182994608], [11.907733041868232, 42.04027199412218], [11.90859456180769, 42.04011396376285], [11.909176366795089, 42.04004066840279], [11.90969829656488, 42.04019817101487], [11.910145199423308, 42.04015169664268], [11.911257728259992, 42.03995182933327], [11.911640281071517, 42.04006516866049], [11.912173415857783, 42.040128297973425], [11.912631489751044, 42.040121126917946], [11.913015912307738, 42.040014426934526], [11.913193525795785, 42.03986665117686], [11.913512584201026, 42.03938126290907], [11.913882945350032, 42.039394038739616], [11.914530230106507, 42.039427441285206], [11.914842794902718, 42.03931143975117], [11.915257123976453, 42.03937248452745], [11.915485871468256, 42.0393896492929], [11.915734127794895, 42.039369819661665], [11.916322268132967, 42.03898172743475], [11.916667162823606, 42.0386106092046], [11.916874552961353, 42.03835475147847], [11.916894163833145, 42.03797296371966], [11.916727345504327, 42.03763686153371], [11.917501219070935, 42.037589383270216], [11.918515112953557, 42.0376601146767], [11.918930756859963, 42.03763603617249], [11.919708528330695, 42.03737561321914], [11.919923363923171, 42.03726855906152], [11.920142104831283, 42.036983819771876], [11.920397510982664, 42.03657658808133], [11.920588959114987, 42.03621353420884], [11.920635779927382, 42.03612475632896], [11.920721788283126, 42.03589293394645], [11.920922633865528, 42.03566268664266], [11.921402961532626, 42.03535326226323], [11.921786120443908, 42.03488423620396], [11.921908185902861, 42.034565937706034], [11.921973509872835, 42.034442697913576], [11.922221812188145, 42.03439135140919], [11.922705268579778, 42.03435439169418], [11.923091535450467, 42.034208696116366], [11.923649913397716, 42.03401886816224], [11.92425533400616, 42.033709138887815], [11.924581965560455, 42.03367321897094], [11.924703734437635, 42.033588706704066], [11.925211730094746, 42.03341009619815], [11.925518219816112, 42.03323990738907], [11.925771060659184, 42.03314915415433], [11.926009417567615, 42.03308726474902], [11.926296241959648, 42.03310469579656], [11.926428251463463, 42.03307897501003], [11.926789307681855, 42.03291308899399], [11.92725587438237, 42.03245742609385], [11.927619595326131, 42.03215093503646], [11.927741147380262, 42.03188520434236], [11.927931939886749, 42.031724491620935], [11.928129703334259, 42.03169078184302], [11.928231289980303, 42.0316625524007], [11.928284072433117, 42.031743681382544], [11.928535032106387, 42.0316918859834], [11.92866844137541, 42.03163693053067], [11.92931405301191, 42.03126406968965], [11.92972594847785, 42.03128217065978], [11.930421339382553, 42.03107914500948], [11.93089005712412, 42.031120946364794], [11.93150414587479, 42.03127274807909], [11.931987963956981, 42.03113081836006], [11.932168401431927, 42.03087753950062], [11.93233124923998, 42.03077431922652], [11.932669060691373, 42.03076568115929], [11.933177864654006, 42.03015832893461], [11.933510312974125, 42.02985263716343], [11.933675197947249, 42.029744862892905], [11.933844866857543, 42.02974052249258], [11.933882577961315, 42.029701528020496], [11.934305500914384, 42.02916403518875], [11.935166506992417, 42.028933449058115], [11.935569175197921, 42.028832570014735], [11.935707619669959, 42.02876530494604], [11.936136661496585, 42.0286237459827], [11.936337134817151, 42.028501537880125], [11.936593281925083, 42.028357099615846], [11.936895375327206, 42.02814955415388], [11.937329143780957, 42.028142945017244], [11.937909680072645, 42.0277993862019], [11.938397911239162, 42.02756624419611], [11.938598244490416, 42.02727744251087], [11.938842583117575, 42.02705954955689], [11.938985596151795, 42.02673359557616], [11.938966950445572, 42.02657703126562], [11.938892345693985, 42.02649702026587], [11.93884340211038, 42.02642743635744], [11.93878324624326, 42.02631854127927], [11.938891463144873, 42.02624339820357], [11.938981452351346, 42.02627506399793], [11.939112043272301, 42.02627854156295], [11.939193179625677, 42.026330148651645], [11.939536557009513, 42.026393385452565], [11.93981987826221, 42.02630056656212], [11.939916816141446, 42.02599641213683], [11.939854099827793, 42.02580090196203], [11.939847130866799, 42.02567391741539], [11.939968839761304, 42.025589390568506], [11.94015401632664, 42.025545562680215], [11.940226628164961, 42.025610242766895], [11.940378991896376, 42.025754930602226], [11.940659455037352, 42.025747738550635], [11.940706052305675, 42.02553041187288], [11.940969889136488, 42.025194957091315], [11.9407963253907, 42.02516338993238], [11.940635601876467, 42.02523054886531], [11.940439846814384, 42.0252085492541], [11.94067421116461, 42.024954889326146], [11.941207901275764, 42.024644033053306], [11.941721951492964, 42.02441471661633], [11.942064770638906, 42.024351883975584], [11.942209628294323, 42.024285130988986], [11.942253511355092, 42.024139928969824], [11.941972296214733, 42.02401656794329], [11.942528711629034, 42.0236420858177], [11.942875124676299, 42.02336302670084], [11.94326659292883, 42.02325842420212], [11.943261617269272, 42.023510702577255], [11.943381983442451, 42.02366520760258], [11.943741050415671, 42.0236109727549], [11.944014598536734, 42.02348687558359], [11.943951480775524, 42.023312882806195], [11.943736952483045, 42.02317881334948], [11.943773674896846, 42.02299325862892], [11.944021825056597, 42.0227932739316], [11.944294836919587, 42.02267370876808], [11.944466211002254, 42.02272332863723], [11.944371956987025, 42.02285632384614], [11.944409441168851, 42.02298143681759], [11.944719798170429, 42.02300048713417], [11.944957015870447, 42.02297189507356], [11.945148543927855, 42.022885921078164], [11.945113658004955, 42.02262116543605], [11.945022607421423, 42.02252894709075], [11.944848739924886, 42.02242533637741], [11.944995619347146, 42.02230450739707], [11.945257645597605, 42.02225724078646], [11.945213771372268, 42.02240246262847], [11.945264317046869, 42.02250022104237], [11.945444604716261, 42.02251360972201], [11.945588884265662, 42.02240182872629], [11.945556942938616, 42.02224955403678], [11.945374958526841, 42.02205161500341], [11.945663410413175, 42.021891113238574], [11.945946635113113, 42.02178028002358], [11.946076892986008, 42.02200206669196], [11.946323145859568, 42.022103815936426], [11.946551393399004, 42.0220123953688], [11.946563113094092, 42.02184099923671], [11.946410577528965, 42.02161076838381], [11.946614816677322, 42.02145694484592], [11.946773837779189, 42.021353783588026], [11.946868475762175, 42.02149094517845], [11.946982701385627, 42.02152852976375], [11.947175692742412, 42.02152357042798], [11.947552343521382, 42.021311276776636], [11.948014123183185, 42.02125888869978], [11.948586535751836, 42.02106856020803], [11.949140438700196, 42.020919241662654], [11.949360237330735, 42.02087307049597], [11.949538156438543, 42.020868494801945], [11.949862264944946, 42.02076108334607], [11.950580777232542, 42.02040041085348], [11.95125014360215, 42.020104017326815], [11.951932007240625, 42.019735261517134], [11.952468702117375, 42.019442275724266], [11.952906264389002, 42.01916480587355], [11.953096954781868, 42.01900405417222], [11.953449370948055, 42.018746128966356], [11.95386887630493, 42.018514711102405], [11.954368111724275, 42.0181956624431], [11.954750890651665, 42.01788863183917], [11.955052560460711, 42.0177490106208], [11.955377547751377, 42.01751378910731], [11.955458678919758, 42.01745742117022], [11.955852739113588, 42.01715332371904], [11.95614423552314, 42.01674956484947], [11.95632242769645, 42.016555858698595], [11.95652490396278, 42.01629387694655], [11.956588740896798, 42.01621130442917], [11.956419067525438, 42.01596133232907], [11.956531417392396, 42.01579850055998], [11.956721188819007, 42.01565722267756], [11.957001864863345, 42.01552813447722], [11.957423378377907, 42.015461272940904], [11.957855647836126, 42.015443485528515], [11.958325677152123, 42.015455946826926], [11.95855121093993, 42.01557985505444], [11.958725346250608, 42.015846952346834], [11.959178393340382, 42.015937380927134], [11.95957354813851, 42.01587919646591], [11.959934612667086, 42.01598540379667], [11.96042129137435, 42.01592118454589], [11.961043297619122, 42.01576210080028], [11.96164581712631, 42.01543694269345], [11.96246656843936, 42.01508703779305], [11.963168762789627, 42.014735708302], [11.963893192053678, 42.01426222465357], [11.964911456366739, 42.01325882071135], [11.965895917627138, 42.012242781091736], [11.96676273953459, 42.01114873866522], [11.96725111540249, 42.01063180229873], [11.96765482073223, 42.010387224199555], [11.96800575122386, 42.009900860806084], [11.968431683879961, 42.009209941349354], [11.96893169992359, 42.00860264010902], [11.969341030641269, 42.00799318462436], [11.96966052476119, 42.007480630138126], [11.970043590095571, 42.006939389859504], [11.97030501664895, 42.00645983630909], [11.970745063526406, 42.00589461888637], [11.97132485206629, 42.00499257059163], [11.971555687507301, 42.00450480672873], [11.971853169111416, 42.003844221368475], [11.972412855772628, 42.00283463285151], [11.97259403880039, 42.00217254064317], [11.97280965500201, 42.0016986884302], [11.97321715009266, 42.001116285464455], [11.97386103330653, 42.00039267661166], [11.974477318645983, 41.99985437402328], [11.975444238061261, 41.999149396933035], [11.975851215261065, 41.99878312995472], [11.976358343173619, 41.99828368815142], [11.976768873095851, 41.99799386338333], [11.977131046225232, 41.99799346281157], [11.977291562920351, 41.99790825755031], [11.978047010060369, 41.99744288077471], [11.978806717803712, 41.996923349802074], [11.979202106693469, 41.99666544736681], [11.979661474338156, 41.99646890111841], [11.97995776468089, 41.99644768438133], [11.9804881713565, 41.99664103394028], [11.98120586028913, 41.99648280511036], [11.981786248938164, 41.9963731602143], [11.982583918987489, 41.996311881854396], [11.983436811057606, 41.9961726427957], [11.984151514165521, 41.99606399200352], [11.986237308948152, 41.99574855105743], [11.986863049300892, 41.995786275773426], [11.988640134732238, 41.99553286790411], [11.990349104536236, 41.995308210213985], [11.991967933110642, 41.995027358098504], [11.994146927560227, 41.99441667292687], [11.995980043443618, 41.99412115285061], [11.997122011125724, 41.9938571835807], [11.998484058874554, 41.99352439389091], [12.000521591630157, 41.993052362170495], [12.003489470247303, 41.992069651452105], [12.005444006304018, 41.991343054846965], [12.005545622469587, 41.99095316583003], [12.005781257375835, 41.99119914187575], [12.006424210606157, 41.99121830794361], [12.007381205550265, 41.99173803841191], [12.007442101912702, 41.99189403546808], [12.007633908359876, 41.99120909190788], [12.008016002507096, 41.991104533181236], [12.009011672336843, 41.990731709288525], [12.010055421215496, 41.990339594361025], [12.01123603740114, 41.99003395277496], [12.012337212099563, 41.98956377378567], [12.013461808828344, 41.989110985909115], [12.014751775821129, 41.98858178488197], [12.015977645415964, 41.98794169874265], [12.016941971276161, 41.98740303586955], [12.017822431422145, 41.98689359041525], [12.018717278848378, 41.986401759485325], [12.019193776814136, 41.98602901005421], [12.0193584356469, 41.985682487145944], [12.019499821018915, 41.98535455860863], [12.019757821326351, 41.985194691184994], [12.020192223820484, 41.98519225216791], [12.0209092302922, 41.98505629429677], [12.02119344904908, 41.984940751784805], [12.02147500104157, 41.984753221547805], [12.021899524240068, 41.984525905971196], [12.022567222442555, 41.98440025576666], [12.02327080164787, 41.98421961744014], [12.023977794115936, 41.98384077236092], [12.024516546451316, 41.98349336034301], [12.025592221429372, 41.98274457550421], [12.026418448070128, 41.98212841998984], [12.027429664300106, 41.981309282304245], [12.028131696766364, 41.980588335525], [12.029199926502601, 41.97970012069174], [12.030174149269202, 41.97885039741797], [12.030818302848017, 41.978198502668604], [12.031440360621202, 41.977605724944375], [12.032038425410681, 41.976968560343806], [12.03277257946547, 41.9761791977975], [12.033573582401866, 41.97542758796625], [12.034053218626537, 41.97493861513078], [12.034104814943811, 41.97489263591544], [12.034563360682313, 41.97448385595274], [12.034712902385936, 41.97428178604228], [12.03494997734443, 41.97396934360958], [12.035140854598268, 41.97371664270431], [12.035948622917383, 41.972668663700496], [12.036574411792646, 41.97188664608175], [12.036925695328243, 41.97135010244389], [12.037114421994477, 41.9710618795281], [12.037633524948896, 41.97033670057994], [12.038496511505413, 41.968945051978125], [12.039013579396608, 41.96840003423226], [12.039484936238333, 41.96789226134714], [12.039725556417222, 41.967354565760715], [12.040099997478363, 41.96663322821847], [12.040657397279038, 41.965668389227986], [12.041044391131388, 41.964942215824614], [12.043084248397166, 41.96191636532449], [12.044207046097348, 41.96223602578608], [12.044583250858556, 41.961928244990986], [12.044797779151004, 41.96176217126719], [12.044963612144683, 41.9616548945032], [12.04502498135128, 41.961570678949585], [12.045247806623564, 41.96147345256801], [12.0458589242497, 41.960931457165564], [12.046399575816267, 41.96042198342084], [12.046943186443071, 41.95984822749801], [12.0474497917491, 41.95932928895125], [12.048000312771629, 41.958605551917984], [12.048380249492672, 41.958091929323], [12.048613545491275, 41.95776759015045], [12.049348846024868, 41.957022853644766], [12.049786154043002, 41.956510706301316], [12.04957007877088, 41.95621341700133], [12.04908469386723, 41.955527374442205], [12.049015034483803, 41.9555427449668], [12.048982580942313, 41.95549899503425], [12.049148392970425, 41.95539173083781], [12.049370399945554, 41.95531163388401], [12.049732106700954, 41.95519222768297], [12.049764559673738, 41.95523595850626], [12.049365670620398, 41.95541446762389], [12.04928295662767, 41.95546382580922], [12.049348648131994, 41.95553415301704], [12.049278608591969, 41.955558091608125], [12.049395340112332, 41.95576702605295], [12.04988726032175, 41.956062826960746], [12.050466243208927, 41.95621500269995], [12.051212640223545, 41.95622561740586], [12.051791510108403, 41.956131097374715], [12.05257805380672, 41.955893906992664], [12.053016729972686, 41.955724988294286], [12.053281675331538, 41.955585921971995], [12.05332619323092, 41.95549268863269], [12.053309556982875, 41.95535497568854], [12.053169043617174, 41.95516259530229], [12.053239489785343, 41.95513008662068], [12.053386718008655, 41.95530117239718], [12.053469228790707, 41.95538052943617], [12.053448457267686, 41.95545721462176], [12.053503867116154, 41.955501532762874], [12.053636251497617, 41.9554963488414], [12.053961537537486, 41.955418914725364], [12.054039292718558, 41.955352258033415], [12.053978548913465, 41.95529922899527], [12.05392335074475, 41.9552506080887], [12.0539288840775, 41.95513061919463], [12.054024049892048, 41.95506014176584], [12.054541156553274, 41.95493398203078], [12.054632388507873, 41.95494920213084], [12.054693350827282, 41.95499796456657], [12.054719849801717, 41.955045837398586], [12.054799008167596, 41.955073607279914], [12.05501250143452, 41.955053350671406], [12.055374411385673, 41.95492964285163], [12.056246468459529, 41.954580930730096], [12.056747874949338, 41.95442218464746], [12.057121825887936, 41.95428590316577], [12.057234014917475, 41.95422015287089], [12.057313144225706, 41.954247919989164], [12.057443954670708, 41.95427700391062], [12.057589767280943, 41.954229278194205], [12.058681456907646, 41.953851842651915], [12.059143440303572, 41.95367491993299], [12.059518381593136, 41.95351721112263], [12.059688336591764, 41.953444347819904], [12.059756991541988, 41.95345040966375], [12.059909852065939, 41.953499373567595], [12.060059850431402, 41.95348605780967], [12.060254117853955, 41.95338377384545], [12.06050815482288, 41.953231555853534], [12.0605845521028, 41.95331931526864], [12.060662517830357, 41.95337278539845], [12.060917367630914, 41.95332784457041], [12.061152615356788, 41.95320945268311], [12.061365286277319, 41.953081906466416], [12.061474517032648, 41.953080411292], [12.061529661185938, 41.953071083204854], [12.061717785501347, 41.95300674902271], [12.061987424822155, 41.952895128017836], [12.063034088147216, 41.95256636181579], [12.063413470518624, 41.952368648709765], [12.064082551242226, 41.952198107161976], [12.06453204460717, 41.95191329259702], [12.064753769925169, 41.9518928907186], [12.064902375443387, 41.951912895960334], [12.065092745633885, 41.95179923695238], [12.065238884094674, 41.95149679702759], [12.065442073682382, 41.951679779842316], [12.065654328661406, 41.95166545668206], [12.065895260453578, 41.95160247165543], [12.066710100232866, 41.951196727947874], [12.066851168852667, 41.95094539816542], [12.067095336809661, 41.951099801657115], [12.067667170160137, 41.951013541511394], [12.067690574470815, 41.950808827209606], [12.06788690014946, 41.95085335359058], [12.06819109066771, 41.95056481310481], [12.068297579944755, 41.950261346046304], [12.068173177676844, 41.95009024171207], [12.067749141303274, 41.950109034189076], [12.068196351297283, 41.949873545535866], [12.068692305981962, 41.9497281914925], [12.068456003278238, 41.94997895438408], [12.068565825387635, 41.95017929260904], [12.069013123183598, 41.95023023357535], [12.06937114008897, 41.95020975487813], [12.069657119873513, 41.950029386565696], [12.069733123368472, 41.94981404095089], [12.06973256594315, 41.94953746898931], [12.069601844163923, 41.949504487472026], [12.069284831662761, 41.94949639073961], [12.070026246863284, 41.94918939495789], [12.07070892494652, 41.94900928535416], [12.070798672196892, 41.94907084239229], [12.070552791867325, 41.94924234057937], [12.07077788080629, 41.94952464930899], [12.071143672108438, 41.94962289427984], [12.071398701397918, 41.949540505481444], [12.071431453813078, 41.94940305959163], [12.071533868310587, 41.94918837261949], [12.071654422580412, 41.94913269182667], [12.072101278691704, 41.948926301001556], [12.072317249552327, 41.94911947815221], [12.07284730440523, 41.948807058471466], [12.07327902769907, 41.94862052543603], [12.073996706098956, 41.94825363038923], [12.075846926196562, 41.94741185502322], [12.076667999467704, 41.94709696293694], [12.076912511269676, 41.94695503409292], [12.077020422924342, 41.946908393191784], [12.077101944317194, 41.94686109492458], [12.077416108925839, 41.946641920797084], [12.077729366408462, 41.9464424846704], [12.078016208367956, 41.94624237420568], [12.078205199291043, 41.9461582942438], [12.078492501153963, 41.9459483021901], [12.078912319628628, 41.945731821294764], [12.079196446690261, 41.94559089009585], [12.079688617154448, 41.945237979114694], [12.080064155128309, 41.944832684377566], [12.08036870093586, 41.94453425405249], [12.080487774487901, 41.944428679924954], [12.080671899747212, 41.94426540295686], [12.080914591360386, 41.944162927344635], [12.081194221968115, 41.944120651256114], [12.081396846953782, 41.94402705220242], [12.081925913251649, 41.94373431479293], [12.081976982130433, 41.94369705274982], [12.082226837922994, 41.94351478268974], [12.08286832846891, 41.9430767525933], [12.083360898268412, 41.942713948069304], [12.083659977580778, 41.94252858040845], [12.083728311596296, 41.942486223803996], [12.083934069015932, 41.942323560503525], [12.084209929091973, 41.94207374930907], [12.084742106338862, 41.94171195777979], [12.085420018280029, 41.941343957454194], [12.085921290153275, 41.94108013069385], [12.086292724499632, 41.94076361711212], [12.086362361994736, 41.94068636776939], [12.086459312513874, 41.94059007019454], [12.08697625388814, 41.94006822549294], [12.08738760360908, 41.939660340253425], [12.087972001770227, 41.93912643908908], [12.088269412606715, 41.93882432572557], [12.089493303611373, 41.93788339262096], [12.08990013547148, 41.93759778309948], [12.090513848944344, 41.93705443157529], [12.09062683420518, 41.936878707158215], [12.090819181088756, 41.93649397245867], [12.091107730321157, 41.93615623575474], [12.091431233765334, 41.93592327193495], [12.091775177888525, 41.93578728062146], [12.092006106496784, 41.93573376997082], [12.092039470910318, 41.93576429659949], [12.092027363566253, 41.93581222433898], [12.092302494297769, 41.9358785598172], [12.092670475767585, 41.93586933993435], [12.092856073492854, 41.935829515827464], [12.093227575860748, 41.93574246324544], [12.093854325019693, 41.935504191310685], [12.094330609505937, 41.93529734485056], [12.09465143093113, 41.935123663531044], [12.094851651923593, 41.93498032775168], [12.095052452285406, 41.934824010992195], [12.095074500727131, 41.93477634963283], [12.09509088621008, 41.934743355888024], [12.095200377608665, 41.93473872295557], [12.095324229856063, 41.93474556155133], [12.095567258275555, 41.934644115878825], [12.09568626179381, 41.934539523971516], [12.095699698321372, 41.934461959404594], [12.09577185099849, 41.9344044257703], [12.095882505546381, 41.93437383079742], [12.09595694320583, 41.93437571300484], [12.096019583167347, 41.93441810085202], [12.096168075094068, 41.9344292894909], [12.096262512320282, 41.93442797600684], [12.09637648186897, 41.934388309144616], [12.097068449224002, 41.93405746555611], [12.097520751672706, 41.93403520114413], [12.097908507114898, 41.93394387630672], [12.09865139648737, 41.933816566451085], [12.098796185173995, 41.933775289314866], [12.0989339484172, 41.933722584894326], [12.099161629698784, 41.933677776529805], [12.099406639534656, 41.93358283502239], [12.099538166230472, 41.933501875713205], [12.099671988330021, 41.933370414383255], [12.09971821059994, 41.93318055108855], [12.099814232349297, 41.9333852350926], [12.10009475691958, 41.9333361385889], [12.100286543768085, 41.93317509618019], [12.100488348153089, 41.933115733112835], [12.100577084244883, 41.93298312814841], [12.100595568298637, 41.93307349607186], [12.10069475285101, 41.93304228435475], [12.100728868201895, 41.93295324217937], [12.100789231465017, 41.93294915743127], [12.10087581915975, 41.93303001359214], [12.101065165016072, 41.93300108395995], [12.101251337188614, 41.93287656072466], [12.101422616527618, 41.93291458739393], [12.101692809145542, 41.93292703420107], [12.101876438276134, 41.93285862528444], [12.102015961807039, 41.93277713442273], [12.10265216235368, 41.93267033244086], [12.102768033563727, 41.932768781315126], [12.103435279095697, 41.93265077100709], [12.103547851111216, 41.93282217597963], [12.103835887083012, 41.93277327325295], [12.104237377266381, 41.93271036352294], [12.105009595758109, 41.932519254403246], [12.10514734371175, 41.93255746449784], [12.105289638686182, 41.932699956567696], [12.10585002883086, 41.93305441464541], [12.106501994121478, 41.933029179686244], [12.106887758046273, 41.93292779068936], [12.107581361569062, 41.93259802022004], [12.107754675826975, 41.93267183522616], [12.108152430335236, 41.93271658898107], [12.108768489989924, 41.93266265854155], [12.109268826491409, 41.93249469492782], [12.109684025055504, 41.93235930142567], [12.110033269603234, 41.932243086609745], [12.110157447810586, 41.932169821271465], [12.111152606306902, 41.931750391394], [12.111378912741161, 41.931679703056695], [12.11159125140319, 41.9317128203604], [12.112118829894166, 41.93155941267504], [12.112622900088788, 41.93130819322257], [12.112959717246591, 41.93126109761112], [12.113177684302507, 41.93116935063649], [12.11389441292268, 41.93094429500847], [12.114297809433024, 41.930864164810515], [12.114663098637726, 41.93080389806574], [12.115417289089251, 41.93057283671609], [12.116784459564787, 41.93014882390635], [12.11726899075801, 41.929917903350464], [12.117621017836246, 41.929739234273], [12.117905247637438, 41.92962136843781], [12.118255094985367, 41.9294912431894], [12.118660955401907, 41.92935559208252], [12.119643054918566, 41.92881073667379], [12.120409608870638, 41.92851049755856], [12.121062841782985, 41.928249078814524], [12.121842054449353, 41.927808689678585], [12.12273426777976, 41.92731162393442], [12.123211405726593, 41.92704801472571], [12.123591457890964, 41.92683802281585], [12.124140907201143, 41.92660692931875], [12.124609315542429, 41.926414077331415], [12.127831233996668, 41.924565925875015], [12.129066878447786, 41.92373828480504], [12.12941050423844, 41.92357349343283], [12.13010358647613, 41.923173389879466], [12.130845529460967, 41.922722300438], [12.131601422315585, 41.92221938876632], [12.132575145391227, 41.92153057756148], [12.133150759459262, 41.92115360038226], [12.133786831540965, 41.92072594822137], [12.134148493593914, 41.920447982554236], [12.134867684026194, 41.91998327040261], [12.135334356532256, 41.919699222667006], [12.135667681974002, 41.919533606358996], [12.136204898135874, 41.919233925179654], [12.13681649799119, 41.91883172967018], [12.137684134348737, 41.91817067421262], [12.138115897510739, 41.91788574470532], [12.138535257171798, 41.91761789924867], [12.1387162412397, 41.917474570675225], [12.13887167452752, 41.917382770629104], [12.139073974939947, 41.91728345350751], [12.139324721701321, 41.91714186751158], [12.13955282661381, 41.91698664341168], [12.139852796296195, 41.91678541221305], [12.14018686982254, 41.916602388407064], [12.140475991529202, 41.91638348871493], [12.14073837744092, 41.91624217085949], [12.140979442346739, 41.91605684091542], [12.141358853680844, 41.91564015833123], [12.14168867900656, 41.915291797038215], [12.141845036814212, 41.91517827834148], [12.142025250412244, 41.91505230274555], [12.142208571929187, 41.914856842181514], [12.142694923061917, 41.9143906197512], [12.143239047199371, 41.913934541726306], [12.143902486823967, 41.9134118414498], [12.144194505943355, 41.913127767946534], [12.144427783596425, 41.91285526465528], [12.144563813902064, 41.91267601485459], [12.14474903467321, 41.91243710152409], [12.14507733214963, 41.912191000926235], [12.145458422969721, 41.911976243838204], [12.145785285049534, 41.911696061201816], [12.146234893054508, 41.91122673763476], [12.146714946413288, 41.9107154507616], [12.146974722476884, 41.910337495205304], [12.147243517134982, 41.9100772344213], [12.147497556360408, 41.90982728101978], [12.147838687293861, 41.90954743951708], [12.148165991324806, 41.90925659642636], [12.148391985546613, 41.90899525710224], [12.148631804375306, 41.908721882296774], [12.148812483619784, 41.908446385886315], [12.149046584340823, 41.90830328066061], [12.149640335013014, 41.907594748869336], [12.150006402155848, 41.907204961880474], [12.150801978939644, 41.90634671572893], [12.151438963515423, 41.90577488403625], [12.151902558662636, 41.90517260653559], [12.153339875978693, 41.90349754746508], [12.154293214176498, 41.90248953703462], [12.155233705986593, 41.90137671232323], [12.156552805569547, 41.89999904538172], [12.157270000225902, 41.89915176360907], [12.157920295779821, 41.898509022630925], [12.158215843536954, 41.898233983996334], [12.158343933132672, 41.898007742327884], [12.15870491703405, 41.89749901904933], [12.159320729233436, 41.89667878620645], [12.160235791236465, 41.89574180898998], [12.160392619590093, 41.89559297207033], [12.160889649608226, 41.89495401234407], [12.161254178308194, 41.894486310770176], [12.161676442328341, 41.894005731425125], [12.16199649951345, 41.89371392323318], [12.162315139687228, 41.89345398616417], [12.162588834603927, 41.89305263377596], [12.162955730807836, 41.89266632290224], [12.16346883682695, 41.89206045731564], [12.16386734373879, 41.891537828075485], [12.164148410417859, 41.89116216171806], [12.164302449868723, 41.8909587124298], [12.16475418275628, 41.89038957546117], [12.165133791395649, 41.88990794574549], [12.165267948054543, 41.889767767665006], [12.165527201059168, 41.8894999623204], [12.165689318833435, 41.88930628419913], [12.165765646044253, 41.8891232365355], [12.165820433937572, 41.88904170237495], [12.165891437274675, 41.88897967383072], [12.166139754577266, 41.88876581906607], [12.166322575028852, 41.88848973813653], [12.166469045535996, 41.88826379240713], [12.166612163493799, 41.88811427454296], [12.16678961025003, 41.88795923330306], [12.166925334441054, 41.88778402340593], [12.166998140046495, 41.887680615351016], [12.167142641683228, 41.8874992436882], [12.167286587542435, 41.887330631537196], [12.167419764316552, 41.887212756307356], [12.167637784734719, 41.88691203993975], [12.167835175148886, 41.88658347287133], [12.168098131715977, 41.8861863491519], [12.168330511266465, 41.88592606783815], [12.168499576937487, 41.88571008039191], [12.16866538242966, 41.88556742042978], [12.16884711172531, 41.88534256366332], [12.168992871069044, 41.8850984859177], [12.169132544149154, 41.88499186424608], [12.169332996977502, 41.88462071743981], [12.169747887773148, 41.88411725681269], [12.170315514855547, 41.88348914395878], [12.170695625522875, 41.882938966781], [12.170970009138918, 41.88256046162134], [12.171100867495298, 41.882375645632024], [12.171229094382932, 41.882250377974266], [12.17137604277144, 41.88197880347152], [12.171530011416003, 41.8818266543931], [12.171645571930464, 41.88171025727396], [12.1717659796524, 41.88148390055283], [12.17195092023786, 41.88118575024085], [12.172076900809044, 41.881110894385685], [12.172256169872934, 41.880941021119526], [12.172466440765897, 41.880625146795744], [12.172686092948624, 41.880373710597325], [12.172830619632418, 41.880157123855064], [12.172984964818557, 41.87999579589296], [12.173180127847775, 41.87974376268824], [12.17331338194859, 41.87950395437519], [12.17347339199356, 41.87921436635094], [12.173626938890175, 41.879071373766756], [12.173706134508668, 41.8789449147585], [12.173760792900948, 41.878817826906634], [12.173766458984234, 41.87868954852595], [12.173818323567033, 41.8786266064054], [12.173933874362906, 41.87851020726672], [12.174063895824746, 41.878343706309195], [12.174156959062769, 41.878180881600194], [12.174300248744615, 41.87799178901311], [12.174417434278714, 41.87783871675054], [12.17454926243606, 41.87763100005572], [12.17474400111527, 41.877388123566746], [12.174933489252481, 41.87718578189192], [12.175389977813378, 41.87660529515606], [12.175942087519896, 41.87584962727458], [12.176342548641623, 41.87514282361067], [12.1768976516299, 41.87451873173853], [12.177387978656428, 41.87387193844045], [12.177670531091048, 41.87352729251974], [12.177958147744125, 41.87299973776131], [12.17818950752451, 41.8725016626463], [12.178328300773764, 41.87222536392661], [12.17841389140731, 41.8721112662549], [12.178584408978296, 41.87202939436907], [12.178748236141924, 41.87196886384328], [12.178874070990611, 41.87185575355452], [12.17894334940794, 41.871719754403415], [12.179057063605406, 41.87149016247959], [12.17916424614564, 41.87127760943055], [12.179281801237213, 41.87109115899938], [12.17934864362209, 41.87101103590357], [12.179682051630879, 41.870627609905824], [12.179983880653607, 41.870307948819935], [12.180156939449775, 41.87003678216403], [12.180306662629913, 41.869773641081565], [12.180324567720227, 41.869627759829605], [12.180413385066178, 41.8694405937466], [12.180563261063941, 41.86917314893997], [12.180649050557534, 41.86905476565898], [12.180724317690297, 41.868824781758796], [12.180854332881797, 41.86856091296752], [12.181110282612767, 41.86823590017117], [12.181270092739817, 41.86803652774475], [12.181478857341734, 41.86786847980205], [12.181670808727702, 41.867624709842346], [12.18177126802109, 41.86740129304616], [12.181838874517776, 41.86723730577982], [12.181953824542449, 41.867142254342596], [12.182068086734018, 41.86706223467412], [12.182092175249663, 41.86697246952685], [12.18214941221463, 41.866815759621986], [12.182233168610422, 41.86674252400153], [12.182268316133346, 41.86663044932778], [12.182419357970682, 41.8664007417703], [12.182613967508587, 41.866096809259766], [12.182772081500781, 41.8659350511924], [12.182994053373317, 41.865695776496686], [12.183159127446629, 41.86537606470775], [12.183206305001075, 41.86521911735432], [12.183312486199204, 41.86509371130025], [12.183409298589506, 41.8649530353839], [12.183496188842382, 41.8648083391474], [12.183542047107457, 41.86468147098589], [12.183647909416965, 41.864563598336396], [12.183705796845304, 41.864391837879445], [12.183782471882555, 41.86425065239998], [12.1839288929303, 41.86412624989647], [12.18413087710792, 41.86388273234092], [12.184241035381811, 41.863667085075335], [12.184410221934822, 41.863482995797035], [12.184518717573518, 41.863304944894544], [12.184651616917932, 41.86302961169133], [12.184786992823858, 41.862697885661525], [12.184894167490603, 41.862549913799775], [12.18507208323482, 41.86239615978535], [12.1851886521494, 41.862263491698435], [12.185298487465182, 41.86205535923733], [12.185412248822583, 41.8617569687657], [12.185519763589571, 41.86160149803482], [12.185625276453472, 41.86149113922928], [12.185744819300398, 41.86129077767949], [12.185902282688986, 41.86114404530399], [12.186020665375265, 41.8609700148928], [12.186118782013551, 41.86079923883726], [12.186303277252629, 41.8604950469353], [12.186441923212126, 41.86031774184666], [12.186623781994337, 41.86007372792882], [12.186734583926421, 41.85984303136806], [12.186812908219403, 41.85966424576428], [12.18700365785259, 41.85944680041737], [12.187092690808202, 41.85925322306206], [12.18710901377175, 41.8591105572202], [12.187205808198113, 41.858969878608654], [12.187229206811322, 41.8588951443397], [12.187264000118676, 41.85879058481107], [12.187359794120972, 41.85867247154081], [12.187432480330703, 41.8586215415495], [12.187562749790269, 41.858406384207235], [12.18768159865231, 41.85822105183358], [12.187833604563306, 41.85796877270022], [12.187911607274742, 41.85779750393378], [12.188032271334276, 41.85757082674414], [12.188190716463508, 41.85740152719322], [12.188371562696041, 41.85718007543199], [12.188501484476415, 41.856972432643886], [12.188704861769823, 41.856716013231704], [12.188872598456804, 41.85651875407013], [12.188983910329103, 41.856352163733106], [12.189068774816006, 41.856230683140325], [12.189111460958818, 41.85609444078429], [12.189207856668578, 41.855849662550234], [12.1894423170559, 41.85552591117869], [12.189526076697696, 41.85529000389008], [12.189633085438418, 41.85508211154584], [12.189812222668749, 41.85490343631205], [12.189927852400304, 41.854778130709136], [12.190099592255297, 41.85448944783893], [12.19028552521466, 41.85415535053276], [12.190419791765251, 41.85388404843272], [12.19062056502361, 41.853490834759484], [12.190714933404765, 41.85329177684571], [12.190883856661788, 41.85306709289354], [12.191025539449848, 41.852905817410395], [12.191167991370857, 41.85272624400592], [12.19124593102201, 41.85256196286856], [12.191302660746404, 41.852413081807825], [12.191427136449112, 41.85224706492607], [12.191550233671766, 41.85211234652334], [12.19165658325143, 41.85197719062254], [12.191730335326481, 41.85182247045139], [12.19178844075185, 41.85164230772004], [12.191843556066816, 41.851530947962296], [12.19200144514199, 41.85136577139625], [12.192091915553773, 41.85121145130209], [12.192164566221573, 41.85108173242686], [12.192252279351804, 41.85098995542786], [12.192358931654976, 41.85084855605297], [12.192426660995475, 41.85062343978064], [12.192507931977708, 41.850383450768184], [12.19259368291974, 41.85027212255775], [12.192690841008188, 41.8501308411636], [12.1927704646662, 41.849928612208004], [12.192849093247274, 41.8497490602433], [12.192958339032552, 41.849562680259496], [12.193141244057287, 41.84931006914944], [12.193264877085145, 41.8490257443204], [12.193336041249408, 41.84878550197085], [12.193449572642978, 41.848500941170755], [12.193525897664024, 41.84837425392647], [12.19361195726997, 41.84825537348337], [12.1937387606447, 41.848129918758595], [12.193815711742753, 41.847988128130545], [12.193851294037346, 41.84786801578596], [12.193944553202634, 41.847754523410906], [12.193968995231625, 41.847648479510774], [12.194033496868741, 41.84753158207496], [12.194123624068236, 41.847462696498866], [12.194235901770039, 41.847249212136305], [12.194326157776626, 41.846996690177804], [12.194482511860075, 41.84668063405404], [12.194618148368612, 41.84647660568513], [12.194863084838376, 41.84612715559448], [12.19506535909867, 41.8458477587005], [12.195226655428625, 41.845599932578445], [12.195307420167445, 41.84538271397488], [12.195369774111063, 41.84522428707387], [12.195491137199348, 41.84498437980575], [12.195602516185678, 41.84479160982922], [12.195775205381157, 41.84446408794706], [12.195911998742229, 41.84423343121974], [12.196089737167018, 41.84397120472813], [12.196243002573203, 41.84372614488975], [12.19634620222355, 41.84353909980397], [12.196399858710494, 41.84339823371866], [12.196485816106424, 41.84324335326899], [12.196645416475029, 41.84303398924105], [12.196780272910399, 41.84284772150231], [12.196877100633193, 41.842624963525054], [12.196966549486396, 41.84239020339837], [12.197103680454125, 41.8419699803257], [12.19719183912118, 41.84176480073484], [12.197254736316964, 41.84163422472898], [12.197377280359264, 41.84138268094649], [12.197475357369461, 41.84118060085936], [12.197576451849978, 41.841037026342484], [12.1977207317488, 41.840798505170554], [12.19796788083229, 41.84050409327459], [12.198159992754508, 41.84019164714975], [12.198341717732811, 41.83986224677463], [12.198498248751594, 41.83959900293702], [12.198597578520891, 41.83936774563375], [12.198648703781013, 41.83921877758233], [12.198708792584055, 41.83912009318758], [12.198767788940891, 41.839046410169615], [12.198807025131039, 41.83891383814123], [12.19887021807266, 41.838744283219086], [12.199032403606749, 41.83860636435413], [12.199175228507034, 41.838401208043926], [12.199331755289707, 41.83813796408715], [12.199476745551218, 41.83788278350479], [12.199600905384967, 41.837593715588525], [12.19975396774796, 41.83722988686117], [12.199968193564521, 41.836701980211885], [12.2000958197401, 41.83643201450335], [12.200202139059327, 41.83625256950714], [12.200344317949842, 41.83604798358895], [12.200598086874326, 41.835542710063855], [12.200699184706531, 41.835350132750186], [12.200730008378569, 41.835250675973526], [12.200757561924606, 41.8351247914263], [12.200767064940452, 41.83507548675983], [12.200864494016217, 41.83503385410154], [12.200927110067104, 41.83494732642115], [12.200984290438143, 41.834816668292206], [12.201066129069192, 41.83462606517349], [12.201160780684289, 41.834479810743254], [12.201225780771553, 41.83433833052637], [12.201289345455491, 41.83422982922181], [12.201397249420701, 41.83411689931857], [12.201447325999597, 41.834003037832176], [12.20159838827941, 41.8337201134362], [12.201689041966793, 41.83349671313931], [12.201799550166273, 41.83332332925776], [12.201871662614138, 41.83318751360172], [12.201882138179693, 41.83311623473808], [12.201899946292851, 41.8330451384932], [12.20193907224273, 41.83299106096181], [12.202008310640666, 41.832921222141174], [12.202060650014097, 41.83273265901363], [12.202120703311842, 41.832536024316745], [12.202184749781768, 41.832416535137206], [12.20220160791332, 41.83236741141762], [12.202212303141952, 41.8322906493298], [12.2022291360189, 41.83224152721108], [12.202275617752173, 41.83218763151562], [12.202322345917233, 41.83212825096316], [12.20233990923009, 41.83206263943947], [12.202375493554777, 41.83195441951062], [12.202437952149666, 41.831859909447104], [12.202465068783345, 41.83177328292799], [12.202485780154273, 41.83169957865558], [12.202529621915112, 41.831630817544365], [12.202568190866968, 41.83154883242122], [12.202616955491212, 41.831366694164586], [12.202620942649084, 41.83127512533289], [12.202646345537463, 41.831227737932146], [12.202793806357025, 41.83105673203798], [12.202912893081246, 41.83086759680193], [12.203072564072466, 41.830683801617276], [12.203152753972457, 41.83045004969849], [12.203291967008496, 41.83020028467622], [12.203384189304128, 41.829958118881684], [12.20345943076578, 41.82983772660317], [12.203510232991258, 41.82974295062262], [12.203565196289755, 41.829552230588355], [12.20358331001075, 41.82940427287628], [12.20368377441718, 41.829240849249516], [12.203783836329803, 41.82908616116795], [12.203871109512132, 41.828957353976065], [12.203886949990716, 41.82886170969785], [12.203905062960436, 41.828713753751146], [12.203982018271278, 41.8285541228362], [12.20410689759656, 41.82836511819069], [12.204275488176753, 41.82797639388059], [12.204327044671933, 41.82786416839267], [12.204318820944112, 41.82778538768427], [12.204371511378675, 41.827647015856556], [12.204549481205762, 41.82731088619626], [12.204628502697329, 41.82710330031205], [12.2047443993083, 41.8268529662572], [12.204910711765882, 41.826516571754], [12.204952302318247, 41.82636480531003], [12.205028698523545, 41.82621826508921], [12.205177089876775, 41.825969420204125], [12.205220250125622, 41.82583232728185], [12.205234789603836, 41.8256731304594], [12.205285871045419, 41.82554902081517], [12.205367649972121, 41.825419941801314], [12.205482069439254, 41.82524039440036], [12.205533150237923, 41.825116287364644], [12.20560070257135, 41.82496407098695], [12.20567684587067, 41.82478928216185], [12.205798117259997, 41.82462699092153], [12.205839368254031, 41.82455393151898], [12.20587575724052, 41.82441805953242], [12.205949413641662, 41.824300180070374], [12.206029199170668, 41.824216656788394], [12.206159569186733, 41.82402039486689], [12.206265220067305, 41.82369248063584], [12.206384573871462, 41.823399076499875], [12.206520634714222, 41.82307189813297], [12.206622322857632, 41.82283505389749], [12.206863402928036, 41.82254462970556], [12.207130573491986, 41.822004108200474], [12.207173373461748, 41.821720238911254], [12.207197501174377, 41.82151569745036], [12.207329830554858, 41.82127390142614], [12.207505603022613, 41.82108443144296], [12.207635704835806, 41.820893875736836], [12.207738861129691, 41.8206228708239], [12.207793915406633, 41.82040767135992], [12.207847470089547, 41.82022663242592], [12.208009482620707, 41.820002652333464], [12.208108188357702, 41.81983411030799], [12.208115607628237, 41.81966334481055], [12.208154938209006, 41.819459169663745], [12.208237428847672, 41.81931302784267], [12.208366544304894, 41.81914522122902], [12.208484176167033, 41.81889168115356], [12.208602529827687, 41.81862104299153], [12.208687008287908, 41.818429365447955], [12.208799416375559, 41.818295332780394], [12.20889612797565, 41.81817232565278], [12.208981095968124, 41.817969273028766], [12.209064100650979, 41.81781173705235], [12.209162284148283, 41.81765458880674], [12.209253685156135, 41.817303517616566], [12.209373016198436, 41.817010110054], [12.209520326322888, 41.81677438627929], [12.209666860540224, 41.81655572217906], [12.209749344651447, 41.81640956143953], [12.209822564367387, 41.816126444051896], [12.209895271099626, 41.81585470213759], [12.2100283270287, 41.81559582288407], [12.210146179034348, 41.81533657632709], [12.210296453449384, 41.81503252862624], [12.21036667423264, 41.81481769695053], [12.210388803091522, 41.814658691386605], [12.210560452525977, 41.81421271772679], [12.210664567672573, 41.813918942028316], [12.211047530913396, 41.813164702423215], [12.211180603702353, 41.81290582224716], [12.211280762212285, 41.812703117267], [12.211333296525172, 41.81254484647125], [12.211385363773017, 41.81239796700995], [12.211474269334987, 41.81210382372543], [12.211528788249948, 41.81190001745696], [12.211627965363965, 41.81172007910177], [12.21189727670558, 41.811128328722646], [12.212045521254538, 41.81086981445449], [12.212178559277163, 41.810610933181245], [12.21225075962007, 41.810350565960434], [12.21238183254611, 41.81013721839871], [12.21257769763733, 41.80983427064049], [12.212773301079078, 41.80953702847572], [12.212892603627443, 41.80924361888301], [12.213000651099351, 41.808858772126186], [12.21303820011056, 41.807993562232014], [12.210836355403792, 41.80750703414819], [12.210755380889491, 41.80761901590224], [12.210660162296058, 41.80770788127966], [12.210523285170405, 41.80770455510747], [12.210496315463878, 41.807624124343924], [12.210565547388391, 41.80743206136616], [12.21068537272184, 41.80712727724286], [12.210822852180145, 41.80676593514535], [12.210960732870202, 41.80674649250853], [12.210988686644724, 41.80680415525003], [12.210873709112047, 41.80734839396105], [12.213181994756184, 41.807837510868936], [12.213463181530264, 41.80767339033404], [12.213610431946755, 41.80743764224707], [12.213807261787451, 41.807111924992256], [12.214085804872235, 41.8066571429084], [12.214285106137508, 41.80627451457753], [12.214373477493282, 41.80599174512489], [12.214481999550637, 41.80559550263141], [12.214539474309916, 41.805323391840595], [12.21462737600322, 41.80505201362783], [12.214841381317179, 41.80468112787259], [12.2149549931534, 41.80451865341417], [12.215023719753122, 41.80433798023823], [12.215045832839486, 41.80417895431065], [12.215146949257178, 41.80395349760965], [12.215279961149534, 41.80369459722842], [12.215418906830227, 41.80329910524518], [12.215572558758332, 41.80291535646982], [12.21561234992961, 41.80269978828662], [12.21566685057801, 41.802495978676816], [12.215795915059482, 41.802328166047516], [12.215927686644108, 41.80209773685013], [12.216002337513634, 41.80178045564003], [12.216093658408825, 41.801429381887125], [12.216177580694907, 41.80124909352177], [12.2162639750123, 41.801011856927886], [12.216331227446712, 41.80086534294491], [12.216323913850761, 41.80068281613968], [12.216237090049166, 41.80057815212073], [12.216088971058097, 41.80048337552241], [12.216408872281658, 41.799835918431626], [12.216625138708224, 41.799869139167996], [12.216727705359808, 41.799648767155595], [12.216788106093126, 41.799417626864894], [12.216911317958173, 41.79909370934328], [12.217077538144821, 41.79874570064821], [12.217369357903564, 41.798212117676314], [12.21762383339394, 41.79776565537468], [12.217805744596154, 41.797443171794164], [12.218025545910008, 41.79702101108947], [12.218153862837449, 41.79677265731841], [12.218234031773624, 41.79647285147183], [12.218261669539862, 41.796222046443035], [12.218386733780532, 41.79604904971914], [12.218525277437433, 41.79595182524742], [12.218622223313995, 41.79565243292616], [12.21890076568738, 41.79503679934667], [12.219090822415357, 41.79452591142923], [12.219206683779829, 41.794176673617486], [12.219236507812335, 41.79387564159093], [12.219194330322651, 41.79368601502297], [12.219167295178421, 41.79353449141797], [12.21925715736905, 41.793398351442654], [12.219430889924045, 41.79326426672285], [12.219745648585718, 41.79297641519959], [12.219945929165412, 41.792616654647425], [12.220150558187383, 41.79215638869001], [12.220377955652719, 41.79155839625026], [12.220710877245477, 41.790849792443346], [12.220820482437983, 41.79064498942985], [12.220825918466105, 41.79051938731884], [12.220950941405816, 41.79034638806153], [12.221073799506357, 41.79022363285238], [12.221217788595133, 41.79000080278302], [12.22143646286408, 41.78960374983313], [12.221651888785681, 41.78928207179689], [12.221802364875922, 41.78890850951546], [12.22186573028386, 41.788608288437345], [12.222040526695103, 41.788449069224846], [12.222251593197923, 41.78822785950137], [12.222364736575841, 41.787941418178846], [12.22246054705015, 41.78766711911143], [12.222615088993297, 41.78719936498559], [12.222593484672743, 41.78692224093303], [12.222503664714516, 41.786668609256985], [12.222424130105404, 41.78656608911863], [12.222258572311526, 41.78651179287036], [12.221973387873247, 41.786504897598924], [12.22186681804428, 41.78625085130709], [12.221858189969295, 41.786062036151364], [12.221920449523125, 41.78578694583484], [12.222047093962557, 41.78557625821058], [12.222168859492788, 41.78547863323768], [12.222523563681337, 41.78543062609866], [12.222692942872696, 41.7853970067151], [12.222852584296499, 41.78519970299009], [12.222929980230795, 41.78496267791042], [12.223025257637554, 41.78470095491202], [12.223053954409764, 41.784425035182515], [12.223081042743917, 41.78418680314864], [12.223170884704743, 41.78405066246967], [12.223276951590464, 41.78392750927953], [12.223332686452913, 41.78380311395699], [12.223377078230033, 41.783552722162725], [12.223434449055427, 41.78339067702272], [12.22352484226428, 41.783241976972015], [12.22373533563308, 41.7830333224414], [12.22393531071495, 41.782679815885956], [12.223999719796417, 41.78235448147805], [12.22410957739095, 41.7821433968385], [12.22422106835617, 41.781894623661756], [12.224231901415408, 41.781643421853495], [12.224223800427074, 41.78144205019719], [12.224146459349445, 41.781289303191784], [12.224014967307763, 41.781223263879674], [12.223881314950898, 41.78120745144975], [12.223875357496981, 41.78134562556669], [12.223740095749605, 41.78136749983068], [12.223650304538614, 41.78111386895587], [12.223619940730922, 41.78082966776875], [12.223631198261138, 41.78072592369744], [12.223611336336962, 41.78065706350153], [12.223531888028045, 41.780646587541796], [12.22345903277789, 41.780747414041606], [12.22331812522611, 41.780838035068214], [12.223240503347997, 41.78078486796391], [12.223338754348049, 41.7806248274862], [12.22349216230384, 41.780508847348834], [12.223612844304547, 41.780357896130965], [12.223649993851003, 41.780290403639235], [12.223607696357957, 41.78021245139815], [12.223599975938793, 41.7801267801905], [12.223705942378427, 41.78005239363671], [12.223697117351893, 41.779992350399525], [12.2236187536787, 41.77995626510033], [12.223537454578905, 41.77998848077299], [12.223312657062092, 41.780171109458614], [12.223223641007623, 41.780117673393974], [12.223333286127156, 41.779957901863575], [12.22345211703727, 41.77984964245032], [12.223665514738498, 41.77966672493796], [12.223645653176664, 41.779597864727045], [12.22354706571676, 41.77950144753615], [12.223355040105156, 41.779454058517125], [12.223182131463389, 41.779492627319804], [12.223054113887184, 41.77954935711376], [12.222997825578913, 41.77953090896805], [12.223011432084405, 41.779479938137385], [12.22313322021879, 41.779303375617495], [12.223380449639729, 41.77912981877089], [12.223522098590918, 41.77902211792862], [12.223558526456214, 41.778971703754024], [12.223456983933387, 41.77894360877005], [12.223341112190983, 41.77898354667943], [12.223270468497411, 41.779033132381045], [12.223228171568081, 41.77895516375329], [12.223346638986916, 41.778855452674414], [12.223498579236743, 41.77877363340557], [12.223513293026231, 41.77869705068212], [12.223457229224076, 41.7784093296573], [12.223354238931847, 41.77815037052715], [12.223213361407701, 41.777976003121175], [12.22307945544147, 41.777904369653996], [12.222944108533039, 41.777866894346765], [12.222863895778238, 41.777873500090436], [12.222816071998817, 41.77792364330773], [12.222764184136805, 41.77806771797322], [12.222671105333553, 41.77810819576212], [12.222627342910318, 41.77806440481132], [12.222631769009348, 41.77796192246101], [12.22264980257535, 41.77780848819633], [12.222676684828537, 41.77771509480354], [12.222712725543861, 41.777673231582106], [12.222634750097736, 41.77762859575401], [12.222519961803737, 41.777642919863474], [12.222424673542296, 41.77773465698698], [12.222386057620502, 41.77783629191927], [12.222260231490841, 41.77784179781191], [12.222241862885042, 41.77773877575248], [12.222317316064888, 41.777313171155576], [12.222497831831147, 41.776569538306525], [12.222500812712164, 41.77623620974775], [12.222440870553429, 41.776038137696666], [12.222428754786424, 41.775789940504914], [12.222429526622298, 41.775507853439755], [12.222374731981871, 41.77519023777382], [12.222316283354242, 41.77495800401953], [12.222431403344372, 41.774935148117336], [12.222486968490543, 41.77497067672092], [12.22257669884825, 41.77500705336729], [12.222646929490043, 41.77549601354373], [12.2226667422771, 41.77582989981145], [12.222677392443405, 41.776112257787574], [12.222743583548167, 41.77616515557391], [12.222768254583654, 41.77612300373379], [12.22275539015336, 41.775891869432414], [12.222787080297488, 41.775422473544346], [12.222809558086622, 41.77490154984978], [12.222846347343387, 41.774842606630926], [12.222949732714836, 41.774828009888246], [12.223018137003148, 41.77482964967028], [12.223020577720403, 41.774509135596155], [12.223057385921617, 41.77418518439219], [12.223029808559534, 41.77403065076399], [12.222931973878326, 41.77391715193607], [12.222800291195368, 41.77379427790383], [12.222783028038064, 41.773665624276354], [12.222816881421439, 41.77340999543276], [12.222803295534733, 41.77319594115566], [12.222716708531793, 41.77282198986295], [12.222611906505097, 41.77260573838257], [12.222402975838406, 41.77242116382419], [12.22215764844343, 41.77228699995808], [12.221865244947614, 41.77218588044526], [12.221649678348765, 41.77215502663908], [12.221410216189463, 41.77214922527472], [12.221317892567672, 41.77217263890888], [12.221088028459906, 41.77194480932951], [12.221021815593149, 41.771891911129366], [12.220763629396279, 41.77179163494711], [12.22068159542285, 41.77184092992707], [12.220134632228826, 41.771819132861005], [12.21941624554637, 41.77180173754494], [12.218685175331858, 41.771813961904336], [12.218366277707988, 41.77179767522908], [12.21830006804186, 41.771744793357904], [12.218174639790229, 41.77174174459485], [12.21819245168665, 41.77167723108889], [12.217489774051153, 41.771255259950934], [12.217477943222677, 41.771195578653035], [12.21742289842131, 41.77113485834407], [12.217157594697658, 41.771101444154226], [12.216681775751404, 41.7711129185695], [12.215926972776915, 41.77115640522167], [12.215555057331292, 41.77117055225852], [12.21548561098372, 41.771107080797584], [12.215489630694098, 41.77101447627725], [12.215595313967967, 41.77095526483628], [12.215864529338536, 41.770930883474875], [12.21635077124024, 41.770896325870446], [12.216588418145607, 41.77088663998341], [12.216805449487303, 41.77087646247578], [12.217054393700568, 41.77084386710324], [12.217332577993798, 41.770850621060895], [12.217607403949046, 41.77093452239811], [12.217811470031473, 41.77098580818044], [12.217914828652448, 41.77098058599376], [12.21850483626221, 41.77045418807295], [12.21894427995631, 41.770070902306884], [12.219554059394415, 41.769564285931466], [12.219989806005291, 41.76926586424231], [12.220137025676411, 41.76919991256268], [12.220154972348997, 41.76926215333374], [12.21956965819621, 41.769680517959245], [12.218927809283892, 41.77021339399529], [12.218252697631135, 41.77079953863725], [12.218090160684984, 41.77098098224706], [12.218191851291069, 41.771014334430355], [12.218342412695636, 41.77087123742944], [12.218532220188015, 41.77077541492614], [12.218853614081096, 41.7707368557569], [12.219100868382288, 41.77074285099951], [12.21950502485842, 41.77069855559882], [12.219841725768582, 41.77054451746393], [12.220077060786585, 41.77034937236264], [12.220187759921888, 41.77017439733183], [12.220271210142629, 41.76991379875382], [12.220280875006699, 41.7696900177959], [12.220324085407448, 41.76964472749995], [12.220501226474662, 41.7696026682544], [12.220689363670127, 41.769545434035045], [12.220859854858846, 41.76941824449078], [12.220993160864074, 41.76919746672958], [12.221022107715678, 41.76900506965086], [12.220988888489385, 41.7688188803071], [12.220913138899146, 41.76866256404371], [12.220744322857007, 41.768511715921356], [12.220614379173115, 41.76841588136574], [12.22049176603133, 41.76838974096946], [12.219946640580009, 41.768832265188166], [12.219853925462973, 41.76883001597668], [12.219878204866887, 41.76874564033479], [12.220390732636115, 41.76834093437947], [12.22056356788902, 41.76815975149716], [12.220649328191685, 41.768084568653265], [12.220690542667555, 41.76808556981272], [12.22074005009981, 41.768133110547126], [12.220566861785311, 41.76832203024259], [12.220677878929529, 41.76837878025934], [12.220965354576288, 41.7684089273535], [12.221185702250931, 41.76832155861482], [12.221335265884072, 41.76820159451281], [12.221433984154075, 41.768064945679306], [12.221464414900552, 41.76783781528028], [12.22140926393678, 41.76768200720863], [12.221301929712887, 41.76754037307673], [12.221161372171169, 41.76745199272042], [12.221028779641875, 41.76741788670645], [12.220966617185868, 41.76742411324096], [12.220643542288594, 41.76774071527249], [12.220583397282384, 41.76770063049063], [12.22063890864608, 41.76760929243574], [12.221285735308122, 41.76696064943272], [12.221336576741578, 41.76697733325538], [12.221344540756983, 41.76703159157121], [12.221279052011338, 41.767114983551934], [12.221285350914744, 41.76720781375804], [12.2214385631037, 41.76724242767925], [12.221614716616594, 41.76722352396934], [12.221761932300993, 41.76715756944079], [12.22193276591866, 41.767022658277185], [12.221968335955973, 41.76691537336698], [12.221996619819567, 41.766738412794936], [12.22199329527693, 41.76657611603407], [12.221946463079792, 41.76646684697749], [12.221867715038131, 41.76637997785989], [12.22175738401712, 41.76630779153944], [12.221645056854394, 41.76628189673129], [12.221562630232738, 41.766279895002604], [12.221296081407909, 41.76648200504555], [12.221225628363621, 41.76644167407985], [12.221440500820695, 41.76624217726027], [12.221939714250817, 41.76590666653728], [12.221999859510511, 41.76594675061407], [12.221985892513343, 41.766031372131586], [12.221993857762364, 41.766085647480956], [12.222074948778817, 41.766118505618955], [12.222291279393062, 41.766123736754004], [12.22241691274276, 41.76608042897419], [12.22252359041332, 41.7659980357759], [12.222590063303597, 41.76589150577044], [12.222587769984, 41.7657060712776], [12.222551547628859, 41.76558932994506], [12.22254824689711, 41.76542705143043], [12.22251136816628, 41.76532572866554], [12.222389418174934, 41.7652841705786], [12.222212942452272, 41.76531079582645], [12.222107577024113, 41.76536231376043], [12.221969314567946, 41.7654593877336], [12.221899214229797, 41.7654113377368], [12.222111912966607, 41.765261993304016], [12.222399401427113, 41.765052670902186], [12.222601133418987, 41.76491851492006], [12.222770625415576, 41.764814477431365], [12.222819802603437, 41.76486973519865], [12.22273339356568, 41.764960337120655], [12.222720763923535, 41.76501410195292], [12.222789554600716, 41.76509300744675], [12.222911834307961, 41.76512686342704], [12.223086972799726, 41.765131111893346], [12.223201966293564, 41.76509525685498], [12.223329236728764, 41.76501337425732], [12.223385094991944, 41.76491431561004], [12.223410350661373, 41.76480678500528], [12.223397242083541, 41.764632664284655], [12.223320487350085, 41.7644995045726], [12.223201861957023, 41.76438076223135], [12.223111143785818, 41.76433222213696], [12.22300711689367, 41.764352885873905], [12.222847583155364, 41.764464888534995], [12.222707331675437, 41.76460825483361], [12.222664127163688, 41.764653565666684], [12.222593675389856, 41.76461323549018], [12.222669799694394, 41.76452238753065], [12.222982540603603, 41.76420553511604], [12.2231015159823, 41.764077095380486], [12.223233140380614, 41.76389489008878], [12.223284312350629, 41.7639038542492], [12.223323508583999, 41.76395114855527], [12.223361067168135, 41.76403703290962], [12.223483016507364, 41.764078589998526], [12.22360897372444, 41.76402758121558], [12.223698052245103, 41.76387524810033], [12.223701378473235, 41.763798081845934], [12.223674456603215, 41.763704742246055], [12.223616327918965, 41.76361836589716], [12.223546532209353, 41.763562598802196], [12.223445175332683, 41.763521533273874], [12.223342158379324, 41.763519041238744], [12.223149406696894, 41.76368431937762], [12.223065996346932, 41.76370547223603], [12.223025441565538, 41.763689036117256], [12.223059695749418, 41.76361262234058], [12.223685162310487, 41.76297891588801], [12.223748304191762, 41.762949550703155], [12.223777543619494, 41.7629888809688], [12.223731995705842, 41.763088184242335], [12.223666210149352, 41.76317929544858], [12.223745609352145, 41.763250726013844], [12.223920087548843, 41.763270391046355], [12.224138750047267, 41.76322160903127], [12.22424509209918, 41.76314693411339], [12.224322198687394, 41.76303294868247], [12.2243771965471, 41.762953167296146], [12.22437190094207, 41.762837181352744], [12.224336356702576, 41.7627050042376], [12.22423865636427, 41.76257905340756], [12.224119028461157, 41.76248346784358], [12.223976460919783, 41.76244140181173], [12.22377141447488, 41.76265272701728], [12.223675379659118, 41.76272764691946], [12.22360492716431, 41.762687319166716], [12.223820613724119, 41.762468519878524], [12.224210441515037, 41.76203767954611], [12.22426294558005, 41.76201576951921], [12.224313458477967, 41.76204017081692], [12.2242573014275, 41.76214694695144], [12.224254957691345, 41.7622009597273], [12.22428452575682, 41.7622325683982], [12.22447994615822, 41.7622450235001], [12.224626163896758, 41.76220220398242], [12.224744453193518, 41.762089200003956], [12.22480128859805, 41.76196698640675], [12.224796974047395, 41.761827846105284], [12.224731183382344, 41.761679494185984], [12.224641475023036, 41.76160780099273], [12.22452018502469, 41.761550807502225], [12.224468689548802, 41.76154956160319], [12.224295529109378, 41.761738487], [12.224233727809503, 41.761736995589615], [12.224214796839936, 41.761697911673124], [12.224864148492058, 41.7609875230732], [12.224936591531808, 41.76098155943542], [12.224975812205802, 41.76102885160911], [12.224877111519309, 41.76116550298632], [12.224936596618026, 41.761221004270354], [12.225121353488602, 41.761240913625336], [12.22526724188499, 41.76120583010372], [12.225405465145581, 41.76110875330103], [12.22549103463494, 41.76103744546576], [12.22553758412963, 41.76091496673343], [12.225544885874484, 41.76074521659003], [12.225488072206897, 41.76062798497223], [12.225378424259915, 41.76054036378218], [12.22526709235384, 41.76049131767279], [12.22516408004089, 41.76048884602281], [12.224958711299582, 41.76070787211216], [12.224888918831931, 41.760652126423224], [12.22553828054014, 41.759941732857044], [12.225608074928898, 41.759997497914284], [12.225540605135821, 41.76012716648012], [12.225693123428522, 41.76017719450256], [12.225827716706293, 41.760165001598125], [12.225975918501804, 41.760075888121065], [12.226054022568508, 41.75993874578739], [12.226092552026087, 41.759762012189725], [12.226036089859676, 41.7596370623155], [12.225908142437097, 41.7594949418799], [12.22578753685766, 41.75942251138762], [12.225685180368156, 41.759404585578416], [12.22561273919513, 41.75941054962531], [12.225526342279405, 41.759501153292945], [12.225428300851526, 41.759622385555474], [12.22534887610626, 41.759550939715], [12.225958851711072, 41.758797110690665], [12.226038602449503, 41.758860839217704], [12.225918307311106, 41.75902013740318], [12.226019656942897, 41.75906122081924], [12.22616387675164, 41.75906469024265], [12.22631074188876, 41.759006450258234], [12.226396483410207, 41.758931282601836], [12.226474234264446, 41.758801842334336], [12.226478234519924, 41.7587092550677], [12.22646162122573, 41.758616161215706], [12.22641375578718, 41.758530031739404], [12.22632470480208, 41.75844292117829], [12.226234344613385, 41.758386665682245], [12.22610174353759, 41.7583525656321], [12.225874788166596, 41.758594258868264], [12.225794031509711, 41.75855368710509], [12.226411455207852, 41.757865689382065], [12.22649287709398, 41.75789082654357], [12.226468599709666, 41.757975220659766], [12.226466610328998, 41.75802151309434], [12.2265885747361, 41.75806308455986], [12.226774983722, 41.75804439988778], [12.226890945203147, 41.75798542321775], [12.227009901836787, 41.757856980891205], [12.227054784581334, 41.757773094278406], [12.227058761598956, 41.75768049143017], [12.227022888039558, 41.75755603298268], [12.226943467547674, 41.757484605215865], [12.226853737666113, 41.75741291249984], [12.226772001065152, 41.75739549667713], [12.22657660406765, 41.75762250686711], [12.226465301688952, 41.757573460145494], [12.226757728319411, 41.75724839010106], [12.227126737081184, 41.75682087278229], [12.227219109886898, 41.75683083629268], [12.227227732454429, 41.75686967285618], [12.227162937736281, 41.7569376142762], [12.22716029413833, 41.75699934239344], [12.227210124173407, 41.75703918072317], [12.227416819279062, 41.75702871932297], [12.227563351388406, 41.756978196660825], [12.227681649418049, 41.75686517142676], [12.227738123898522, 41.756750676055574], [12.22774378517819, 41.75661949793989], [12.227676659658183, 41.756502022420065], [12.2276078767156, 41.75642312134233], [12.227497553782788, 41.756350940163976], [12.227395228187158, 41.75633301317554], [12.227332749926465, 41.756346961511774], [12.227237710434293, 41.75639873046175], [12.227108447060745, 41.756526926090686], [12.22704899027545, 41.75647140707935], [12.227498230953708, 41.75585659393032], [12.2275410992053, 41.75581900118674], [12.22760289812246, 41.755820509831516], [12.227610865334011, 41.755874765864846], [12.227629820414862, 41.75591384856643], [12.227773354623432, 41.755932754369624], [12.22794947368638, 41.75591384209164], [12.228065430505193, 41.75585484457156], [12.228172587371134, 41.75576087064986], [12.228240046486368, 41.755631199936154], [12.228234393211592, 41.75552291480216], [12.22817757873701, 41.75540568447064], [12.228078899322302, 41.755302874023116], [12.227998474949683, 41.75525460290618], [12.227916084192062, 41.75525260464046], [12.227699756319401, 41.75548682705776], [12.227578803005878, 41.75542211859626], [12.228123746880087, 41.75474009874323], [12.228205808888694, 41.75474979763857], [12.228234717252365, 41.75479684386066], [12.228200826869669, 41.754865537616396], [12.228334075686565, 41.754884216908636], [12.22850053802444, 41.754849601605386], [12.22860787035075, 41.7547517860381], [12.228654383612104, 41.75462930704112], [12.228668666225321, 41.754536967159254], [12.22865106983805, 41.754467029863754], [12.22858361709927, 41.75435725467325], [12.228493236948479, 41.75430100056649], [12.22835169458768, 41.754235784179315], [12.228290222926411, 41.754226576095256], [12.228106460709215, 41.754422979106025], [12.22796426395676, 41.75437319882274], [12.22854522598201, 41.753572314586826], [12.22863792012896, 41.75357455750941], [12.228667159046102, 41.75361388659383], [12.228653553595024, 41.75369078745672], [12.228731966722066, 41.75378537014418], [12.228813700153518, 41.753802805405925], [12.228917028568809, 41.75379757523041], [12.22908582762182, 41.75370894729782], [12.229163238632388, 41.753587240517476], [12.229177193554618, 41.75350260041456], [12.229150948484861, 41.753393824794784], [12.229094134493499, 41.75327659487319], [12.228994451795046, 41.75319694111948], [12.228862866720723, 41.75313970769051], [12.228667169403886, 41.75313497719298], [12.228535906939664, 41.75330947077826], [12.228455507812223, 41.75326117853284], [12.22896517927492, 41.752439261529716], [12.229046585388923, 41.75246439647679], [12.229029661753506, 41.752618465428], [12.22905590631108, 41.75272724290489], [12.229177835497282, 41.75276881178887], [12.229362922275252, 41.752780995662945], [12.22953968616097, 41.75274664287514], [12.229668935757395, 41.752618460229776], [12.229767262102719, 41.75248950681181], [12.229771260281794, 41.752396921256754], [12.22977973309093, 41.75220015576679], [12.22970429121248, 41.75203612682362], [12.229647802203273, 41.75191117847174], [12.229692327904027, 41.75183500950616], [12.2298521417103, 41.751715262917436], [12.229940187390538, 41.75158608353521], [12.229980387709157, 41.75137077455756], [12.229958769084835, 41.7511539767641], [12.229863085912664, 41.750981718304914], [12.229682334553468, 41.750869232401904], [12.229634821101305, 41.750775383836164], [12.229681657993911, 41.75064520556288], [12.229757079815256, 41.750569790878686], [12.229825359571567, 41.75042080560743], [12.229821037666328, 41.750281664682404], [12.2297559032403, 41.75011788059647], [12.229676489447522, 41.75004645262826], [12.22956617810901, 41.74997427300005], [12.229434623611597, 41.74991702039064], [12.229282454624933, 41.749859277767214], [12.229210683464894, 41.74984982769534], [12.229245225702822, 41.74976569440087], [12.229450891827195, 41.74977838796696], [12.229629307998511, 41.74970544359016], [12.22973761029415, 41.749584471058654], [12.229784446260775, 41.749454292758614], [12.229781129689062, 41.74929199489863], [12.229725649684609, 41.74914389220948], [12.22963924945348, 41.7489950538496], [12.229570142399789, 41.7489238535909], [12.229470468371712, 41.74884421883338], [12.229400029334327, 41.74880389231692], [12.229403021966982, 41.74873444384135], [12.229477433470974, 41.7486821665817], [12.229556022651687, 41.7485334452122], [12.229522791931506, 41.74834725741342], [12.229378252982608, 41.74787258228438], [12.229310131845347, 41.747778264200065], [12.229177245168124, 41.74775186619139], [12.2290752359493, 41.7477262428582], [12.229005477845421, 41.747670477837396], [12.228934360963494, 41.747645589175924], [12.228830715363355, 41.747658539568185], [12.228838683017585, 41.747712812666606], [12.228930386406018, 41.74773819300767], [12.228947327764816, 41.74782356784341], [12.228872237203847, 41.74789128115023], [12.22881577160799, 41.748005777782026], [12.228801160488791, 41.74810583562702], [12.228708124279493, 41.748111311944925], [12.228645996911835, 41.747638633012826], [12.228573227911669, 41.74741287234187], [12.22859681111062, 41.74734393344865], [12.228648647572383, 41.74733745933803], [12.228678534113541, 41.74736135116197], [12.228704800459095, 41.74747012549282], [12.22880480067007, 41.74754206204358], [12.228876219296279, 41.7475592327539], [12.228929714431072, 41.74751416683297], [12.228855964391014, 41.74731156167705], [12.22891941596543, 41.747274476356495], [12.228872233807373, 41.7471729103431], [12.228760922932073, 41.7471238848249], [12.228637667349968, 41.747113188179895], [12.22853434959974, 41.74711841773035], [12.2284463102708, 41.74724759769906], [12.228399470530483, 41.74737777650062], [12.228297789283879, 41.74734443189573], [12.228135820319071, 41.746795956821245], [12.228051766876527, 41.74659310595907], [12.227951428003779, 41.746289424468245], [12.227837160910884, 41.74607038213876], [12.227819543008874, 41.74600044342557], [12.227708260218197, 41.745951416967465], [12.227584981736992, 41.74594071891367], [12.227590646167974, 41.74580954055225], [12.22727733528174, 41.7456629318554], [12.22644912286394, 41.74526444343168], [12.2256085964158, 41.74491197862867], [12.22524333617809, 41.74477571431921], [12.224488853073964, 41.74457981976184], [12.224018766514032, 41.74448347347733], [12.223416462354669, 41.744584784811984], [12.223496490726916, 41.74488024529883], [12.223445007407847, 41.74487899849948], [12.223363620278597, 41.74461439452929], [12.223228755812105, 41.744634319507774], [12.22330910871382, 41.74492205966329], [12.223041520535801, 41.744911722281394], [12.222716933482022, 41.7447880095475], [12.222467798448704, 41.744588867076516], [12.222332940042438, 41.7443693263971], [12.22233395529938, 41.74410672640647], [12.22237150687942, 41.74395314803386], [12.222517685465476, 41.74391033430405], [12.222999411485764, 41.74373661116579], [12.223332286690203, 41.74366741641274], [12.223736270397882, 41.74362311292512], [12.224034923938158, 41.74363034551175], [12.224145897586766, 41.74368709473932], [12.22416348556793, 41.74375703581144], [12.224286076383098, 41.743783173305886], [12.224941212051473, 41.743652247334104], [12.225752827250055, 41.74347876234886], [12.226428219896773, 41.74335603711708], [12.226863743461303, 41.74329704064211], [12.227271044073822, 41.743175558479145], [12.227425864017384, 41.74317157462249], [12.227723356881777, 41.74320579519954], [12.227917361434711, 41.743249101272966], [12.228068203339618, 41.743337700684826], [12.228149594746258, 41.74336285570751], [12.22827450319219, 41.74333496050322], [12.22834026563114, 41.74324386528701], [12.228355226854138, 41.74313608804927], [12.228408039199318, 41.74310645887374], [12.228552224114846, 41.74310994634516], [12.228796074066556, 41.743193070345136], [12.229177122493734, 41.74320226824827], [12.22947909391825, 41.74313230322235], [12.229690395426946, 41.743013818871894], [12.229827086457018, 41.742914068427794], [12.22988567567311, 41.74271884267811], [12.229856159039164, 41.7426001810996], [12.22982809119408, 41.742529596557695], [12.229931052179442, 41.74248547877668], [12.229994204322134, 41.74246369252378], [12.230107454636089, 41.74254215152391], [12.230254540999782, 41.742557358626925], [12.230403625596804, 41.74252599716068], [12.230595536341594, 41.74240246901394], [12.230684235797515, 41.74232887374107], [12.230719797995203, 41.7422248686983], [12.230709259594418, 41.7421080893291], [12.230657392814452, 41.74204859592341], [12.230628073412282, 41.74200709381732], [12.230509333143416, 41.74205667324503], [12.230390316113478, 41.74211205173161], [12.230352481469778, 41.74208783017752], [12.230490279844954, 41.74195717447274], [12.230612542168114, 41.74182612647341], [12.230664909247505, 41.74169339392485], [12.23066865536962, 41.74160610871955], [12.230625303310626, 41.74152931485053], [12.230548141134275, 41.74151580993756], [12.230451674040271, 41.74158921667212], [12.23039304115595, 41.74168684579532], [12.230281563004853, 41.74174822484303], [12.230259765376555, 41.741712745416166], [12.230317625324497, 41.74163258703453], [12.230399556581755, 41.741535521588624], [12.230490757466507, 41.741403743122575], [12.230627052806682, 41.741307986876805], [12.23086555813204, 41.741185581021675], [12.231149684712847, 41.741087564026124], [12.23136039487655, 41.741069349834156], [12.231663075188724, 41.741082460368375], [12.232211279337172, 41.74117141198206], [12.232534988602733, 41.741237468919806], [12.232981737118834, 41.74133563812193], [12.233359834208644, 41.74140300112431], [12.233775121482724, 41.74150913261592], [12.234821977814192, 41.74175572492661], [12.235507741266957, 41.741900409696605], [12.236251798103604, 41.74213678620563], [12.237247816042885, 41.742481172773516], [12.238452315444901, 41.742859689680316], [12.239134239237236, 41.743094553821635], [12.23957149899747, 41.743233243434425], [12.239923827287036, 41.743358226152104], [12.240260846356533, 41.74347702096877], [12.240397655258121, 41.74355021275779], [12.240502680419182, 41.74364012602206], [12.240625451160726, 41.74367802808762], [12.240749490184744, 41.743686826524375], [12.240778068251087, 41.74374577509338], [12.24099555279686, 41.74375099558477], [12.24105694061794, 41.7437699548538], [12.241139885703106, 41.743830208474485], [12.241201021764132, 41.743854984168856], [12.241432922663815, 41.74388675985404], [12.241539688888956, 41.743935937409546], [12.24173163813928, 41.74399298337567], [12.241939096354281, 41.74405040146223], [12.242132538042778, 41.74407252932326], [12.242318213625111, 41.74409444937574], [12.24233902456743, 41.744153211701125], [12.242353563126564, 41.74417686798758], [12.242424731603474, 41.74414944520488], [12.242464807985982, 41.74412127432903], [12.242541976312559, 41.74413479080422], [12.243175763045892, 41.744231375941816], [12.243375539648447, 41.744259961491345], [12.243554211727412, 41.74428803541238], [12.24366910365447, 41.744322505138435], [12.243795252783208, 41.7443413861312], [12.243940180792983, 41.74441620650424], [12.244181562825409, 41.74446163280918], [12.244780946002818, 41.74454734378372], [12.245338725296806, 41.74461622791761], [12.245685131457401, 41.74468001893177], [12.246000845925128, 41.744719300511306], [12.246443393729288, 41.744761614719856], [12.24671614610778, 41.744815720226605], [12.24673897584837, 41.74477663936329], [12.246887275298395, 41.74477226068208], [12.247171625198678, 41.74480287241546], [12.247476450996087, 41.7448498162779], [12.247718514092847, 41.744879392419605], [12.248161233477875, 41.74491774804556], [12.248615355031978, 41.74493656260058], [12.249370245346718, 41.74503267546078], [12.251731962848337, 41.74527624076437], [12.2520425557428, 41.74535192809903], [12.252494445063776, 41.74543860387511], [12.25336848593013, 41.74559604830721], [12.253891802340176, 41.745669241782785], [12.256207605262325, 41.74616087118639], [12.255694423120403, 41.74588838875528], [12.255266298447427, 41.745634998393335], [12.254921244271168, 41.7454781534351], [12.253283339804998, 41.74504272475875], [12.252952478373189, 41.74497627120949], [12.25191580481993, 41.744753335027966], [12.251458617485408, 41.744688356036484], [12.251199451353504, 41.74463261986158], [12.249445534375134, 41.74445102443941], [12.24856586492181, 41.744353398809835], [12.2466209156869, 41.74414016508112], [12.244189047159116, 41.74378462750665], [12.242788818650522, 41.7434177961106], [12.242565704766815, 41.743362905675944], [12.241378829848982, 41.743068724213586], [12.23978194507136, 41.74252151561084], [12.237983773019286, 41.741901901245335], [12.236467729098301, 41.74129355277153], [12.23571770983219, 41.74097830503668], [12.235179768651857, 41.74083476834279], [12.234155155162588, 41.7406840095969], [12.234168221322998, 41.74058976436114], [12.234259538301686, 41.7403533095856], [12.234291779189327, 41.7402325073632], [12.234452656733959, 41.74005626675458], [12.234434304066115, 41.73971360415116], [12.234678629025543, 41.73951910908609], [12.234737472554885, 41.73951377210494], [12.234806251673033, 41.73952218284719], [12.234869603454806, 41.73951695378932], [12.23490985216616, 41.73952467812011], [12.234947099733345, 41.73953232942296], [12.23498046536874, 41.73949035494147], [12.235008594860593, 41.739430243402325], [12.235031161287747, 41.739394763596586], [12.235059925915984, 41.73935492967759], [12.235076291668973, 41.73932380404158], [12.235077451006722, 41.739296814518156], [12.235057781802148, 41.73926482055628], [12.235031914447804, 41.739237181597495], [12.235020964703187, 41.739212150727184], [12.235063874883112, 41.73919292059335], [12.235100489443166, 41.7391802941549], [12.235123879792146, 41.73916059383468], [12.235153468370306, 41.739136540295654], [12.235184270671136, 41.73911927055003], [12.235221368619836, 41.739095398878916], [12.235279291340344, 41.73907652990339], [12.235327723775148, 41.739068690781984], [12.235367145645931, 41.73906063373334], [12.235409767039249, 41.73904815127326], [12.2354555830966, 41.739031242634695], [12.235501397928344, 41.73901433401245], [12.235538013494962, 41.739001707406814], [12.235575206256165, 41.738975586995835], [12.2356065866305, 41.73894482061754], [12.235622953222991, 41.73891369488085], [12.235630308074231, 41.73888235128869], [12.235682904078116, 41.73884759449809], [12.235716708369722, 41.73883039668093], [12.23576232821008, 41.73881798626017], [12.235853961022455, 41.73878416956632], [12.236487826512159, 41.73858328762472], [12.236813875118662, 41.738550609431186], [12.237448144981055, 41.73848031830721], [12.237929075261652, 41.738410835405695], [12.238295123229609, 41.73835660035429], [12.238565080079791, 41.73830005210797], [12.238761231133791, 41.73828225495949], [12.238887351308833, 41.738285288235254], [12.23897327721203, 41.738314372692365], [12.238953523447451, 41.73835442339494], [12.238934544277923, 41.73837648101028], [12.238927380844833, 41.73840332659651], [12.238917022996674, 41.738434598433024], [12.238905892869791, 41.73848386238614], [12.238920245920209, 41.7385697617706], [12.238946652705911, 41.73861992970274], [12.238973830538676, 41.73865210464489], [12.239005895960274, 41.73867538838785], [12.239040775264156, 41.7387032449201], [12.239081852524835, 41.7387267480244], [12.239120311780677, 41.738741181784455], [12.239170395859567, 41.73876489987227], [12.23923307155095, 41.738775412758926], [12.239286739201036, 41.73878570884187], [12.239340597790914, 41.73879150670475], [12.239403273530417, 41.73880201949644], [12.23941674557977, 41.738838366111665], [12.239439419081114, 41.73887043211888], [12.239465093681787, 41.73890257011758], [12.239487961701546, 41.73893013691821], [12.239507439634618, 41.73896662830931], [12.239530113229264, 41.73899869429477], [12.239561988205194, 41.73902647786031], [12.2395942498234, 41.73904526489239], [12.239629511388276, 41.73906412484021], [12.239667780061033, 41.73908305659828], [12.239714862405124, 41.739106704271705], [12.239762139098202, 41.73912585003196], [12.239797786139812, 41.73913571343541], [12.239845448391446, 41.73914586536847], [12.239887296920505, 41.73915137428527], [12.239926140766238, 41.739156811303864], [12.240061246713728, 41.738973537590844], [12.240739005583286, 41.73916368741498], [12.240840980992552, 41.739138059647466], [12.241175310037603, 41.738660003512976], [12.241735795361745, 41.73784798364827], [12.241940776961151, 41.73769660458896], [12.242439084410288, 41.73745959564784], [12.24413105866291, 41.73704326362486], [12.244371133867908, 41.73690162737254], [12.244572818592653, 41.736648605294384], [12.244892694303253, 41.736452521316515], [12.244929727148035, 41.73648336350797], [12.244687126084207, 41.73664434842273], [12.24457922799812, 41.73677581481056], [12.244701686380056, 41.737036234587286], [12.244834331955149, 41.737378258826695], [12.24498265544901, 41.73742866202236], [12.245523871092496, 41.73744065760115], [12.245530053577856, 41.73756332391619], [12.245359299191637, 41.73754995284615], [12.244797595617548, 41.73749303848273], [12.244421753911352, 41.73726708104146], [12.24423474835869, 41.73717227413386], [12.244003336969456, 41.73716061541396], [12.24330098336415, 41.73732605279372], [12.242336079513853, 41.7375853473719], [12.241933905521497, 41.737801441678066], [12.241616528653392, 41.73813343148884], [12.241155408684468, 41.738930279676424], [12.240920882315665, 41.73930614211654], [12.241061699711674, 41.7393530313591], [12.241101407136581, 41.73926994460918], [12.241160889324245, 41.7391804036133], [12.241209985506075, 41.739096477167244], [12.241265247828077, 41.738993740759724], [12.241342673256474, 41.73897824167158], [12.241625318301171, 41.73962992400995], [12.24170613476242, 41.73963094570797], [12.241780477078024, 41.739695408775674], [12.241869087236495, 41.739690243251175], [12.241896749605845, 41.739745376624874], [12.242696176596196, 41.739543073900876], [12.242158594454004, 41.738385572820185], [12.241976231779374, 41.738424561532995], [12.241972998204137, 41.73839622904905], [12.242381661742886, 41.73831159703927], [12.242203163718006, 41.73837348579653], [12.24276412744588, 41.73953678479548], [12.242798879140935, 41.73951754001988], [12.242861971987708, 41.73949978281785], [12.242970542201233, 41.7394674271038], [12.243118977672141, 41.739427145836466], [12.24349739081274, 41.739340715123994], [12.242905940216188, 41.737991674361425], [12.242939117351995, 41.737981886497636], [12.243533490645818, 41.73928112017207], [12.243546551033472, 41.73932867525297], [12.243848218199242, 41.739248263671044], [12.244192881511779, 41.739174621183096], [12.243624222794388, 41.73786775989437], [12.244230992277787, 41.73915490551082], [12.244619750001522, 41.73905790984988], [12.244594838612764, 41.7390077793387], [12.244559649764234, 41.738975214428415], [12.244557506266862, 41.73893267488428], [12.244782413297981, 41.73888105421909], [12.24429741297704, 41.73779591773737], [12.244331426610257, 41.73778954229748], [12.244820925699184, 41.738869315705514], [12.245338993475093, 41.738736283083355], [12.245052485960947, 41.738101063219666], [12.245128245834282, 41.73808939094745], [12.245245246110546, 41.73839106420886], [12.245450950257249, 41.738432902170395], [12.245685781214235, 41.73842149651655], [12.24599025952285, 41.738403356959594], [12.246230722984393, 41.73837749390489], [12.246437263336658, 41.738309702403924], [12.246625460722175, 41.73825672546213], [12.246811499590516, 41.73816092186978], [12.246972365558943, 41.738070595734136], [12.247238952291013, 41.73788121147903], [12.247104527976063, 41.73757817628928], [12.247150713035238, 41.737569955394825], [12.247399711513133, 41.73809186321666], [12.247449942003792, 41.738204809999935], [12.248014294312117, 41.73804111620318], [12.247507531948743, 41.73682361644056], [12.248078067414252, 41.73804407726976], [12.248260387770387, 41.73800079529172], [12.248297917126031, 41.738114101123315], [12.248636082244618, 41.73803783034274], [12.248064672667855, 41.73673557838274], [12.248098828096063, 41.73672709865435], [12.248690840807127, 41.73801646952013], [12.249203657340855, 41.737907382050544], [12.249030311927575, 41.737460611426684], [12.249635003385766, 41.73731442798996], [12.249286200535778, 41.736482316702585], [12.249672202863948, 41.73730539423092], [12.250261676977807, 41.73716225349716], [12.24993305924142, 41.7363848812125], [12.2498001350229, 41.73639692876563], [12.250059235751058, 41.73633130427263], [12.250064344385276, 41.736356890798994], [12.24997753393729, 41.73637650408936], [12.250304369800558, 41.737151888775124], [12.250503782722046, 41.73756127440381], [12.251014607867175, 41.73741075722307], [12.250541573330466, 41.736320503489694], [12.251059918448245, 41.73740089802504], [12.251138668761248, 41.73737293364801], [12.25157184846888, 41.73728257565413], [12.251468379624676, 41.73700469534622], [12.251192724618681, 41.73640213359539], [12.251227031273745, 41.736401161871946], [12.251499915013017, 41.73699247953337], [12.251638377138388, 41.736953129002664], [12.251858912842128, 41.7368965510027], [12.252210477041615, 41.73680424322405], [12.252183923781969, 41.736722532994406], [12.252128905048767, 41.73663237530104], [12.251958758451421, 41.73631324502708], [12.251317769949958, 41.736179650235684], [12.250748506683868, 41.73611952826603], [12.250257402452782, 41.736095314740695], [12.24941354008532, 41.73619482246428], [12.247130053176873, 41.736655595657275], [12.247070120533996, 41.73672877068938], [12.246933116134667, 41.7369137299218], [12.246719395280099, 41.73709132674566], [12.246553857089099, 41.73721514254279], [12.246404982513164, 41.73729083373722], [12.246345404722904, 41.73724486477228], [12.246362545253165, 41.737206259159414], [12.246523888097855, 41.737125448802885], [12.246707764685343, 41.73698681823946], [12.246823194528334, 41.7368787157202], [12.24689247446512, 41.73673856156481], [12.24690385614803, 41.73658574905071], [12.24680328092135, 41.73648375649594], [12.246598897972563, 41.7363418135231], [12.246392482665064, 41.73628570067934], [12.245995713467014, 41.73623973812322], [12.245986961350697, 41.73619233164188], [12.246101074840809, 41.73618433980057], [12.24634417238427, 41.73621082171899], [12.246581873828447, 41.73625651751619], [12.246824375219566, 41.73639738409911], [12.246981647318734, 41.736488241489916], [12.247154858731111, 41.736516698573794], [12.247294194656934, 41.736504179119905], [12.249596764958236, 41.736078070911894], [12.249865305789339, 41.73602618393202], [12.250255425929293, 41.73599986466756], [12.25068380861473, 41.73600453147481], [12.251188020987493, 41.73605744317726], [12.251908788642348, 41.736240130109465], [12.252127211005151, 41.73628586255357], [12.252352555612017, 41.73638790110701], [12.252401708758237, 41.73639405759952], [12.252524632211752, 41.73639325540436], [12.2526628430997, 41.736420568834774], [12.252663368622251, 41.73646110802067], [12.252677326743353, 41.736486208609975], [12.252685182448793, 41.73651341288554], [12.25268684394121, 41.73654497390273], [12.252694030551918, 41.73658792329089], [12.252705431252268, 41.73663772795313], [12.25273213445824, 41.73668114459405], [12.252766827115904, 41.7367134950058], [12.25280170979351, 41.73674134722131], [12.252831162866805, 41.736755560604394], [12.25286042477171, 41.736774272197735], [12.252893071267348, 41.73678405986022], [12.252949166462122, 41.73680791583789], [12.25301145965943, 41.736827417622514], [12.25307093948463, 41.73684234961208], [12.253133425156541, 41.73685735397516], [12.253199102941233, 41.73686793082633], [12.253264781900395, 41.7368785067058], [12.253306822130948, 41.73687951248809], [12.253349053508607, 41.73687602003702], [12.253391284880708, 41.73687252757058], [12.253430322932141, 41.73687346170628], [12.253469357336657, 41.73687439503147], [12.253511591099526, 41.73687090245295], [12.253560020336643, 41.73686305483536], [12.25360863948873, 41.73685070901412], [12.253654258849712, 41.73683829151038], [12.253699877082372, 41.736825875821616], [12.25374868965085, 41.73680903075811], [12.253791496651674, 41.73679204252687], [12.253831492572882, 41.73677048447297], [12.253871294955315, 41.736753424691564], [12.253908480965887, 41.73672729677201], [12.253945665836453, 41.73670117067391], [12.253980039433198, 41.736670471164025], [12.254011409633843, 41.736639700093484], [12.254052364476562, 41.73659565077914], [12.254087504796058, 41.736546959202094], [12.254116638304756, 41.736498123618894], [12.254136381969412, 41.73645807065048], [12.254156316610905, 41.73641351766335], [12.254167530278677, 41.736362003984965], [12.254177849642469, 41.736331479357666], [12.254218322337126, 41.7363339485012], [12.254244390033968, 41.73635708730516], [12.25426914642052, 41.73637568943176], [12.254300197460838, 41.7363876895293], [12.254352268466851, 41.73640019232091], [12.25439392262581, 41.73641019425185], [12.254438773622242, 41.736415769422514], [12.254486628023939, 41.73642141701403], [12.254534287766614, 41.736431562904514], [12.254585145448898, 41.736437280193705], [12.254624183227396, 41.73643821393192], [12.254660215205734, 41.73643907529089], [12.254696441884583, 41.73643543921864], [12.25474167621788, 41.736432017801484], [12.254784099394039, 41.73642402568492], [12.254840130279502, 41.73641410866404], [12.254896450174101, 41.73639744557191], [12.254927628713364, 41.73637117158746], [12.254958807318216, 41.73634489939382], [12.255000494659882, 41.73631887851857], [12.255063297375465, 41.73629111064493], [12.255123930403954, 41.73627905116848], [12.255181558952653, 41.73626692197196], [12.25524857945118, 41.73624600907479], [12.255315792114708, 41.73622059788929], [12.255382811316764, 41.73619968495087], [12.25544325203332, 41.73619212446037], [12.255503882484605, 41.73618006485685], [12.255557582896346, 41.736154330741265], [12.255577500091187, 41.73612778972969], [12.255588920077908, 41.73608903703801], [12.255585630041766, 41.73606044001469], [12.255587161528844, 41.73602445328144], [12.255610641018297, 41.736002501245295], [12.255654278440517, 41.736001293266085], [12.255685137254249, 41.73601778943847], [12.255698000597802, 41.7360451144229], [12.255722162280685, 41.73606595473665], [12.255769535473753, 41.736082847890806], [12.255820584019233, 41.73608406822076], [12.255871631319168, 41.73608528766271], [12.255913669855634, 41.73608629343994], [12.255955710748108, 41.736087298234374], [12.255994939266904, 41.7360837332969], [12.256040362966052, 41.73607581229746], [12.256082785763835, 41.73606782061351], [12.256125400658854, 41.73605532976492], [12.256183219602296, 41.73603869916498], [12.25624123190643, 41.7360175711521], [12.256296047450467, 41.73600086900338], [12.256357063012056, 41.73597981242693], [12.256411880892092, 41.735963110156874], [12.2564698906461, 41.735941982101345], [12.256509886391907, 41.73592042492606], [12.256552884101051, 41.73589893656013], [12.256606678116873, 41.73587095335149], [12.256661877666325, 41.73584525453608], [12.25672468035849, 41.735817485758865], [12.256773874413895, 41.73579164479427], [12.256823067137605, 41.735765802045464], [12.256847857366521, 41.73574838191325], [12.256882037032659, 41.73572218164505], [12.256909094285906, 41.73568680432629], [12.256923756450593, 41.735660137526935], [12.256934102682617, 41.73562886444765], [12.256944260409668, 41.735602089515105], [12.256954419284005, 41.73557531364854], [12.2569589545667, 41.735539399263395], [12.25695729348684, 41.73550783920837], [12.256954608574421, 41.73546499740919], [12.25695444859891, 41.735433474008055], [12.25699428347409, 41.73541566297827], [12.257040458835348, 41.7354253969765], [12.257072005151489, 41.73546104758617], [12.257121615575818, 41.735496004589606], [12.257176114626901, 41.73552207319232], [12.25722057985975, 41.73553664472154], [12.257256135305264, 41.735548750336505], [12.257291881681763, 41.73555635862385], [12.257327724678964, 41.735561717308414], [12.257363564125248, 41.735567076983024], [12.257399599198692, 41.735567937395444], [12.257438636428937, 41.735568870193205], [12.257477672413428, 41.73556980211251], [12.257533511208965, 41.73556438203104], [12.25759845532953, 41.73555692674351], [12.257661799375427, 41.73555168533329], [12.257704413636704, 41.73553919481948], [12.257747027835082, 41.73552670339114], [12.257777627534503, 41.73551392526471], [12.257808232069134, 41.73550114789347], [12.257833020810853, 41.73548372939339], [12.25785780944814, 41.735466309089915], [12.257882596871397, 41.73544888881557], [12.257907383126131, 41.73543146946962], [12.257956386717808, 41.735410125305314], [12.25800800953236, 41.73539784906777], [12.258064804568418, 41.73536993669356], [12.258101716342681, 41.73533254404025], [12.258121632181826, 41.735306001730976], [12.258167150451385, 41.735295831259606], [12.258222416507568, 41.73530390549695], [12.258270270262381, 41.73530955062918], [12.258308090059174, 41.735303699694875], [12.258350991394778, 41.73528446114521], [12.25839587312022, 41.735254012262565], [12.258426474954671, 41.73524123390359], [12.258463082211867, 41.735228599344495], [12.258505696043215, 41.73521610764631], [12.25854830874762, 41.735203617765464], [12.25867033427761, 41.73516150145581], [12.258792359641369, 41.73511938502177], [12.258917388172243, 41.73507734078805], [12.259030021931638, 41.73504400806179], [12.259145466772235, 41.735015242198926], [12.25925809900102, 41.73498190749207], [12.259322306561812, 41.734956422606935], [12.2593863197415, 41.734935436003774], [12.25945033647923, 41.73491444926405], [12.259511347538885, 41.73489339204735], [12.259572170153003, 41.73487683114669], [12.259632991578998, 41.73486027114818], [12.259706013226499, 41.73483949952747], [12.259776223403943, 41.734814157311575], [12.259846245275604, 41.734793314099264], [12.259934664513906, 41.734763902917884], [12.260020273571731, 41.73472992379084], [12.260105689367144, 41.73470044108611], [12.260194107194222, 41.73467103064644], [12.260285339940335, 41.73464618967684], [12.260373758804086, 41.73461677906995], [12.260437965573717, 41.73459129448696], [12.260498975886067, 41.73457023496791], [12.260560179248838, 41.73454467803562], [12.260606176724885, 41.73452326054359], [12.260652174169595, 41.73450184303412], [12.260700984251837, 41.73448499599924], [12.260746980526564, 41.734463580286345], [12.260792787250198, 41.73444666093646], [12.260841406625044, 41.734434312057445], [12.260902224823997, 41.73441775058039], [12.260969051992202, 41.73440133354812], [12.261032873423199, 41.73438484427599], [12.261096887828636, 41.73436385668843], [12.261158089496519, 41.73433829858671], [12.261219292451486, 41.73431274311759], [12.261255706743961, 41.73430460505147], [12.261292314022095, 41.73429196869318], [12.26132892133082, 41.73427933322295], [12.261373323252403, 41.7342601292613], [12.261428518210995, 41.73423442829734], [12.2614667229501, 41.73421957889269], [12.26152124723093, 41.73420962218213], [12.26157877954078, 41.734199736666895], [12.261618198208486, 41.73419167071168], [12.261657996803155, 41.73417460835243], [12.261691792536649, 41.73415740406876], [12.26172127566244, 41.73413559268352], [12.26174925650181, 41.734113744732795], [12.261781741627775, 41.73409200472019], [12.2618234246513, 41.734065981507214], [12.261850382019814, 41.73403285272605], [12.261874836819269, 41.73399966357645], [12.261902126302013, 41.73398230281761], [12.261940041372592, 41.73397420113439], [12.261974765052543, 41.73397052623599], [12.26202188155207, 41.73395814032091], [12.262055482882756, 41.73394543335238], [12.262089087755735, 41.73393272537285], [12.262121477427563, 41.733913234826495], [12.26215960001526, 41.73388262446411], [12.262220626189237, 41.7338788251469], [12.26224116398324, 41.733855299277835], [12.262372794732247, 41.73376387703102], [12.262567072190658, 41.73371897721085], [12.26276415964015, 41.733678645778745], [12.262809965282122, 41.73366172655948], [12.26285276523385, 41.7336447351672], [12.262915519012529, 41.73361808918768], [12.262939199820266, 41.73357362363395], [12.26292370064087, 41.733531601933926], [12.262915743385744, 41.733506646314616], [12.262890821621598, 41.73345652013443], [12.262865708257793, 41.73341089309233], [12.262837783322793, 41.73336069467316], [12.26280608966898, 41.7333284178692], [12.262777594635052, 41.733291715832394], [12.262755292882117, 41.733250657434056], [12.262754437667242, 41.733223619596764], [12.262790792611623, 41.73321098003107], [12.262839204375414, 41.733221137121255], [12.262866999612127, 41.73325669823862], [12.262885787629273, 41.733292044407804], [12.262917383546574, 41.73332656811519], [12.262943258876469, 41.73335420319832], [12.262960128120408, 41.73338162240746], [12.262973996572715, 41.733408970223415], [12.263014888051462, 41.733436962795196], [12.26305392390121, 41.733437892826174], [12.263098034217602, 41.7334254361372], [12.263184377622876, 41.73340948242234], [12.263254012194675, 41.73339763284547], [12.263320837632905, 41.733381214499836], [12.263381844672827, 41.733360155350965], [12.263442664736216, 41.73334359248154], [12.263500669603363, 41.7333224601297], [12.26356468448259, 41.733301471159876], [12.263628696917191, 41.73328048222402], [12.263705196999206, 41.73324853342179], [12.263754290928189, 41.73322493827997], [12.263812678773368, 41.73319480838773], [12.263858675348184, 41.73317338962616], [12.26390466949065, 41.733151970915465], [12.263972068069057, 41.73312205660437], [12.264039463027231, 41.733092143257466], [12.264107051830784, 41.733057729761136], [12.264159050982574, 41.733036453573455], [12.264208242150309, 41.733010608624966], [12.264257622420644, 41.73298026458065], [12.264313198244889, 41.73294556581423], [12.264362961533559, 41.73290622433867], [12.264412532027944, 41.73287138202188], [12.264459100580138, 41.732836470165964], [12.2645054785277, 41.732806052906604], [12.26455485609793, 41.732775708812326], [12.264643654565708, 41.73273729764462], [12.264738073894893, 41.73270802822111], [12.2648294910254, 41.73267868471656], [12.26491171061317, 41.73265362546778], [12.264993927732787, 41.732628566230574], [12.265079146799101, 41.73260357913802], [12.265133960530273, 41.732586872840834], [12.265194587841023, 41.732574807327275], [12.26525240112534, 41.73255817324204], [12.265346439261506, 41.7325378997565], [12.265443479206787, 41.7325176956902], [12.265534705460393, 41.732492850753204], [12.265637939486124, 41.73246829089754], [12.265741368561132, 41.73243923350433], [12.265844796337136, 41.73241017605523], [12.265933209425691, 41.7323807622531], [12.266021433272888, 41.73235584476275], [12.266109846107762, 41.73232642903128], [12.266192062296206, 41.73230136896569], [12.26627428081847, 41.73227630877504], [12.266353685164749, 41.73224667911712], [12.266402682212478, 41.732225332454696], [12.266448674740177, 41.73220391187618], [12.266497674031921, 41.73218256330851], [12.26653127589156, 41.732169855021965], [12.266857763023028, 41.731984000764434], [12.267119997862295, 41.731895682045604], [12.267266032571483, 41.731854127721], [12.267347487013778, 41.731847060597765], [12.267425364194915, 41.731853416938876], [12.26762806847157, 41.73182221808232], [12.26789011131428, 41.73173839497102], [12.268021131890524, 41.73169648366636], [12.268176174914633, 41.73165514269495], [12.268370631528374, 41.7316057351958], [12.2685097068246, 41.73158652894438], [12.268770602243462, 41.73152969417519], [12.269059856867424, 41.7314420136317], [12.269199885290606, 41.73140031362489], [12.269524074330485, 41.73126843352448], [12.269649851349614, 41.73120838335735], [12.269701277067652, 41.73120060029147], [12.269746696525766, 41.73119267400797], [12.269872092026002, 41.73114162095669], [12.26993609767473, 41.73112062871312], [12.270414037044718, 41.73090684484541], [12.270625409069126, 41.73081280531523], [12.270815192673695, 41.73073176119133], [12.271002922222594, 41.73062815282247], [12.271061878710897, 41.73058452467848], [12.271131173660812, 41.73050962150076], [12.271150999836578, 41.73046731556141], [12.271310369400194, 41.730252711044706], [12.27141055205683, 41.73030012129512], [12.271499296987175, 41.73033375048509], [12.271642087677174, 41.73036866327998], [12.2720085923757, 41.73037286913076], [12.272044814286208, 41.73036922683421], [12.272180502817166, 41.73035894158531], [12.272265336138789, 41.73034294576402], [12.272335920498513, 41.73030859874934], [12.272373283698126, 41.73027796704949], [12.272411981437694, 41.73021584413152], [12.272444292301799, 41.73016257818798], [12.27246420990187, 41.73011802077185], [12.272576786243937, 41.73015671964832], [12.272630735554431, 41.73016025065329], [12.272711902353267, 41.73015992757418], [12.272775146831082, 41.73015692663236], [12.272862792972258, 41.730145499658946], [12.27300205443396, 41.730121789878474], [12.273151085207589, 41.7300803002602], [12.273309691789482, 41.730025529078496], [12.27346191606581, 41.72997961098936], [12.27359087947184, 41.729915129559465], [12.273734855435388, 41.72985100419014], [12.273910570135362, 41.72974710608964], [12.274040864128073, 41.72965113575253], [12.274183359515908, 41.72955095121372], [12.274265993203416, 41.72944484290561], [12.274276332457427, 41.72941356760377], [12.274287623719264, 41.729359800276995], [12.27441821416904, 41.72939892365144], [12.274457056647693, 41.729404349021785], [12.274526115439807, 41.72940598833608], [12.274643214237516, 41.72940876781656], [12.274782092812826, 41.72939405239486], [12.274949706441225, 41.72933949207281], [12.274993073782042, 41.72930900071007], [12.275110214208825, 41.72923973444218], [12.275199380277117, 41.72919231727785], [12.275263576480617, 41.72916682294749], [12.27539196517456, 41.72911583518612], [12.275507774001365, 41.72907805696394], [12.275569725284395, 41.72903449685755], [12.275622290794903, 41.72899972186501], [12.275654028314698, 41.728959947971205], [12.27567318264514, 41.728933384763984], [12.275701918359253, 41.72889354072737], [12.27585828094158, 41.72882070041671], [12.275971657087291, 41.72876935608368], [12.276187648303834, 41.72877898155762], [12.276319759732512, 41.72878211611247], [12.276467263964642, 41.728776609023136], [12.276687778006838, 41.72875031880572], [12.276808829683588, 41.72873067507078], [12.276960097076767, 41.728707244543365], [12.27712394479289, 41.72867060394801], [12.277248568794677, 41.728637536077045], [12.27738277001602, 41.72859118632514], [12.277346208759795, 41.728531782403934], [12.277507812947306, 41.72847707475607], [12.277542038051969, 41.728520663414116], [12.277578416502305, 41.72851327316413], [12.277531872399193, 41.728405599956744], [12.277512071242672, 41.72835259494694], [12.27756857141434, 41.728319411443415], [12.277697978518745, 41.72852886411751], [12.277790771238044, 41.728537818734154], [12.277826896978429, 41.72853642421004], [12.277863212114022, 41.72853053057351], [12.278009231470048, 41.728488962174296], [12.278098016691791, 41.72845054103275], [12.278217393759183, 41.72839933560127], [12.278401723483274, 41.728304641197035], [12.278462915636336, 41.728279073290615], [12.278532446636127, 41.72826946427989], [12.278602170605716, 41.728255356923505], [12.278644586130303, 41.72824735623784], [12.278726983492817, 41.728217788365775], [12.278834160808595, 41.728170796785605], [12.278963874668955, 41.72808831405103], [12.27904364989207, 41.728049679480534], [12.27910559891504, 41.72800611754506], [12.278999482642368, 41.7278144802158], [12.279066676400358, 41.72778905483482], [12.279145617822575, 41.72791250420793], [12.279176590444681, 41.727890723271116], [12.279211881151893, 41.72787354769931], [12.279273621987922, 41.72787050779504], [12.27932222998229, 41.727858150545515], [12.27941382591007, 41.7278242975789], [12.279450423247228, 41.72781165574236], [12.279520622189326, 41.72778630183176], [12.279617841571817, 41.72776158790744], [12.279712438927078, 41.727727805641614], [12.279817543482453, 41.727694272400896], [12.279901629681188, 41.72766024008982], [12.279950619625762, 41.727638886979044], [12.280005612944993, 41.727617674787965], [12.280042782671204, 41.7275915371327], [12.280097966406501, 41.727565826665064], [12.280149767449023, 41.72754904262547], [12.28020138033677, 41.72753675583025], [12.280261806784651, 41.72752918181844], [12.280331815848138, 41.727508326532295], [12.280408395968063, 41.72747411572468], [12.280451949854747, 41.72743912419331], [12.280474676000948, 41.72739913553666], [12.280545631043504, 41.727355787328385], [12.28058618181741, 41.72732072398041], [12.280622781021139, 41.7273080817188], [12.280668197341729, 41.72730015121879], [12.280741206477815, 41.72727936573331], [12.280826414087336, 41.72725436642775], [12.280903185308812, 41.727215657939595], [12.28096775433734, 41.72718116329683], [12.281074168922228, 41.727152162604625], [12.281198408105416, 41.727128087046815], [12.281333897277904, 41.72712228949663], [12.28145794709511, 41.727102711862486], [12.28161840770202, 41.727074989694074], [12.281733258247622, 41.727059697470594], [12.28183910608082, 41.72704419334842], [12.281924501975944, 41.72701469325527], [12.281979875934276, 41.726984482757935], [12.282086478833625, 41.7269509829549], [12.282193271914029, 41.72691298392406], [12.282242260528635, 41.726891630779214], [12.282290677963566, 41.726883769616656], [12.2823723141026, 41.72687219297156], [12.282487545861635, 41.726847902612434], [12.282533627078857, 41.72682422714519], [12.282575755038048, 41.72682297287187], [12.282611974106162, 41.7268193264305], [12.28269417616904, 41.726794254100824], [12.282843574025781, 41.726743754072565], [12.28292315599489, 41.726709614239056], [12.282978526845465, 41.72667940425245], [12.28304252696236, 41.72665840399255], [12.283137498863368, 41.726615621723866], [12.283192681701632, 41.72658991070312], [12.283253678731635, 41.726568838628374], [12.283375672712763, 41.72652669528494], [12.283534074430978, 41.72647640779442], [12.28370824758791, 41.72640848121808], [12.283824047380948, 41.72637069400158], [12.283885041624728, 41.726349622573245], [12.284012852700672, 41.72631211921381], [12.284128841133668, 41.72626983350424], [12.284251213127837, 41.726218692839595], [12.284365335827546, 41.72614934504027], [12.284472694234786, 41.72609784845348], [12.284543833981798, 41.7260499988156], [12.284602397700205, 41.72601536059259], [12.284649330215847, 41.72597144101647], [12.284674484420158, 41.72594501802636], [12.28472385171675, 41.725914666512224], [12.284797613545532, 41.72587588305775], [12.284895778463047, 41.725828671874034], [12.284987365908194, 41.72579481382546], [12.285123422118792, 41.725775518116635], [12.285305272857444, 41.72573928991199], [12.285442465753018, 41.72569300095244], [12.285591478509255, 41.725651493968286], [12.28572547935826, 41.72560963393672], [12.285820447785103, 41.7255668486607], [12.285939814147438, 41.72551563465042], [12.286010573265756, 41.7254767823868], [12.286072706150486, 41.72542871686741], [12.286134267671187, 41.72539414874182], [12.286198456614207, 41.7253686476359], [12.28635723319366, 41.72530935995933], [12.286586011246778, 41.72522920959666], [12.286696180327725, 41.725182281751906], [12.286788335862479, 41.72513492673943], [12.28686209674509, 41.72509614289476], [12.28696645094601, 41.72504457422204], [12.287107590189544, 41.72497586122424], [12.287260170474443, 41.72492092824887], [12.287458162896456, 41.72485806201464], [12.28768675160091, 41.72478240948309], [12.287907276132428, 41.72468404985899], [12.288110542925187, 41.72456727105289], [12.28823666835998, 41.72449820328428], [12.288371611926015, 41.72443384562878], [12.28846600953777, 41.72440455469808], [12.28858161284627, 41.7243712620262], [12.288661376066239, 41.72433261845618], [12.288759724298346, 41.72428090504804], [12.28884267878683, 41.724237834725095], [12.288925444486562, 41.724199262540516], [12.289063578130023, 41.72413047657815], [12.28916173590471, 41.724083261974535], [12.28919776312343, 41.72408411264914], [12.28927000861399, 41.72408131570107], [12.289364405216915, 41.72405202316363], [12.289422964388839, 41.72401738172905], [12.289496343911434, 41.72398759360933], [12.289553577817536, 41.72398444140738], [12.289614003095965, 41.72397686162214], [12.28967423858009, 41.72397378093331], [12.289742548546009, 41.72395738126995], [12.28981686291192, 41.72394112556724], [12.289877475473425, 41.72392904658705], [12.28995929594652, 41.72391296559392], [12.290011280962231, 41.72389167726373], [12.29007002822071, 41.72385253732204], [12.290132342726494, 41.72379997343152], [12.290280049276435, 41.723717902441145], [12.290443334923564, 41.72362269158196], [12.290737608894524, 41.7234855416061], [12.290948172117046, 41.72340945741035], [12.291125520989812, 41.723337090701314], [12.291253130499944, 41.723304076987866], [12.29143610248201, 41.723240850235854], [12.291570661867988, 41.72318548543515], [12.291678012934183, 41.72313398326415], [12.29178574064166, 41.7230734819153], [12.291844105500733, 41.723043337614705], [12.291938690171865, 41.723009544790045], [12.29217721687619, 41.72291160269634], [12.292275935679202, 41.72285089009262], [12.292343687463687, 41.72281196081267], [12.292457796279038, 41.722742604525905], [12.292556136504693, 41.722690888117164], [12.2926935068422, 41.72264009176096], [12.292806859030415, 41.72258872978492], [12.292887834347939, 41.72255686650512], [12.292986828166208, 41.72252542822132], [12.29309398606833, 41.722478421262934], [12.293189512261208, 41.722422135565374], [12.293309811966033, 41.72234842142395], [12.293405336572789, 41.722292135593804], [12.293552279568472, 41.7222280543809], [12.293662252152894, 41.722185617416734], [12.29379980757158, 41.72213032074621], [12.293876943494972, 41.72208260579758], [12.293997053478567, 41.722013390073485], [12.294116785368391, 41.72195317064934], [12.294356436716235, 41.7218282323584], [12.294516520369989, 41.72173744283811], [12.294633626315962, 41.721668155078184], [12.29478169973268, 41.721577081334026], [12.294904243268478, 41.72152143077207], [12.2949776160124, 41.721491638464435], [12.295051371190274, 41.721452849558375], [12.2951009158001, 41.72141799483809], [12.29515102966077, 41.72136964089205], [12.295280143669515, 41.72130063724291], [12.295378479252172, 41.72124891676653], [12.295488257021233, 41.72121097554398], [12.2956098582037, 41.72117781612288], [12.295695430173408, 41.7211438089008], [12.295750978125497, 41.721109093124475], [12.295840498184235, 41.721052662496675], [12.295883848591657, 41.72102216379164], [12.29592063152171, 41.72100501771656], [12.295987435851668, 41.720988579241535], [12.29622237900397, 41.72090405246118], [12.296314521117312, 41.72085669023972], [12.296449826015246, 41.72078332540136], [12.296574803531634, 41.7207412391229], [12.296704669458544, 41.720654237540614], [12.29709049243909, 41.720483202376585], [12.298298261268068, 41.719845191745144], [12.298435621813121, 41.719794387041254], [12.298795721388283, 41.71966326777185], [12.299327898038719, 41.71944163146478], [12.299685379465352, 41.71922939484046], [12.300520603572593, 41.71887528927447], [12.30115073068465, 41.71853887142213], [12.30145659176618, 41.71841097146846], [12.302372839017604, 41.718130803132915], [12.302612826698907, 41.71806889643413], [12.302760506026646, 41.717986810286085], [12.303117350922033, 41.7182203387166], [12.303392415271581, 41.71825381731524], [12.30361738531121, 41.71826360296995], [12.303842550943147, 41.71819684312732], [12.303999224903611, 41.71818701232787], [12.304300572651991, 41.71809502391456], [12.30448257792845, 41.71805426642423], [12.30475765006956, 41.718015693083046], [12.305213042612069, 41.71790480277094], [12.305667504071868, 41.717672307226884], [12.305883474011747, 41.71760983001631], [12.306047090741068, 41.71757764504595], [12.306261553107129, 41.71755115551334], [12.306436425919744, 41.717537246385284], [12.306645448913521, 41.71749711927803], [12.306864794553244, 41.71742571501255], [12.307121290855799, 41.717328161824966], [12.307448529114264, 41.71711969385283], [12.307758880851276, 41.71688381200359], [12.307988926607843, 41.71662803456248], [12.308554443716325, 41.71647017867679], [12.30923685160768, 41.716247516449826], [12.310047589923993, 41.71604586586404], [12.310517595066077, 41.71587225385276], [12.310913486158087, 41.715674389217014], [12.311769993381047, 41.71531169334548], [12.312615418788287, 41.71492621664468], [12.312994225321138, 41.71477747864117], [12.313209051114203, 41.71466993173179], [12.31353475743394, 41.71449743301148], [12.31416102399908, 41.71417886647408], [12.314472656655415, 41.71405556705866], [12.31485389398872, 41.71392038870485], [12.315303421501161, 41.713732769765194], [12.316478817910191, 41.71321538810735], [12.317610663187672, 41.71266095065843], [12.31778044672165, 41.712552343941915], [12.3180322139552, 41.71242313586076], [12.318226764297465, 41.712369139791235], [12.31856371553366, 41.71228694900917], [12.318837062436847, 41.71221678128644], [12.319032734488264, 41.7121357938482], [12.319187131232908, 41.71203583025141], [12.31947303666508, 41.71188039795706], [12.31995461003116, 41.71164397607675], [12.321110590083975, 41.71101351783751], [12.322187954973296, 41.710466770571266], [12.323924713396277, 41.709741756029004], [12.32616735014934, 41.70877182424413], [12.327074524733462, 41.70841469432801], [12.327738759104452, 41.70811944837284], [12.328141673851237, 41.70789467064686], [12.329541013935076, 41.70726078231479], [12.329913738005637, 41.70711184556101], [12.330442520892383, 41.706894487799374], [12.331658744171335, 41.706328363882804], [12.333786161438452, 41.70537811978418], [12.334586893107414, 41.7050499792093], [12.33642233592801, 41.70411091895524], [12.338916070628528, 41.70294392621185], [12.3394194484636, 41.702685411208606], [12.339838998783668, 41.70249249656385], [12.340817017636036, 41.7019432727223], [12.341805986662417, 41.70156540267713], [12.342133625959358, 41.701415382289035], [12.342346286381455, 41.70128521472223], [12.342772190340739, 41.70108343137795], [12.343159633212656, 41.70086724766053], [12.343369474125037, 41.700732509961945], [12.343971120794482, 41.70049425946539], [12.344563203658973, 41.70026929452003], [12.345428624306175, 41.69993581883905], [12.345826277648635, 41.69972661575597], [12.346905366787707, 41.69927423510094], [12.347250805454902, 41.69912911417767], [12.347816410374426, 41.698890011566654], [12.347891444382745, 41.69889174418815], [12.347994926188132, 41.69878606240559], [12.348131237707431, 41.69868564210055], [12.348249354958575, 41.698589303131804], [12.348478705998469, 41.69849103062609], [12.348618984692216, 41.698440233295266], [12.348786829282275, 41.69837656446249], [12.348991613116487, 41.698291234186456], [12.349208586754234, 41.698201678298275], [12.349349602071852, 41.69813288570443], [12.349527928758615, 41.69803343246738], [12.349828892467821, 41.69787376924356], [12.349993733920588, 41.69781002779888], [12.350163791869821, 41.697692371924376], [12.350379052291164, 41.69757125505111], [12.350517990164517, 41.697479898419225], [12.35065618768287, 41.697406535212416], [12.350896797922074, 41.69732652982404], [12.351084167942787, 41.69729933120881], [12.351294394946088, 41.69722762874967], [12.35139191187826, 41.69719385471079], [12.351540219314035, 41.697093707846804], [12.35175589272792, 41.697035639029885], [12.351954666246554, 41.69695016200396], [12.352154363016938, 41.69684219202565], [12.352280921181666, 41.696759553550706], [12.352503100862426, 41.69661607749984], [12.352700349308101, 41.696494541278845], [12.352895332424827, 41.696354940414274], [12.353050192155578, 41.69624143261342], [12.353195678697306, 41.696136714762694], [12.353316047089104, 41.696058435347325], [12.353436416339335, 41.69598015488132], [12.353582134491987, 41.69594298612048], [12.35368772918423, 41.695931910789966], [12.353812992064455, 41.69588076147093], [12.353886866167871, 41.69583743428646], [12.35401268351157, 41.695772788442284], [12.354176959212479, 41.695722537670264], [12.354305222663658, 41.69567145683661], [12.354479611501784, 41.69559442088762], [12.354691486902988, 41.6954822237529], [12.354851423695267, 41.69539134600841], [12.355012094998743, 41.69528247099685], [12.355165841561037, 41.69519595221803], [12.355373792866587, 41.695106179280536], [12.35553391046002, 41.69501079983782], [12.355699291858176, 41.69493355436481], [12.355805806903371, 41.69489998364483], [12.355931619215323, 41.69483533586049], [12.35602460393875, 41.69476542856772], [12.356141964856556, 41.69468707654468], [12.356265697394427, 41.694599865963305], [12.356422994998772, 41.69449991737736], [12.356571105422296, 41.69440426170042], [12.356677567031825, 41.6942986408418], [12.35681066991749, 41.69420263842322], [12.357026092066098, 41.69407700988815], [12.357154718871628, 41.69401692793042], [12.357411417681407, 41.693910260819194], [12.357568582146275, 41.6938868591352], [12.357693837845622, 41.693835706722254], [12.357759993668106, 41.69376067706042], [12.35784997354065, 41.69369069950257], [12.35799586753671, 41.693649026360454], [12.358154319257842, 41.6935941323424], [12.358263041599443, 41.69350657346237], [12.35844539158758, 41.693308134374874], [12.358635880538461, 41.693204444387106], [12.358779694225625, 41.693140206984985], [12.35889723376372, 41.69305735327599], [12.359003505512948, 41.69295622860761], [12.35918327633593, 41.69282077068926], [12.359370022627372, 41.6927350042934], [12.359584881043611, 41.69262286669957], [12.359782104709772, 41.69250131734055], [12.35989045435725, 41.69242275517989], [12.36014543157459, 41.69228452091887], [12.36033309595057, 41.692176260454964], [12.360554691542585, 41.69204626346055], [12.360759992124892, 41.69194741441032], [12.360963269304916, 41.691898049183834], [12.361116689067783, 41.69189256848623], [12.36126031236656, 41.69183282634153], [12.361398853542182, 41.691750452906284], [12.361488826565349, 41.69168047182392], [12.361614995089406, 41.69160682009463], [12.361834194482949, 41.691535304900164], [12.361965812723529, 41.69147528667991], [12.362244973438132, 41.691333100312804], [12.362417810202366, 41.691219992719546], [12.3625842756551, 41.69111574364526], [12.362714913627396, 41.691006168950395], [12.362837284174253, 41.69087839244646], [12.36295965544351, 41.69075061579236], [12.363074184064907, 41.69066769025941], [12.363258471571283, 41.69056835102316], [12.363474847805255, 41.69049226507145], [12.363679222502226, 41.69041590270437], [12.363926158301183, 41.690327009092485], [12.364104624724764, 41.69022303383381], [12.364190673122689, 41.690175475508966], [12.36436913868889, 41.69007149986776], [12.364485930384435, 41.69000663437439], [12.364602170511413, 41.689955266831724], [12.364781612532362, 41.689900845365536], [12.364934783750604, 41.68982780967656], [12.365012746926721, 41.6897575502226], [12.365197762228986, 41.6896402136958], [12.365530557119508, 41.689508255834546], [12.36572947390248, 41.68941825636722], [12.365889195032524, 41.68933186156217], [12.366002982673844, 41.689266925024754], [12.366188362530847, 41.68914058979259], [12.36635420397179, 41.68897778193748], [12.366496101124165, 41.68888647335025], [12.366705237732651, 41.688693137854635], [12.366974822606538, 41.688564229137086], [12.367105880032398, 41.688517700717775], [12.367235955322599, 41.68842161753396], [12.367403508433885, 41.68829036853114], [12.367573327897961, 41.68817718326137], [12.36771050177618, 41.68805424359376], [12.367872053328227, 41.6879228565921], [12.368043155580741, 41.687778179135485], [12.368181431496412, 41.687628246380214], [12.368353329533846, 41.68753762310751], [12.368453758376347, 41.68743185237425], [12.368594915359136, 41.68735853580183], [12.368780168987108, 41.68730874464977], [12.368974970953207, 41.68724566206214], [12.369106940871404, 41.687176638067086], [12.369230641099835, 41.68708941278987], [12.369376264345743, 41.68698017244453], [12.369477493589727, 41.68692845531982], [12.369661208752, 41.68684260459022], [12.369917127190288, 41.68675390099465], [12.370065449984768, 41.68672577720965], [12.370261351732468, 41.68663569997144], [12.370362943284208, 41.686574984102705], [12.370634346357237, 41.686401078621834], [12.370801701828062, 41.686274323276955], [12.371003352578251, 41.686116832182435], [12.37118852801594, 41.68599498682022], [12.371391894900519, 41.68586905520558], [12.371617912475358, 41.68570311364104], [12.371712401971164, 41.68566925288569], [12.371897944188675, 41.685538409186485], [12.372035359250793, 41.68548301449645], [12.372255189093083, 41.68532143282581], [12.372445082811211, 41.6852312149968], [12.372697003954695, 41.68509288257569], [12.372917084430062, 41.6849988512586], [12.373088238399056, 41.6849262147756], [12.373267843852974, 41.68486728167175], [12.373464651643392, 41.684754704961634], [12.373578607354238, 41.684685262377116], [12.37378624444688, 41.68452790480698], [12.373965594602558, 41.68440141915426], [12.374123387426996, 41.68428794918128], [12.374311922694842, 41.68415716943818], [12.374505723129268, 41.68404452086273], [12.374658248154567, 41.68391291876515], [12.374750831012749, 41.68385199199277], [12.37484396189783, 41.68377757074215], [12.37504112770365, 41.68365599349985], [12.37514644264187, 41.68357734600251], [12.375346794313453, 41.68345133760124], [12.375572317587954, 41.68337093468268], [12.375762932430504, 41.68326271554692], [12.375866783605645, 41.68322005795536], [12.375974915086008, 41.68314597903777], [12.376118140290046, 41.6830952147836], [12.376196338759607, 41.68309249805527], [12.376251815080117, 41.683057741247715], [12.376236188980242, 41.68299884572013], [12.376232931225307, 41.682931225877475], [12.37628576823653, 41.68288740355492], [12.376452741734273, 41.68276963681608], [12.376647085559508, 41.6826434894838], [12.376764034816057, 41.68257411240831], [12.376899718665607, 41.68248715142076], [12.377060502350668, 41.682373746164416], [12.377170277374539, 41.682259174803015], [12.377297141537108, 41.682167509967634], [12.377437180168505, 41.6821211739003], [12.377600417584526, 41.682021332490585], [12.377757651775545, 41.681921353199876], [12.377932889896544, 41.681821784991385], [12.378089207156954, 41.681744300552715], [12.378370667824727, 41.6815435872871], [12.378577735553655, 41.68139971528423], [12.37877470689883, 41.68128263107631], [12.379086530332678, 41.681073602027105], [12.379320055131688, 41.68094384026206], [12.379509298226969, 41.68079505657411], [12.379682808866098, 41.680663926934194], [12.379794662746523, 41.68057191420183], [12.3799856242931, 41.68045468968344], [12.380072015877195, 41.68039812212683], [12.380329902560137, 41.68025990904346], [12.380519950608678, 41.68016517706059], [12.380686361091499, 41.680060899993855], [12.380816216471748, 41.679969299012505], [12.380985260868767, 41.679874087968415], [12.381135933966773, 41.679787463130936], [12.38127179060443, 41.67969599827204], [12.381456930200171, 41.679574135757505], [12.381592602458012, 41.679487168716676], [12.38173200390968, 41.67938227550311], [12.38189877238437, 41.67926899882282], [12.382093095947726, 41.679142841154544], [12.382214311277425, 41.679042036645846], [12.38229096471425, 41.67900325531269], [12.382473647470658, 41.678867825876395], [12.382601227118252, 41.678758158602285], [12.382779994798444, 41.678645154765874], [12.38305487956208, 41.67845778880349], [12.383185822204519, 41.678339191148126], [12.383442152465053, 41.67816491190693], [12.38367283804721, 41.67803057379138], [12.383884609073874, 41.67791832090951], [12.384088552677214, 41.67785091622026], [12.384398704896276, 41.67768236331141], [12.384640659498473, 41.67756629156863], [12.384798867771089, 41.67751586008948], [12.385128475386923, 41.6773117224482], [12.385398523665874, 41.677169270773454], [12.385571466429923, 41.677051626454606], [12.385807961319998, 41.676921919810546], [12.386032271321692, 41.67679643806833], [12.386305679707725, 41.67664505543954], [12.38657854110268, 41.67650716838788], [12.386846944652076, 41.67640520301316], [12.387038427456316, 41.67627446960376], [12.387294923123118, 41.67609568329689], [12.387681705680363, 41.67588833487543], [12.388123765056957, 41.67565072402132], [12.388364888153754, 41.67548058929645], [12.388561092479499, 41.67538148213317], [12.388792487601084, 41.675229137327136], [12.389018877537813, 41.67512621250331], [12.389191625154766, 41.675013061304064], [12.389334002346889, 41.67490822599159], [12.389520570818313, 41.67475035731432], [12.389692134203745, 41.67459215062687], [12.38985978906972, 41.6744563662104], [12.390055172081507, 41.67430320103704], [12.390222459826175, 41.67417641516154], [12.390413114227004, 41.673991621811844], [12.390574581324517, 41.67386019938198], [12.390901972448745, 41.67371003111811], [12.391192813252342, 41.67357254138906], [12.391370188390601, 41.67341896488968], [12.391514561508883, 41.67326463856445], [12.39167584420574, 41.67313771371104], [12.391824759594796, 41.673019514579806], [12.392062683625218, 41.67285380365311], [12.392248509903169, 41.67271392626555], [12.392415245921276, 41.67260063361445], [12.392617982409577, 41.672488158056396], [12.392838717548836, 41.67237609217148], [12.39308136573655, 41.67224200584822], [12.393275461938012, 41.67212032711092], [12.393420465777183, 41.672024550458346], [12.393569741733053, 41.671897350206685], [12.393769109720337, 41.6717938028367], [12.393958751976667, 41.67170804631626], [12.39415148047981, 41.67154580690562], [12.394273025133264, 41.671435989138295], [12.394524568678266, 41.67123005430374], [12.394746654835226, 41.67100994208584], [12.394979831301356, 41.67081259475015], [12.395330462003441, 41.67053235431564], [12.395655453238431, 41.670292058799184], [12.3959908078774, 41.67009252282586], [12.396293343507148, 41.66988774041755], [12.396515237835667, 41.66967212325309], [12.396972848611819, 41.66934476850602], [12.3972007402345, 41.66912928505878], [12.397408271192145, 41.66897187933583], [12.39756544340142, 41.66887187140858], [12.39771979492825, 41.66876729639647], [12.397878055223476, 41.668640294781014], [12.398011769601643, 41.66852624601687], [12.398178846674027, 41.668403945864235], [12.398588077841216, 41.66808449611446], [12.398906683457012, 41.66785305176262], [12.399198105339101, 41.66762549574566], [12.399341900221003, 41.66748465419354], [12.399546502280886, 41.667250626665684], [12.399716933939477, 41.667119394336005], [12.399910540350431, 41.6669346501665], [12.40015923051375, 41.66672413547208], [12.40047355482159, 41.666524110746415], [12.40082040987168, 41.666261779907884], [12.401088905608837, 41.666006680078844], [12.401343588265055, 41.66579629780338], [12.401716065497157, 41.66549401577002], [12.402105452879255, 41.665219135343385], [12.4024920188527, 41.66493968417481], [12.402596728203026, 41.66487450617889], [12.40284323004077, 41.66471797270766], [12.403198523143203, 41.66446933390988], [12.403535817697701, 41.664220286560216], [12.403972899184241, 41.66387892959575], [12.404351352773832, 41.66357677529092], [12.404720441920787, 41.66328341290984], [12.405184400489189, 41.66287061199249], [12.40544122683552, 41.66260623143246], [12.405667617269572, 41.66242672337516], [12.40587564990333, 41.662255802150455], [12.406012336734218, 41.662141810882076], [12.406234640833388, 41.661989225512066], [12.406312416224145, 41.66194315741905], [12.40638842248872, 41.661898134152864], [12.406662732938173, 41.66179625738796], [12.40700021802815, 41.66169129938352], [12.40720372827592, 41.661632851455735], [12.407326606483497, 41.66156357646745], [12.407429389591215, 41.66147133353216], [12.407521075557826, 41.661356323913836], [12.407720279831384, 41.66118069857824], [12.407881319877914, 41.66105824846402], [12.408047275133685, 41.6609629275541], [12.40826530770032, 41.660841762208655], [12.40842934558311, 41.660719379028706], [12.408590019983388, 41.660605926103436], [12.408835591233684, 41.66047187221496], [12.409077437990941, 41.66035574634302], [12.409244943027632, 41.66029648185633], [12.409512229751908, 41.66014490658954], [12.40970344213832, 41.66001863024863], [12.410041160223326, 41.65983261481173], [12.410311983395294, 41.659667605674386], [12.410657206974765, 41.6593691834335], [12.411015506047015, 41.65904403740335], [12.411598543498748, 41.65857985544658], [12.412131413827385, 41.65816857838747], [12.412429582399804, 41.6579951744972], [12.412873834050197, 41.657622424166455], [12.413505800682183, 41.65706026891771], [12.414179687014643, 41.656575605282086], [12.415021895976723, 41.655860569108384], [12.41564350692191, 41.65540624285646], [12.415809420348054, 41.65553600018438], [12.416887902773285, 41.6548712528924], [12.417684426700717, 41.65422478721294], [12.418037315585305, 41.65401126378657], [12.418153943305335, 41.65396467221821], [12.41865771871017, 41.65366841983539], [12.419516610803251, 41.65307141115957], [12.420435122495084, 41.652503731511025], [12.421441866686854, 41.65178934172305], [12.422324039521476, 41.65095789342456], [12.423035123619456, 41.650395602633196], [12.423899991317544, 41.64967680880335], [12.424707863336156, 41.6491535779669], [12.425225972339776, 41.648906813003016], [12.425575636126906, 41.64869884079278], [12.426315918708966, 41.648154451008665], [12.426673444221993, 41.64796728269986], [12.427364635570253, 41.647490635978095], [12.427758176836132, 41.647190018069125], [12.42815223453516, 41.6468889961771], [12.428454130344491, 41.646762113462074], [12.428759961367883, 41.64662373421368], [12.429044800777001, 41.64647017407751], [12.42952827524866, 41.64620345450696], [12.429617568295772, 41.64614675076358], [12.430224198153164, 41.64579994279709], [12.43085380467221, 41.64544792258139], [12.431084988404994, 41.64526992101183], [12.431770143380493, 41.64474230433587], [12.432258823661044, 41.64439679683909], [12.432567995980648, 41.64426241947546], [12.432647909987683, 41.644205605678835], [12.433538065249726, 41.64357887924396], [12.433753617074679, 41.643383210339316], [12.434090757108905, 41.64311786111767], [12.434773232836948, 41.642748822050685], [12.435808944938058, 41.64208137267554], [12.436706977808296, 41.641143534370975], [12.43710847149199, 41.640773949659476], [12.437631975231776, 41.64027310245757], [12.438220142451856, 41.63966248232318], [12.438603393006447, 41.6393024548845], [12.439799620579429, 41.63817868631966], [12.440516046407499, 41.6375853842812], [12.441066476568109, 41.63707358915329], [12.441271410708815, 41.63687835330184], [12.442191395285054, 41.636121346542645], [12.442926064641487, 41.63550496400059], [12.443708971176147, 41.63485111145558], [12.443754571493681, 41.63481370715721], [12.443857050442746, 41.6347296143351], [12.444638383722122, 41.63410282226417], [12.445114095569656, 41.63374088545101], [12.445316087980341, 41.633587207415644], [12.44535412037303, 41.63355454755019], [12.445898935639834, 41.63312823508984], [12.446486960231468, 41.6325175576076], [12.44663547883419, 41.63239753774005], [12.447130777073287, 41.63199723281538], [12.448419230939937, 41.63093430656976], [12.449337790041094, 41.63021957499169], [12.449697775790124, 41.62990155869604], [12.450075764961, 41.62956767416654], [12.450547224820587, 41.629277401791185], [12.450914437068537, 41.62899595755804], [12.451714345194645, 41.628278575827174], [12.45239200901602, 41.62778647340837], [12.452875273560489, 41.62743552714805], [12.453801612979536, 41.626520442667044], [12.45393088727592, 41.62639872301721], [12.454356348682692, 41.62599810889008], [12.455162302617802, 41.62533732524898], [12.45570562078106, 41.62489188547355], [12.456023767143297, 41.624634678962835], [12.456992919933658, 41.623851122224174], [12.45768409185733, 41.62325380903478], [12.458027654047973, 41.62298956125775], [12.45838790462054, 41.62271247162945], [12.459217277789735, 41.62199568166991], [12.459806823700733, 41.62134042818455], [12.459857309755598, 41.62130231562023], [12.460724223311491, 41.62064784772599], [12.46109573202958, 41.620255086572065], [12.461924172598614, 41.619560529620045], [12.462821754787983, 41.61894486452051], [12.463737843814457, 41.61813826555531], [12.463927544828756, 41.617946769554074], [12.464216008047806, 41.617655579247206], [12.464676143081606, 41.61718693485795], [12.465272357831159, 41.61662672682103], [12.465599315164244, 41.61631707303784], [12.466459024947637, 41.615613941300495], [12.46666492945068, 41.615449984277795], [12.466792042308956, 41.61538727694616], [12.467503899790254, 41.614983299288276], [12.468468848801558, 41.61411008543613], [12.469041922028296, 41.61359148083398], [12.4709722580392, 41.611870312175576], [12.471163111999845, 41.61170012560905], [12.472003503628171, 41.61069389590124], [12.472450297445057, 41.610269335032676], [12.472581379134644, 41.61016963361252], [12.473275881590203, 41.60964145346613], [12.474402334858832, 41.608688005295605], [12.474840671161537, 41.608316988163125], [12.47691134161825, 41.60633408614082], [12.478565860654962, 41.60474955946004], [12.478831581695454, 41.604495078215145], [12.479476593781648, 41.6039300356291], [12.48045542042397, 41.60317180926558], [12.481045407711784, 41.60262762601227], [12.481163131697171, 41.60251902638831], [12.48200354291738, 41.601693389233496], [12.482971528905031, 41.600719892421544], [12.483137151286368, 41.60057966474703], [12.484512424205754, 41.599540501066556], [12.484726066669086, 41.59933350925273], [12.486423512898709, 41.5976887904664], [12.487625595415325, 41.595789130528814], [12.488171812880712, 41.59598713933497], [12.488880847883387, 41.59533623966205], [12.489083616350543, 41.595145025137406], [12.489207214893678, 41.59489706911042], [12.489309764416639, 41.59477092163254], [12.489620892314953, 41.59451483244588], [12.489941074832874, 41.594234475305996], [12.490249260816427, 41.59384382204739], [12.490658838065007, 41.59335754197095], [12.491641438688955, 41.59236719136531], [12.492053670243223, 41.59202157856708], [12.492344654396097, 41.59174684133919], [12.492898538467113, 41.591223833649], [12.493601709364869, 41.59051163410247], [12.494255671650322, 41.590018458909725], [12.494516507659306, 41.58979854118368], [12.494609082639984, 41.589720478320615], [12.494900704295548, 41.58933555613285], [12.495270836368656, 41.589025721547145], [12.495923093862645, 41.58825456455911], [12.496383630096336, 41.58786451594021], [12.496880514533396, 41.587286145589985], [12.497253681229628, 41.58690148088483], [12.497854458766271, 41.586390817571214], [12.498188756596127, 41.586008939471014], [12.498530651858179, 41.58568177029556], [12.4992894362999, 41.584839959547494], [12.499611103390055, 41.58453417073406], [12.50028308043652, 41.58393412757738], [12.500407171828304, 41.58385089395931], [12.500839746931794, 41.5835607158331], [12.501397827567413, 41.5831509444232], [12.501722572057101, 41.58276521673762], [12.502323693440289, 41.58224363875736], [12.502899811328847, 41.581616038218044], [12.503543103201551, 41.58100443833456], [12.504065675450882, 41.580510236632676], [12.50456874072093, 41.580019265558676], [12.50509477956529, 41.579434198020195], [12.505860128857137, 41.57866884943335], [12.506540380541175, 41.57810169395622], [12.506675148857681, 41.577978364722895], [12.506951872686626, 41.57772508713346], [12.507136213006955, 41.57746358444922], [12.507393331636864, 41.577323681538886], [12.508097098527033, 41.576647912543486], [12.508391357704753, 41.576297861609106], [12.508849236945315, 41.57597318459005], [12.509169007714618, 41.575714602470846], [12.509407620386925, 41.57555246639093], [12.510101553692223, 41.57513106941603], [12.510484825334991, 41.57473201957665], [12.510848714935914, 41.574332547036505], [12.511127123583018, 41.57414219017265], [12.511577659034751, 41.57375550392619], [12.511972532386322, 41.573305780918574], [12.512224973866466, 41.57303482836376], [12.512313809222901, 41.572961530534805], [12.512834900229846, 41.572531572268154], [12.513830661523608, 41.57156019761564], [12.51455557822527, 41.57083392691953], [12.514996490635337, 41.57019244056418], [12.5160475744806, 41.56929133747977], [12.516475793700707, 41.568980540392786], [12.517671873589087, 41.56783161176318], [12.518048247167169, 41.56747356213986], [12.518636385158075, 41.56691408546829], [12.518944871903729, 41.56669525101725], [12.519275751591787, 41.566396871029724], [12.519672452662656, 41.56589625892584], [12.520195465799182, 41.56538380672609], [12.5207922315831, 41.564967499176504], [12.520943367267783, 41.56483173852487], [12.521353635426632, 41.56446315915036], [12.522038886549716, 41.56375779233459], [12.522826486172189, 41.56316012182787], [12.523575248220066, 41.56256522434128], [12.523980462496274, 41.56209386293857], [12.524111761497219, 41.56195121806637], [12.524375765077409, 41.561704467933524], [12.524473136163293, 41.561613470922055], [12.52499824604199, 41.561297458975396], [12.525499885177474, 41.56083543378963], [12.525911135457603, 41.560458766473865], [12.526348909835757, 41.56014812056346], [12.527007932317131, 41.55962037767022], [12.52748496187758, 41.5590414536533], [12.52786523652119, 41.558715009645546], [12.528256021337878, 41.55836699710746], [12.52897055426989, 41.55765130187985], [12.529136110099461, 41.557371179270376], [12.530023452451182, 41.55669193989364], [12.53027878793504, 41.556595584481734], [12.530869753465936, 41.556073635449216], [12.53158270469654, 41.555397902298424], [12.531849101759365, 41.555265424345855], [12.531907292447201, 41.555203716251015], [12.532131513556012, 41.55496597147388], [12.5325074636966, 41.55449758319563], [12.533035256505185, 41.5538542396908], [12.533546176042108, 41.55339965870926], [12.533943792327793, 41.5531245047543], [12.534077129671648, 41.55303663536938], [12.534252429544265, 41.5528983614154], [12.534475428740633, 41.552634003068775], [12.534779098529567, 41.55228407586425], [12.535401327939946, 41.551446361555], [12.53561128920604, 41.551294661477165], [12.535958646073514, 41.55104367730312], [12.536025231028079, 41.55081961342858], [12.536233566168876, 41.55068587112208], [12.536589563568983, 41.550231582978114], [12.537124469973135, 41.54965384320232], [12.537651889796496, 41.549272340786345], [12.537960784436576, 41.549038912419775], [12.538141751312265, 41.54886093560699], [12.538771272103027, 41.54833976956854], [12.539266345225208, 41.54779026591081], [12.539445636248082, 41.54765590001781], [12.539568855927643, 41.54746940851836], [12.539734220669654, 41.547307051583275], [12.540232311344667, 41.54681801681127], [12.540655827328596, 41.54636880945918], [12.541539427065167, 41.54552573470059], [12.54196927576577, 41.54516394878373], [12.542221508467255, 41.544892918761285], [12.542678397388922, 41.54432803468338], [12.543310976844955, 41.54372325990251], [12.544025596940077, 41.54299657235486], [12.54471008968532, 41.54229832414534], [12.544942668739965, 41.54203414629597], [12.546145714723, 41.54067411342553], [12.546609186365066, 41.54018936580935], [12.547731007909777, 41.53918402351509], [12.548309879394138, 41.538461666785125], [12.548820787957203, 41.538011389423914], [12.548950514851622, 41.53789703815481], [12.549452649884346, 41.53741311340253], [12.549924356248228, 41.536964891927475], [12.550224838086267, 41.536694879238645], [12.550659662438425, 41.53619859085088], [12.551316123472915, 41.53547061099801], [12.55173062628027, 41.534999345005374], [12.552369747353964, 41.53421643997009], [12.552551741304814, 41.53400935975087], [12.552777790347422, 41.53404235190976], [12.55241593131227, 41.53386412036815], [12.552755682446715, 41.53350356847592], [12.553053544894965, 41.533172769072245], [12.553368875925264, 41.53291896220745], [12.553525301593524, 41.532554507992614], [12.55378241536748, 41.532222846725496], [12.554083722362616, 41.53180018590864], [12.554420558587703, 41.531516183287145], [12.55492033099814, 41.53123565746293], [12.55517514317763, 41.530965239100276], [12.555870890080522, 41.530351727421106], [12.556251344565862, 41.529992025910275], [12.55645077635038, 41.529567183984106], [12.557080815632055, 41.52907487659502], [12.557213952301144, 41.528786531895335], [12.557446624226326, 41.52856161000573], [12.557678736661432, 41.52835201217311], [12.557847989990222, 41.52818703713888], [12.558124288876998, 41.527886419295605], [12.55838221070442, 41.52753176207201], [12.558660230876399, 41.52718520407976], [12.55889461957543, 41.526914360368735], [12.559108051926714, 41.526658364216544], [12.559281352154603, 41.5263862014146], [12.559516318064805, 41.52610003047568], [12.55981525530221, 41.52573860213292], [12.56007230666795, 41.52540691002666], [12.560366624087887, 41.52516797383116], [12.56080235044662, 41.52496267962146], [12.56110302197801, 41.52455529065117], [12.561318745931198, 41.52423806538581], [12.561804688870707, 41.52378097950078], [12.56229033431289, 41.52333153730143], [12.562566570040904, 41.523030911794045], [12.562762495534217, 41.522697920036244], [12.563081764524082, 41.52233690356698], [12.56333820715111, 41.522020532141255], [12.563638267018835, 41.521628461903795], [12.564017464896658, 41.5212993533041], [12.564318075127225, 41.520891957951555], [12.564614076713362, 41.52060707231955], [12.564848149961712, 41.520343860219526], [12.565166232852096, 41.52001345321666], [12.565400011384495, 41.51975788474138], [12.56569486390733, 41.519503609491885], [12.565887322773515, 41.519262509213824], [12.566208254575493, 41.518855529907384], [12.56655015510973, 41.51843369636769], [12.566805984184366, 41.51813262465038], [12.567040306456619, 41.51786174592374], [12.567276078730323, 41.51755257263033], [12.567575490843474, 41.51717580246585], [12.567980746996678, 41.516693997408304], [12.568191836194755, 41.516499231250684], [12.568338972813805, 41.51637976178897], [12.568593644410015, 41.51610930136901], [12.568724987982113, 41.5158668848062], [12.56897966052142, 41.515596439724185], [12.569212245965444, 41.51537147813879], [12.569402383266107, 41.5151916180283], [12.569594816486854, 41.51495049532232], [12.569865776215472, 41.514745639150256], [12.570046429327496, 41.514420247425164], [12.570117641386522, 41.51437934099928], [12.570225531503077, 41.51431735856047], [12.570407328308782, 41.513919543518846], [12.570648551930345, 41.51371754690018], [12.570883425453118, 41.513493802212125], [12.57101133494872, 41.513300714545174], [12.571212796095542, 41.512961246308826], [12.571374345606404, 41.51274011266311], [12.571662787038004, 41.512402439987405], [12.571789428926785, 41.51222740866464], [12.571909033333553, 41.51214698588206], [12.572132980971476, 41.51196029750915], [12.572316776596027, 41.51173197790223], [12.572608890338985, 41.511396106801435], [12.572982279526673, 41.511118440245696], [12.573177902954953, 41.51079622693953], [12.573319884517373, 41.510570165578244], [12.573563884365935, 41.51029290672328], [12.57386326741668, 41.509985428728754], [12.574166973744966, 41.509618431868844], [12.574445704503725, 41.5093597480889], [12.574538087018208, 41.50924806137869], [12.574608091871939, 41.50914976035708], [12.57468247587186, 41.509070741110875], [12.574782642645191, 41.508984594989805], [12.574847695244946, 41.50888235324509], [12.574888831143179, 41.508737385502855], [12.574967741785683, 41.50867381064346], [12.575066906723466, 41.50861449249447], [12.575111995976854, 41.508500330288115], [12.575140936668474, 41.50840882099993], [12.575224932730205, 41.5083453641439], [12.575329053610458, 41.50815376773081], [12.57544169980028, 41.5080064640153], [12.575486785849497, 41.50789228375245], [12.575553547170546, 41.507744029036324], [12.575629081759555, 41.507634340982825], [12.575715964405518, 41.50749418322915], [12.57580227139199, 41.50736935052027], [12.575909319202623, 41.507235371057995], [12.5760313139248, 41.50711130835509], [12.576185885394077, 41.5069342032267], [12.576297973788439, 41.506802241250455], [12.576430873903679, 41.506659230060976], [12.576455545284267, 41.50654461703108], [12.57657294001489, 41.50640701165325], [12.576627083945663, 41.50632373422163], [12.576686157980491, 41.506244380843576], [12.576765222254846, 41.50617698264438], [12.576819920754934, 41.50607836355566], [12.576914838354329, 41.50599591904202], [12.57695878812189, 41.50591242489308], [12.577007248710299, 41.505844375707404], [12.577122420386049, 41.50576620546698], [12.577181650410385, 41.50568302873818], [12.577214226224472, 41.505629987082834], [12.577302167449414, 41.50546106200812], [12.577385894715155, 41.50540526556384], [12.577455893733351, 41.505306962115085], [12.577563446733599, 41.50515957633921], [12.57767366506882, 41.5050774651269], [12.577681768855578, 41.50499704314101], [12.577736308961581, 41.504902263908484], [12.57781665631959, 41.50480033748029], [12.577850256340094, 41.504720449599], [12.577985494880998, 41.504514158385014], [12.578151694846277, 41.50429890134026], [12.578275544988026, 41.50412498285205], [12.578335347122044, 41.504026463416146], [12.578425440197327, 41.503936273935295], [12.578468522980883, 41.503875767910955], [12.578532987785959, 41.50378886762283], [12.578580323171083, 41.50374051138317], [12.578623149554147, 41.50369674061283], [12.57875561395187, 41.50356521308904], [12.57882165477811, 41.503436121491184], [12.57885611895162, 41.50333324381099], [12.578936726700517, 41.50322365490422], [12.57906494721325, 41.50306900040065], [12.579143558979291, 41.503013103637684], [12.579264608513709, 41.502913945917626], [12.579355010825344, 41.502816075378725], [12.579383500723795, 41.50273608784207], [12.579458865231295, 41.50263021995162], [12.579498568644382, 41.50252360191487], [12.579531588474563, 41.50245905592837], [12.5795861227463, 41.50236427601272], [12.579681609624025, 41.502266505221066], [12.579780916513236, 41.50220334239431], [12.579866345413592, 41.50210153175096], [12.579945597700132, 41.50202837115945], [12.580040506669953, 41.50194594418534], [12.580068284186899, 41.50188512032522], [12.58012268424291, 41.50179416258459], [12.580182195989323, 41.50170332195785], [12.580226271034341, 41.50161598822157], [12.580263953272407, 41.501563044105026], [12.580276166563598, 41.50150958625759], [12.58036963069087, 41.50146548913377], [12.580428720961896, 41.50138615226663], [12.580513146677553, 41.50131116855563], [12.580562018769742, 41.50123161431912], [12.58062541545514, 41.501173461333345], [12.580653769972013, 41.50109731305884], [12.580714407594156, 41.50097578576443], [12.580778447250651, 41.50090036932624], [12.580878750814348, 41.500810378359745], [12.5809686791518, 41.50072400939349], [12.581043487394778, 41.50063348482234], [12.58114903023395, 41.500539769593786], [12.581229790294984, 41.50042633810232], [12.581320294343831, 41.50032462661683], [12.581379865148037, 41.50023184740131], [12.581443485936916, 41.50016795061536], [12.581522800716177, 41.500092868878106], [12.581581442487384, 41.50002503345794], [12.58163004636571, 41.499953141632446], [12.581678941414474, 41.4998735673015], [12.581733757202278, 41.49977110690026], [12.581782495925566, 41.49969539076322], [12.581863407324144, 41.4995781178615], [12.58193805601168, 41.4994914330448], [12.581997694164038, 41.49939673328734], [12.582042695784178, 41.499284470348464], [12.582075712904139, 41.4992199255278], [12.582118920995423, 41.49915559510565], [12.582176564337303, 41.49911460647051], [12.58227261670813, 41.4990014898241], [12.582306630375928, 41.49891009701106], [12.582355078038917, 41.498842045107644], [12.582372501774929, 41.49878484584067], [12.582411467431115, 41.498697411273504], [12.58258802134302, 41.49861477727661], [12.582852888319383, 41.4983517123082], [12.583013266133516, 41.49815553294289], [12.583131983153615, 41.497981492955425], [12.583296603062577, 41.49767026438913], [12.583338600565364, 41.497598687802615], [12.583514489766616, 41.497298762922135], [12.583848542572913, 41.49682224080362], [12.584075176225657, 41.49648930609629], [12.584247727870487, 41.49623964730713], [12.584421117589182, 41.49596698421636], [12.584500186264034, 41.49576140709445], [12.58463107903975, 41.49553390845986], [12.584762546712762, 41.49529106473518], [12.584923746155447, 41.4950718593979], [12.58511680739612, 41.4948187937149], [12.585397000087292, 41.49441790229035], [12.585591049732297, 41.494137989022335], [12.585721385380666, 41.49392581374473], [12.585778339290865, 41.49376583545606], [12.585887135860862, 41.49358391293302], [12.58594267596478, 41.49346228359652], [12.585952075762268, 41.49320919637434], [12.586038475756093, 41.49308053584946], [12.586143136002962, 41.49300980625239], [12.586272027277115, 41.492835979449225], [12.58639892838966, 41.492715846541635], [12.586493815993501, 41.49263341499332], [12.586594097014958, 41.49240526427592], [12.586734903308647, 41.49218564225629], [12.586843959282367, 41.491996039133966], [12.586970364504777, 41.49178529455698], [12.586987617496936, 41.49169973506674], [12.587083627216442, 41.49158661579538], [12.587273974910635, 41.49140640753022], [12.587380488036523, 41.49128584042188], [12.587405134678628, 41.49117122403483], [12.587490823842833, 41.49106172807905], [12.587537867073761, 41.49089386813296], [12.587627399812433, 41.49068084339323], [12.587712093170776, 41.49059819432831], [12.58772542070876, 41.490514031578165], [12.587800762012222, 41.49040815902563], [12.587854304278302, 41.49034020236793], [12.58792016008615, 41.490255799244544], [12.587972133060184, 41.490189184708406], [12.58799651665284, 41.49008223090629], [12.58807384383505, 41.48992268225323], [12.588300570971379, 41.489708563020464], [12.588401212473538, 41.489619862609885], [12.58846126291511, 41.489568468416635], [12.588501853752557, 41.48953116301996], [12.588554936939344, 41.48946196774656], [12.58864659976011, 41.4893195302854], [12.588719373686866, 41.4891056270383], [12.58874083059256, 41.48892486439973], [12.588784698680714, 41.48866234497234], [12.588832790912177, 41.48847623131868], [12.588908780491604, 41.48833426440381], [12.589057015000655, 41.488145039897034], [12.589169861515773, 41.48797942152636], [12.589257332248392, 41.48777405861961], [12.589270788355524, 41.487638563312935], [12.589231738821246, 41.487365135575004], [12.58919142253687, 41.48706921075026], [12.58913016670925, 41.486949549640485], [12.58906542854496, 41.486888536196254], [12.588980241205595, 41.486823661669966], [12.588986746332184, 41.486751419694535], [12.589034311966904, 41.4867049161229], [12.589091364224682, 41.48668061405137], [12.589217392260533, 41.486591120661444], [12.589390776926237, 41.48650466625776], [12.589558658455386, 41.48642738344672], [12.589773121038382, 41.48627208805438], [12.58992134520342, 41.48610986333915], [12.590139520445708, 41.48600848929846], [12.590342775879833, 41.4858940804342], [12.590548258794893, 41.485874140036046], [12.590664578617092, 41.4858660033465], [12.59082920592638, 41.48582483887625], [12.590985137903239, 41.48572090895853], [12.591230979856464, 41.48559164940627], [12.591430487090733, 41.48545033724072], [12.591709211368945, 41.48529303005076], [12.59188282794679, 41.48517054531083], [12.592080837076372, 41.48502926086224], [12.592214832845595, 41.48496203459826], [12.592380217332302, 41.48489382477371], [12.592544108393204, 41.48479866265967], [12.592658286455395, 41.48471016290282], [12.592683358265669, 41.48469073332544], [12.592736173576382, 41.484576526186366], [12.592790480840895, 41.484462253449415], [12.592843517868172, 41.484379557840704], [12.592907279345045, 41.484328025479854], [12.592975548863707, 41.48424935332387], [12.593070437893639, 41.48417885019753], [12.593161603945909, 41.48413545950328], [12.593314775380403, 41.48407665006397], [12.59342860658812, 41.48399653352039], [12.593595983723825, 41.483829204152336], [12.593760371415355, 41.48366196986871], [12.593819654889518, 41.48355655887315], [12.593932493360967, 41.48340443598479], [12.594052297086943, 41.48329713231792], [12.594168107661584, 41.48318545352294], [12.594395765090187, 41.482998218256206], [12.594503594651707, 41.48294532593417], [12.594588784780116, 41.482875122356816], [12.594728250146744, 41.48279870324812], [12.594769347823416, 41.48272988111143], [12.594832362476039, 41.482610853013625], [12.594967869469215, 41.48248953825068], [12.595140216639981, 41.482331051016075], [12.595358882737616, 41.482198133300244], [12.59556485348258, 41.48205211181062], [12.595692381950162, 41.48193554587616], [12.59579100873876, 41.48186492263667], [12.596050271411022, 41.48165419601124], [12.59614716875117, 41.4815115689933], [12.59631377478745, 41.48135576862374], [12.596351385220544, 41.48132058269387], [12.59643856296587, 41.48125931632397], [12.596471679749264, 41.48122226106032], [12.59661289230912, 41.481082765085034], [12.59676458652759, 41.480888904522345], [12.596892844316374, 41.48074529587389], [12.597005148168545, 41.4806652425713], [12.597109523096982, 41.48053590025252], [12.597268406599689, 41.48036433343859], [12.597499281547027, 41.480073435044694], [12.597840227781958, 41.47975657203066], [12.59797570173215, 41.47958835526808], [12.598018793030397, 41.4795348685903], [12.598061864790525, 41.47946146281149], [12.598089778215753, 41.47941107113927], [12.598129623167136, 41.47937380376646], [12.598172944595111, 41.47930490988058], [12.59824044094842, 41.47917220282074], [12.598452383317166, 41.47898547258998], [12.598775636442975, 41.47871419652248], [12.599041841253593, 41.47844018984195], [12.59923011984651, 41.4782451798844], [12.599337696270165, 41.47803919932556], [12.5994769075666, 41.47789076180537], [12.599561086589201, 41.47772151280315], [12.599655957168595, 41.477569966309844], [12.599718969893305, 41.47746443636824], [12.59980514235493, 41.477331143173686], [12.599845977409256, 41.47726352608603], [12.599929898702774, 41.47712462280815], [12.600146059021656, 41.47687921844905], [12.600248156058266, 41.47673642597518], [12.600410755426966, 41.47660525502157], [12.600595781141832, 41.47641936360973], [12.600726767188739, 41.476176609773304], [12.600880662862163, 41.47598267576273], [12.601062461120243, 41.47580588286234], [12.601183480027593, 41.47561297814395], [12.601265898998335, 41.475452801883044], [12.601377448576981, 41.475291712324676], [12.60148302875628, 41.475184847837085], [12.601590597355472, 41.475059900431866], [12.601718612571348, 41.47496583037692], [12.60178235474774, 41.474860276452], [12.601858302611609, 41.47471832134492], [12.601932748404291, 41.4746439493427], [12.602005452165404, 41.474592133427784], [12.602064481086913, 41.47452274468384], [12.602105316981024, 41.47447644589872], [12.602129457734575, 41.474453170311556], [12.602225077011676, 41.47432859790951], [12.602381220666018, 41.474161608195786], [12.602483806771211, 41.47400079956295], [12.602613532834113, 41.473857156598974], [12.602732320792859, 41.47371835737022], [12.602851589495792, 41.47354800552482], [12.602985279952955, 41.47335470242754], [12.603045048657757, 41.473244772494084], [12.603071433591767, 41.47314038773932], [12.603098334184367, 41.473112526349325], [12.603157098641447, 41.47305214523298], [12.6033092392436, 41.47285376222841], [12.60347108359932, 41.47266857536775], [12.603586371977027, 41.47253438408692], [12.603728283967412, 41.47234082043787], [12.603825650200415, 41.47218019238465], [12.603923486280328, 41.47200151101788], [12.604049989658352, 41.47179943138727], [12.604253897746768, 41.47157690442658], [12.604640826268419, 41.471200059817534], [12.604777038407743, 41.47106521351813], [12.604936865934999, 41.470925104446195], [12.60511787819814, 41.47074833079979], [12.605273250677607, 41.47060837998619], [12.60548141662861, 41.470367717486695], [12.605665396714418, 41.47017733200852], [12.605852636808608, 41.469964325292246], [12.606027173028782, 41.469778753623324], [12.606132962020382, 41.46958182189996], [12.606211153170765, 41.46949381176417], [12.606336880186344, 41.46935929098583], [12.606410065996377, 41.46923541849734], [12.606508660610254, 41.46913776864952], [12.606569659344055, 41.468996278891446], [12.606651304997035, 41.468863142576076], [12.606906999789572, 41.468508410252355], [12.606954554122202, 41.46840786260235], [12.606979937655069, 41.46833952685744], [12.607014300890167, 41.46831142935347], [12.607097438142139, 41.468205263556776], [12.607216690271319, 41.468061928141864], [12.607363841562066, 41.467841176998625], [12.607471622451365, 41.467707217627854], [12.607557996485362, 41.467537911946586], [12.60770415575189, 41.46735322978822], [12.60782896644539, 41.4671806510181], [12.60785078238972, 41.46715049607812], [12.607912509687262, 41.46707651969376], [12.607966051220808, 41.467016301089544], [12.608062880446221, 41.46687368524003], [12.608124117117717, 41.46677720643085], [12.608220462908442, 41.46657156951952], [12.608261540381308, 41.466529742026445], [12.608303597443141, 41.46646538403892], [12.608358136726142, 41.46642315259718], [12.608485084946388, 41.46627059048064], [12.608609813567659, 41.46610456209969], [12.608737279748158, 41.46593396475855], [12.608921971655626, 41.46564901518175], [12.608969110441064, 41.46557595940119], [12.60901981361722, 41.46549734792852], [12.609092983216081, 41.4653464584036], [12.609174399509026, 41.46516830649246], [12.609219449808103, 41.46509033539909], [12.60927743459094, 41.46490842232047], [12.609294604150444, 41.46482682629492], [12.609299313430844, 41.46479066078927], [12.609318983766945, 41.4647135041441], [12.609365771794526, 41.46461297868505], [12.609498707083631, 41.464365655626736], [12.60956191293644, 41.46417005691923], [12.609564884302126, 41.46408890785703], [12.609656978928914, 41.46387440343968], [12.609707743432772, 41.46373773354427], [12.609780440925698, 41.463604875299154], [12.609785650424817, 41.46344261910888], [12.609794589434875, 41.46333426395453], [12.609788359333514, 41.463208385667535], [12.609782354413404, 41.46315455612504], [12.609855558158808, 41.463084700037626], [12.610044499572714, 41.46291667040219], [12.610219008241126, 41.462731093344665], [12.610631729050322, 41.46236241826101], [12.61070144916322, 41.462283672144736], [12.610874198377115, 41.462107151093704], [12.61096343206898, 41.46182628463767], [12.611180325559184, 41.46151141865243], [12.611340225592397, 41.46125717632441], [12.611729961818453, 41.460708942999446], [12.611918737203947, 41.460414086861384], [12.612175146993804, 41.460141260553726], [12.612219130709637, 41.46010992600986], [12.612329760692196, 41.46003114614046], [12.612402318717077, 41.45991931529696], [12.61260173688419, 41.45970711344557], [12.612802304218524, 41.459464021193874], [12.613001716398204, 41.45925180173798], [12.613556690160914, 41.4588124500055], [12.613830722787263, 41.45846612651482], [12.613994235152816, 41.45816381646525], [12.613977041499755, 41.45811032110236], [12.61392153647402, 41.45813458397015], [12.613874227189138, 41.45813157223281], [12.613918532572182, 41.45805362365914], [12.614017604599411, 41.45799197091706], [12.614097748796095, 41.45793992963158], [12.614169919531392, 41.45785210446703], [12.614288917247798, 41.45777182307193], [12.614370042624895, 41.457683715167086], [12.61450545804598, 41.45753538006779], [12.61466102381351, 41.45737289297377], [12.614855644038323, 41.45714613980266], [12.615005723217731, 41.456938807447564], [12.615211292716413, 41.4567207072333], [12.615472117212995, 41.456392814211995], [12.615565945785976, 41.45622326890875], [12.61567842329856, 41.456053135707585], [12.615861595612026, 41.45579522354182], [12.615940478944342, 41.455653147075964], [12.616098497601175, 41.45544106258338], [12.616235609777533, 41.455202598472255], [12.616393144567922, 41.454913990159724], [12.616491923734879, 41.45471275175322], [12.616678312959245, 41.4544457371555], [12.61680175104264, 41.45425725715305], [12.616939849939756, 41.454009762164944], [12.617161046733052, 41.45358855562745], [12.617259806903455, 41.45337381643783], [12.617290891386045, 41.453233264738074], [12.617395924922288, 41.4531714196309], [12.61751714555924, 41.453118083529894], [12.617613942777975, 41.45296194383297], [12.617744087867418, 41.452719196489696], [12.617939664685736, 41.45238885263743], [12.618092458623684, 41.45217692998271], [12.618255705503383, 41.45199167668047], [12.618353216855935, 41.45174095743933], [12.618420640171312, 41.451581259366904], [12.618421601552804, 41.45146415491857], [12.618321245650998, 41.451300723177184], [12.618237049920738, 41.45114578408326], [12.618206657010637, 41.45104318583419], [12.618184742965177, 41.45097181835173], [12.618146143090849, 41.450964034099385], [12.618129458338448, 41.45090602246174], [12.618114014961314, 41.45084347358399], [12.618135637592692, 41.450775253845535], [12.618175224001929, 41.45074698857211], [12.618189402065722, 41.450692523820855], [12.618147792956082, 41.45060377861597], [12.618134084849068, 41.450518655558405], [12.618206530750989, 41.45052987293472], [12.618273995020298, 41.45050524940776], [12.618459399690456, 41.45035531644417], [12.6186440665208, 41.45025944537366], [12.618723944526533, 41.450162390961914], [12.618732385328139, 41.450099088058856], [12.618742825068509, 41.45003120513822], [12.618738825176623, 41.44991877489867], [12.618808971974802, 41.44976797178433], [12.618898538867956, 41.44958955904457], [12.618902493971373, 41.44949937884968], [12.618864126926423, 41.44940153008344], [12.618827028757156, 41.449299143191254], [12.61864428017027, 41.44913378805825], [12.618616374430111, 41.44906263007603], [12.618606368247388, 41.44888283579999], [12.618554556277639, 41.44877191055434], [12.61853612843112, 41.44870945391738], [12.618462665930348, 41.44862621200103], [12.618397943726956, 41.44860575161951], [12.618329998934572, 41.448634890284914], [12.618304842950689, 41.44853212709201], [12.618396152439795, 41.44839867640096], [12.618336626746034, 41.448202440102584], [12.618272115558678, 41.448091899356214], [12.618206839107039, 41.44787334436552], [12.618162513863528, 41.447721645807505], [12.618076363029505, 41.44766582269401], [12.617988976485906, 41.44760103673635], [12.61796531502982, 41.447498226384816], [12.617869966673688, 41.4474246731559], [12.617889605973021, 41.447374536397035], [12.618118861299676, 41.447394316509424], [12.61826997014382, 41.44746161439493], [12.618477561925133, 41.447455074576254], [12.618670948531838, 41.44743546576086], [12.618928315497135, 41.44736882203286], [12.619218253221709, 41.44720211418527], [12.619511440519302, 41.4470532850062], [12.619652056628913, 41.44698581873844], [12.619716272195319, 41.446970294830955], [12.619860118548841, 41.44696126273851], [12.620182651571346, 41.44676198804653], [12.6203755340563, 41.44661181912937], [12.620545474188267, 41.44645336939613], [12.620708704050399, 41.446268132123116], [12.620832125299703, 41.44614716826395], [12.620931898044368, 41.445977431301465], [12.62102098109822, 41.44587106820923], [12.621109279696274, 41.44568367494279], [12.621280752975794, 41.44557921297253], [12.621472126195773, 41.44548312516729], [12.621624405346987, 41.44537026962609], [12.621759038086967, 41.445235450637306], [12.621808038472462, 41.4451483511748], [12.621847832845747, 41.445057041063095], [12.621883168390266, 41.44497939114611], [12.621958817854203, 41.44495448764849], [12.62199588864913, 41.4449352993773], [12.622097196115442, 41.4449006050179], [12.622158655614367, 41.44487614875208], [12.622244010704136, 41.444823922301076], [12.622303235463436, 41.444772534950104], [12.622352984034114, 41.444698910602305], [12.622372651349902, 41.44463525347174], [12.622376118718087, 41.44459012579666], [12.622332997721292, 41.444447410598286], [12.622312317009506, 41.44438502649245], [12.622303601337872, 41.4443222633423], [12.622330957580555, 41.4443033839516], [12.622377024602837, 41.44433794907325], [12.622403944015698, 41.44445867446205], [12.622434349534567, 41.44458829071511], [12.622564062701553, 41.44468775627626], [12.622726383421274, 41.44478169355832], [12.62283316369191, 41.44481886200445], [12.622959136325777, 41.444864409712686], [12.623043511670746, 41.444929285042384], [12.623113470244732, 41.44494959840606], [12.623325038493544, 41.444920407647416], [12.623460905200663, 41.44487560247419], [12.623581584338293, 41.444759241040174], [12.62365746471519, 41.444644273546565], [12.623681339914025, 41.44460300121142], [12.623487197603598, 41.44459560835828], [12.623397603763838, 41.44458493237694], [12.6232900569134, 41.444520787168905], [12.623196219951579, 41.44450122784709], [12.623138703400327, 41.44448954185976], [12.623013766279866, 41.444488981837104], [12.623026446099502, 41.444434546636025], [12.623192447563486, 41.44442031090662], [12.623319154230352, 41.444465832375165], [12.623470492929458, 41.444524096484706], [12.623626082123419, 41.444537207986244], [12.623804523052275, 41.44453157981386], [12.624202031807666, 41.44452354190857], [12.62459677864534, 41.444520087], [12.624597790681163, 41.4445650743109], [12.624542294584083, 41.444602861581075], [12.624473097193285, 41.44458252777833], [12.624375280204001, 41.444572093971495], [12.62413634864359, 41.444593149936324], [12.624181665984162, 41.44470879457589], [12.624284013607832, 41.44484063901269], [12.62433458364799, 41.44492910111759], [12.62451232421593, 41.44500453071642], [12.62469777562163, 41.445043715422024], [12.624813507682195, 41.44504006407982], [12.624933957014976, 41.4450137451611], [12.625032007444297, 41.44496111609341], [12.625088983545318, 41.444855761141866], [12.625094931686933, 41.444801536330985], [12.624577230561144, 41.44482688892594], [12.624588391756461, 41.4447725005745], [12.625371183523876, 41.444725282499064], [12.62587296490746, 41.44470944754257], [12.62588044971848, 41.444763249349315], [12.625313715955242, 41.444808152484086], [12.625396637402972, 41.44490009050135], [12.625503930150455, 41.4449732416071], [12.625663238674791, 41.44498623385867], [12.62596090837777, 41.44497233790578], [12.626176218215715, 41.44494302560544], [12.626331220378823, 41.444825557285014], [12.626439938369654, 41.44464203347659], [12.626481439165719, 41.444514648603736], [12.62648168551074, 41.444478624184924], [12.625976663965972, 41.444503563036314], [12.62589977779438, 41.44451949030658], [12.625848741419093, 41.444503100328504], [12.62590346542786, 41.44443833804802], [12.62609362262549, 41.44442783570584], [12.626688746566401, 41.44440904932141], [12.62757307956626, 41.44438563033346], [12.627562633031923, 41.44443999729068], [12.627517091842664, 41.44445493503944], [12.627421503986357, 41.444444453265945], [12.627041191248589, 41.44446546018839], [12.627162444431796, 41.444547168886295], [12.627356127428415, 41.444613109765655], [12.627538591363402, 41.44470640419213], [12.627732747503565, 41.44474079207947], [12.627936097360507, 41.44469835250737], [12.628171507573935, 41.44458736319387], [12.628296153016885, 41.44446185282138], [12.628375032254034, 41.44440082377715], [12.628513200184377, 41.444450497255104], [12.628695163982977, 41.444534805744965], [12.628882853541281, 41.44454687911382], [12.629045831223353, 41.44445167386358], [12.629196600644992, 41.44428481896619], [12.629217470461404, 41.444176104421146], [12.628863514347483, 41.44416026636626], [12.628891884470768, 41.44413235171984], [12.62967564074396, 41.44410309252168], [12.62965676452159, 41.44416672585209], [12.629601267121265, 41.44416397920708], [12.629556209543924, 41.44417440254305], [12.629545554433152, 41.44429181323639], [12.62959535835089, 41.44435327861688], [12.629648630171538, 41.444356095575046], [12.629728754494781, 41.4443310447034], [12.630104866972408, 41.444355178989376], [12.630240610704956, 41.44431441037808], [12.63032262171965, 41.4442897812607], [12.630444045789098, 41.44422740645096], [12.630551741842215, 41.44403939318292], [12.63064675074051, 41.44387879659126], [12.630786848551201, 41.44380233239332], [12.630876157721962, 41.44371395439239], [12.630994091662124, 41.44358865503929], [12.631053795581801, 41.44357326741008], [12.631127459832552, 41.443512401315225], [12.631281912629094, 41.443291390216224], [12.631270422838409, 41.44319269797321], [12.631278335892283, 41.44309339157031], [12.631310951219245, 41.443074360947975], [12.631371710048104, 41.44313096045536], [12.631394136527339, 41.44321130634777], [12.631482248176491, 41.443249038773935], [12.63182849523701, 41.443301130892], [12.632225003194202, 41.44335613291313], [12.632604598682853, 41.44338916860723], [12.632915233679347, 41.44343336462242], [12.633332927321836, 41.443519211353696], [12.633534288479138, 41.443562379443755], [12.633798122347862, 41.44355853496742], [12.634179674921437, 41.44357348396163], [12.634546579719334, 41.443593396807664], [12.634677972285395, 41.44357573938826], [12.634831006910094, 41.443516860762095], [12.63510649049385, 41.44341358936107], [12.635378272316093, 41.44339147111881], [12.635559720769571, 41.44338572950143], [12.635885695553023, 41.44327635944848], [12.6362577384555, 41.44314752707818], [12.636527258658678, 41.443084960267335], [12.636773632627074, 41.4430231246126], [12.637084191858795, 41.44293225780441], [12.63732087172955, 41.44288424478657], [12.637479618037728, 41.44283418169576], [12.637782258674275, 41.44280208088895], [12.637833829516513, 41.44289500334759], [12.637878459807716, 41.44301066413555], [12.638034642126783, 41.4432758840435], [12.638146758691397, 41.443474945187084], [12.638166484519362, 41.443559876930934], [12.638128441266657, 41.44362861757719], [12.638051553325758, 41.443671572448096], [12.637918628167386, 41.44366226193875], [12.637835460069443, 41.443579358810695], [12.637821693264181, 41.44345371999428], [12.637789341843057, 41.44332710271173], [12.637565391419429, 41.4433393391573], [12.636799283694007, 41.443508681223996], [12.636527602215269, 41.44360407288208], [12.636211235849617, 41.44369851699346], [12.636014593980292, 41.44369553710172], [12.634897973121353, 41.44400552066023], [12.634365394079566, 41.444139442444765], [12.634310397432124, 41.44414568211658], [12.63430891891649, 41.44417274922054], [12.63377259306295, 41.444306767881706], [12.633782728342842, 41.44438750291932], [12.633720334241875, 41.444294920929345], [12.633052319812037, 41.44436106529899], [12.632976159807889, 41.44434997381374], [12.632974653515534, 41.44432300470905], [12.632857656189934, 41.444331204229464], [12.63188686174128, 41.44413226616379], [12.63152346028921, 41.4440807173999], [12.631218614237719, 41.44420742689741], [12.631096947901112, 41.44440420228818], [12.630855123264967, 41.44479978525063], [12.630133687308488, 41.44595719401851], [12.630011463024116, 41.44593855528249], [12.629977133427515, 41.44599365993095], [12.630005530986834, 41.446019780330694], [12.629853501163964, 41.44617767622456], [12.62977086446669, 41.44615776846364], [12.629771378767318, 41.4461937706363], [12.62982340501896, 41.446214645517536], [12.629610711586645, 41.44647801303138], [12.629703139965738, 41.44670022315809], [12.62998154011103, 41.44695709288516], [12.630176686019354, 41.44699594611575], [12.6303286699517, 41.44677612013845], [12.630547703602879, 41.44660398876766], [12.630577817039269, 41.44657260831841], [12.63062842293255, 41.44653513748169], [12.630713347432778, 41.44659423623481], [12.63060966316846, 41.44675185971941], [12.630562591388545, 41.44684919402681], [12.630509495870273, 41.44691014552793], [12.630646402910914, 41.44704863924633], [12.630800299749351, 41.44717885132692], [12.630893224245693, 41.44718371406772], [12.631205769361843, 41.44696895694073], [12.631285078634697, 41.447032031161434], [12.63112552804543, 41.447229469066755], [12.631307200666742, 41.447470784098876], [12.631382439826256, 41.44762422787311], [12.631425855479138, 41.44764937611842], [12.631893940749201, 41.44810333764035], [12.632125271228993, 41.44830765201888], [12.632389698888794, 41.448501902500084], [12.63269373156944, 41.448721919485784], [12.63281125985046, 41.44879025801634], [12.632990211260829, 41.44873956211721], [12.633200409863687, 41.448498786831536], [12.633254874527266, 41.448375490516234], [12.633161950030706, 41.4482118352], [12.632740864826975, 41.44787844852219], [12.631790928492128, 41.44712953775301], [12.631887497506826, 41.44710396641083], [12.632187777325951, 41.447324103482664], [12.63224550378856, 41.44727275932267], [12.631966622035376, 41.44706094671662], [12.63202040273497, 41.44705924652576], [12.632992978915231, 41.44781193849804], [12.633028581697356, 41.447792812909256], [12.633050250137833, 41.44781912731223], [12.633050766193188, 41.44785514830317], [12.63329827790414, 41.44805443335197], [12.633171048706647, 41.44798641829845], [12.63311580862411, 41.44802868352046], [12.633318489119368, 41.44814834865436], [12.633601480342532, 41.448112379251484], [12.633695528257238, 41.44801485112804], [12.633785614993133, 41.44800750095879], [12.634256582039637, 41.44754684534791], [12.634713317800124, 41.44704611794565], [12.634715955338747, 41.44683890509661], [12.63458502480599, 41.4468250466459], [12.634540812385177, 41.44699753744533], [12.63447017345702, 41.447085328538115], [12.634494497622578, 41.44698550462702], [12.634544093108648, 41.4465741956723], [12.634476548546058, 41.44642323829362], [12.63459611415926, 41.446608566538444], [12.634592225620386, 41.44677980057452], [12.634749544102236, 41.44678382340291], [12.63475193999153, 41.446612636588846], [12.634553348625097, 41.4462046983148], [12.634534147883155, 41.4461422697172], [12.634540113188303, 41.446088043048746], [12.634600325024063, 41.446068119547085], [12.634657605239077, 41.44611584453082], [12.63467752468554, 41.44615123184381], [12.634797911145444, 41.44647160852585], [12.634915273444678, 41.44669752446505], [12.634959403692953, 41.446858220452434], [12.634984585972049, 41.4469609978555], [12.634959723584583, 41.44701130268449], [12.63478482755311, 41.44718792823134], [12.634503227108372, 41.44748952290556], [12.634363906876317, 41.44763350570674], [12.63440997578968, 41.4476950834601], [12.634073888504261, 41.44803890017259], [12.633977793829555, 41.448019439192095], [12.633772308186876, 41.448251068741016], [12.633791997514953, 41.448295464248176], [12.634124616516985, 41.448465054140726], [12.634015915224438, 41.44858104855943], [12.633645162821777, 41.448372145215636], [12.633619433138938, 41.448409974268834], [12.633796849382087, 41.448556458320034], [12.63398438599604, 41.4487936751871], [12.634252133226044, 41.44911389100508], [12.63452636110767, 41.4494293994069], [12.63486925971079, 41.44971571686079], [12.635200460854936, 41.44997990281277], [12.635562560934705, 41.45028813002871], [12.635854191072996, 41.45058056673983], [12.636112668359894, 41.45077501562265], [12.636456552204347, 41.45097124159423], [12.636651027566835, 41.451091159472035], [12.63705485742993, 41.45126298546723], [12.637128350167147, 41.451332697333065], [12.637590310926553, 41.451635706830935], [12.638371485892808, 41.45204551628592], [12.638974863786917, 41.452340389708915], [12.639637858797713, 41.45255943618212], [12.640177728520149, 41.45272459967589], [12.640549623356563, 41.45281782751742], [12.640606131676389, 41.452827544643036], [12.64057420728283, 41.45276697562417], [12.640577617467143, 41.45267288414961], [12.640624618706068, 41.45263104393961], [12.640739493799124, 41.452599166653386], [12.640841761972613, 41.45260127390511], [12.640884440462763, 41.45267918746521], [12.640881335093697, 41.45276471248592], [12.640811910932586, 41.45279752782265], [12.640831838128468, 41.45287498182257], [12.641598994093757, 41.45304479345523], [12.641958590146185, 41.4531634510564], [12.642318365138042, 41.453277843255286], [12.642567432543519, 41.453308619546476], [12.642953800131915, 41.45331654480118], [12.643229637075995, 41.45323659043527], [12.643360829839507, 41.453068088491435], [12.643457936782637, 41.45289887716632], [12.643471457531765, 41.45283922889118], [12.64348467786879, 41.45278814783796], [12.643270308765324, 41.452740946209566], [12.643297074075932, 41.45263021705321], [12.64385141409262, 41.45271006841748], [12.643801618549444, 41.45282888814857], [12.643699658599132, 41.45281823318255], [12.643717732926138, 41.452946999737286], [12.643731182483972, 41.45320408569185], [12.643998022297607, 41.45337219087655], [12.644323230282737, 41.45349868388513], [12.644692036515078, 41.45367744071402], [12.64508514446714, 41.45381389124195], [12.645435240554958, 41.45388097888363], [12.64569212232251, 41.45401037176275], [12.645905557899207, 41.454083214768225], [12.64618656324554, 41.454174569095464], [12.646411997092319, 41.45423054442547], [12.646560632578892, 41.45420791876313], [12.646675834510027, 41.45416746746264], [12.646828810968081, 41.45402508509436], [12.646977549545078, 41.45368572198984], [12.646482807287626, 41.45353007729487], [12.646531659224706, 41.45343692255154], [12.647671682349882, 41.45367425315759], [12.64759916690079, 41.45379259725404], [12.647124050473867, 41.45372295554275], [12.64706259313732, 41.453850095787935], [12.646984822515126, 41.454113876359685], [12.647114377490391, 41.45430484881081], [12.647348691039461, 41.454429478286656], [12.6475605806144, 41.45454509807459], [12.647786322498112, 41.454592502304465], [12.648192936954922, 41.45466931446822], [12.648397195429949, 41.45468204419549], [12.648691116198538, 41.454730858298404], [12.648914068844453, 41.45485525460443], [12.649048118901595, 41.454922203113746], [12.649116604047414, 41.45491502986556], [12.649089615161202, 41.45471761136882], [12.649113583173545, 41.45468385572377], [12.650137520386505, 41.454987278528094], [12.650287894779519, 41.45503229422347], [12.65047504508305, 41.45508833244496], [12.650542288587674, 41.45511537180887], [12.650648586733652, 41.45500628140008], [12.651743502341018, 41.4552340873788], [12.652081638417382, 41.455318020633186], [12.652318748481695, 41.45536566323215], [12.65237680486266, 41.455332612521836], [12.652942844088566, 41.45540409867283], [12.653825385933665, 41.45552910657877], [12.654131916263138, 41.455543920543434], [12.654606115684832, 41.45563919737118], [12.654990647071592, 41.455698391813854], [12.655286119924106, 41.455704425863246], [12.655831913944784, 41.455706995266006], [12.656300313265275, 41.45564806560195], [12.656367338273476, 41.45563068112451], [12.65657583667607, 41.4555766279117], [12.656909390682793, 41.45547215720739], [12.657106886067206, 41.45535633965177], [12.657257387873047, 41.45528237028325], [12.657419733368233, 41.455195796347155], [12.657584983985313, 41.455027965481236], [12.657613224621857, 41.45496437819366], [12.657671623753197, 41.45483284883841], [12.657767454823736, 41.45469784302108], [12.657893411006889, 41.454358011046274], [12.657957628286157, 41.45415387346617], [12.658007730903961, 41.453709784132016], [12.658112804321853, 41.45331816672841], [12.658253148013067, 41.45320973680921], [12.658518382083413, 41.45310813675166], [12.658921031647374, 41.452979383543145], [12.65919714892971, 41.452890843205495], [12.659257449709001, 41.45289207614654], [12.659368207419307, 41.453039833514715], [12.658872482598685, 41.45321395292858], [12.658869321889425, 41.45330198614116], [12.658567846468323, 41.45339996478812], [12.658470424140459, 41.45344603847379], [12.658412940053202, 41.45356499929577], [12.658338462643345, 41.45415616678582], [12.658266619841593, 41.454378972110334], [12.658225494271056, 41.45463444011923], [12.658298764355044, 41.45466795768019], [12.660379964119038, 41.45479042375511], [12.660531689599646, 41.45471342499914], [12.660820245278027, 41.454382903661546], [12.660917669542197, 41.454336827921814], [12.661000119238103, 41.45441059008398], [12.660667038797346, 41.454796271181074], [12.660730565303956, 41.454805569191194], [12.660651807406365, 41.45492410134413], [12.660476216298656, 41.455072700371886], [12.660260111776388, 41.4551644233379], [12.660244579772867, 41.45500391271399], [12.658395601642033, 41.45493424761241], [12.658368855520624, 41.45508586591626], [12.658241259320164, 41.45508327153414], [12.658164167843045, 41.456042821854595], [12.658567933914375, 41.456059048220034], [12.658630659818218, 41.455203325393995], [12.658726354412343, 41.45520527567596], [12.658642655624066, 41.45605255587564], [12.658929190748681, 41.456074412687265], [12.659001663315564, 41.45524292754769], [12.659107981532083, 41.455245092066285], [12.659026025953121, 41.456044346987426], [12.659343869363468, 41.456082856731], [12.659415481332392, 41.45527537252856], [12.659521824731085, 41.45527753676068], [12.659450216478232, 41.45608502089927], [12.6598005348854, 41.45610816306915], [12.659894248200423, 41.455277106637105], [12.65995806132779, 41.45527841189972], [12.659896230779282, 41.45611011231961], [12.660277578805676, 41.45615791948685], [12.660348891789106, 41.4553584499895], [12.660423331017256, 41.45535997024459], [12.66035230138939, 41.456151444010025], [12.660756070468437, 41.45616766165251], [12.660856702450108, 41.45514452667343], [12.660934299272142, 41.45505799275931], [12.661040618315655, 41.45506015545933], [12.661726628281833, 41.45432924839454], [12.661842147908299, 41.45437165416023], [12.661699892548233, 41.454480888695485], [12.66329224095799, 41.45458533330106], [12.663290224683296, 41.454641370510984], [12.66169815969391, 41.45452891120416], [12.661432049432573, 41.45482784670863], [12.66145043126981, 41.45490831425654], [12.663392823383358, 41.455043908768744], [12.66340145947407, 41.45510016011017], [12.661437216760996, 41.45498012621093], [12.661392092008798, 41.45534763252487], [12.66338708776996, 41.45550032366626], [12.66339570014887, 41.455556577562135], [12.661410758790717, 41.455420106052415], [12.661344069229049, 41.455795176027586], [12.663445139746303, 41.45595804266969], [12.663422437220692, 41.455997625098284], [12.661362761316253, 41.45586765055348], [12.661327692210158, 41.456251377144575], [12.661441198672497, 41.456349802348655], [12.663978221799784, 41.45652150276727], [12.663932823302455, 41.45541530929231], [12.663823331157788, 41.45431580736347], [12.663700311220461, 41.454185155597855], [12.662472944026032, 41.453695673134625], [12.662395636888336, 41.45377419588485], [12.662310573762744, 41.45377246175272], [12.66232580410622, 41.453644630518355], [12.66223068380802, 41.453626675224264], [12.66217578868729, 41.453969963056075], [12.662090726544546, 41.4539682296321], [12.662146499002244, 41.4536009383356], [12.66208356930788, 41.45357563148293], [12.66188153913676, 41.453571522670266], [12.661857668797792, 41.453939457542134], [12.661718878386964, 41.453952659701955], [12.661764855389125, 41.45356113252081], [12.661499610867017, 41.45353972889427], [12.661464826442415, 41.453915461586654], [12.661358795378874, 41.45390528533264], [12.66140448970863, 41.45352177293766], [12.66116023824855, 41.45350879113655], [12.661093263468445, 41.45389187487788], [12.660965953525393, 41.453881270536165], [12.66103321391057, 41.453490192818634], [12.660736064098261, 41.45346812378611], [12.660680023839832, 41.453843428658736], [12.660594961772365, 41.45384169321887], [12.660641230555735, 41.453442173985636], [12.66043893967624, 41.453446055873194], [12.660276271669726, 41.453827189363835], [12.660054124425361, 41.45379063304733], [12.660247264828481, 41.45315383568893], [12.660324904554582, 41.45315348363101], [12.660823684298144, 41.453197860918024], [12.661605957652549, 41.453265141339706], [12.66224016090151, 41.453337949884805], [12.662554516567404, 41.453451345071954], [12.663260927129224, 41.45373105812975], [12.664192140629146, 41.454083822614784], [12.664223184604973, 41.45448677917385], [12.664294443528835, 41.45535278244994], [12.664336702632214, 41.45565068279593], [12.664496694006344, 41.45573781011631], [12.6646942080587, 41.45593871269398], [12.664900920643504, 41.456199700618434], [12.665044338496328, 41.45632245284871], [12.665324469450224, 41.456439421138434], [12.665866291478272, 41.45655314975088], [12.666251441046324, 41.45659520809581], [12.666311999787343, 41.45659795994526], [12.666592067444068, 41.45661067182509], [12.666864514155044, 41.45662477173709], [12.667160591703473, 41.45661366027821], [12.667423511951602, 41.456576182960866], [12.66758994069491, 41.45653442744107], [12.667675996909674, 41.45651283119805], [12.667803761127274, 41.45643837628634], [12.66792260161874, 41.45629526666136], [12.668018437643683, 41.456160249597346], [12.668070328095464, 41.45598154466499], [12.667685157611446, 41.45593949398152], [12.66771188176838, 41.45582875992926], [12.668347977714356, 41.45585022068265], [12.668907118100721, 41.45579736160643], [12.668904051985685, 41.455882902886955], [12.668446424378562, 41.45595922720782], [12.66864115891267, 41.45623707839906], [12.668727491617133, 41.456367235764425], [12.66896307938921, 41.45645760503577], [12.669143689860421, 41.45649550840126], [12.669487684919837, 41.456416891836696], [12.669878362697837, 41.45630497021479], [12.670165837571433, 41.45621663048546], [12.670270270166768, 41.45615883316926], [12.670320320240194, 41.45603143748643], [12.6703239885868, 41.45592879854291], [12.670339347644594, 41.455817837180234], [12.669791394785207, 41.455875196974894], [12.669784932424536, 41.45573811699903], [12.670128015760445, 41.45568514482666], [12.670481531768935, 41.455658063308434], [12.670550015408395, 41.45565089531489], [12.670637554523182, 41.45574683966144], [12.671074006639513, 41.45562727294079], [12.671138219063812, 41.455739860132056], [12.67083845303527, 41.45585362053234], [12.671015393145415, 41.45599416176914], [12.671172645852943, 41.456048705251774], [12.67136705409556, 41.456018406203825], [12.671550423136901, 41.45597933014743], [12.671632429568271, 41.455912510992604], [12.671657914267266, 41.45583597159151], [12.671651122831246, 41.45570744192329], [12.671587838565278, 41.45556920821326], [12.671567874026417, 41.45549176111621], [12.671315396236167, 41.45555512206899], [12.671263781851641, 41.455408566318134], [12.672410619589005, 41.45514073237356], [12.672440116477153, 41.45526973565145], [12.671946251641153, 41.45540525112808], [12.672099537988295, 41.455571002208956], [12.67218647661469, 41.455684040243725], [12.67233085913832, 41.45578111724799], [12.672465840693857, 41.45582237407105], [12.672658438958408, 41.4558434001132], [12.672967106013084, 41.45579828803928], [12.673117890534668, 41.45571573218367], [12.673100056055722, 41.455578407308565], [12.673083152514868, 41.455415436418825], [12.673021396683877, 41.455234424890534], [12.672991272329787, 41.45512253734102], [12.67281989453629, 41.45514474465379], [12.672790373078778, 41.45501574226382], [12.673970684946491, 41.454765707454875], [12.674012175734354, 41.45487783907773], [12.673496495440666, 41.45498724583529], [12.673670678523836, 41.455204754960555], [12.673848224514503, 41.45532819311959], [12.674027302749337, 41.45540885133622], [12.67412926972043, 41.45541947718919], [12.674356858789778, 41.455415517465156], [12.674528562671767, 41.45538475957493], [12.674724797746174, 41.45530312612419], [12.674822643692352, 41.45524820993962], [12.67491589619166, 41.45518703970533], [12.674939987747994, 41.455124468936845], [12.674961864964612, 41.45503400960309], [12.674920073773544, 41.45493044470823], [12.67486571288886, 41.45486084792867], [12.674787376132189, 41.454825030287786], [12.674724387399047, 41.45467823214027], [12.674369948937498, 41.454730991352925], [12.674374539032458, 41.454602687689864], [12.675761828074453, 41.45428832691121], [12.675757868532285, 41.45439953294219], [12.67522870025612, 41.45456859641496], [12.675260333501418, 41.45463772063449], [12.675541377383706, 41.45472900129602], [12.675879563913627, 41.454812883126834], [12.675970166310877, 41.45482326223157], [12.676141866514069, 41.45479250205892], [12.67631446883397, 41.45473605780433], [12.676408731027594, 41.45464381668498], [12.676503469275904, 41.454538724221074], [12.676521246073323, 41.45435931894486], [12.676511111220606, 41.454324877756974], [12.676087872885601, 41.454393363567064], [12.67605867122274, 41.45425581218574], [12.677183966888808, 41.45395326651183], [12.677247261982588, 41.454091513822384], [12.676867974491868, 41.45420368746293], [12.676933397687089, 41.454282057801734], [12.677100809531952, 41.454371032615185], [12.677281114972926, 41.45441747167053], [12.67740580830818, 41.454428565744244], [12.677634322474457, 41.45439893568436], [12.677852975053506, 41.454326316615635], [12.677969984962367, 41.45423450764253], [12.678053506324966, 41.454124921926706], [12.678010785571514, 41.45404702399233], [12.678014138996776, 41.45395293371781], [12.677886692659767, 41.45401883296106], [12.677776118881551, 41.45393099070787], [12.67810131868915, 41.4537406911766], [12.677888940712982, 41.453000236147645], [12.677707109888155, 41.45299655947829], [12.677650598336363, 41.452986859915214], [12.677666240454707, 41.45286733273863], [12.678032931611764, 41.45278914385379], [12.679077398915942, 41.45254250278658], [12.679098790581437, 41.452658024591415], [12.678659776404468, 41.452737738525414], [12.678344922313096, 41.45283040610617], [12.678071589054449, 41.45292390294001], [12.67805476185322, 41.45300693395173], [12.678071244321718, 41.45312713194851], [12.678177352817457, 41.453452378172095], [12.678297083415265, 41.45378309193698], [12.678427428296821, 41.45381700326893], [12.678497029174023, 41.45400080344613], [12.678558730731734, 41.45401767654253], [12.678745714580018, 41.45401624566073], [12.678863686972807, 41.45400820567351], [12.678996820656556, 41.45396399597742], [12.679075153301003, 41.45390304265176], [12.67914822374602, 41.45379508219451], [12.679144796867144, 41.45350317361499], [12.679256238503124, 41.453484573050766], [12.679282848224368, 41.45370919963411], [12.679440514200602, 41.45394688993994], [12.679613121182921, 41.45396080012431], [12.679857476336625, 41.45390319597038], [12.68027328366136, 41.45369792636502], [12.680458720788826, 41.453545330346195], [12.680721137615725, 41.453175394326884], [12.680764182337056, 41.45255091580848], [12.680584995378279, 41.45233363371187], [12.679238084070601, 41.45263477061133], [12.679227847512735, 41.45250801057756], [12.680154003167875, 41.452305520063945], [12.680641183403557, 41.45220162807528], [12.681620748782299, 41.451992712060736], [12.682296715062858, 41.451852257696764], [12.682835678709115, 41.45172615121224], [12.682831105192099, 41.45185445546911], [12.68113371698671, 41.452256795338194], [12.681288243153395, 41.452388317723695], [12.681591710163367, 41.452488602364134], [12.681940953704423, 41.452581240583044], [12.682378650693956, 41.45274414857035], [12.682895311985533, 41.45292575229269], [12.683022711442286, 41.45300891855172], [12.683506817020334, 41.45299953794964], [12.683798286084816, 41.45304068866593], [12.683941473553165, 41.45302168153822], [12.684375142300455, 41.452964112248985], [12.685024782549771, 41.452818437268846], [12.68589048835304, 41.45252715800667], [12.687365700817928, 41.45223051150728], [12.688726904312665, 41.45184335572409], [12.689273330296224, 41.451633840718145], [12.689762314402353, 41.451392307619564], [12.690403948150111, 41.45114059453229], [12.691457901578522, 41.45082660978186], [12.692273926767756, 41.45061367270377], [12.693198431752425, 41.45031471345254], [12.694041770841574, 41.4499920750854], [12.69502478425391, 41.44969426270578], [12.696085256007413, 41.44919515932226], [12.697129927380999, 41.448810359676486], [12.697485857206807, 41.44868518874076], [12.698307280484876, 41.44831798706188], [12.699392954455211, 41.447766418919024], [12.700332544807887, 41.44737068468741], [12.700914953816293, 41.44713537062173], [12.701604903152365, 41.446840469175896], [12.702250343997013, 41.44647853962935], [12.702956667321336, 41.446051644702344], [12.703548893361553, 41.4458694485702], [12.704061659683033, 41.4456150827326], [12.70515897080677, 41.44506371397424], [12.705347502938341, 41.4449513676134], [12.70606846146231, 41.44452178716153], [12.706533139986293, 41.4443017522756], [12.707713279619343, 41.443725538730725], [12.70874983313571, 41.44323463148981], [12.709236793751288, 41.443045900581374], [12.709490414188956, 41.4428304555257], [12.709969243805595, 41.44254010933971], [12.710517069129116, 41.44228642525737], [12.711349284243775, 41.44194137392798], [12.712110603051144, 41.44161256817218], [12.712803878229396, 41.441220632877986], [12.713150028670588, 41.4410378949785], [12.71427244487983, 41.44043400641433], [12.714882188538287, 41.44008450367955], [12.715398578110443, 41.43972433171988], [12.715872400021537, 41.4395749866735], [12.716768962363668, 41.43906360300891], [12.717176405603931, 41.43880268271826], [12.717429653093845, 41.438596046711076], [12.717991914941882, 41.43826322338277], [12.71856587306331, 41.43793064461272], [12.719293238609255, 41.43756582180448], [12.719811132068115, 41.43716155976731], [12.720145065385374, 41.436991773224335], [12.72069327524493, 41.436724825261166], [12.721335294226034, 41.436455316978815], [12.722101743889034, 41.435976580140625], [12.722726504051336, 41.43553031683877], [12.72306135992454, 41.43533410235254], [12.723395913407138, 41.43514669025417], [12.7239088178402, 41.434883417100124], [12.724447745133142, 41.434545713185955], [12.724914136256137, 41.43427269242108], [12.725409170687204, 41.43418547042012], [12.725729525904422, 41.43406833720524], [12.726052055269426, 41.433889497594514], [12.726483603614085, 41.43360697805854], [12.726795337197565, 41.433401450335616], [12.727211202838866, 41.433233282000884], [12.727555281079626, 41.43310777553779], [12.727830967447124, 41.43292801582905], [12.728107257646919, 41.4327306064516], [12.728398497954526, 41.43244090353999], [12.728663715368686, 41.432225648237306], [12.72898835099826, 41.43198509803996], [12.729322261395469, 41.43181528495068], [12.729584995936406, 41.43167054207764], [12.730028847042753, 41.43137060464609], [12.730267869530222, 41.43123420793508], [12.730541718679557, 41.43110732127496], [12.731016978683039, 41.43091384406149], [12.731470701578042, 41.43066701089522], [12.731579734212241, 41.430563326659524], [12.731962420076782, 41.43033714869244], [12.732396693380378, 41.42997527233575], [12.73312696888746, 41.42952222303486], [12.733692451063481, 41.42909237756462], [12.734244984887576, 41.428697548965296], [12.73471126670557, 41.4284244924498], [12.734962436463144, 41.42827509478651], [12.735392695938266, 41.42802779160531], [12.735885773237792, 41.42765825403467], [12.736331708347809, 41.4272965925574], [12.7366782086776, 41.42710054909671], [12.737201159060747, 41.4268815381273], [12.737441080616659, 41.42671867087257], [12.737660624010122, 41.426467221315065], [12.737806441173078, 41.42631573012776], [12.738081764659492, 41.4261447559914], [12.73829858398884, 41.4259726230942], [12.738316103027156, 41.42580538819446], [12.738320989269113, 41.42566436773846], [12.738348069342377, 41.425559065416934], [12.738463896674023, 41.42559662477582], [12.738602822592645, 41.42564344881013], [12.738734306384716, 41.42556665334519], [12.739071528780325, 41.42529986385537], [12.73928708098138, 41.42516299495439], [12.739466022056623, 41.425069495675], [12.739765971971687, 41.42486370800731], [12.739910082649306, 41.424760702206235], [12.740155478256238, 41.42443919093774], [12.740300216632638, 41.424318549223976], [12.740636658027297, 41.42407380095833], [12.741055773347785, 41.42380861864101], [12.741537687440058, 41.423421182511184], [12.741706425175954, 41.423283380693434], [12.742158822864022, 41.42307177269531], [12.742407653338308, 41.422988459198756], [12.74260041709111, 41.42283347866823], [12.742852313115307, 41.42266202180476], [12.743163943927822, 41.42245647070943], [12.743392713082331, 41.4222757326079], [12.743534840529238, 41.422230011130495], [12.743645370525217, 41.42208224511293], [12.743698278132742, 41.42190688634321], [12.743876900292012, 41.42182218691325], [12.743932363494238, 41.42191148654782], [12.74399149094618, 41.42189499029853], [12.744291415083378, 41.421689208027416], [12.744471540853665, 41.42156043785802], [12.744595301575067, 41.42136882585984], [12.74463650699528, 41.42119324023008], [12.744675599540136, 41.42107933855135], [12.744751603254558, 41.4209132573757], [12.744896928420836, 41.42077497854377], [12.745051217399109, 41.420716282203216], [12.745015390443797, 41.42039804603834], [12.745108715254773, 41.42040870801314], [12.74518757919907, 41.420498459946145], [12.745276935306812, 41.420623683310254], [12.745439257417388, 41.42067097104849], [12.745602507441921, 41.42069179996383], [12.745790363750748, 41.42067783733885], [12.745921249991161, 41.42061866732534], [12.746122637087108, 41.420552051991656], [12.746337582068554, 41.42043280302246], [12.746646755737373, 41.420297736753135], [12.747108819069036, 41.42014361188453], [12.747406890559372, 41.419990702653564], [12.747730193035654, 41.4197853502704], [12.74810367796962, 41.419483970546416], [12.748318891111532, 41.41935589311535], [12.748570157350935, 41.4192020558078], [12.748728696524067, 41.41901992810792], [12.748895070383957, 41.41886317952597], [12.749031324467593, 41.4187348000316], [12.749107013138266, 41.41857752527242], [12.749206726976178, 41.41840306987612], [12.74929520642356, 41.418215186912875], [12.749304030171182, 41.41795958387954], [12.749371376364067, 41.41770511117996], [12.74939039540946, 41.417493804973574], [12.749325638130813, 41.417333790306984], [12.749099817454827, 41.41709122846006], [12.749277491854944, 41.41703296110287], [12.749380982643673, 41.41708791834874], [12.749527335576536, 41.41725836272509], [12.749584632627482, 41.417294762023566], [12.749666552749442, 41.41729636502244], [12.749939978810131, 41.41717822561708], [12.750167205677302, 41.417041564284716], [12.750380604513092, 41.416966344010646], [12.750770146580448, 41.41687696139217], [12.751206207521841, 41.4167972745561], [12.751641640568701, 41.41673523416112], [12.752053676045886, 41.41667274052252], [12.752299441533108, 41.416677532190185], [12.752592629768182, 41.41666563135867], [12.752851294127723, 41.41663540184219], [12.753065286583945, 41.416542562945494], [12.753303304365552, 41.41643256112518], [12.753481133482168, 41.41636987511715], [12.753728096624876, 41.41633941715875], [12.75406990419603, 41.41627554205068], [12.754414465374643, 41.41613232791435], [12.75474942394116, 41.41592720007905], [12.755046557628903, 41.41580069328512], [12.755357211745185, 41.41562153284129], [12.755666318766085, 41.415486463627886], [12.75574856120535, 41.4154792384189], [12.755996744851444, 41.415413530075284], [12.756199932253653, 41.41529402046913], [12.756500080183983, 41.41507936625595], [12.756620744893535, 41.4149758870523], [12.756764833915874, 41.41487285929352], [12.756933817521189, 41.41472621224251], [12.757115422575596, 41.41455335246067], [12.757365723587416, 41.414425937107865], [12.757510408716191, 41.414305275762196], [12.757737746727216, 41.414164188853334], [12.758097631028933, 41.41391543286923], [12.758624966394619, 41.413564080964036], [12.758961718948218, 41.41330604550684], [12.759202135320466, 41.41312552115509], [12.759594382899227, 41.41295675607856], [12.759787679423669, 41.41278413632391], [12.75994282843316, 41.41269894390997], [12.760229137134791, 41.4125457617683], [12.760387033248891, 41.41238126958212], [12.760623499998404, 41.412315306269186], [12.760836542626777, 41.41224889352628], [12.76110842940233, 41.412174817830554], [12.761321937026729, 41.41209518382455], [12.761753206359392, 41.411812524621006], [12.761981609887085, 41.411640558211964], [12.762161974442831, 41.4115029566232], [12.762415594181803, 41.41127857949096], [12.762488525230403, 41.411200613722635], [12.762690787977753, 41.41110753245074], [12.76297556031383, 41.4109984137072], [12.763441614415502, 41.41072523325321], [12.763838068616437, 41.41043306443832], [12.763938030781555, 41.41024979309599], [12.764132227935095, 41.41005070654034], [12.764217452951309, 41.4099553523195], [12.764388984796259, 41.40973377193249], [12.764547757711425, 41.409542819801835], [12.764623722291802, 41.409376727123714], [12.764603337965445, 41.40928811533098], [12.76455257215298, 41.409232017899264], [12.764476060565887, 41.409243746061115], [12.764359193520837, 41.40923708050339], [12.764165650253462, 41.40924653818304], [12.764132374857729, 41.409192965311185], [12.764101191823908, 41.409077708877035], [12.764059529396999, 41.40892695977122], [12.764042023708276, 41.40875463628179], [12.76400500403434, 41.40863925674558], [12.76394038197977, 41.408474819996805], [12.763911178815531, 41.4083022709335], [12.763869355341745, 41.40815591882372], [12.763963952255356, 41.408129102120064], [12.764158824336782, 41.408079967828925], [12.76428814845979, 41.40806484996959], [12.76437637826535, 41.408053327852066], [12.764488740216152, 41.40802023111584], [12.764508120077528, 41.40796769948914], [12.764515176754717, 41.40793255713104], [12.764528230414045, 41.40789310473204], [12.764529886765073, 41.40784463969976], [12.764502746119915, 41.40778236506243], [12.764481765669698, 41.407711402133515], [12.76452934240212, 41.407690276019586], [12.764635107653927, 41.40767910128749], [12.764676659944081, 41.407662266247236], [12.764748390014303, 41.407619564754334], [12.764831194890776, 41.40759472043565], [12.764925723984039, 41.407570082613674], [12.764966215404826, 41.40758409964056], [12.765046771060153, 41.40762537080458], [12.76505125038452, 41.40766513302226], [12.765072094106289, 41.407740506539476], [12.765094133264162, 41.407780634363135], [12.76510311698166, 41.407860176881755], [12.765113595549183, 41.407895667673124], [12.765110421925954, 41.407988222991406], [12.765096470352109, 41.40805409535486], [12.765093593830189, 41.408137824898986], [12.765124917631244, 41.40824868914206], [12.76514470458474, 41.40835491377414], [12.765250605630403, 41.40833932689757], [12.76540829212969, 41.40835121855904], [12.765466484976184, 41.40836116938855], [12.76551860831178, 41.408377609200805], [12.765781898840135, 41.40838271818296], [12.765851650266816, 41.408397307639056], [12.765973457062463, 41.408430550546925], [12.766067067293228, 41.408432370189466], [12.76616368724843, 41.408432043329654], [12.76622985534314, 41.40846640733898], [12.766273473051466, 41.40855986294099], [12.76629521416621, 41.40860877940416], [12.766303603196755, 41.4087059724699], [12.766278529367167, 41.408753987648915], [12.76630119214267, 41.40877648252602], [12.766392983395962, 41.40883118118661], [12.766420885921235, 41.40887141009852], [12.7663779514504, 41.40892790560357], [12.766317783268468, 41.40897524497449], [12.766235272982172, 41.40899128359573], [12.766176759775776, 41.4089901587991], [12.766107167526348, 41.40897115721413], [12.766049114734091, 41.40895681392009], [12.76593732217544, 41.40897228127082], [12.765788945651273, 41.40903112408169], [12.765634705533012, 41.40908986621271], [12.765491566715943, 41.40916646351696], [12.765380808222863, 41.409323073671665], [12.765385723565199, 41.4095216290765], [12.765418584409678, 41.409758200560226], [12.765447654102866, 41.40993516156225], [12.765493527125704, 41.410134495338866], [12.765548708642203, 41.410232588977664], [12.765666884769535, 41.41037159048674], [12.765872379125884, 41.41052552313641], [12.765986375577775, 41.410615935378466], [12.766020507222036, 41.41064526569247], [12.766150433210392, 41.41061251280656], [12.766198607593081, 41.41057375324444], [12.766227244147258, 41.410591957669546], [12.766311938833566, 41.41059801628711], [12.766365720655685, 41.410651966269526], [12.766393461940314, 41.41069661027675], [12.766403642460942, 41.41074090602051], [12.766401092200088, 41.41081583044494], [12.76638052083175, 41.41090362593772], [12.766337124790768, 41.410973339896834], [12.76630113638233, 41.41099910366257], [12.766300078802091, 41.411029956623125], [12.766321660832922, 41.41108330250176], [12.766401917997928, 41.41113336244611], [12.76644135742064, 41.41117822089399], [12.766545312729283, 41.411219933239344], [12.766603232797742, 41.411238706636105], [12.766718128039962, 41.411302680183994], [12.766774231644735, 41.41137431378009], [12.766783954723026, 41.41143184852821], [12.766715529864289, 41.411549578229604], [12.766594266756686, 41.41167069976736], [12.766580319717821, 41.411736591943544], [12.766636167243073, 41.41181483656542], [12.766675172718001, 41.41187292329215], [12.766670780897936, 41.412000725928294], [12.766709787720645, 41.41205881259664], [12.766761984440526, 41.41207307195779], [12.76701359126984, 41.41207795406731], [12.767083210025021, 41.41209693708315], [12.7671035738386, 41.41218552923122], [12.767094863873814, 41.412269155567145], [12.767088107466405, 41.41229549199618], [12.767084774867492, 41.41239244162141], [12.767134583586369, 41.412477192082335], [12.767222314317848, 41.41265088285553], [12.767392697300238, 41.412804141262974], [12.767545248063115, 41.41296585645121], [12.767664722951409, 41.41306739233926], [12.76789335094734, 41.413230596997934], [12.76800871317138, 41.41328134694597], [12.768077251616827, 41.413331181246605], [12.76814894596189, 41.41346047237655], [12.768269270845096, 41.413537763123145], [12.768407270575551, 41.413611008839304], [12.768526681207286, 41.41371475846711], [12.768624345106552, 41.41376957418102], [12.768681807313675, 41.41380154953337], [12.768785170953944, 41.41386088152647], [12.768952296626232, 41.41393910823964], [12.769055498820796, 41.41400283438212], [12.769112502900784, 41.41404804858213], [12.769210167778013, 41.41410286375316], [12.769249449600798, 41.414152144274695], [12.769282919002109, 41.41420130119227], [12.769408098395868, 41.41430735053379], [12.769551962504426, 41.414380696904736], [12.76965487061001, 41.41445326707717], [12.769740376705142, 41.414521076198355], [12.769850795408368, 41.41454526372068], [12.769891756510559, 41.41454605930819], [12.76992836916664, 41.41450266259655], [12.769930342736622, 41.414445370219575], [12.769954657528459, 41.41441938141987], [12.770143967721735, 41.4145333014763], [12.770349944292873, 41.41467400755694], [12.770487514363033, 41.41476046903787], [12.770648644991319, 41.41484296659442], [12.770873215697083, 41.41495316532847], [12.77101724358166, 41.415022098239014], [12.77116711038174, 41.415091149986864], [12.771123513706518, 41.415167493767434], [12.771065313989226, 41.41515754520973], [12.771023599502625, 41.41517877700964], [12.77103107869087, 41.415302409702115], [12.771058391060503, 41.415360269910536], [12.771178699133102, 41.41543756077327], [12.771293169614006, 41.41551474595583], [12.771356015434911, 41.41556006081742], [12.771436419850108, 41.41560572318907], [12.771557216336797, 41.415669808698254], [12.771596956646729, 41.415705851098814], [12.77168217261161, 41.41578248427304], [12.771790620949028, 41.415863961273686], [12.771882752733752, 41.41590984526738], [12.77192865448234, 41.4159372006354], [12.772020923291032, 41.41597867380766], [12.772072091002139, 41.4160237629263], [12.7721277248487, 41.416108624221565], [12.77217978865648, 41.416127284434694], [12.77231993262899, 41.41613882112403], [12.772489310625197, 41.41615090699136], [12.772635614665205, 41.41615373838273], [12.773219157203291, 41.41629648023155], [12.77279837006493, 41.417362086010975], [12.772638167712165, 41.41774556109038], [12.772510826574589, 41.418335066718555], [12.772462709700676, 41.41906606005142], [12.77244042700288, 41.41939097082155], [12.772443740872372, 41.419615985630976], [12.772630277488052, 41.41978997013933], [12.77285635987243, 41.42014274195625], [12.773172825122709, 41.42033947498312], [12.773773813191415, 41.4205943784643], [12.77421601229937, 41.42063838765056], [12.774690723446737, 41.420739862922055], [12.775036175000217, 41.42079154831739], [12.775485601855443, 41.42093437140471], [12.775822967261332, 41.42122044513325], [12.775875023793468, 41.42143485802321], [12.775933530238486, 41.42182465060297], [12.776374006016411, 41.42223790521295], [12.77678575508937, 41.42242699611694], [12.777434186171236, 41.4227388554259], [12.777856738753474, 41.42295908708707], [12.778043112488888, 41.423155584238835], [12.778034334131206, 41.42377721228885], [12.776131199716437, 41.423589391007994], [12.774920081787435, 41.42346985094793], [12.774718525056171, 41.42354166872274], [12.774460724448081, 41.42363353422692], [12.774389507445777, 41.4236763915808], [12.772905235325322, 41.42456954606131], [12.77207848850095, 41.42506702933705], [12.771851652634526, 41.42538515621027], [12.770620818351354, 41.42806292424614], [12.768381810655642, 41.43293340529761], [12.767337538689155, 41.43520469095817], [12.767151531451775, 41.43545393415434], [12.766746080647298, 41.43577586301776], [12.763739766592046, 41.4381626644397], [12.754224910431049, 41.445715113154904], [12.754074818276516, 41.4458354484862], [12.754008311130635, 41.445888780860805], [12.753792101560874, 41.44584927871158], [12.753638417327396, 41.44582121562411], [12.753401992647001, 41.44577802108429], [12.752495506606664, 41.44532586799573], [12.751916204344216, 41.445037852344704], [12.749835679515675, 41.444003429933474], [12.746633505796702, 41.444184448430825], [12.744862958185097, 41.444521340794964], [12.74243416029282, 41.44547709415656], [12.741731681893693, 41.44575350481265], [12.74074913542491, 41.446123201440415], [12.740039443861171, 41.44654252588611], [12.739552024594305, 41.44684655624824], [12.738993417782272, 41.44704484614514], [12.738689304043465, 41.447180816752855], [12.738536816501725, 41.44910836017574], [12.737899611509674, 41.4571525940968], [12.738201634444161, 41.45707073133374], [12.73867475394272, 41.457257942498806], [12.738915813067385, 41.45788495416067], [12.73928588248378, 41.45795846264141], [12.73958713421018, 41.45821430117451], [12.741129887922652, 41.458605316523126], [12.741728582979635, 41.4586083369176], [12.742444889848676, 41.45866603607729], [12.742993511917398, 41.458760733348626], [12.743275594286898, 41.4588911121208], [12.743784967306954, 41.45901860338944], [12.744504145724957, 41.459022179674434], [12.74488066736648, 41.4588568148059], [12.745292598945202, 41.45872181305152], [12.747012741006307, 41.45882780528178], [12.747410657282247, 41.458737716802034], [12.74791889835937, 41.45862265379114], [12.74741904828424, 41.45917924784374], [12.747479092099875, 41.459857183790255], [12.746729086025427, 41.4604354540109], [12.745890263560584, 41.46082300828138], [12.745432671355024, 41.46125666469667], [12.745290881938942, 41.461522429068985], [12.745264362241763, 41.46191952719229], [12.745238228126762, 41.46236163112802], [12.745634719435357, 41.46232168517669], [12.745901636141515, 41.46290280326495], [12.746139310345347, 41.463313785152074], [12.746498563823204, 41.46365326734832], [12.747005175816955, 41.463537687590645], [12.747343568129047, 41.46378779188009], [12.747362402820979, 41.46463366114384], [12.747345123489255, 41.465138495154704], [12.747825386922509, 41.46547402162382], [12.748070011074297, 41.46564164785314], [12.748008457565462, 41.4660533889966], [12.747509999599451, 41.46708235723661], [12.74738793422261, 41.467334333134275], [12.747260078994346, 41.46759514719499], [12.746639347944372, 41.468574433614215], [12.74636432288491, 41.46960547702109], [12.746377678783512, 41.46990220205349], [12.74638542579571, 41.46994302080498], [12.746437900646097, 41.47021991671003], [12.74656239720605, 41.470445481985436], [12.747291332794026, 41.47084945420951], [12.747746104376882, 41.4718837080781], [12.747821638082316, 41.47280424387112], [12.747875424058744, 41.47334729258495], [12.747582283791395, 41.47419434100688], [12.746912720630815, 41.474508845797885], [12.746354924114717, 41.474711630245224], [12.745709235882527, 41.47502536649832], [12.745724719267791, 41.47526798692882], [12.745101041567498, 41.47774220110895], [12.74465499963998, 41.47815745809829], [12.743584319660476, 41.4789803063339], [12.742556034680648, 41.47926595938488], [12.74198208040686, 41.4796178400082], [12.740359557304785, 41.48044963362371], [12.740088108639085, 41.48033690191624], [12.739389149759742, 41.48011651728724], [12.738889906320566, 41.4800247150938], [12.738615620881923, 41.479966107376136], [12.738303876934834, 41.479985253488465], [12.737394635847565, 41.479947306258396], [12.736118347311198, 41.479799720373734], [12.734754592947795, 41.48009621679718], [12.733675859416865, 41.48046896511097], [12.733177986790185, 41.48066075558928], [12.731979908627899, 41.481014868461806], [12.729012366180338, 41.48230441512017], [12.728248147242011, 41.48257686571485], [12.72774294206593, 41.482993978219305], [12.72730269352471, 41.48326490949842], [12.726905991089364, 41.48364249759415], [12.726700122883022, 41.48407241086923], [12.72645915624862, 41.484751106122424], [12.725915754171039, 41.48730815161922], [12.725318072413707, 41.48795339777434], [12.724453461763991, 41.48903501120632], [12.723838592643531, 41.490869472555865], [12.723128027963169, 41.493346388114276], [12.72297859248145, 41.49386001863573], [12.7227072085437, 41.49444063831764], [12.721136308965765, 41.49550459943739], [12.720823795685096, 41.49616490804194], [12.720463225885254, 41.496926695108385], [12.720228848265041, 41.49746107300846], [12.719989243954494, 41.498139709755584], [12.719764015925584, 41.49876836394689], [12.719667784691035, 41.498996606713206], [12.719619410913506, 41.499106226662704], [12.72074919893288, 41.49999650416839], [12.721639108769573, 41.50069773011932], [12.722055078908225, 41.50107146698007], [12.722315465428453, 41.50149977825028], [12.722650928571491, 41.50184010332171], [12.7228112472806, 41.50205101255246], [12.722875572232105, 41.50210703933003], [12.723195018378274, 41.50238526935931], [12.723158785605719, 41.50250460449904], [12.723073478647551, 41.5027854423154], [12.722264821991434, 41.50431097805114], [12.722224878705935, 41.50435450384631], [12.72177930619115, 41.50483999818213], [12.721157584437115, 41.5051348047143], [12.72006600597342, 41.5051746678468], [12.719219471252327, 41.50541370872682], [12.718548105211612, 41.50541742996069], [12.717903479514147, 41.50533924549919], [12.717442350231925, 41.50540049959967], [12.714990726315872, 41.5057261623588], [12.713625508835946, 41.50570727743399], [12.712824008045105, 41.50566115468516], [12.711992450696494, 41.50580960609351], [12.709889970940585, 41.50630527266964], [12.707340725547658, 41.5069233953287], [12.705876779177812, 41.507326339986854], [12.705459172721215, 41.50735967651716], [12.704362293469632, 41.5074472335971], [12.703513071534154, 41.507377669546884], [12.70211458751911, 41.507263064614484], [12.70114616002451, 41.506916062507], [12.700661597457072, 41.507057747564055], [12.700073931412923, 41.507085699814915], [12.699298049472857, 41.50701614065291], [12.698772803825054, 41.50728520185256], [12.69821742582324, 41.5074066389268], [12.697059546391369, 41.50729532698276], [12.695937763985985, 41.5068316618638], [12.694525147441258, 41.50712473674528], [12.69395614373577, 41.50695393150639], [12.692490906878083, 41.50671738541961], [12.691730560918687, 41.50688142002838], [12.690788385331759, 41.50708728997884], [12.690239942455328, 41.5071859671473], [12.690107104086502, 41.50721037426968], [12.689824261932209, 41.50726235911476], [12.689172697946884, 41.50737784546931], [12.688356591401824, 41.50741755512102], [12.687006171187054, 41.507316842219566], [12.684772100190477, 41.50760916689336], [12.683141545193957, 41.50782355904253], [12.681952725848452, 41.50782284659807], [12.68087188253072, 41.50797735575829], [12.680601561010077, 41.50816162839253], [12.680742385680931, 41.50837008839059], [12.680884368507893, 41.508580300411076], [12.6809088388752, 41.508615533208214], [12.680969483659018, 41.509275469704164], [12.680948639498613, 41.50952828308559], [12.6808990256444, 41.50989457036479], [12.68073003037777, 41.51061138571032], [12.680926475053665, 41.51147407597948], [12.680676213728091, 41.511774779280145], [12.680283405203102, 41.51204400942231], [12.68011950129868, 41.51225637188891], [12.67997134696117, 41.51273388792896], [12.679821026188081, 41.51325199368809], [12.679928588404685, 41.513577227470314], [12.679716133601634, 41.51384517950622], [12.679985623649994, 41.51434533361065], [12.680322368930025, 41.514631706255265], [12.680135013890617, 41.514853836178695], [12.6803426205404, 41.51508132763179], [12.680577519388331, 41.51522237259749], [12.680609939358105, 41.515635568004114], [12.680284537434927, 41.51602421392982], [12.68002854071336, 41.51614496955613], [12.679768488724756, 41.51639194741061], [12.679806697742592, 41.516656366222286], [12.679865968528697, 41.517028183724065], [12.67981900441955, 41.517322351440676], [12.67936513485833, 41.51761155521648], [12.67921079548166, 41.51791366242892], [12.678972454874044, 41.51821395950251], [12.678449460945224, 41.51841982049215], [12.678150853579043, 41.51874006453621], [12.677852683309878, 41.51902875867222], [12.677456680995643, 41.519374638096274], [12.677363251872805, 41.51957573763013], [12.67714554166103, 41.52004196124724], [12.676965321747256, 41.52038993069502], [12.676621874661416, 41.52095023306133], [12.676382302558991, 41.52126858178707], [12.675801166790809, 41.521440274141455], [12.675753706543551, 41.52175245472758], [12.675371969937304, 41.52237701496235], [12.674840797214152, 41.522479566743755], [12.674617943496767, 41.52302700472936], [12.674205925086753, 41.52314374063921], [12.673708323179053, 41.52297956926111], [12.673316955754462, 41.52286601624371], [12.67275499053672, 41.522834452424625], [12.672433602150374, 41.52311037376868], [12.672158848420265, 41.52341634099017], [12.671766049939427, 41.523356845866324], [12.671223663603596, 41.52344623894931], [12.671143897582704, 41.523616062228704], [12.671041181607832, 41.52383478942727], [12.670776234610072, 41.5242079578935], [12.670196367860221, 41.52466774209361], [12.67032180642347, 41.525190522454054], [12.670311415985095, 41.52547001708283], [12.670591312595292, 41.525717715968426], [12.670848551851423, 41.52620026518761], [12.670475769110485, 41.52623019829572], [12.669673422496967, 41.52588212165644], [12.66936167250667, 41.52589208252166], [12.66875724596213, 41.52602396499482], [12.66808662818152, 41.52601836852721], [12.66733031529046, 41.52604702267006], [12.66614638978057, 41.52631444831817], [12.66533822074194, 41.526790498393396], [12.664379598777343, 41.52712277173731], [12.663456145748947, 41.52746739421767], [12.66280636073289, 41.527884355015004], [12.661704825762818, 41.52884250687902], [12.66065206049069, 41.52977657461625], [12.66023608352195, 41.530010460386734], [12.65977154601547, 41.530272891438365], [12.658848759495598, 41.5306309943738], [12.658496932410236, 41.53095286469416], [12.658324518855727, 41.53111168791886], [12.658177952697027, 41.531246689276465], [12.658084549356166, 41.5312637926346], [12.65746329041482, 41.5313775241041], [12.657104450957004, 41.53144296987384], [12.656615702580481, 41.53170167737336], [12.65602520173664, 41.53213471218161], [12.655542810047258, 41.53260595900277], [12.655432849745077, 41.53249454947154], [12.655304936563448, 41.53258371243156], [12.654941398059695, 41.532772868177666], [12.654437822580938, 41.533010875331634], [12.654084650659748, 41.53312200551896], [12.653706698264523, 41.53323022187911], [12.653336324261621, 41.53338841415585], [12.652970709531335, 41.53338456431277], [12.652551491699777, 41.53337537968185], [12.651917652814799, 41.53334601999552], [12.651568788139897, 41.53370831194218], [12.651916108733015, 41.534714829008465], [12.652291717466719, 41.53558539287156], [12.652475175811787, 41.53615588282478], [12.652401917031534, 41.53617171327273], [12.65187208016359, 41.53626061840573], [12.650752324539775, 41.53639527303846], [12.649609357598012, 41.53650363977763], [12.64879040210221, 41.5363000341556], [12.648010750026865, 41.53630228505454], [12.647158845304572, 41.53633834515082], [12.646459783782667, 41.53644159642526], [12.645645222618935, 41.53642242129579], [12.644656096925788, 41.53626922719681], [12.643377834919335, 41.53614317733945], [12.642243917342547, 41.53601255613325], [12.641257223766793, 41.53578269964451], [12.640531774104346, 41.53594978949839], [12.640120593681495, 41.536057377483544], [12.639278936431321, 41.536129072181886], [12.638294669280095, 41.5361557564888], [12.637464241199734, 41.536281117752566], [12.63670556181221, 41.53635016269328], [12.6358504564805, 41.536476292832006], [12.634697211672075, 41.53652181617969], [12.63434101757348, 41.53652858975938], [12.6342774613789, 41.53653060102333], [12.633773984639493, 41.53654201371743], [12.633279278857245, 41.53662972146123], [12.63239874013653, 41.53678364790136], [12.631080616211413, 41.537068459514806], [12.630065029352986, 41.537339210915924], [12.628835796165552, 41.53749961426746], [12.627703733145125, 41.53765695311844], [12.6268466951009, 41.537936167503304], [12.626628374500164, 41.53800707721424], [12.62647808242949, 41.53805586304673], [12.625747658075703, 41.53837610789396], [12.624730415403315, 41.5383361644725], [12.62191166336971, 41.53804239765342], [12.620965953142518, 41.53802268226033], [12.620234996722282, 41.538333891131515], [12.619606520962387, 41.53880395651537], [12.618848285676334, 41.53953925387868], [12.61829096897052, 41.54034477048728], [12.618186952987267, 41.54154122107941], [12.618123281786737, 41.541970982371225], [12.618002929396667, 41.54278073076419], [12.617933052731008, 41.54324668841432], [12.617741512277016, 41.54362638433383], [12.61769763762421, 41.54371335820881], [12.61737679185578, 41.54435383087238], [12.616839179715306, 41.54462741015642], [12.615979340782198, 41.544510414201696], [12.615018272491838, 41.54425700590778], [12.614312794066718, 41.54420717454806], [12.613697227998127, 41.54399690049525], [12.612833880057849, 41.543681882906675], [12.612439681074859, 41.54351535426992], [12.611841879695767, 41.54326283160281], [12.610948348026664, 41.542795636865584], [12.610150597277405, 41.5426631259722], [12.60892715593361, 41.542674561259666], [12.607533288521656, 41.54281281837632], [12.606221507492661, 41.54289464690981], [12.60510225758447, 41.543042341488686], [12.60431515643589, 41.543190797537044], [12.60401391882858, 41.54324761336835], [12.603930171638318, 41.543263739401034], [12.602520489957987, 41.54348356088912], [12.601106331967268, 41.54377105994033], [12.599867659339234, 41.54387293115092], [12.599165894682592, 41.54372833503642], [12.598283431505028, 41.54359389716077], [12.597375527732378, 41.543379193294676], [12.59712482405179, 41.54331632347073], [12.595965298510528, 41.54275247423599], [12.595354330127043, 41.542406901879424], [12.59490810945113, 41.54215520619384], [12.59416524875346, 41.54182275563811], [12.593495949588558, 41.54145198025039], [12.59269851805618, 41.541323838110344], [12.591887885344164, 41.54117360277996], [12.591250233670877, 41.54123856207717], [12.59032141640606, 41.541402677513524], [12.590045299582078, 41.541470379916724], [12.589268943437549, 41.54166072231807], [12.588517582812623, 41.541877812895784], [12.587881891698343, 41.542194839889504], [12.587671142814747, 41.54280318264112], [12.587703548246322, 41.54310092455542], [12.587984901969058, 41.54394763078902], [12.588274760439612, 41.544528404251444], [12.587436973248836, 41.547018962471405], [12.586656764690401, 41.54933818186994], [12.58627500291733, 41.54995345301042], [12.585981011116436, 41.55043538927546], [12.584916709263911, 41.551958981207186], [12.584731659655006, 41.552392495437736], [12.58472090618008, 41.55241778460743], [12.584654083583695, 41.552575027010505], [12.584619929828447, 41.55299132712525], [12.58461113855594, 41.55309866115645], [12.584638484330053, 41.55364711872912], [12.584327217135229, 41.554291701343224], [12.583848955391593, 41.55455877407827], [12.58375287053539, 41.55479385455048], [12.583593547991304, 41.55518359382217], [12.5835461614431, 41.555302146845236], [12.583444056286579, 41.556070771431656], [12.58255794124741, 41.55735013387086], [12.582014182257595, 41.55843870047702], [12.581082026848796, 41.55899458549903], [12.580573444668573, 41.56103209856091], [12.579646494747257, 41.56146623562953], [12.579532618827997, 41.56226674462022], [12.579424573966707, 41.56258979538089], [12.579227992571116, 41.56292460540062], [12.579125196640607, 41.56309648446808], [12.578950849513145, 41.56338800089622], [12.57883590116339, 41.5638777459479], [12.578794334962557, 41.56405476129395], [12.578643870255961, 41.56454572644296], [12.578348162446993, 41.56543293581118], [12.57816000675354, 41.565947591451774], [12.57710459699323, 41.567218687584614], [12.575856249127188, 41.568713994281566], [12.574167611043979, 41.57073660111254], [12.574078964367036, 41.571167097758284], [12.574263078889071, 41.57265622695549], [12.574393481913827, 41.573660735345086], [12.571770730564452, 41.57290936923683], [12.571707357761154, 41.57282545389269], [12.571486129155403, 41.57279256307141], [12.57090514442679, 41.57474238538028], [12.571227784873486, 41.57476971184115], [12.571168833115314, 41.57515119213259], [12.570825002843034, 41.57735581007094], [12.570808756752458, 41.577455370056825], [12.570671751829991, 41.5776352403436], [12.57014023671661, 41.57763374806934], [12.569675316648887, 41.57763020295752], [12.569199652018296, 41.577744043482404], [12.569110825406074, 41.577764804030636], [12.569069933204306, 41.577770593837556], [12.568277892891945, 41.57811489334553], [12.5674518187475, 41.57869887074318], [12.567123273286336, 41.578830651437826], [12.566627507701973, 41.5786209220062], [12.566072392919327, 41.57838151699488], [12.565719283493962, 41.57820337241092], [12.565252864896964, 41.57815931794921], [12.564755858771269, 41.57799463778108], [12.56435433822201, 41.57783601034315], [12.563664006057374, 41.57768634570017], [12.563232526415845, 41.577677216903204], [12.562754763304648, 41.5779441893721], [12.562286587758813, 41.577963213054886], [12.561733746911502, 41.577669678538804], [12.561126739703889, 41.577521913019325], [12.560668505185554, 41.577612660079886], [12.560205232016411, 41.57778913561558], [12.559660681446706, 41.577932071864225], [12.55952089869957, 41.5781165150935], [12.559605549150982, 41.578415574693665], [12.559658838348518, 41.57860753272116], [12.559778905949955, 41.578923493931015], [12.560005940020822, 41.57926313925411], [12.56002644825372, 41.57967674166637], [12.560430580417481, 41.58007395103864], [12.560850378894138, 41.58105600169282], [12.560820817629349, 41.581840378277995], [12.560487537384526, 41.58241802263091], [12.558987476591692, 41.582770710989585], [12.558841442190351, 41.582792499183974], [12.558492287367923, 41.582844593517336], [12.557985138538513, 41.58293234513137], [12.55726996379185, 41.583436279164374], [12.556810898450074, 41.584031330125654], [12.556422031318766, 41.58493488940797], [12.555887816275073, 41.58605907412233], [12.555543449784688, 41.58645979852595], [12.555410804320044, 41.586614158060414], [12.554574291180643, 41.587162348863544], [12.553600441207468, 41.587530175672995], [12.553351913532438, 41.587659440067526], [12.552940157601675, 41.58787480982508], [12.552489917192137, 41.588658680695126], [12.551932298267419, 41.58915318859009], [12.550990296874431, 41.58995228224683], [12.549223721413743, 41.59162976165828], [12.548768244771262, 41.591887976771815], [12.548003976949538, 41.59243920866992], [12.547662101152145, 41.59265295250242], [12.547470960421183, 41.59282926758505], [12.547249542830297, 41.59293114383573], [12.547085195130872, 41.59326302906624], [12.546034895849031, 41.59374349788364], [12.545237926375563, 41.59422286547703], [12.544435916155713, 41.59480145524919], [12.543391310299512, 41.59545504553355], [12.542500321714304, 41.59584723961595], [12.541472998856579, 41.59637872395353], [12.54023521170602, 41.59673657809165], [12.538880676440742, 41.597043980307845], [12.53755067016192, 41.597265074567645], [12.536045009984297, 41.597757210485305], [12.535008425796725, 41.59791520209473], [12.5348817021375, 41.597914879911535], [12.534385514881698, 41.59791368434157], [12.534291795602414, 41.597913452343526], [12.534059831426893, 41.59791288437533], [12.532817607357709, 41.59839686800153], [12.532523828784726, 41.598248315379166], [12.5314489014185, 41.59777258690601], [12.530708202628757, 41.5974171441762], [12.530605825536052, 41.597480174325796], [12.53029253295843, 41.5976730719734], [12.530203395555642, 41.597729830490636], [12.530158973905392, 41.59827600865173], [12.530510809561308, 41.598787504964626], [12.531398764818713, 41.59910690075395], [12.531906040756603, 41.599334426672016], [12.532060679181159, 41.59966737227673], [12.532500125751874, 41.60006946850122], [12.53254832411808, 41.600111627824695], [12.533033498655977, 41.59998864549476], [12.533138975278835, 41.60006643643639], [12.533164103820651, 41.60008478856965], [12.533944117783538, 41.600654007909974], [12.534160723042536, 41.600913006757246], [12.534769115891093, 41.60098912882468], [12.53485379981, 41.600999727128254], [12.535431189130483, 41.60098644958953], [12.535913392726794, 41.60112469321631], [12.535960926971558, 41.60113842575941], [12.536547268418701, 41.60130778140661], [12.537210805614222, 41.601498971957746], [12.537951583556426, 41.601867867292455], [12.538211484762982, 41.60219750580021], [12.538318995620797, 41.602333822681324], [12.5394006685209, 41.602629167257234], [12.54014527277298, 41.602588911395934], [12.540757635367859, 41.602555810309156], [12.54114038000563, 41.60289071036881], [12.541527453426312, 41.6031399177432], [12.541846528435595, 41.60388651464624], [12.54287882149495, 41.60422386820335], [12.544046679458049, 41.60444899231921], [12.545335618243366, 41.604638827749014], [12.54607666900577, 41.604696979978186], [12.547168152721234, 41.604991966378705], [12.54801443490913, 41.6051909467441], [12.548895124145403, 41.60501963770202], [12.549402232176, 41.605310145724054], [12.550410466518196, 41.604319923825614], [12.551247688561117, 41.6047643168394], [12.551492558870692, 41.604894304984974], [12.551400488822235, 41.605212041991955], [12.551313520940777, 41.60551219060564], [12.551101340300745, 41.606059064597815], [12.55144699654956, 41.60676877607489], [12.551977706443001, 41.607283669287526], [12.55272956666681, 41.60770166328437], [12.553276294871525, 41.60816651873283], [12.554080774451391, 41.609118667559635], [12.554602126498992, 41.609940004284475], [12.55493435830268, 41.61160468609159], [12.55457573649836, 41.61254331700332], [12.55407333735602, 41.6130289885418], [12.553790201021831, 41.613301537740064], [12.552927888762856, 41.613877552809356], [12.552772882295189, 41.613963680812915], [12.552352955324896, 41.61419700814482], [12.55212127818865, 41.61432124911117], [12.552003632031047, 41.61451399732425], [12.551621171571641, 41.61515617564885], [12.55166308737273, 41.61560513514901], [12.551043231145812, 41.61547573553654], [12.550454711457784, 41.615507435751844], [12.550344425606212, 41.61587554824414], [12.550245151391904, 41.616594536938464], [12.550155550971601, 41.6174212826277], [12.550294033756483, 41.61789425692731], [12.550462908303494, 41.618469880834965], [12.551263378879165, 41.61918354353274], [12.551771911504813, 41.61940194036946], [12.552194866540471, 41.61996068331236], [12.552938451445854, 41.620279874701794], [12.553684011488686, 41.620225282244554], [12.554244513941198, 41.62035200460169], [12.554807656360117, 41.620690271043365], [12.555466796748, 41.62074189616872], [12.55618313535477, 41.621151965616704], [12.557730907085336, 41.621666897891174], [12.558880165185466, 41.62204922136482], [12.559216435658842, 41.62216108872957], [12.56027419682797, 41.62277667562034], [12.561176986040143, 41.62335651996506], [12.561680651531033, 41.62396224188045], [12.56166951407145, 41.624304787397435], [12.56207043969759, 41.62478762195604], [12.563147793093751, 41.62519994429873], [12.56301085600727, 41.625627430811676], [12.56294449347053, 41.62611126251656], [12.563285001670797, 41.6266410033665], [12.563481848460885, 41.626864521493125], [12.56388128824752, 41.626735067057254], [12.56458766259642, 41.626798674286505], [12.565511598030977, 41.62712118268855], [12.566498739281755, 41.627378684694555], [12.567507822196712, 41.62766701444433], [12.568037797476705, 41.628285407465505], [12.56855480794453, 41.62887268276562], [12.569926297085637, 41.62943338779922], [12.57051557161853, 41.62971222636162], [12.57093181101595, 41.63018431632911], [12.571010169005506, 41.63027316902475], [12.571398269123796, 41.630535758979526], [12.571860466133087, 41.63095811561466], [12.572272195041249, 41.63152614956485], [12.57352621728612, 41.632009410956414], [12.57380245201739, 41.632473583751164], [12.57384042604645, 41.6325365823868], [12.573859804544952, 41.632568713832605], [12.574215417618147, 41.633158609382136], [12.574326129577647, 41.633749505463946], [12.574593460100411, 41.63415327745944], [12.574711697682373, 41.63433184428008], [12.575052669512333, 41.63452833479288], [12.575154501363167, 41.63460621825654], [12.575811209530736, 41.63511255423883], [12.577104981442364, 41.635689092455095], [12.578758712981452, 41.63685773838929], [12.58040748657758, 41.638044532833796], [12.582338706267311, 41.638736218451214], [12.58296658297458, 41.63896424956126], [12.584123973742543, 41.639162265201485], [12.58495632261693, 41.63935688327281], [12.585657084663833, 41.63956014296553], [12.586403535667603, 41.64015366704308], [12.586832204980059, 41.64057700881582], [12.587407414406668, 41.64124793185222], [12.588014590948367, 41.64171072629831], [12.588563349773958, 41.64210780767148], [12.589291387321477, 41.64258483453635], [12.590125546216926, 41.64304052046371], [12.591513236067472, 41.64349238460473], [12.594108667915435, 41.64442422938907], [12.595142878199042, 41.64504920404976], [12.595517954519261, 41.645586762964946], [12.595873845390019, 41.646332046761614], [12.596106876464686, 41.64687855274718], [12.596480484186031, 41.64747018953522], [12.597054368448715, 41.648195121935096], [12.597662237692784, 41.64896402175854], [12.597842568180342, 41.64926454980528], [12.597944256283737, 41.649770131623654], [12.597844693357086, 41.650191985058164], [12.597896715657843, 41.65073516016017], [12.598133016737792, 41.651164505895935], [12.59862298010532, 41.65154086032406], [12.59936492053427, 41.65192733227456], [12.599936518444144, 41.65204447980379], [12.600421476721445, 41.652236396354134], [12.600749131778958, 41.652487262298884], [12.601429673648141, 41.65291616414621], [12.602135927550387, 41.65328122010428], [12.604054370566331, 41.65401345009201], [12.604769683038212, 41.6544997759582], [12.605172586999487, 41.6549553735931], [12.605580465247737, 41.65529827751947], [12.605989359303525, 41.655605112281386], [12.60632210020078, 41.65602689108631], [12.606585401079013, 41.656374316175985], [12.607026293094629, 41.65679721267932], [12.608232660107644, 41.657360204591605], [12.608300811883877, 41.65739201610067], [12.608969475263788, 41.6578212445283], [12.609004686116005, 41.657847156424324], [12.609280250065064, 41.65818516910068], [12.609794075681322, 41.65858324411419], [12.610511690072464, 41.6589749062107], [12.611020703593276, 41.659193038399074], [12.611539241958448, 41.65944686830867], [12.61209203497948, 41.65977617029149], [12.61242124767394, 41.659972916910235], [12.61284563293931, 41.66018018651328], [12.613453172626645, 41.66064283064904], [12.614507481580155, 41.66104188615214], [12.614945075505574, 41.66120369472803], [12.615530393527578, 41.661631009715286], [12.616050222754176, 41.66186677876962], [12.616830063294254, 41.6622159218101], [12.617570598508165, 41.6623186572763], [12.618645050973331, 41.662487396022], [12.618891769271691, 41.66259126762687], [12.61900325157443, 41.662638192185874], [12.619295266415573, 41.66275955718864], [12.619853540839056, 41.66294456045734], [12.620287232505836, 41.66322355915928], [12.620672511704031, 41.6635355857367], [12.621432588572164, 41.66375923206701], [12.621895705383094, 41.6639067089658], [12.622605899509713, 41.66419047603445], [12.623403183912375, 41.66439493462049], [12.624075452775743, 41.664724906921236], [12.624484724646763, 41.665022662459336], [12.624776828454213, 41.66525206241537], [12.625374973449604, 41.66565190302135], [12.626029859671045, 41.66612650196603], [12.626246589001603, 41.666443832728966], [12.626250228327196, 41.666668842884626], [12.626917003220482, 41.667368185169344], [12.62734077277031, 41.66804366629375], [12.627804132162867, 41.66850178892313], [12.628256484262709, 41.668937741251774], [12.629062914485948, 41.66922292341669], [12.629698065049887, 41.66958555315456], [12.630224110785301, 41.669996648127714], [12.630752085976265, 41.67032214313479], [12.631270575560805, 41.67061190015922], [12.631973739497935, 41.671075918157946], [12.632528928450842, 41.671337510017395], [12.632738858621352, 41.67150647210978], [12.63327325477279, 41.67167864520501], [12.633582067624122, 41.671803958290035], [12.63390660882451, 41.67193448809709], [12.634176382336639, 41.671614035883145], [12.634574753833032, 41.67123672698405], [12.635149986697044, 41.67093485132356], [12.63577711365882, 41.670541274825396], [12.635820117440879, 41.67046806126241], [12.635981886509134, 41.67019261131979], [12.636346483352828, 41.66976233135776], [12.638381835264154, 41.66918454790358], [12.63857912345216, 41.66912875725675], [12.639557069125642, 41.66867452279421], [12.641072738751225, 41.66794658071665], [12.641793243152744, 41.667878686086375], [12.641932365741761, 41.66786403682327], [12.641976793356394, 41.66785936284444], [12.642731315844722, 41.66759677782704], [12.64307953010104, 41.66736961948903], [12.643742438266019, 41.66686681344806], [12.644387366331978, 41.66665723071818], [12.64482922823032, 41.666719735556825], [12.645509438477896, 41.66684222221478], [12.646108119540582, 41.66689074176382], [12.646682355191645, 41.66694453463636], [12.647095101002444, 41.66683686691301], [12.647270004855498, 41.666651202962015], [12.646438367943041, 41.66548974626158], [12.646264436019932, 41.66524685543274], [12.64574878564446, 41.66422316772059], [12.645332213278683, 41.66314679684327], [12.645198046150652, 41.66253872175355], [12.645219973021726, 41.66191667093795], [12.645528345447172, 41.66105141675089], [12.645530192763232, 41.66033994931383], [12.645693282695195, 41.659812486858435], [12.645535443012948, 41.659529340587845], [12.644432977462303, 41.658479245878034], [12.64330024095242, 41.65761020854053], [12.642640905421839, 41.65724392115813], [12.641666265213503, 41.65695516872888], [12.641520199218846, 41.656680643673276], [12.64179341071265, 41.65610917454759], [12.642200353247297, 41.6551552298011], [12.642361783392051, 41.65469085894268], [12.642829463151738, 41.6543743392479], [12.643576996065322, 41.654283079454046], [12.644905299178035, 41.65441651452945], [12.646094179880105, 41.65473895219925], [12.64673804971799, 41.65487158669683], [12.647824086914166, 41.65439583002767], [12.648596811379734, 41.654285716910415], [12.649085382606778, 41.654711435397246], [12.649160127503407, 41.655316895496604], [12.64933683612159, 41.65573450837078], [12.649569743625003, 41.65619573766807], [12.649616542637991, 41.656288433645756], [12.649504511951944, 41.656888011623266], [12.649452345587441, 41.65716713224956], [12.648976166926417, 41.65771807332623], [12.64886540683657, 41.658108806369725], [12.648614724814601, 41.658413933661414], [12.647962620326014, 41.65883989088974], [12.647615538064926, 41.659139080872706], [12.647635147568039, 41.659305018008865], [12.647661805410477, 41.65952479572992], [12.64768208837954, 41.659554294713146], [12.647971142713777, 41.65992022258247], [12.648648822001718, 41.66010578903808], [12.649382102135329, 41.660438173470666], [12.64980130476126, 41.66110923370062], [12.650000248854882, 41.66126949586288], [12.650447673047873, 41.66117873181923], [12.65084545874359, 41.661152562206766], [12.651066668146987, 41.661334632357516], [12.65155994439907, 41.66164311864339], [12.651837351780852, 41.66161177534533], [12.652123092019865, 41.66166121891958], [12.652358968847908, 41.6617842843068], [12.652605384646268, 41.66196104954335], [12.652932841079766, 41.66201314743721], [12.65289256725177, 41.662158950265884], [12.652979389097874, 41.66207560553353], [12.65308420150164, 41.662038170447296], [12.653121716727567, 41.662025302352184], [12.653518576961961, 41.659955389973796], [12.653695234183205, 41.65908528922986], [12.653648037271452, 41.65837090244247], [12.653699141507575, 41.65731119191227], [12.653707427502425, 41.65700050954503], [12.65373376744986, 41.65601336370842], [12.653877363849688, 41.65506328007833], [12.653885981904935, 41.65495746109417], [12.65394073118485, 41.6542868380599], [12.65413344396342, 41.65326313745302], [12.654462710105216, 41.65247822934612], [12.655004009666808, 41.65147494667844], [12.65562188133084, 41.65065832739588], [12.656220455829143, 41.650031425696916], [12.656609874145277, 41.64923559680425], [12.65669433462638, 41.649148091270085], [12.656829589641388, 41.6490079737023], [12.657233872400433, 41.648580863061106], [12.658007016152744, 41.647777302275074], [12.658084114764776, 41.647284061608076], [12.657770612832751, 41.64697005954594], [12.657517748453257, 41.646716790760706], [12.65702600213006, 41.64635424535926], [12.656571942558541, 41.645994997147255], [12.656408911122533, 41.64551392411], [12.656421417327453, 41.64484715386513], [12.656573541652897, 41.643279957722484], [12.656536672707153, 41.642641777085586], [12.656391187304061, 41.64200705877958], [12.656105685511521, 41.64161542137115], [12.655535184838023, 41.64110680532415], [12.655008207883206, 41.64041217685311], [12.654488091000987, 41.63969278050082], [12.65445969552359, 41.639655214809274], [12.654327036993784, 41.63932626019986], [12.653894669925464, 41.63835397327883], [12.653525918022174, 41.63759128361077], [12.65327476908973, 41.63658620752772], [12.653040461100577, 41.63542752474791], [12.653218014314293, 41.63449435899372], [12.65325018476313, 41.63397555145671], [12.65324961974871, 41.633660391763556], [12.653256093188974, 41.63313790210957], [12.653288830170181, 41.63219132627365], [12.653315603261724, 41.63207661225038], [12.653515255466381, 41.631220585150125], [12.65368898275025, 41.63047214789793], [12.654093687599183, 41.62954975014331], [12.654479157509046, 41.62888462516377], [12.654946694996182, 41.627217314114645], [12.654562417527133, 41.62659019248655], [12.65441504697092, 41.62597354572194], [12.654487779537416, 41.62533637481498], [12.654149461911073, 41.624725805866014], [12.653819159656171, 41.62436260523791], [12.65373636894633, 41.62384026266238], [12.653659414429566, 41.62335461997848], [12.653721536351545, 41.623087000066555], [12.653844305442233, 41.62255180797003], [12.653876440465229, 41.62245503321696], [12.654193659057547, 41.621500600138745], [12.654315241453265, 41.62081235609589], [12.65417007026927, 41.620141604376016], [12.653762809298586, 41.619159513309526], [12.653718633420823, 41.618404490791406], [12.654100354767047, 41.61780702162551], [12.654251998322126, 41.61694671309231], [12.653992428439915, 41.61516747582899], [12.653604540100943, 41.61458098195863], [12.653467442822066, 41.61372086299614], [12.653243160931417, 41.61326875187986], [12.652807411816267, 41.61271079507889], [12.652289735388818, 41.611817765178365], [12.651999419189167, 41.611178626994786], [12.652119595859451, 41.610544463428475], [12.652393893389135, 41.60958570133757], [12.652359377041451, 41.60820453083962], [12.652454032793298, 41.607503626906805], [12.652459230511893, 41.607462943995586], [12.65296943214405, 41.606604747346445], [12.653234588667699, 41.60628113186129], [12.653404642634436, 41.6060648022616], [12.65345339285754, 41.606003859610816], [12.653497006293863, 41.60594860323165], [12.65355357670446, 41.60587474780971], [12.653648789489221, 41.605754664143845], [12.654321521974923, 41.60503985987752], [12.654898039640464, 41.60469283030396], [12.655788820976753, 41.60396207537913], [12.656498007491495, 41.60330913349182], [12.65681385152748, 41.6025426636238], [12.657037115828558, 41.60227439087862], [12.657464978323665, 41.601751994116675], [12.657720666856264, 41.60162096678219], [12.658577640684209, 41.601180738356106], [12.658795178882988, 41.60105425441979], [12.659276560008912, 41.600771250743236], [12.659747644439513, 41.60035100237552], [12.660250239128349, 41.599758658762134], [12.661311386363936, 41.59888735908397], [12.66178140249856, 41.59818347682992], [12.661565633244146, 41.59752400153427], [12.661201357503934, 41.596864651724616], [12.661415030961567, 41.596466196118634], [12.661487751965385, 41.59633330575766], [12.661703535814846, 41.59655604876997], [12.66179146152963, 41.596652316889696], [12.661812180860878, 41.59667415622649], [12.66264490903838, 41.597543593950675], [12.663604577140086, 41.59857556374536], [12.664558925409095, 41.59906291007455], [12.666105193895545, 41.59943677756877], [12.669157913708334, 41.60023525705499], [12.670966422787016, 41.60100140908528], [12.671284949146498, 41.601144293447945], [12.671631697842662, 41.60129529386243], [12.675220994449594, 41.60286439367027], [12.676865811364044, 41.60368970786909], [12.677091812925186, 41.60380337731995], [12.677387629245265, 41.60395215419221], [12.67875415449434, 41.604682802125254], [12.679506849202511, 41.605023191504365], [12.679563063156529, 41.60504861131927], [12.680125068649373, 41.605305239088494], [12.681579297071462, 41.60554677303805], [12.68273154970164, 41.60555485476107], [12.684280238875642, 41.60587435894836], [12.685607313646315, 41.60633154715155], [12.687351230596189, 41.60687888529187], [12.68807711110239, 41.607076175268524], [12.688858272014983, 41.607019558957305], [12.68955484770491, 41.60697917587058], [12.690224249532761, 41.60743492663917], [12.690946762112752, 41.607690860102466], [12.692468215106068, 41.60811018202961], [12.69509553796982, 41.609115249582146], [12.697488481868593, 41.61003152558376], [12.697545088644137, 41.60941009404394], [12.69770318347106, 41.60770306538015], [12.697530080990344, 41.60577706121476], [12.69754041260552, 41.60561908516628], [12.697694360952985, 41.60326195541578], [12.697717201954905, 41.60291196061802], [12.697846055049446, 41.60286649979174], [12.697984010798672, 41.6028178144799], [12.698445805524528, 41.60264534977481], [12.698965399939262, 41.60259259280034], [12.70081884782891, 41.602406789667825], [12.702106235385136, 41.60210414181478], [12.70317806054444, 41.60153379240527], [12.70332026571275, 41.601241045744], [12.70320276209938, 41.60081258737198], [12.703150920560685, 41.600273961169115], [12.702786981997411, 41.60002005677839], [12.702932505106352, 41.59962815162297], [12.703073306313378, 41.5993894682069], [12.703071088620518, 41.59912839781673], [12.702963891426245, 41.59873564394399], [12.702610923156557, 41.59790055117887], [12.702558597844902, 41.597352936836295], [12.702259050160016, 41.5969663851938], [12.702190615662918, 41.595181100641206], [12.702968182002389, 41.59529751297603], [12.70318052175369, 41.5953292815173], [12.703833314898887, 41.59528522700436], [12.704372845141362, 41.595254799949856], [12.70507069983581, 41.59516022676043], [12.70667175602008, 41.595009494087606], [12.707804074149786, 41.594869378051705], [12.709274370549387, 41.59470031385389], [12.711831754080391, 41.593969307137094], [12.713719575835738, 41.59351204650616], [12.715986653095806, 41.59351072545863], [12.719261095393966, 41.59353076618176], [12.720278449795792, 41.59394805095972], [12.72083892938938, 41.59441165178807], [12.72190787740685, 41.595034354627415], [12.722615320390965, 41.59538062918884], [12.722929990541946, 41.595676602162875], [12.723353190881749, 41.59694608199405], [12.723602674367829, 41.59732070164301], [12.724125556264964, 41.59815919838257], [12.724504933656911, 41.59896634872392], [12.724918824179673, 41.59981289688319], [12.725621651482601, 41.60031237099793], [12.726374264463114, 41.60075170833241], [12.728075203604174, 41.60120074892358], [12.729123457064656, 41.601734020411506], [12.729749043551406, 41.60202437500327], [12.730978650764992, 41.60254271700799], [12.732099661716727, 41.60312763170252], [12.733055686917037, 41.603569294040724], [12.734051317188332, 41.60399451727569], [12.734427208686963, 41.60415503910705], [12.735582868316804, 41.60436507887602], [12.736998270828428, 41.60437303118724], [12.737736473880238, 41.60423644683516], [12.739294791501553, 41.60388854248115], [12.740244052694841, 41.603537944335635], [12.7407188634987, 41.60300919472248], [12.740991657392705, 41.60241047202475], [12.740788149938842, 41.601692218729916], [12.740830045119907, 41.60049768909144], [12.74086112366467, 41.59959618426706], [12.74067404889916, 41.59842263151836], [12.740774438256066, 41.59695607337343], [12.74065933344921, 41.595406464704446], [12.74048941778156, 41.594088283520264], [12.740342743360692, 41.593120516641356], [12.739158528232798, 41.59134910966903], [12.73860115245971, 41.58975988321498], [12.737719449126923, 41.58923929304456], [12.737059949288787, 41.58858087544481], [12.736563028959454, 41.588011732627926], [12.735387131301442, 41.586627223822234], [12.734647088362648, 41.58584534179304], [12.733766944449377, 41.584973476229315], [12.733440756605479, 41.58447812354467], [12.733398072554706, 41.58444716365906], [12.733225691805966, 41.58406356621046], [12.732319281951266, 41.581747251190876], [12.73239323349343, 41.581353134717816], [12.732571883658556, 41.5810321510004], [12.732688188012304, 41.580839264331026], [12.732828097812522, 41.58073116328482], [12.73292072972022, 41.580660617515534], [12.73338377802654, 41.58050147319917], [12.734810623114784, 41.58015790791344], [12.735234557592014, 41.580022546463574], [12.735745834884252, 41.57978978883578], [12.736581613168033, 41.57958250329239], [12.73754485826371, 41.579492615814075], [12.738297880695356, 41.57920245946588], [12.739403120570886, 41.579157449016826], [12.741051566314743, 41.57900469580372], [12.743416847153073, 41.57879118506226], [12.744096075694154, 41.578729865775074], [12.744675274546113, 41.57866144108441], [12.746208640749904, 41.578696972544265], [12.746962876552182, 41.57903705298041], [12.747454599759068, 41.579102056948386], [12.7477719330605, 41.57924928675282], [12.748057502215486, 41.57966319234775], [12.748069844300288, 41.57991493068423], [12.748071925838168, 41.57995087917888], [12.748141013208622, 41.580367352364455], [12.748264995479916, 41.58059292724203], [12.748539261443414, 41.580966683363854], [12.748850236375812, 41.581676933446126], [12.749013533789768, 41.58216686608531], [12.749284458916753, 41.58270281499604], [12.749508711328353, 41.58313223814575], [12.749783968582411, 41.58349694014387], [12.749980967104083, 41.58368862963658], [12.750158649025783, 41.58383139697725], [12.750413571629984, 41.58403919109147], [12.751459301231309, 41.58359979810405], [12.7529024160661, 41.58280073230714], [12.753782026812939, 41.58197953757136], [12.75364891443985, 41.58170023286861], [12.753385607855307, 41.58133514864504], [12.752983074931175, 41.580830508650386], [12.75245469135758, 41.57946102788306], [12.75224652174529, 41.57889601419654], [12.752196898430823, 41.57828530257876], [12.752297397736424, 41.5777822564129], [12.75245899073179, 41.57727269384898], [12.752876661084056, 41.57664220934376], [12.753224335118732, 41.57595545821437], [12.753482233278245, 41.57546526397961], [12.753936396075922, 41.57477954723653], [12.754169670294422, 41.57431717429365], [12.754490349236299, 41.57370787344497], [12.755072003374499, 41.57315305480909], [12.755854214305158, 41.57273575845508], [12.75636679995558, 41.573160216267695], [12.756685664455544, 41.57332088883931], [12.757035541616078, 41.57361559829881], [12.757460644606654, 41.57417350152062], [12.757965599026345, 41.574841362890126], [12.758447705182707, 41.57545141299324], [12.758829263636795, 41.57583965018604], [12.759157757550355, 41.57604950000072], [12.759810952404056, 41.57655940876545], [12.76007966023006, 41.57679824935388], [12.760457748984324, 41.57699747244324], [12.761028791157372, 41.57744702972093], [12.761598271281061, 41.57797316960606], [12.762134152790212, 41.57842387402666], [12.762620194997275, 41.57898426100926], [12.763143744896245, 41.57939032977088], [12.76359355760439, 41.57992038331162], [12.763659722953502, 41.580129837109595], [12.763720243187425, 41.58047452558606], [12.763806731651128, 41.58073734931137], [12.764013325828898, 41.58096469729144], [12.76420512245538, 41.58133662069046], [12.764291797513085, 41.5819506099924], [12.764610600390393, 41.582444436508624], [12.765097596265276, 41.58296876286469], [12.765464456906527, 41.58342497558729], [12.765884222596387, 41.583424725139466], [12.76624177159452, 41.58347603163323], [12.766512118189318, 41.58365174891791], [12.767066852573967, 41.58403877587579], [12.767119372051809, 41.58482498878492], [12.767293357734971, 41.58534155904185], [12.767508927682552, 41.58573521243533], [12.76781945403253, 41.58609871349082], [12.768409805209638, 41.586723185901306], [12.768716842213427, 41.587181371032756], [12.768797607023316, 41.589713594352666], [12.769043940275285, 41.590583496573416], [12.769174452285359, 41.59133111208735], [12.769453376151674, 41.593339050834935], [12.769752417918637, 41.594045114695554], [12.770333941396846, 41.59496704060444], [12.77082139571197, 41.595779483786536], [12.771199518367082, 41.59629834051758], [12.771908423434287, 41.59698643326115], [12.772362937840159, 41.59733620848938], [12.772990573545368, 41.59759473893821], [12.773855038670547, 41.5978904995422], [12.774043053091429, 41.59792656842157], [12.77409542988379, 41.597936613366834], [12.774692961226418, 41.59805205540587], [12.77480878661934, 41.59807074595599], [12.77559302195203, 41.59830159585183], [12.775988126267158, 41.59872534449535], [12.776394989670791, 41.59941434401241], [12.776982194529086, 41.60017394203407], [12.77747160683193, 41.60058106518907], [12.778331166332555, 41.60174143751612], [12.77852221821802, 41.60214937560621], [12.778425890877825, 41.602490217434955], [12.778571860878813, 41.602755551782614], [12.778452857268878, 41.603092660923], [12.77847158265915, 41.60361882089279], [12.77861993018275, 41.603809165569224], [12.778735045495969, 41.60395683983741], [12.779591291743158, 41.60455899931025], [12.779775339082859, 41.605129251171455], [12.779844057863423, 41.60593292171373], [12.78025682102817, 41.60681081590882], [12.780679580287046, 41.607782930280955], [12.780918749798799, 41.608166760489205], [12.781197044997363, 41.60845024974866], [12.78166049460483, 41.608579072832875], [12.782076183047387, 41.6090831529258], [12.781533124757228, 41.61055532166554], [12.78155188062638, 41.61108149931055], [12.781657608913108, 41.61147872288419], [12.781916888670963, 41.6119879583015], [12.78183463176892, 41.61227432295284], [12.781442785972498, 41.61283202747886], [12.78122476287143, 41.613271450767975], [12.781431401165118, 41.61353478161756], [12.781487521166481, 41.61360946687522], [12.781527061586836, 41.613668268744576], [12.781819359295918, 41.61410281286344], [12.781978395987968, 41.61471891968292], [12.782387609574556, 41.61538079950739], [12.78250216385555, 41.61622347382006], [12.782217800297417, 41.61684967161345], [12.782071554181625, 41.61725971488109], [12.782174759626331, 41.61772907373539], [12.782246063377617, 41.618127432377676], [12.782324195418415, 41.61849585418259], [12.78238071057516, 41.61876234002476], [12.78354721618391, 41.61863836404165], [12.784000506957637, 41.61859190556088], [12.78489611938151, 41.6185038437601], [12.785782710501945, 41.6184926071959], [12.786169491344037, 41.61848886836239], [12.78736081788258, 41.61840453370591], [12.787522746696249, 41.618237105054334], [12.788132688955193, 41.617933322621575], [12.789056863575105, 41.61756514926779], [12.789840012224522, 41.61751677805591], [12.790829032971295, 41.617385070268426], [12.791196073487066, 41.61746222638719], [12.791662048374734, 41.61756016026955], [12.791449072834768, 41.618557729258285], [12.791627505060426, 41.6200016293029], [12.791595993963572, 41.62165054925165], [12.791810999571613, 41.62201715334825], [12.792074878052462, 41.62235962571413], [12.792594535442179, 41.6229457847093], [12.793423112253887, 41.62375241187203], [12.793964259192204, 41.62361189855017], [12.79430889151856, 41.62337538725961], [12.794831471736087, 41.623124287278344], [12.794942813530353, 41.623070777688696], [12.79558741080998, 41.62283334312942], [12.795990791112139, 41.62262640150524], [12.796517738761594, 41.62227580186463], [12.797006131503142, 41.622048027085974], [12.797158446605891, 41.62199797228183], [12.797370608572095, 41.62193241932791], [12.797432651421136, 41.621899145040835], [12.797635752479358, 41.62179025713683], [12.797719645373695, 41.62174526842721], [12.797920183793911, 41.621635081652364], [12.79844964513908, 41.621608563344985], [12.799094465484755, 41.621566937081056], [12.799595121203014, 41.62153463565388], [12.800843865233963, 41.62145727723818], [12.80190990577614, 41.62151200730349], [12.803275118344974, 41.62125967878814], [12.803737602661355, 41.62105075094676], [12.804221340396907, 41.62093566932761], [12.80466583083804, 41.62094343653669], [12.80505261286444, 41.62086308209765], [12.807100406006171, 41.620637596207274], [12.807961504715069, 41.62038391324736], [12.808662133992813, 41.62028413451622], [12.80913398697988, 41.62011989150832], [12.80978402642259, 41.62011633703134], [12.810085519775683, 41.6200522946356], [12.810483878943884, 41.620003054814646], [12.810713862754444, 41.62026557440368], [12.810217042913338, 41.62115103015731], [12.810176752377147, 41.62154610131225], [12.810126249060836, 41.62204100564948], [12.81006105157317, 41.62289413344665], [12.809766634044914, 41.623790885952445], [12.809508030314683, 41.62472246602149], [12.809343234199991, 41.62528622512519], [12.80929519743938, 41.625691570892954], [12.809238972796134, 41.626253199064855], [12.809902599022468, 41.62757289393664], [12.810396616836242, 41.62891621481175], [12.810593977181425, 41.629846177231606], [12.810652696796485, 41.63058712142817], [12.810393531408854, 41.63150970505868], [12.80984631214425, 41.6324193488098], [12.809840693792692, 41.63332903088893], [12.809842380135398, 41.633968317491316], [12.809541338616368, 41.634689684463424], [12.809251883066517, 41.63544218506192], [12.809049697199777, 41.63609723671963], [12.809004369994417, 41.636715583750224], [12.808980454868236, 41.636864446512334], [12.808943998110394, 41.63709127373235], [12.808829752698529, 41.63762185605466], [12.809120026894876, 41.6382695657246], [12.80938028233275, 41.6387517020848], [12.809900539186458, 41.63898655242263], [12.810147966109406, 41.63898431504405], [12.810273964469728, 41.63898317523464], [12.810993090766969, 41.6389772998914], [12.811911099083844, 41.638807247876336], [12.812660294069454, 41.63868781237865], [12.813301694773333, 41.63850891906243], [12.814136525305596, 41.638328095390904], [12.81495663617586, 41.63821530679267], [12.815354944942499, 41.638125515358844], [12.815929362854204, 41.638209969943304], [12.816417289867891, 41.63868452151993], [12.816701345006067, 41.638819144567776], [12.817561940852281, 41.63893460995937], [12.818716705423775, 41.63887367867044], [12.81955852851934, 41.638836668939796], [12.82000775972599, 41.63902431958702], [12.819897060065818, 41.63947374304613], [12.81979757641716, 41.63992279223172], [12.822569370756877, 41.64033478622342], [12.822891818621502, 41.64038258325569], [12.823712382277177, 41.64060736766199], [12.824742241217464, 41.64105932643271], [12.82519496533271, 41.64150797652344], [12.825529363268414, 41.642631444268574], [12.825465972616472, 41.643448482556174], [12.825066524371216, 41.6439120337126], [12.822990812376581, 41.64528688847559], [12.822538596235246, 41.64587375689486], [12.821928770973946, 41.646510888965736], [12.821384480098196, 41.64697474987951], [12.821208846964193, 41.64721471650874], [12.820017353727215, 41.64800178813967], [12.81977995614739, 41.64828882447688], [12.819357933538456, 41.64867657324265], [12.81901991825919, 41.649444230177714], [12.81868393528828, 41.65015776591921], [12.818848835112668, 41.650611534641726], [12.819104177275866, 41.650868675645796], [12.81981928448348, 41.65137616617248], [12.820782537940227, 41.65200594326948], [12.821589101223399, 41.6523212767746], [12.822266486715323, 41.65287502559399], [12.822541246457357, 41.65400498749025], [12.822645580708029, 41.6548164375097], [12.822811414765674, 41.65523413322659], [12.82312424094783, 41.65557490077575], [12.823853265772843, 41.656036868248606], [12.825662165286662, 41.65723276630156], [12.8263712135181, 41.65795201773977], [12.827117349559565, 41.65843591180408], [12.827983283579151, 41.658573615801245], [12.828361530223434, 41.658763601203475], [12.82913470555432, 41.65899444252159], [12.830161698712908, 41.65879808951781], [12.830568841116165, 41.65810914561161], [12.830926757040315, 41.65747587787227], [12.831653662607438, 41.65657363578276], [12.832617112506016, 41.65576256076925], [12.833794291520272, 41.65469670195929], [12.834347142538823, 41.65360667635044], [12.834748496208427, 41.65273330754436], [12.834815135388757, 41.65252846127076], [12.834922738118, 41.652205196816865], [12.835674814984914, 41.65267533678419], [12.83713740042546, 41.65345938680451], [12.838273903777749, 41.6539706718264], [12.8387811641989, 41.65458854566901], [12.838958347263182, 41.65539754054819], [12.83924498832852, 41.65616687586547], [12.840297565221945, 41.65665393031156], [12.840713271548072, 41.657157789402795], [12.840479296770415, 41.65804359348891], [12.840407175863485, 41.65824410765103], [12.840001892134335, 41.659378760712904], [12.839812436963554, 41.66111401207604], [12.839873595355877, 41.66250769156136], [12.839813220101655, 41.66359928470367], [12.839752883115395, 41.66432619273772], [12.839751036470798, 41.66478158978948], [12.840891356700322, 41.66547222164378], [12.842129502293838, 41.665795461502704], [12.843309537893791, 41.66569743436071], [12.845590459986841, 41.66576059255339], [12.846783161024565, 41.665648587196344], [12.84847288645217, 41.66574050268759], [12.849631915356662, 41.6659447661049], [12.850575894999334, 41.66607968058596], [12.850920677655763, 41.6661851790527], [12.851259028120221, 41.66642144224046], [12.851164497779745, 41.666811834718466], [12.851201662859248, 41.667044705388655], [12.85125467565351, 41.667367094110006], [12.851382894245415, 41.66818222880993], [12.850933414190674, 41.66976863650104], [12.850375805753547, 41.67173235343579], [12.850218964819392, 41.67355657434901], [12.850339898939724, 41.675330959340194], [12.849545068278822, 41.676829897389304], [12.848708061935977, 41.67852834471233], [12.849064595137046, 41.68045239488345], [12.849723601103271, 41.68266346423395], [12.85053721196601, 41.68455867333758], [12.851775371859892, 41.68635859442506], [12.852908481394888, 41.68804496065563], [12.853088790068576, 41.6883997537199], [12.853900604759277, 41.68999718319881], [12.854663227157431, 41.691650937582246], [12.85450827570887, 41.6930653792111], [12.853530543944219, 41.69499820418203], [12.854088324202563, 41.69628965655104], [12.853912198760082, 41.69760125855674], [12.85262367788418, 41.6991348137741], [12.851510159218595, 41.70083356376115], [12.851124911564122, 41.701197659426334], [12.851014540722996, 41.70113088043493], [12.849722457045917, 41.70034875117757], [12.847933735657607, 41.69960732982326], [12.846980468103045, 41.69897295836701], [12.845982724534284, 41.698272519103334], [12.845161633157938, 41.69806590127888], [12.844080339778827, 41.698381280904606], [12.842740615403374, 41.69929960580992], [12.841134052064442, 41.70060506693577], [12.839701028716775, 41.70177411523494], [12.838407699886803, 41.702704336838444], [12.837314329980225, 41.70341175860778], [12.83658890968569, 41.703904266905205], [12.836825098146033, 41.70449067092433], [12.836835511191806, 41.70451510844173], [12.836988845880617, 41.704894913738286], [12.838451304648238, 41.70608415594778], [12.840223212832377, 41.70734855590521], [12.840946140779844, 41.70780327018144], [12.841754574252215, 41.708305831117535], [12.84343096207758, 41.709213193966406], [12.845185263536202, 41.71021696982317], [12.845494094039877, 41.71039572071239], [12.845568588137109, 41.7104607581916], [12.846064018496929, 41.71092140385793], [12.847023151229592, 41.71181426340708], [12.847394538303076, 41.71215996642552], [12.848819913713829, 41.71336381455683], [12.850283258051332, 41.71418367028346], [12.850457068407309, 41.71436478046058], [12.8509194167767, 41.71483293218238], [12.852100254692875, 41.714109184803654], [12.85332364938389, 41.713127104706814], [12.85449173221519, 41.712011824428004], [12.85562663573167, 41.71109572515762], [12.8570078005234, 41.71039197385709], [12.858348395048978, 41.709851635309256], [12.858999594337265, 41.71014040269845], [12.859766650589327, 41.7116859194168], [12.861321737577539, 41.712957278249725], [12.862234964982617, 41.71338129379493], [12.86359749537909, 41.7133665147143], [12.864475678449121, 41.712495414790546], [12.864755013156127, 41.71168009112947], [12.864942010264395, 41.71072831056083], [12.864670931512787, 41.70913911048705], [12.864239000358978, 41.7080235567767], [12.863637300225928, 41.70693175418107], [12.863426129416354, 41.706065396382186], [12.864477685037324, 41.70551671963583], [12.866189453178194, 41.70572020683358], [12.866334669648396, 41.7049363979046], [12.866807996242876, 41.70410103257757], [12.867480939409749, 41.703375985891945], [12.868289892487873, 41.70290298500038], [12.86997898194638, 41.7030801446679], [12.87025243467343, 41.703123259253225], [12.871461168811624, 41.70331379535377], [12.8724599291793, 41.70366279286258], [12.8738117515407, 41.704175444576514], [12.875010148281076, 41.7042970624646], [12.87629073710355, 41.70408722608131], [12.87660697506588, 41.7040135094293], [12.877585004540668, 41.70359326372409], [12.877836870592187, 41.7034857018085], [12.879147205103596, 41.7027345464695], [12.879668409538489, 41.70224867503462], [12.880342564757587, 41.70184769813635], [12.88044828559078, 41.70266803620031], [12.880211362104122, 41.7036350270739], [12.879383609456177, 41.70505424688447], [12.878755919991747, 41.70662876192095], [12.879088603964636, 41.70817532838136], [12.880305721767776, 41.70881852194813], [12.88196426707142, 41.709175512037696], [12.882764247326634, 41.70934768592921], [12.884953681472695, 41.70966077430347], [12.886950452991803, 41.709966830256896], [12.889041768238991, 41.71034619592412], [12.890934241945628, 41.71093938459825], [12.892687087996716, 41.71133466077548], [12.894145828804412, 41.71157330989921], [12.895978679122361, 41.71140304148447], [12.897222855892693, 41.71047832536872], [12.898306868447744, 41.710022785778946], [12.900189425231495, 41.709805727175535], [12.901830156400687, 41.709961560197], [12.90281316432758, 41.7100586929195], [12.903277233869126, 41.709462110563095], [12.903654580073907, 41.70856231134554], [12.904244877487715, 41.70778133106642], [12.905543908360157, 41.70741747508343], [12.907027477332448, 41.70723638287546], [12.908046612592202, 41.7071746782362], [12.908291437571702, 41.70716182078992], [12.910319329097614, 41.70764652490714], [12.911408028035721, 41.70853239377084], [12.912276720251308, 41.70879992447394], [12.91351365873424, 41.708082396275096], [12.91535595734251, 41.707983528365084], [12.916721836081228, 41.70886888560302], [12.918294283318065, 41.70929694390344], [12.920275767940224, 41.70972000489751], [12.921400384903599, 41.7100990140533], [12.922083090499328, 41.71032908294996], [12.924000357541598, 41.711263034875245], [12.925481335857075, 41.71153203991756], [12.927111045280444, 41.711714902070334], [12.928967763981687, 41.71191246671623], [12.930956041157463, 41.71213701027262], [12.932814846684396, 41.71225790822899], [12.934342908806025, 41.71221452028266], [12.935435518426354, 41.712235580598], [12.93592612457378, 41.71233243042536], [12.936892924144363, 41.71252324421051], [12.937794373209538, 41.71290652154915], [12.938638026597486, 41.71322874305148], [12.939070144747612, 41.71337915220906], [12.939243957419084, 41.713041359447494], [12.939949322800123, 41.712035651698756], [12.9400636393006, 41.71147343171291], [12.940019651242885, 41.71097517992483], [12.939733891078518, 41.71013407073653], [12.939692856791119, 41.70953666870951], [12.94021752914066, 41.708537163585405], [12.941010792186846, 41.70780304164746], [12.941573159328122, 41.707112900202134], [12.94274038929758, 41.7063299031858], [12.943974626697921, 41.70529247777218], [12.944652030433026, 41.70400405687262], [12.944957211258028, 41.702732911004965], [12.945385350391865, 41.701741200396796], [12.945904340862947, 41.70055275013513], [12.94627951249989, 41.69973843878583], [12.94681384162598, 41.69839639204917], [12.947800882797926, 41.69723686505477], [12.948754101808193, 41.69633512479506], [12.949803318356109, 41.69584878367081], [12.9510999178133, 41.69550247823579], [12.952116238857183, 41.69493441678483], [12.952116187663389, 41.69476061959919], [12.952115602591206, 41.69439596090389], [12.951816523122567, 41.69434323000925], [12.95148233731576, 41.693963025450635], [12.951518224511583, 41.693727675573996], [12.950464933212388, 41.692786956645705], [12.949966152345988, 41.69223233428833], [12.94945787034899, 41.69158348767822], [12.948588943920269, 41.690586871049994], [12.94725869777539, 41.689732182296424], [12.94588521006521, 41.689446242853194], [12.944768738906932, 41.68906591862635], [12.943612837442819, 41.68837177484655], [12.942824297715719, 41.687484915850234], [12.942951628461818, 41.6864855344343], [12.943865833022377, 41.68572023932519], [12.944849756721537, 41.68461035978679], [12.94474616935912, 41.68372698168555], [12.944588384757994, 41.68338122509103], [12.944208470300568, 41.68284048840512], [12.94404159270071, 41.68243201166589], [12.943105723462809, 41.68203196326817], [12.941938605240082, 41.68095548987599], [12.941694184489105, 41.67997787750028], [12.94185540711644, 41.679053863230706], [12.942451084459138, 41.67806540825285], [12.942718795784081, 41.67684508721981], [12.942959088181322, 41.67608495481056], [12.943334425686672, 41.67522561228927], [12.943472190390285, 41.67466710061608], [12.943127566477648, 41.67417468049539], [12.943362314182375, 41.67397303291474], [12.943587768138176, 41.673800755174256], [12.944556730740393, 41.673067538297374], [12.945339492430024, 41.67227973551298], [12.946211651775386, 41.67162843493138], [12.947146846131446, 41.6709524434324], [12.94799572328088, 41.670301912297994], [12.94890470079425, 41.66967634160403], [12.949664863199354, 41.66919545126342], [12.950499943096029, 41.668626427002216], [12.950734733131968, 41.668415727812224], [12.950960145759215, 41.668137836591285], [12.951099588887063, 41.66788990369461], [12.950853587152789, 41.66735359451757], [12.951088011145094, 41.667124927578286], [12.951242234011287, 41.66679995302087], [12.951736115623614, 41.66639573184057], [12.95211975486566, 41.666103390312045], [12.952119601475973, 41.66607637884106], [12.95280662213529, 41.66556647057782], [12.953263190529796, 41.66519054493374], [12.954002361560258, 41.66458878353516], [12.954858456675849, 41.66373987414069], [12.955566513432238, 41.6629860919151], [12.956117334422109, 41.662287260766206], [12.956836756150146, 41.66156009670556], [12.957555442639423, 41.66049077296544], [12.958183820042176, 41.65961367606773], [12.959522838386022, 41.65866250690754], [12.960847035235803, 41.658180097955025], [12.961907484438715, 41.657679744925844], [12.962958881312254, 41.657472359418634], [12.96398759915316, 41.65761691114024], [12.964805088857583, 41.65758417005657], [12.965291324050362, 41.656630896496814], [12.965487283203526, 41.656526421899976], [12.966158201933402, 41.65616872720089], [12.967637419965827, 41.65612209363696], [12.969068372107412, 41.65568091556971], [12.970395143453748, 41.65435184743577], [12.971493889874692, 41.653012675169514], [12.972693733145544, 41.651890589355126], [12.97437957153584, 41.65097227574794], [12.975642118810212, 41.65019345119389], [12.975910665972586, 41.650027782526045], [12.97756587927278, 41.64893040382799], [12.979968974384924, 41.64772151668813], [12.981383975101501, 41.64663689470691], [12.983158837463803, 41.64594949710403], [12.985154391817243, 41.64588471611046], [12.986021378618261, 41.645518869585274], [12.98641127700015, 41.64444084461347], [12.986984999615762, 41.64336737650721], [12.987103544542768, 41.64187301043693], [12.987208089755665, 41.64122105270938], [12.987071968665408, 41.6408025519899], [12.987430493925624, 41.640241464337365], [12.987836270853771, 41.63954752319415], [12.988764448434685, 41.63865082621437], [12.989996977469078, 41.63801817052871], [12.99125718521828, 41.63726299157461], [12.992346034713337, 41.63621209686953], [12.993625485060987, 41.63523560789026], [12.994717610995082, 41.63408102892033], [12.995444660491977, 41.63270053552639], [12.995826332719183, 41.63160669332297], [12.996462811399136, 41.630436444141104], [12.996934186313986, 41.62916839426758], [12.99783039949854, 41.62775947851553], [12.99850072123398, 41.62666458978688], [12.999798796447886, 41.62504806028988], [13.00103813550585, 41.623780242412096], [13.001860338521952, 41.622995516881446], [13.002002680200738, 41.62285965652283], [13.003076475409273, 41.62193525131787], [13.003983651901272, 41.62091310186271], [13.004615715638389, 41.619869027699586], [13.005426325852183, 41.61870245652796], [13.00637494906994, 41.61807425180311], [13.007264937537139, 41.618034182333446], [13.007896365902107, 41.61779151868099], [13.008963724222333, 41.617056382686314], [13.00958069555474, 41.6165080711048], [13.010333696876813, 41.61581992002261], [13.011253603654728, 41.6147882692273], [13.012097481395054, 41.61388533403151], [13.012962250552581, 41.61308971090358], [13.013600857325018, 41.61299982992534], [13.014931226634053, 41.61267417125576], [13.015791970501974, 41.61199573283276], [13.016917297586303, 41.61130350991452], [13.018064164335316, 41.61107876806907], [13.019363017189246, 41.61059657952327], [13.020918415283797, 41.60994778989917], [13.021543398819626, 41.609543197756096], [13.021909047916944, 41.608562399127074], [13.02224381706719, 41.607508803828914], [13.022347375598429, 41.60718283909586], [13.023098259862907, 41.60617503577292], [13.023983873057277, 41.60387483684534], [13.024434754615193, 41.60248132996627], [13.025260162310358, 41.60099813717451], [13.025280013008791, 41.59994390492006], [13.025097302663761, 41.599660396125444], [13.024764549426608, 41.59914257708663], [13.024590353443608, 41.598572392308945], [13.023819414778607, 41.598279760070895], [13.022729144273713, 41.597831733141504], [13.021578316526002, 41.597385818310734], [13.020401291876116, 41.59667516035393], [13.019130637553731, 41.595832704076564], [13.017579499904423, 41.59519366827059], [13.016412568888985, 41.59448711466369], [13.016054118907574, 41.59326603891347], [13.015945207989617, 41.59210374481042], [13.0158589116641, 41.59103972676159], [13.01516967113544, 41.59040651415513], [13.014348944794802, 41.58976887753848], [13.013891127261711, 41.58870883174744], [13.013951087808195, 41.58788732821277], [13.013693754734206, 41.58727949864132], [13.013470131541945, 41.58675605754533], [13.013149238288877, 41.58584880325721], [13.012810305939109, 41.585194309353525], [13.012310872023152, 41.58467148916336], [13.011664082331336, 41.584032270633124], [13.011175834677454, 41.583689136123176], [13.010881400999436, 41.58354636026198], [13.010492559920676, 41.583307815324446], [13.01021074728183, 41.583151061816466], [13.009428481331986, 41.58280471007024], [13.009002122845514, 41.58227482460653], [13.008694053911158, 41.58171828680351], [13.008373266533194, 41.581234244968236], [13.008310100643197, 41.580952803191984], [13.008716292434467, 41.5809881337638], [13.00969305229155, 41.58044525643522], [13.01016559758371, 41.57951929091682], [13.010725119979234, 41.57847321925972], [13.012153090087155, 41.57765342427992], [13.013142650742186, 41.57671387651871], [13.014050138080975, 41.576083332297415], [13.015400055584934, 41.576229718159304], [13.017489550746527, 41.57653030361118], [13.019059144014886, 41.57621872949573], [13.020329792778261, 41.575426839859105], [13.020932710336613, 41.574563797467384], [13.021615923769764, 41.57340077492497], [13.022268680074655, 41.57242343206025], [13.022947192033623, 41.57221055645865], [13.024374173290159, 41.573006961099104], [13.025614006757998, 41.57362533133419], [13.027202130173684, 41.57386677160426], [13.028515236525031, 41.573289436168345], [13.029611628145167, 41.57271067625157], [13.031082076640407, 41.57291567792231], [13.03255834310159, 41.57287732509711], [13.033866109727096, 41.57248019597195], [13.034814116669764, 41.57168598693215], [13.035940975518477, 41.57127269482857], [13.037146400521411, 41.571446402706556], [13.038043904773735, 41.57194611164796], [13.039375337290416, 41.572745688499054], [13.040656155551767, 41.57361008164667], [13.041825753675031, 41.57457740749674], [13.043216557172626, 41.57540188259608], [13.043376465411963, 41.575577694442096], [13.044133165431615, 41.576409611044525], [13.045270459982124, 41.57769771750512], [13.046880936524996, 41.578365805127085], [13.048056456618877, 41.57876558263317], [13.049466085127285, 41.57937320213691], [13.050116097850049, 41.58010663977281], [13.050531456834952, 41.58062325919808], [13.05114282712411, 41.58103839189515], [13.051568545575613, 41.5804515923655], [13.052106285193087, 41.57892433244355], [13.052765278174016, 41.5780528217897], [13.052830305981153, 41.577966801746285], [13.054018107314624, 41.57760519517691], [13.055393906858406, 41.57731348563011], [13.055914162137906, 41.57632259944271], [13.056427452530405, 41.57523292964556], [13.057367409898374, 41.5742902568516], [13.05769192099974, 41.57344134903041], [13.058170136595196, 41.57271308738422], [13.059858529052743, 41.57322517367715], [13.061051639373193, 41.57382229193189], [13.061776796720107, 41.574008248496995], [13.062673398532002, 41.57291396692803], [13.063817670835952, 41.57196851211755], [13.064941588426818, 41.57128489261955], [13.066409168261078, 41.57075116979512], [13.067631237299816, 41.57036569269243], [13.069140627405018, 41.56959184223933], [13.070088143607984, 41.56883337819191], [13.071474507827219, 41.56815388934967], [13.072083111187393, 41.567452463294195], [13.073069955982529, 41.56655751527121], [13.0739812830776, 41.565737290362954], [13.075137595496848, 41.56517848800251], [13.075839170050628, 41.564586288633706], [13.07652344620517, 41.564147780341244], [13.077131014366307, 41.5637885244705], [13.077607350440553, 41.563546491846296], [13.077856987203669, 41.56326299623187], [13.078145070531148, 41.56281603605604], [13.07870321395879, 41.562183899177654], [13.079553970654938, 41.5614152992412], [13.080179166345989, 41.560920336510016], [13.08078072259865, 41.560858435271484], [13.082044263761757, 41.5607549778894], [13.083245135411707, 41.560703268288336], [13.083947885259793, 41.56064667802331], [13.084231106356272, 41.56061865811249], [13.084426972188599, 41.560445109543636], [13.084713369929355, 41.5601152575011], [13.08516887042987, 41.55969835640434], [13.085668216788338, 41.559050262287435], [13.086037664920838, 41.55865891941047], [13.086639058686016, 41.558191785679725], [13.087046290120297, 41.55785312660475], [13.087404417859549, 41.55752071413072], [13.087593688767349, 41.55717179827756], [13.087856344641473, 41.556833783872136], [13.088291977543312, 41.5566967052506], [13.089211534953547, 41.55683054984236], [13.09006951559985, 41.55699807904534], [13.090552727797036, 41.5570232008709], [13.090735451811502, 41.556758236159865], [13.091259387546364, 41.55610924195959], [13.0918705354502, 41.55526355966228], [13.092435399111055, 41.554396988448126], [13.0933493851111, 41.55390967654872], [13.094557660864536, 41.55396563235007], [13.095640733247663, 41.55423315603894], [13.096362502239296, 41.55458107652777], [13.096754422617503, 41.55391877017926], [13.097425425107097, 41.55270622903407], [13.098185129773189, 41.55174714451903], [13.098904508855545, 41.55095607438749], [13.099836672165914, 41.549810724143754], [13.100737200662403, 41.54854495088818], [13.101412099288625, 41.54762037295307], [13.102133175328833, 41.546739193700176], [13.103119315132629, 41.5457854853748], [13.103681626340002, 41.54503601546626], [13.103910967517812, 41.54539251066604], [13.104903011557496, 41.547121921439945], [13.10596488887563, 41.54894787273739], [13.107021767389227, 41.5505398813296], [13.108310496204757, 41.551947983945986], [13.109856553377654, 41.55317128041502], [13.111222825897588, 41.55366262799839], [13.112842798494272, 41.5536181143691], [13.11479014116684, 41.553030553736306], [13.116028065354163, 41.552526949727294], [13.116993867799849, 41.55228070236263], [13.118634269608345, 41.551533023382596], [13.120061781424928, 41.55109010627777], [13.122019672361954, 41.55092976866857], [13.123460778687232, 41.55047730324232], [13.124815833098392, 41.55005044670867], [13.125420000015337, 41.54984413992406], [13.125008249838906, 41.55044872197594], [13.124795746321768, 41.55115870831419], [13.124687960153054, 41.55236018723999], [13.124533742604193, 41.55358583215894], [13.124207363745903, 41.554543019112025], [13.123912609346823, 41.55562065113403], [13.123977414955135, 41.55662681329249], [13.124440539537671, 41.55720447679937], [13.124791740078525, 41.557246738433726], [13.125218230950741, 41.557298076641935], [13.126304402202022, 41.55783532300012], [13.127226338939456, 41.55831093261888], [13.127847093493658, 41.55925658725107], [13.129071165248893, 41.56006349054328], [13.130199682635016, 41.56082878599333], [13.131934384772984, 41.56098246686447], [13.133873459378917, 41.561074727903204], [13.13523979090361, 41.56111556072636], [13.136913885511037, 41.56173956923569], [13.13781138765143, 41.56222948934424], [13.139063599956152, 41.56286417345765], [13.140602218428109, 41.563583059106385], [13.141877198707656, 41.564279922119226], [13.14321128870279, 41.56462346276656], [13.145384428585057, 41.56496372404936], [13.146561718654121, 41.5657135759615], [13.147298378656519, 41.56635779224811], [13.147440530180031, 41.56726661438727], [13.146931237120585, 41.56787929671369], [13.147298628638424, 41.5681317413156], [13.147883666810847, 41.568533730301404], [13.149383825160314, 41.56892972917325], [13.150719857158402, 41.56957025094734], [13.152416961419899, 41.57022023051494], [13.154129383464987, 41.570734549208794], [13.156466411177476, 41.57205913347898], [13.158430846479657, 41.57258675916859], [13.159771043486913, 41.57271828971537], [13.161866815818946, 41.57284040906123], [13.163906568675497, 41.57319864945489], [13.165250208019778, 41.573604614608776], [13.16683842861332, 41.57383960706056], [13.168379524563806, 41.57449499135076], [13.169371790703847, 41.575471952166076], [13.170874585964139, 41.57665995971427], [13.171825408873328, 41.57781848017931], [13.172606166349757, 41.579442411725886], [13.173062460184788, 41.58027672431509], [13.173948847625011, 41.581608663302575], [13.174330679059334, 41.58253122786226], [13.175065877485451, 41.58356858615866], [13.174887084646533, 41.58405525530297], [13.174355275370607, 41.58420066208367], [13.1735941729484, 41.58435890328804], [13.173100599639898, 41.58445788165882], [13.17279850274669, 41.58452739620434], [13.172424295888936, 41.58461755027755], [13.172040655768216, 41.584631496420144], [13.171417421593182, 41.58459111835073], [13.17091544849202, 41.58455982972612], [13.170304618510533, 41.58451449526803], [13.16950149525628, 41.58446262677513], [13.168856200896963, 41.58438252142398], [13.168270388901258, 41.58431826921634], [13.167695123307656, 41.58428962818555], [13.167107720828369, 41.58427044198595], [13.166316510254777, 41.584240634212996], [13.165909965749126, 41.58420135988775], [13.165241883363903, 41.584081546477826], [13.164766314287366, 41.58401775690029], [13.164425610823487, 41.58409315072137], [13.164108754229236, 41.58427122526681], [13.163769129408353, 41.58440960931821], [13.16344109958062, 41.58456558971081], [13.163014210795428, 41.58479266601959], [13.162707785282315, 41.58499287497427], [13.162199388538651, 41.58522292337315], [13.161203374024899, 41.58561021172033], [13.1606084338518, 41.58587038982446], [13.160110197433212, 41.586095560296954], [13.15981676458256, 41.58629979022524], [13.15947599426653, 41.586456201353435], [13.159068127759523, 41.586466483430364], [13.158578284, 41.58642570210042], [13.158111069003532, 41.586352600286865], [13.156301544782572, 41.586305580794864], [13.155937188995305, 41.58644483830038], [13.1558241390341, 41.586633525436454], [13.155840532449242, 41.58691205544222], [13.155930541103414, 41.5871114069844], [13.156062825909897, 41.58752532069842], [13.15613597511505, 41.587905360439386], [13.156054921561687, 41.588218952756804], [13.155994093467328, 41.58870738917755], [13.155795778797007, 41.58889914664937], [13.155462855669954, 41.589212859167084], [13.155190562905728, 41.58950186], [13.154803712078886, 41.59003811476717], [13.154540144597153, 41.59043934432498], [13.15426464009932, 41.59087703679171], [13.153912921342911, 41.59141201608911], [13.153549495203155, 41.5919744350677], [13.153318982241908, 41.59248252931543], [13.15274937647842, 41.59305690639203], [13.152477526677098, 41.59334136556719], [13.152087130201208, 41.59358961792457], [13.151670916460441, 41.593879298734464], [13.151243767804615, 41.59411536019259], [13.1508171657949, 41.59436039848843], [13.15047109976684, 41.59471508782746], [13.15019531617711, 41.595125765618455], [13.149885807629904, 41.595443097135146], [13.149627497368, 41.595682046717556], [13.149775013070634, 41.5959828708232], [13.149948736118855, 41.5962016977498], [13.150182944883063, 41.596404839466636], [13.15033261763683, 41.59661101883452], [13.150396075393752, 41.59691038223583], [13.150434375549699, 41.59727366872842], [13.15046232156262, 41.59753378262087], [13.150486774231142, 41.597938102610684], [13.150460887492295, 41.5984342734399], [13.1504371273791, 41.598858354019455], [13.150510581514641, 41.599220368209885], [13.150832082422157, 41.599708492115454], [13.151085894711489, 41.59999785288998], [13.151145933493732, 41.60006631151973], [13.151284474904813, 41.6002503944024], [13.151415160439754, 41.60070938429677], [13.151456442977569, 41.60095551679281], [13.151407954524148, 41.60140299050867], [13.151165877012703, 41.6021564133568], [13.150907391253464, 41.6029608461179], [13.15087658786413, 41.603205086456654], [13.150842580067952, 41.60353947212325], [13.150854732867895, 41.60396223479188], [13.15092895636852, 41.60432424046466], [13.151050818331248, 41.604657487070064], [13.151448115852482, 41.605052819706216], [13.151775353076497, 41.60533812143937], [13.152244820822048, 41.605712842183735], [13.152843649420417, 41.60616389050571], [13.153505677818154, 41.60653613733241], [13.154084291943782, 41.60687086598066], [13.15480347319276, 41.60730404782404], [13.15552410077298, 41.60770115840213], [13.156758756140116, 41.608174213033955], [13.157511448934658, 41.60869621189573], [13.157695629563808, 41.60901819329318], [13.15770950531133, 41.60935084576411], [13.1576835204393, 41.60985603789105], [13.157682481580128, 41.61030629316868], [13.157658823579833, 41.610707855064085], [13.157689952801919, 41.611296505928564], [13.157787480390423, 41.61208986183569], [13.157903642465977, 41.612648435521145], [13.157874282237456, 41.61325279528368], [13.157957509630654, 41.613695479818034], [13.158145800672033, 41.6142559392925], [13.158257849279924, 41.614517502718854], [13.158383280176055, 41.61476508252755], [13.158529350096325, 41.615024576360334], [13.158780164466581, 41.61518741935529], [13.15922850912651, 41.615418795223896], [13.159560126163981, 41.6155958695014], [13.159973209363152, 41.61581500478027], [13.16035156402433, 41.61603089622355], [13.160942471206114, 41.61635614401741], [13.161296713753277, 41.616523394642094], [13.161666010786112, 41.616645063347605], [13.162032299766462, 41.61684788899499], [13.160889324004462, 41.617371070015764], [13.158531698161896, 41.617992276782864], [13.15768015486494, 41.61838332109231], [13.156892794068789, 41.618641453464186], [13.156393224475694, 41.61888465698636], [13.15616425641046, 41.619347667509], [13.15583969758379, 41.61980514029364], [13.155527987298639, 41.62019461620151], [13.155278219831649, 41.62053231488761], [13.15509086523166, 41.62079122346743], [13.154956183930368, 41.621309349378514], [13.155014953808886, 41.62177995544889], [13.15507422680502, 41.62222352807899], [13.155141085969301, 41.622819884596076], [13.155153284435116, 41.62324264507241], [13.155089290478113, 41.62379874422183], [13.15494135672546, 41.62434436595428], [13.154795434201242, 41.62480436606334], [13.154795900463878, 41.625254567359015], [13.154843260770603, 41.62567605473621], [13.154895863484937, 41.62595779044996], [13.155143578898697, 41.626520600361864], [13.155500274745224, 41.62707496559248], [13.155810946217192, 41.62753193033875], [13.15631239964308, 41.62806303250171], [13.156696866973194, 41.62845430960889], [13.157143261508054, 41.628793810299705], [13.157209714258048, 41.62886162590344], [13.157726932418257, 41.62938945814704], [13.158336976860102, 41.62989411893482], [13.158753968519337, 41.63040575403131], [13.159073019691782, 41.631015502869545], [13.159189083117802, 41.63158307655525], [13.159172047020304, 41.63216897199255], [13.159226319667681, 41.63280181534003], [13.159236094324706, 41.633314710625775], [13.159148357645138, 41.6338626530641], [13.158998009628817, 41.6344983960921], [13.158804470625768, 41.63496464509625], [13.158724959881573, 41.635210246809834], [13.158659947030536, 41.63541110044411], [13.158380376143832, 41.63593898104758], [13.157936660467414, 41.63636474294957], [13.157529176662408, 41.63673519712025], [13.157110608090633, 41.63709701458868], [13.156701681727961, 41.637562044964326], [13.15644992197399, 41.63796286938], [13.156279453620447, 41.63847327467634], [13.156155493289695, 41.639018028307106], [13.15600699563556, 41.63961320393185], [13.155906913871672, 41.6401795909345], [13.155905356690887, 41.640656879982785], [13.155938160513687, 41.64117795753888], [13.155972374617436, 41.64166295091413], [13.156007065792474, 41.64214342655717], [13.155931941069642, 41.64265489645804], [13.155834132944687, 41.64314017181578], [13.155636914814286, 41.64375960808191], [13.155479807133277, 41.64419749817586], [13.155174907566384, 41.64477582003917], [13.15490763875902, 41.64532126209339], [13.15471001046214, 41.64592269646854], [13.154552027601975, 41.64640564820095], [13.154313431968914, 41.64677897542717], [13.154016836434627, 41.64745152133618], [13.153949703708328, 41.647575514270564], [13.153702018093814, 41.6479941654055], [13.153403796629217, 41.64839666430502], [13.152942281983998, 41.64896713178433], [13.152502498258766, 41.6496538741303], [13.152421569110063, 41.649889472136614], [13.152253495840474, 41.65037872527091], [13.151906101119831, 41.65118368468484], [13.151612050927183, 41.651383417452806], [13.151376694917152, 41.651644057933076], [13.151138265760732, 41.65200835475769], [13.150936380001065, 41.65235782966475], [13.15064599975585, 41.65283654862574], [13.150628439415602, 41.65305329305955], [13.15064443494141, 41.65331383865013], [13.150559231928915, 41.65376263857418], [13.150571578356264, 41.65417639339605], [13.150444656320674, 41.65441959214781], [13.150412775108052, 41.65511408700578], [13.150575265091348, 41.65573851991771], [13.15060113049244, 41.65607073851196], [13.150617203326886, 41.65636729537949], [13.150715580662766, 41.65668339143376], [13.15087419062175, 41.6570378427952], [13.151020611010688, 41.657365699081076], [13.151144038776039, 41.65766287147544], [13.150766681271579, 41.65787463499962], [13.15040951004195, 41.658166676417764], [13.150197282147701, 41.658448993597375], [13.149942943262223, 41.65893992556702], [13.149548615690563, 41.659296359082], [13.149279462848186, 41.65946367020168], [13.14857553764998, 41.65973223077409], [13.146986222243608, 41.66027141717232], [13.146236547316176, 41.660447089294784], [13.14568078456789, 41.66055721799917], [13.144816008242167, 41.660588460873065], [13.144046451961627, 41.66062975677154], [13.143239275961676, 41.66068142298686], [13.142527656578094, 41.660783647680404], [13.141840956257228, 41.66085347090547], [13.141164405182327, 41.660999435383005], [13.140546422457344, 41.66119283295101], [13.139827935558989, 41.66151589857457], [13.139548380461257, 41.661638547352645], [13.139025367867296, 41.66187350747948], [13.138468261047436, 41.662033182373825], [13.138044853764162, 41.662124982807654], [13.1375125018826, 41.6622612446822], [13.137102195200574, 41.66233457114942], [13.136055662392451, 41.6623992984407], [13.135443781160154, 41.66237184056833], [13.134494405759204, 41.6623835381349], [13.133785571009115, 41.66243609375194], [13.133207605490833, 41.66243439915949], [13.132550319022428, 41.66235452833941], [13.131868726587042, 41.66223501434513], [13.131073713991526, 41.66231315585409], [13.130225878709984, 41.66255078749534], [13.12960686142354, 41.66277566206243], [13.129011464922236, 41.66301769852906], [13.128491242733764, 41.66314446415416], [13.12786530732829, 41.66320300029143], [13.126962180529603, 41.663280520347676], [13.126228839970395, 41.66330237702366], [13.125921399711165, 41.66331754489364], [13.125554782202242, 41.66333563298733], [13.124554292616754, 41.66347514844593], [13.12308268291045, 41.663676619333174], [13.123373830628688, 41.6640398260414], [13.12354512695279, 41.664312811267656], [13.123749459787696, 41.66471517093566], [13.123950336438561, 41.665239199380025], [13.124068494760943, 41.665725702995545], [13.124173325059674, 41.666262201054046], [13.124194246318522, 41.666765680973135], [13.124066752718335, 41.66701338942484], [13.12372209654148, 41.66736344960988], [13.12331913923364, 41.66736441455944], [13.123240212424621, 41.66736275134801], [13.122794562252892, 41.66736526664763], [13.12227822939684, 41.66736580213002], [13.121737348243359, 41.667358218057515], [13.121231776933026, 41.66736287886838], [13.120534396438773, 41.66736091016135], [13.120029586709164, 41.66736552119605], [13.11997313305265, 41.66736304876721], [13.11967424145888, 41.66736028212294], [13.119377131751781, 41.6673619502564], [13.119119175649978, 41.66660133618373], [13.118584236097412, 41.66555800611281], [13.117966536710647, 41.66449966336639], [13.117436213210521, 41.664527694088754], [13.116749332157037, 41.66464238879069], [13.116253115422897, 41.66478175436733], [13.115574538918764, 41.665391377657286], [13.11540725298748, 41.66575754961102], [13.115349366973252, 41.6660972990025], [13.115374711220698, 41.66644756089496], [13.115852637840984, 41.66736237129462], [13.1159979384606, 41.66775784553895], [13.116295536303126, 41.66863410827114], [13.116613910192923, 41.6697302152997], [13.116796961122612, 41.67082219653023], [13.11627846255963, 41.67131803410445], [13.115408984663079, 41.67146626827533], [13.113982491955142, 41.67220177163897], [13.11193235203989, 41.67329276390998], [13.110129653375523, 41.674145229634554], [13.108882445888401, 41.674892245009616], [13.107585261639901, 41.676104755051], [13.106147692812769, 41.67722324536661], [13.105185530160734, 41.678063567620256], [13.10376671312323, 41.67928940421284], [13.102716884309901, 41.679885213933595], [13.10144331846067, 41.68026842139815], [13.100580025889077, 41.68020923155824], [13.099936178370484, 41.67970547271867], [13.099532655225065, 41.679085095874484], [13.099146684817608, 41.67882375029178], [13.098863833838987, 41.678955912867885], [13.098766682007566, 41.679801291243], [13.098428093427273, 41.68112352726034], [13.098015183924272, 41.68249343563848], [13.097898314137963, 41.683560144413896], [13.097716665998137, 41.68483624178545], [13.097560536833932, 41.68608892971977], [13.097574967760737, 41.6868357737543], [13.09668841202479, 41.68756977793647], [13.095805323557272, 41.68814607314902], [13.09484834530265, 41.68844587603759], [13.093706599930833, 41.68805889939891], [13.092305192154978, 41.68746058120565], [13.091536335412005, 41.68706929885833], [13.091222878294044, 41.68739549607154], [13.091301809047282, 41.68770347774737], [13.091162753431101, 41.688316233910896], [13.090840216524382, 41.68948029921532], [13.091098608132254, 41.69092529170244], [13.091131104890602, 41.6926439790361], [13.09162080597896, 41.69516575352286], [13.092083507234115, 41.6970131582662], [13.093159842743923, 41.69883867046597], [13.09331570332163, 41.6996255010617], [13.093818591657744, 41.700544010585894], [13.094796543185188, 41.70154012692509], [13.095202003331083, 41.70248462381899], [13.09580407447843, 41.70371024045889], [13.096364798336085, 41.70422596781824], [13.097561465944109, 41.70444435768956], [13.098482683237707, 41.70492469976693], [13.098776385588915, 41.70559855275879], [13.098129380518715, 41.70568364702289], [13.097883407787652, 41.70571600156629], [13.096168408902729, 41.70560165301485], [13.094737136665671, 41.70563924899077], [13.093746858430917, 41.70615182476872], [13.093178711011815, 41.707126548253434], [13.092474768949753, 41.70815116436391], [13.091869948910942, 41.709104692038714], [13.091511900990964, 41.710243008467614], [13.091405600327333, 41.7112270308175], [13.09134999190076, 41.71174174747845], [13.091345879675782, 41.71177968049388], [13.091226811558276, 41.71255380179164], [13.090683708015575, 41.713072901529344], [13.089913122467458, 41.713356872890785], [13.089114629509654, 41.71365110844574], [13.088486784488273, 41.713884432369554], [13.088190076229116, 41.71399469918907], [13.087657372478086, 41.71457196399517], [13.086996078332591, 41.715383399104624], [13.08606295545972, 41.71604245282254], [13.08545868977408, 41.716959912524], [13.08582715998488, 41.717523070783045], [13.086561861993607, 41.717879588076656], [13.086860851285985, 41.71834167183895], [13.086822468724408, 41.71880225732952], [13.086901831317542, 41.71901104052338], [13.086300226388445, 41.71900095646195], [13.08473791081632, 41.718966548772464], [13.083801712977737, 41.718950347597016], [13.083329387790933, 41.719012193652254], [13.083257719520331, 41.719433447283194], [13.083638603329948, 41.71995563794299], [13.08307733675385, 41.7206284465495], [13.082018482782171, 41.7209569251463], [13.081913378650366, 41.72098952523332], [13.080817024520593, 41.721078044951476], [13.079809406450249, 41.72094280764472], [13.07907730514525, 41.72092382701427], [13.07816103083405, 41.72103293417646], [13.077412520303534, 41.72112257278726], [13.077131639020525, 41.72121810362964], [13.076830018119697, 41.721318852352624], [13.07573084752613, 41.72192069250994], [13.07531485784257, 41.72255226816071], [13.075065006917372, 41.72363717755466], [13.074194570867943, 41.724649580953184], [13.072877319936337, 41.72488093368238], [13.071323833026543, 41.724548887744874], [13.070125160529006, 41.72404215898806], [13.069103277532928, 41.72364620702751], [13.067917511680292, 41.72428254215055], [13.066159391959788, 41.72481310941675], [13.064977434570865, 41.72566538998408], [13.064895311142198, 41.72641116074043], [13.065032188464563, 41.7274958442747], [13.06535098798769, 41.72888023697512], [13.06518913309625, 41.73029066504917], [13.064329105002487, 41.73088840425677], [13.06297111186716, 41.730477290733575], [13.0621658798815, 41.72968189777719], [13.06105893743392, 41.72851001278467], [13.060552015550488, 41.727762579153456], [13.060625351136142, 41.72730524541604], [13.060752181346606, 41.726683957803445], [13.058281860799761, 41.72731164345756], [13.057197304023907, 41.72817391658625], [13.056914508442908, 41.72842717347138], [13.056208120911625, 41.72905980472735], [13.055141810577902, 41.72972331901138], [13.055383955095106, 41.73087182513716], [13.055719009677894, 41.73211159308512], [13.055253639328246, 41.733609268123395], [13.054603420337461, 41.73522603921215], [13.054204873716797, 41.73684291152885], [13.054526861595262, 41.73817319172161], [13.05518744587664, 41.73897375127702], [13.055996134503728, 41.7396925203729], [13.055608276366097, 41.74017896942753], [13.0535783693423, 41.74087653537425], [13.051940610738235, 41.74177630546579], [13.051275566789105, 41.742277030239826], [13.04991346943701, 41.742424175575074], [13.049733550764543, 41.74243902768403], [13.04810443213044, 41.742573578140366], [13.045308214219663, 41.7427982667085], [13.043569156090854, 41.742985644722815], [13.041631167683736, 41.74346364828267], [13.039889985919716, 41.743425935292755], [13.037773533884987, 41.74300070005552], [13.035242525417395, 41.74280613790411], [13.03436816189899, 41.7432778186433], [13.03501035036232, 41.744088418783555], [13.035745539771026, 41.74482343519953], [13.034831108810092, 41.745220294293695], [13.03260046491477, 41.745802968528736], [13.02886762296632, 41.74675804535469], [13.026402919446678, 41.747528915663516], [13.025493618839652, 41.7485378203475], [13.024605577936647, 41.74969453413956], [13.023856043311334, 41.75071132026594], [13.023601631698456, 41.7510534017958], [13.022809608634441, 41.75175201266984], [13.021816042784039, 41.752412669995806], [13.020528678132584, 41.75321868005449], [13.01946851291515, 41.754016695154256], [13.01849059294807, 41.754928903521886], [13.018571240854087, 41.75542581428315], [13.018935968403722, 41.75647557602905], [13.019143827616698, 41.75737011915233], [13.019159060468377, 41.75743573447519], [13.018386085440559, 41.75789953752954], [13.016943142876288, 41.758683922956145], [13.015697641434143, 41.75968200845048], [13.014418086199345, 41.760604742009356], [13.013135492680108, 41.76163561404327], [13.012438372252747, 41.76238934658758], [13.012240071815977, 41.76267238523688], [13.011989342245345, 41.76303017150496], [13.011646015959357, 41.76352011802178], [13.010879713028935, 41.76455090615943], [13.010393474827776, 41.76550436483296], [13.009832257181495, 41.76691968444482], [13.00924760829489, 41.767935111553136], [13.008489999355609, 41.768708951978056], [13.007467225989197, 41.7695100717782], [13.006577167025636, 41.77064422052696], [13.006180138466094, 41.77075990303223], [13.00610314965074, 41.77078234246957], [13.00523548670276, 41.77005626108448], [13.003870276173231, 41.76946460561696], [13.002551290130748, 41.76897487100785], [13.000881031887404, 41.7688800612455], [12.99965348533715, 41.76890487357171], [12.998109354915915, 41.76943594502629], [12.996492900714042, 41.769965016122825], [12.995084539038762, 41.76999606034968], [12.99424901519417, 41.769385840343965], [12.993456069327646, 41.76858953577891], [12.992849243412635, 41.76838104994874], [12.992387554513016, 41.768611609345335], [12.992207266064227, 41.76927682364923], [12.991985911254345, 41.77016697417965], [12.991872218926568, 41.77115692445309], [12.992001085806049, 41.77202136956452], [12.99267584104173, 41.77275424753974], [12.99328384167555, 41.773331884714175], [12.993672566097384, 41.77399818341073], [12.99341795138321, 41.77520015377217], [12.993149808747503, 41.77608741655499], [12.993852439142524, 41.77671126910734], [12.994848392594207, 41.77716734298655], [12.995288889952404, 41.77771026937139], [12.995035059780273, 41.778876181109354], [12.994037272575556, 41.77964929537907], [12.993781691572346, 41.780121934788234], [12.995147437512982, 41.78108286110082], [12.9961544245188, 41.781606068841995], [12.996338318744831, 41.782265995579955], [12.996953164634707, 41.783374625280636], [12.99806723036782, 41.78431276872602], [12.99925074929127, 41.78496485827837], [13.000181668956442, 41.78520703917583], [13.000993326508738, 41.7854173374637], [13.001241005057098, 41.785953466768525], [13.00075195942577, 41.786600843759985], [13.00013726049066, 41.78739216303857], [12.999673118978006, 41.788790529509804], [12.99939035476892, 41.78976836341807], [12.999198923757522, 41.79052242014247], [12.999300081628318, 41.79110867574101], [12.999622379598541, 41.79161068957126], [13.000730945922292, 41.79191420123752], [13.00158098531293, 41.79138444283508], [13.00190944700058, 41.791179738562725], [13.002322280872527, 41.79107078505399], [13.002946932632616, 41.79147668988017], [13.003564926396889, 41.79212595098555], [13.00415533571643, 41.79287521769064], [13.004337855466392, 41.793571195031184], [13.003997005194906, 41.79449705295837], [13.002983119126858, 41.79535185620076], [13.002295158207703, 41.79657344847454], [13.00219327438093, 41.79754497648688], [13.0027261352035, 41.798588900234535], [13.003363285100964, 41.79939957230405], [13.004167543581152, 41.800235921452405], [13.005262355616608, 41.80103962053778], [13.00600225270125, 41.802013266976395], [13.006493414709475, 41.802869533755015], [13.00721417159242, 41.80329457295048], [13.006694613777418, 41.804141135663244], [13.005963990672038, 41.805499799780634], [13.006573793080785, 41.80608581791255], [13.007836078391575, 41.806919636470234], [13.008553305339273, 41.80747985202668], [13.010113704131959, 41.80838879095328], [13.011068212007208, 41.809062256780905], [13.012391849826157, 41.809069967829885], [13.013263260621356, 41.808931432778294], [13.013317776395997, 41.80924709819935], [13.013355245324934, 41.80946398115186], [13.013640807256506, 41.810349926536524], [13.013969065674074, 41.81140095616061], [13.013887410347257, 41.81234476781693], [13.013458238152522, 41.81312066424997], [13.013364032504008, 41.81383980608455], [13.012835706545818, 41.81456965526665], [13.011869211677146, 41.81546337610989], [13.011269760331214, 41.81656037996833], [13.010563093280805, 41.817206391845346], [13.009749195826242, 41.818207340829545], [13.008789531921112, 41.81927189253927], [13.008313680391545, 41.82026551313205], [13.008249026963782, 41.821181710421826], [13.0085598414749, 41.82196290756678], [13.008595289547836, 41.8220520474545], [13.008750622032975, 41.82247882059657], [13.00890926559537, 41.823175619528456], [13.008955395250066, 41.823367029820496], [13.00921909059904, 41.824461433479904], [13.009351162562337, 41.82526270668637], [13.00982452948947, 41.825516298848946], [13.010416855089957, 41.82573314180578], [13.0108403210136, 41.825790214969516], [13.011167623999677, 41.825810431585055], [13.01205206875114, 41.826293792707396], [13.012512824900853, 41.826546451457844], [13.016514827591923, 41.827029160702345], [13.017037431420245, 41.82518016078921], [13.017367143380945, 41.82518102190553], [13.017640918058175, 41.825108324853275], [13.018576938319288, 41.825151377092794], [13.01890145081276, 41.82520303552072], [13.01976197513466, 41.82581218659573], [13.020250871932518, 41.82618503938296], [13.020504278961678, 41.82618351395976], [13.021143936551415, 41.82640743886864], [13.021698472985484, 41.82645568948839], [13.021853573391676, 41.82645836404242], [13.02239043129593, 41.825590751228894], [13.023406118196386, 41.824747939239344], [13.023959852078448, 41.82436302839243], [13.024279205698729, 41.82414102314453], [13.024633840319037, 41.82438520157268], [13.025653578794982, 41.82370559845458], [13.02671926326013, 41.82272723207747], [13.027404777545716, 41.821973799948324], [13.027971002684092, 41.82194489551104], [13.029123341567336, 41.82208450915406], [13.029946077494806, 41.8223302409942], [13.031525154316403, 41.822675424764725], [13.032992725876737, 41.8227183690644], [13.033051751734376, 41.82289454277176], [13.03346312917479, 41.82273853989178], [13.033543841353287, 41.823059266295076], [13.033464988327927, 41.82479014326668], [13.03331886967393, 41.82597308849847], [13.03334993558984, 41.82622522812812], [13.03349187955544, 41.827713103738674], [13.033813600926214, 41.828608899530195], [13.034189167778635, 41.82887130625008], [13.033883517397717, 41.829395306575954], [13.033611779005366, 41.8299823069141], [13.033927848363666, 41.83058016447967], [13.033995032227814, 41.830920010731774], [13.03420764279008, 41.83115589466188], [13.034473459271783, 41.83134432309527], [13.03493137070969, 41.83159407647349], [13.035226261221519, 41.831752286799556], [13.035974795903813, 41.83191048174151], [13.037166741847331, 41.83192253821073], [13.038228202923337, 41.83185814721152], [13.039073229734305, 41.83177437271091], [13.039797667030598, 41.83231594945366], [13.04167633305918, 41.83177707161299], [13.04149684351124, 41.83066596999734], [13.041544160763362, 41.83038613811575], [13.042354359215597, 41.83010964289513], [13.042913375638374, 41.83001272193997], [13.043162784851146, 41.829891163357956], [13.043206278960204, 41.8297370685485], [13.044521360397377, 41.83029171938808], [13.043851544901207, 41.83105449143284], [13.044545445211517, 41.8312528228605], [13.04527369964188, 41.831429745707574], [13.046407700280142, 41.83135821947908], [13.047019836167392, 41.83123513615631], [13.047195311675681, 41.83119986341235], [13.047218388628238, 41.831613250149665], [13.047174197631445, 41.83193359820551], [13.049511635366228, 41.832466875058984], [13.049604807221364, 41.83235740187391], [13.050032600968567, 41.83214868243211], [13.05103709785135, 41.831599953351834], [13.052109431653307, 41.83155306638726], [13.053220885455818, 41.831482269282674], [13.053402155014139, 41.83101664534792], [13.053581925975362, 41.829884752005235], [13.053622244856921, 41.82854617575571], [13.054054939871083, 41.82776100835703], [13.055668093320893, 41.826974610265225], [13.05620552238007, 41.827108679888184], [13.056990334863116, 41.82825147078531], [13.057249968105248, 41.82882308205478], [13.057391098330232, 41.829328554764004], [13.058115449344374, 41.82887348554144], [13.058410992106944, 41.828264232411875], [13.058866457479175, 41.828315660695694], [13.060089906026187, 41.828898141387185], [13.060567296381926, 41.82979518653093], [13.060915271077665, 41.83065627828334], [13.061077481603485, 41.83128084472054], [13.061977470501668, 41.83138852793626], [13.063488261801128, 41.831231455863715], [13.064616831223708, 41.831276985365996], [13.065410134386221, 41.8313749271514], [13.06575780770857, 41.83221801516046], [13.065482892626807, 41.83296161875543], [13.065310029268142, 41.8334990100261], [13.066016261746617, 41.83402773087223], [13.066102849296069, 41.83434881476816], [13.06611257410124, 41.83483470070541], [13.066145594362606, 41.835319759679265], [13.06632197355629, 41.83624996883984], [13.066298515694093, 41.837043168512906], [13.066494918661538, 41.83774304133477], [13.066670465191034, 41.83830409325556], [13.067279279229114, 41.838494109282806], [13.067929790144413, 41.83843951857775], [13.068609900777039, 41.83868551056235], [13.068552237655346, 41.83899821103724], [13.06799094484004, 41.839261249086384], [13.067792950670444, 41.839817534223286], [13.068055275159573, 41.84029895712478], [13.068588056218072, 41.84104542395735], [13.069020916724167, 41.841853965199945], [13.07008218405982, 41.84259066621301], [13.070687007640412, 41.84287083384346], [13.070782376482985, 41.84335367829661], [13.070585267924795, 41.84382890689263], [13.070484279565115, 41.84407561591768], [13.07027858859873, 41.84486628533351], [13.070242337210244, 41.84568247244777], [13.070162151320838, 41.84635162311877], [13.070162026089323, 41.847144013196704], [13.070111988991895, 41.84760050299981], [13.069955929559683, 41.84801124267136], [13.069617328881378, 41.84884266025601], [13.069568586619008, 41.84966377357528], [13.069848467141057, 41.85039669131313], [13.070141076223498, 41.85144882755822], [13.070818357670154, 41.85253680468361], [13.070966660248319, 41.85363907630203], [13.071642804975285, 41.85420483856327], [13.072857212275622, 41.85446336705055], [13.07339642301495, 41.854952957551866], [13.074355066995476, 41.85514850268421], [13.075316584869668, 41.855199861196404], [13.076472791674385, 41.85523530733795], [13.077302033697057, 41.855277852395], [13.078216969073393, 41.855330860008245], [13.079900499389778, 41.855419524301006], [13.082114912108597, 41.85547578594811], [13.08425093273516, 41.85534118869037], [13.086011592178805, 41.8553054744843], [13.086201700977272, 41.855353210261306], [13.087361831222436, 41.85564453091365], [13.088717951524792, 41.856217467741104], [13.089550921906186, 41.85700265860998], [13.091417111351198, 41.858241686723815], [13.093302629961242, 41.85926390343102], [13.09471642131459, 41.85988876015746], [13.096379466430427, 41.860702764689464], [13.097899139340228, 41.86104014082628], [13.099860950700513, 41.860722382612984], [13.101464308389986, 41.86045437228433], [13.10218409376593, 41.86000450304122], [13.103026394533522, 41.85922699735386], [13.10408565450214, 41.85840572228636], [13.105119854612559, 41.857252167874044], [13.106337862845402, 41.8559839748859], [13.107869021625483, 41.85470453413812], [13.109174976559721, 41.8537528137649], [13.111120280361668, 41.85272412503924], [13.113893940071584, 41.851796244060374], [13.11410120599548, 41.85171264772579], [13.116491218283409, 41.85074856918696], [13.11909809117304, 41.84927729579795], [13.120700549769907, 41.84807168920457], [13.121864373483382, 41.847431068479736], [13.122471751744786, 41.84719762356231], [13.123057636009152, 41.84699196673718], [13.124140493699517, 41.846579357119545], [13.125429134968366, 41.84619533190023], [13.126879808587306, 41.845990050891125], [13.128420926374664, 41.8459976005689], [13.129858885940262, 41.84588730207847], [13.131148159917322, 41.84546717626588], [13.133022561183315, 41.84476032323745], [13.134606264273524, 41.84414497045455], [13.136487202179113, 41.843680930196726], [13.137935935706532, 41.84355212605151], [13.139647201796585, 41.84352636854191], [13.140907322968546, 41.843669957902584], [13.142820519538429, 41.84371788791528], [13.144822296114203, 41.84364554047331], [13.147400693821503, 41.84363335163905], [13.150218600199532, 41.84361243282855], [13.15290591145122, 41.84370018057739], [13.153095117550123, 41.84370636293148], [13.15448217219017, 41.84368312987834], [13.155011080493232, 41.84408715793085], [13.155460086669821, 41.84481372886481], [13.156043515941876, 41.84545439859848], [13.156801916631856, 41.84636783764797], [13.15756283288549, 41.847551316803305], [13.158347033816906, 41.84873394603394], [13.15931841717783, 41.84929747833884], [13.159938808634498, 41.84942338035787], [13.160767596110542, 41.84959156249427], [13.16201226248433, 41.84986603575578], [13.164001445257117, 41.85025753508679], [13.166388574700665, 41.850170813109735], [13.16727867736934, 41.850079564870434], [13.168974104662245, 41.84990573456541], [13.16906618388447, 41.84989788697911], [13.170011591466274, 41.84984100893653], [13.171240282798347, 41.849764797690916], [13.171435209935083, 41.84975318842568], [13.172285988428275, 41.84958580796923], [13.17320392308505, 41.84940520596653], [13.177502579913263, 41.84819516801398], [13.179050342531523, 41.8477008903554], [13.179300880368627, 41.847620891987276], [13.180153521063023, 41.84734218737964], [13.183146003272032, 41.84629211603601], [13.184152518681195, 41.84603028368646], [13.184491753010938, 41.846396063841354], [13.18491669085476, 41.846691203597686], [13.185285161963773, 41.846893858365206], [13.186005705032098, 41.84733575837748], [13.186741558843623, 41.84778161297538], [13.188161191923108, 41.84867070954391], [13.188996438888456, 41.849347021624105], [13.189710593973262, 41.84977113340737], [13.18987324456597, 41.84986423354836], [13.190648368337307, 41.85040317089996], [13.190843238180703, 41.850540105071396], [13.191287636127358, 41.8510055807247], [13.191385609714763, 41.851375679499974], [13.191323880258741, 41.85195197167727], [13.191304771353595, 41.85213047333406], [13.191416597178343, 41.85287374239634], [13.191461832314072, 41.85335831028476], [13.19150275659207, 41.85385882105807], [13.191506993071915, 41.85391040902235], [13.191275935761803, 41.85487780001188], [13.191149152019953, 41.85593142468267], [13.19050024927502, 41.85711667538087], [13.189501391375249, 41.85800408208354], [13.189169446474379, 41.8586374921465], [13.189316389687564, 41.85891014664967], [13.189681306285928, 41.859585752846826], [13.19047995192736, 41.86038592641804], [13.190924057406635, 41.86091444284288], [13.190642011981847, 41.86150551841831], [13.190414384205795, 41.862283693200716], [13.191052600435809, 41.863178793954035], [13.19198252469453, 41.86481506195961], [13.192135484995497, 41.86581794328825], [13.191836802192082, 41.867017409944886], [13.19187643887681, 41.86816399230119], [13.192356144063904, 41.868637169803726], [13.19316930986113, 41.868913580580774], [13.194292538054682, 41.86883195886911], [13.195181203936192, 41.868502310168786], [13.195632426489517, 41.8687244184566], [13.195965434570647, 41.869279477767215], [13.196326527659954, 41.869734484128834], [13.197291870965257, 41.86969014550226], [13.198224190913958, 41.86995763730848], [13.199799160834525, 41.87053024601298], [13.200841166699494, 41.871149359838334], [13.201650048516457, 41.87152040983759], [13.202262844564952, 41.871587991179375], [13.202855789660111, 41.87192641695038], [13.203206349379942, 41.87233230892234], [13.204280137807606, 41.872301877512406], [13.205229745453032, 41.87236159332369], [13.20662844690706, 41.87234629035295], [13.207752648630779, 41.8726336967497], [13.209001608601666, 41.873249639088016], [13.210151228342495, 41.87392326443106], [13.211144475476265, 41.8745891042068], [13.212067347079593, 41.875225988184226], [13.213194127614878, 41.87541420208022], [13.213873578049625, 41.87612756561009], [13.213755435278381, 41.87686124599815], [13.214034255316388, 41.87768837607809], [13.21507941351102, 41.878271227388225], [13.216537268926666, 41.87867231797007], [13.218102795804661, 41.87916397014619], [13.219622805578139, 41.87998144193015], [13.220549071472982, 41.880519106300234], [13.22202639039044, 41.88109947942503], [13.222165456808924, 41.88118172867888], [13.22336639435666, 41.88189201523887], [13.224001809782386, 41.88247188069149], [13.225035279738472, 41.88300103935948], [13.226423112170739, 41.88378725738466], [13.227412476077989, 41.88465119971725], [13.228024524317576, 41.88560556236668], [13.228472884898961, 41.88681807534216], [13.229386123390267, 41.88733814918673], [13.230993121657727, 41.88762098752196], [13.232371602882253, 41.88792125997269], [13.23379634656055, 41.88826033832812], [13.235093932390864, 41.888874192607695], [13.236035913145775, 41.88964524885512], [13.236985129422411, 41.89065014662261], [13.237650264370684, 41.891523880654965], [13.237798477191788, 41.89171857089223], [13.239281530022884, 41.89307287119094], [13.240615230281154, 41.89408151604918], [13.241841699282656, 41.89504010169044], [13.242856714727697, 41.89587592449809], [13.243750199380443, 41.89666222516187], [13.244381047804689, 41.89741771432276], [13.245044463009654, 41.89826653539516], [13.245296256862856, 41.89872721627882], [13.245664307474486, 41.89940059742107], [13.24541531471392, 41.90016616800406], [13.244449047931734, 41.90063413599288], [13.243048289565058, 41.901604418930525], [13.24197159025224, 41.902202532698865], [13.240600964828069, 41.90246933276089], [13.240338797318433, 41.90327589336109], [13.24054662717413, 41.90402455255959], [13.241200820378392, 41.905233894836044], [13.24148606343229, 41.90626331794812], [13.241602173072152, 41.907321497703236], [13.241670081850424, 41.9083454470943], [13.241959944696204, 41.90921712438381], [13.242387334145961, 41.91032231033593], [13.242836313924533, 41.911525740707795], [13.243549698886095, 41.91281178253986], [13.243887298553469, 41.91410251277844], [13.24337873619605, 41.91549896232509], [13.243307603395966, 41.916334470298004], [13.244592641803301, 41.91610230143582], [13.246312207327259, 41.91539032120124], [13.248001093131379, 41.914909033210506], [13.249286808086481, 41.915072976197145], [13.250926681322731, 41.9155208989906], [13.253478022382449, 41.916146558396214], [13.255350706112841, 41.91644622068776], [13.25830443217359, 41.916471576250494], [13.260099942491518, 41.91651741226475], [13.261901546450666, 41.91633787552865], [13.263797470127724, 41.91579916044473], [13.265481664774278, 41.9155203942204], [13.266891753533619, 41.91550392259497], [13.267363369650576, 41.91590954811406], [13.267598014069518, 41.91660312759958], [13.267582084501154, 41.91736906167278], [13.267772018150778, 41.91773116468405], [13.267711199113556, 41.91821964232704], [13.267648709049, 41.91873969827939], [13.267871144320683, 41.91897903018467], [13.268489347854123, 41.91931166505475], [13.269013415959586, 41.91999446032421], [13.269274957128758, 41.92103367172957], [13.269441214903502, 41.92199992403322], [13.269717212025668, 41.92293957226081], [13.270076960079061, 41.92392561022361], [13.270724465335627, 41.92495495556626], [13.271465063513716, 41.92565216762612], [13.273518047389949, 41.92601683588561], [13.275009235373306, 41.92617282473724], [13.275771844529455, 41.92604983313632], [13.275916891668254, 41.926494621270685], [13.276225074616937, 41.92713590533833], [13.276590334701083, 41.92833781713368], [13.276743207967648, 41.92939458108475], [13.276989274485807, 41.930560424196436], [13.27710831688938, 41.9315284082293], [13.277939153795838, 41.932006126519966], [13.279285991479993, 41.93260414619867], [13.28041786955732, 41.93314263069113], [13.28136196488259, 41.933904222766586], [13.281454318803451, 41.93398626090443], [13.282446250560982, 41.934867649368854], [13.28371896786355, 41.93597709500786], [13.283862865650262, 41.93614199128357], [13.284807246610969, 41.93722397704646], [13.286108588194196, 41.9382197831391], [13.287234858885531, 41.93847028369877], [13.28832939042567, 41.93857340548916], [13.289355713504888, 41.93898519304425], [13.29054583106707, 41.93957992702377], [13.291517927882817, 41.940227823031634], [13.292080597668576, 41.940828018406705], [13.292272540526453, 41.94176625565614], [13.292460143679223, 41.942898219507555], [13.292847713270755, 41.94373008722087], [13.293652783913707, 41.94476239218695], [13.294694785601935, 41.94596589773941], [13.295796653948605, 41.947621844230916], [13.29627550779874, 41.94861271217634], [13.295723357548571, 41.94851598439798], [13.295448209796838, 41.94847678191707], [13.295026587537214, 41.94843405724209], [13.294168569314342, 41.94849322504237], [13.293135386480502, 41.94878404776812], [13.292568755619365, 41.94924195954287], [13.292011971579546, 41.949740025170804], [13.29122805332353, 41.949746878970004], [13.289868039210647, 41.94959970343912], [13.28851654380095, 41.949596270219125], [13.287218334979997, 41.949892455070675], [13.286035101953612, 41.95036890105092], [13.285186431873436, 41.95097239343485], [13.284141935449417, 41.95166872992955], [13.283256004009443, 41.95231862502001], [13.282714191697552, 41.95317624493076], [13.28242040339523, 41.95423618949015], [13.281919990588287, 41.95493018575829], [13.281045869960138, 41.9555661122354], [13.280407719018259, 41.95593209476636], [13.27955702525825, 41.956152951251894], [13.278422279978022, 41.956641019430656], [13.277347757426131, 41.95716734513079], [13.276333155433347, 41.95759238025198], [13.275897707706735, 41.95812636630029], [13.275346358706594, 41.958849239017106], [13.274365266838286, 41.95902090303471], [13.273344383972969, 41.95925706368019], [13.27268508984258, 41.959556263405474], [13.272059027134992, 41.95998028729747], [13.271583430982222, 41.96057427130528], [13.269892399621659, 41.961483663317225], [13.26974568242506, 41.961721390577786], [13.26945157710081, 41.96219789870901], [13.269383335949954, 41.96247956701277], [13.269364430542398, 41.96275488622287], [13.269305791672775, 41.963135241414314], [13.268766111038342, 41.96344797527428], [13.268097055425965, 41.963630466066924], [13.267740655340093, 41.9639048635869], [13.267620864260842, 41.964323498999676], [13.267573270080131, 41.964739455596074], [13.26717016876309, 41.964930049236116], [13.26672959990582, 41.96515804194344], [13.266847159153468, 41.965698406130954], [13.266761724434389, 41.96617429864814], [13.265978118553024, 41.96659514433252], [13.265418699635424, 41.966760036709786], [13.26472583849697, 41.96694789528123], [13.264054392926464, 41.967224995267564], [13.263610995443221, 41.9675521342029], [13.26310704651035, 41.967904027020865], [13.262330899719982, 41.968036440379855], [13.261689963591241, 41.968042277012934], [13.261091590985783, 41.96835265669104], [13.260452432785995, 41.96876359256956], [13.2598515991462, 41.96866437399538], [13.258916383030344, 41.96842450987783], [13.258109743292424, 41.968359941938246], [13.257287792245766, 41.96844450970435], [13.256311595490619, 41.96840424158949], [13.255627293438316, 41.968285587942134], [13.254986038463278, 41.96828689674884], [13.254400360176222, 41.96811505672172], [13.25346241365507, 41.96843349280503], [13.252789904469045, 41.96874658102432], [13.252269359241167, 41.96920709589226], [13.251942424639179, 41.969687438938465], [13.25136944447326, 41.969915785669386], [13.250917664449643, 41.97011262777555], [13.249819032411754, 41.970153377951], [13.248945652922414, 41.97025329295736], [13.248084273040362, 41.970465312007214], [13.247108507513426, 41.97039792814307], [13.24678935549458, 41.970355738676616], [13.246266224413777, 41.97028508233414], [13.245546172593603, 41.97062690399475], [13.244939789677298, 41.971113069938156], [13.243936795995442, 41.971186233662095], [13.243352062939561, 41.97137446903988], [13.242841143189137, 41.9715329473135], [13.242413532707653, 41.97174236461835], [13.24121444085826, 41.97189479495261], [13.240787385403966, 41.97205016744549], [13.240241556075006, 41.97259709743906], [13.239601030650572, 41.97307549738786], [13.23889545816082, 41.97327268094373], [13.238128227684545, 41.97351264811706], [13.237608812774628, 41.973964053991835], [13.237009667080734, 41.97465700857804], [13.23651329151234, 41.97518858915621], [13.235873744168915, 41.975585891948086], [13.235392264247626, 41.975972857953074], [13.234991468482386, 41.976518911201566], [13.234277811953644, 41.97699247592108], [13.233564369465048, 41.97752156290036], [13.232849764200807, 41.97849338560197], [13.232414896340916, 41.97933331985405], [13.232211442759196, 41.98013768205057], [13.23204733980725, 41.98084155458809], [13.231541630411703, 41.98168860206917], [13.23056346743894, 41.98213890484197], [13.229425254998256, 41.982257451181], [13.22837306592208, 41.98235930860604], [13.22774024004884, 41.982558241966224], [13.227112314477612, 41.982950566608466], [13.22666279676489, 41.98350289149164], [13.225774844737757, 41.9841659246766], [13.224957347080561, 41.98408801363892], [13.224095595383114, 41.98383165588648], [13.2234038955715, 41.98395620252909], [13.222451172050167, 41.98436497501002], [13.221283945034898, 41.984655592196916], [13.220212118051544, 41.98495168648738], [13.219395726997263, 41.98523836391143], [13.218571996638882, 41.98538574837449], [13.217870724244497, 41.98541156260533], [13.217036427710783, 41.98543325841046], [13.216357322691895, 41.985566300507884], [13.215947171569256, 41.98596856502577], [13.216011317180829, 41.98625433296701], [13.216157270005594, 41.98669916495967], [13.215778872238321, 41.98726233098454], [13.214913386151625, 41.98753728301765], [13.214184191646773, 41.98728947553052], [13.21352118499077, 41.98685015318938], [13.212662954831362, 41.98645850888482], [13.211779539992463, 41.98651349637136], [13.210758605562567, 41.98677611662919], [13.209315237829149, 41.98702723249562], [13.208188933233657, 41.98714514054774], [13.206994913373675, 41.98711694384421], [13.205971478070099, 41.987010452448914], [13.205371171490244, 41.98687491297478], [13.205324428067195, 41.986394911405256], [13.20507603527189, 41.98579625456665], [13.204660616389644, 41.98551886647467], [13.20409883972411, 41.98533238192055], [13.203380682657341, 41.985565823290045], [13.202769589370584, 41.98580433866289], [13.202131002336344, 41.98600333231425], [13.20168509659301, 41.9862132687203], [13.20117465946817, 41.98633102769292], [13.200666365416312, 41.98641269022562], [13.200109535660465, 41.98643310054627], [13.199554879915498, 41.9863949016381], [13.199082173301925, 41.98649626318755], [13.198294645569609, 41.98699933578341], [13.197674324494825, 41.98756230461863], [13.197023271202202, 41.98839201310517], [13.196355839174359, 41.98893869030297], [13.19546739669907, 41.98918732127434], [13.1942511290423, 41.9890967870078], [13.192452931034735, 41.989104062015016], [13.19097771371917, 41.98961272831408], [13.19008639409329, 41.98995596631744], [13.189134424329856, 41.99034643079642], [13.18851941705021, 41.99073357299837], [13.187632139637634, 41.990955087499394], [13.187149857190903, 41.99120830136877], [13.186701317439304, 41.99144380375423], [13.186572720568133, 41.99154080526338], [13.185676147366822, 41.99221958742486], [13.185000160832253, 41.99264946141839], [13.184213957069334, 41.993538063391654], [13.18358719444325, 41.99418622818522], [13.183493091733242, 41.99428470421735], [13.182636410349556, 41.99470315095569], [13.182497422595791, 41.99471967180974], [13.18152085834965, 41.99483840681669], [13.180504301579383, 41.9949475371991], [13.179614894863986, 41.99517806914969], [13.17899294691204, 41.995403341938356], [13.178296329574978, 41.99574388766369], [13.177514660544542, 41.996024503476605], [13.176670879410464, 41.99597872999602], [13.1752588274307, 41.99593564510396], [13.174070296641538, 41.99613200543664], [13.173103366017852, 41.99663093870733], [13.172246562928217, 41.99704931264646], [13.171347332234149, 41.99721710832014], [13.170362811725719, 41.997442031270516], [13.169456340382327, 41.997943233063275], [13.168682416182946, 41.99837206759195], [13.16790346977492, 41.998603000727336], [13.167333587689692, 41.99906041864404], [13.166972059377747, 41.99949675573542], [13.166315433328565, 41.99970071700477], [13.165683555716694, 41.99982723410173], [13.165190891501267, 42.000133272070784], [13.164946611047686, 42.00069590861849], [13.164585757804689, 42.00103317160408], [13.16413141843359, 42.001279285201896], [13.16369546315282, 42.00134464489669], [13.16320022943247, 42.00129960905433], [13.162923911323128, 42.001314157751324], [13.162643751747646, 42.001373853533714], [13.162207195468454, 42.00143022703034], [13.161544955252714, 42.00142727376225], [13.161117514335992, 42.00151932872346], [13.160980671589781, 42.00169987355865], [13.161032094198243, 42.00203116130583], [13.161269829580908, 42.00255827439045], [13.161173946871045, 42.00294443138817], [13.160742620688936, 42.00322571174967], [13.160373648368457, 42.00349122404192], [13.1602335063751, 42.00374842588368], [13.159966488146715, 42.00419481264816], [13.159399438974932, 42.004616084739105], [13.158660671336948, 42.00466090189146], [13.15808495222672, 42.004533231679154], [13.157571213486372, 42.004389799043466], [13.157468885955128, 42.004533073513436], [13.157303721431672, 42.00488122406048], [13.156978843416796, 42.005262172772696], [13.156652816806817, 42.00549924414383], [13.156483601555234, 42.00562229673264], [13.15575423982172, 42.005828826324695], [13.15532943664903, 42.005938776168826], [13.155080238717156, 42.006132397869855], [13.15473184479053, 42.00652320437463], [13.15440271598595, 42.007030356580415], [13.154189725886038, 42.0072992063127], [13.153764708514805, 42.00780533351024], [13.153227177706325, 42.008455106307096], [13.152383640151575, 42.0087918112162], [13.15151132463809, 42.00889544863998], [13.151057925147084, 42.009105463791315], [13.150472955842504, 42.0093112394693], [13.150219595913319, 42.00958604173003], [13.150019906822052, 42.00982902654698], [13.149723873673885, 42.01018925965843], [13.149483829939825, 42.010535600657626], [13.149243193410028, 42.01091348803441], [13.1487728617363, 42.01134470687534], [13.148685585673077, 42.01138508457712], [13.14793879164289, 42.01173506432613], [13.146966500176479, 42.011972845030854], [13.14624820203987, 42.01178274587127], [13.145665634871063, 42.011817328251446], [13.145078402292093, 42.012122202598995], [13.144555480505907, 42.01262733558694], [13.144532422499783, 42.013015346423515], [13.144333356860562, 42.01339248366905], [13.144212629401961, 42.013621188099705], [13.143093647824818, 42.01385523976615], [13.14216674305797, 42.013776192713706], [13.141735673775027, 42.013870621148136], [13.141280614990922, 42.01397029729121], [13.14086778735369, 42.01443993095141], [13.140670753870832, 42.01499629956123], [13.140361426264226, 42.015146199643794], [13.139947933551506, 42.0153465624941], [13.139344378241047, 42.01535485683311], [13.138758282385542, 42.01551559744712], [13.137808887120364, 42.01577048670956], [13.13699743053337, 42.0158718164829], [13.136175622088253, 42.01592399656289], [13.135515875931786, 42.01611888472384], [13.134487765561037, 42.01659718897579], [13.13370514434537, 42.01696307221198], [13.132990343455813, 42.017024873677286], [13.132185875635807, 42.01691432706015], [13.130814410025431, 42.01712584905001], [13.129898269281465, 42.01746951692631], [13.12890338025412, 42.01764042883164], [13.128009563201218, 42.01761860664519], [13.12718879766421, 42.017594153549176], [13.126533370529694, 42.01778655110503], [13.126104934636796, 42.01791230741593], [13.125223106533944, 42.0179530691979], [13.1242454840797, 42.01790721835968], [13.12331783864849, 42.01821973226296], [13.12258468836564, 42.01851173065604], [13.121852409753956, 42.01875867744635], [13.121268120456604, 42.0189777830236], [13.121080394916822, 42.019037436936806], [13.12048536432443, 42.01922653477381], [13.11967245141444, 42.019399833300476], [13.118986978962262, 42.01967659468674], [13.117867022665738, 42.02000948000312], [13.11720483961408, 42.02032590826354], [13.116436949478947, 42.02101529347067], [13.115483698806177, 42.02175636649565], [13.114757331448429, 42.02220114390271], [13.113961587154632, 42.02259437963901], [13.11324216420303, 42.02287232313102], [13.11248479753064, 42.023147124516086], [13.111405868024466, 42.0236495509999], [13.110600696788568, 42.02394405553683], [13.109572777669552, 42.02439511723942], [13.108521817525727, 42.0248109817893], [13.107740704300081, 42.025104605550816], [13.10675677688769, 42.02518489971214], [13.106146207117769, 42.02547240032862], [13.104972342221139, 42.02599618145773], [13.103851011986519, 42.02629296384688], [13.103440209050838, 42.02632595424117], [13.10295561357327, 42.02636554458009], [13.102187329590194, 42.026577638763385], [13.10160339898069, 42.02669308785674], [13.101016206438382, 42.02658804652689], [13.099622886713366, 42.02631825799522], [13.098492373193219, 42.02615610765299], [13.097629222636078, 42.02555668597766], [13.097250886092874, 42.024831875554575], [13.09687089700531, 42.02301311871458], [13.096612486447075, 42.02194635966886], [13.09624176394045, 42.01980762226162], [13.096321854978072, 42.019539139045804], [13.096626930849549, 42.01901949774447], [13.096972711578635, 42.01834082635705], [13.097418977053177, 42.01758202864554], [13.09782546970594, 42.01691469559478], [13.098082531338376, 42.01640576720394], [13.09835067970726, 42.01574846535595], [13.098525680556333, 42.0153229308132], [13.098785707932903, 42.014660822920874], [13.099201151839761, 42.01370503050533], [13.0997404178096, 42.012668267207246], [13.10025230155774, 42.01209170042676], [13.100750133021316, 42.01156065000099], [13.101032342845068, 42.01103280311275], [13.101233788267704, 42.01030526713967], [13.101323964660523, 42.00974828690386], [13.101298898791526, 42.00935299343169], [13.101350765338216, 42.00885141321291], [13.101376432848523, 42.008400287590106], [13.101024805973456, 42.00798966854304], [13.10068773786374, 42.00801074308422], [13.100369285874843, 42.00813918688969], [13.09990802131167, 42.00824123176015], [13.099277646662228, 42.008277287730415], [13.098591311517762, 42.008211802938526], [13.097714353369422, 42.00810359550316], [13.096870565407983, 42.00803021959445], [13.095895971264556, 42.00789398193711], [13.094870710666543, 42.00784958248445], [13.093797079432226, 42.0078159105464], [13.092636062468985, 42.007884396042265], [13.09159428448338, 42.00802964430672], [13.091057187486596, 42.008219894155964], [13.090613634953959, 42.008492347177494], [13.089862326567687, 42.008975386820616], [13.08925328705796, 42.009171195161336], [13.088913048686775, 42.009219351868], [13.088367871826701, 42.009301831963825], [13.087422126116596, 42.009421112857616], [13.08663424724928, 42.009507740871804], [13.085653338970694, 42.009596738130284], [13.085166667430602, 42.00972664496843], [13.084850935016691, 42.009809931202], [13.084541968019936, 42.009586838187886], [13.083697984096045, 42.00919822499775], [13.08299356439057, 42.008885664025655], [13.082138077654074, 42.00887112541767], [13.081133906475857, 42.00893840725079], [13.079694924642762, 42.00898514445373], [13.078783622652505, 42.00913013231563], [13.077798393246452, 42.009399301049], [13.077120960323363, 42.00979708144421], [13.076219826610691, 42.01090964398339], [13.075760360179487, 42.010898970949256], [13.07513433118633, 42.0108266918485], [13.073846822010164, 42.01070589423839], [13.072763142767982, 42.01056882846621], [13.072219394191965, 42.01059716346313], [13.07146490595718, 42.01079954961768], [13.07029585464705, 42.01111571121923], [13.068992088488, 42.011490660932594], [13.06793435139086, 42.01171280427055], [13.066863590850897, 42.01200292754828], [13.065847061590645, 42.012120032063784], [13.064832973462694, 42.01243513939208], [13.063925187227543, 42.01292654805658], [13.063870295428444, 42.012964648610776], [13.06302533285455, 42.013548236594495], [13.062012207713638, 42.0142639660421], [13.061184336914172, 42.014914595566026], [13.060526166545683, 42.01548717476379], [13.059995133347348, 42.015478983366656], [13.059235988468599, 42.015420335858806], [13.058121607990389, 42.01555434908005], [13.054533466666168, 42.0163701767199], [13.054235220338194, 42.01703804001179], [13.053814669817788, 42.017782260631215], [13.053354429429382, 42.018572900498185], [13.051121728063114, 42.02091191227612], [13.05072961377671, 42.021493032292206], [13.050401151837248, 42.02236904595265], [13.050324529085492, 42.023294685468706], [13.049241501415292, 42.02353255342249], [13.049405607948254, 42.02406110886434], [13.04937616085014, 42.02468775403592], [13.049203848322714, 42.02556727400406], [13.048915289218256, 42.02677068527498], [13.048771508520527, 42.02784696810879], [13.048211455142209, 42.02961676794062], [13.047934426878072, 42.03033488367453], [13.047852989758931, 42.03062139596396], [13.047622427436549, 42.03145341599645], [13.047422224307935, 42.03249597807642], [13.047187941735453, 42.0334181740284], [13.04699159550836, 42.0343255259689], [13.046478190491316, 42.03531611744181], [13.043802673344684, 42.037441011461134], [13.037405349097808, 42.04236679275568], [13.03165770822301, 42.04645061053905], [13.026621713019994, 42.05002764624645], [13.026641079692867, 42.050574721422535], [13.02667835244158, 42.05128925205602], [13.026767182170243, 42.052371138227585], [13.026850980888527, 42.05355224628866], [13.027100020742651, 42.054862606431236], [13.027495510350668, 42.05615431817227], [13.027959115096232, 42.05717350192557], [13.028327413710802, 42.05817803023862], [13.028774791726498, 42.059328340915386], [13.02915396253121, 42.06035499727107], [13.029621755072533, 42.061999820267474], [13.029328765683172, 42.06209565909188], [13.028558483395525, 42.06238837479681], [13.027387235476633, 42.06273568807289], [13.026021765275624, 42.063116826840286], [13.024875075206264, 42.06347676344863], [13.023602013470645, 42.063976195917625], [13.023502792168753, 42.06407170834215], [13.02267974962347, 42.06486396947063], [13.022243988982154, 42.06573017057196], [13.021963717707616, 42.06654138231967], [13.021552813550949, 42.06773535712861], [13.021258620533274, 42.06863710031984], [13.020970772658332, 42.06970519463543], [13.020825926587424, 42.07048463717034], [13.020665007622634, 42.071368189951805], [13.020530094622673, 42.071699667598416], [13.020285536476049, 42.072295436460095], [13.019693661044451, 42.07307705837392], [13.018964537275203, 42.07397604229365], [13.018487902907873, 42.07493819521896], [13.018547466510995, 42.075354809302475], [13.018907668353137, 42.075783374669264], [13.019399809142515, 42.07631536523627], [13.01971780542901, 42.077384713441496], [13.019679129955952, 42.07820095663614], [13.01933587106647, 42.07912391836901], [13.019223448727942, 42.079644102054985], [13.019469631841535, 42.08028827513012], [13.019850262420217, 42.080860190440234], [13.020329271785318, 42.08141064923888], [13.021282778544677, 42.08225509018341], [13.021871855417723, 42.08309431486077], [13.021691274516064, 42.08350584460038], [13.02156294569532, 42.084086618254034], [13.022061459010802, 42.08595999653077], [13.0221405346214, 42.086546991401555], [13.021748172145934, 42.08712803156857], [13.021430382650742, 42.08758039330051], [13.021265379201763, 42.0878382941501], [13.021459618462687, 42.08819164950463], [13.021909587069231, 42.08852701702307], [13.022836309267664, 42.088647544676725], [13.02335857798192, 42.08898487975987], [13.023312174724836, 42.08966632157694], [13.023226672281053, 42.090088019271505], [13.023494343471826, 42.090461296620504], [13.023901527104094, 42.09097373698313], [13.023948109885335, 42.09178698309307], [13.024093151253332, 42.09218406911467], [13.023953575941446, 42.09278625321683], [13.023701557897756, 42.09348391986869], [13.023885596000662, 42.09420679603453], [13.02416361752387, 42.09495788378593], [13.024560825731214, 42.09540765276884], [13.025283953786781, 42.095461778200864], [13.025208225160448, 42.09600169175347], [13.024568550227297, 42.09633480193741], [13.023971536956356, 42.096900525135524], [13.024160591719971, 42.09739812083679], [13.02492830311035, 42.097582753028924], [13.025528584294847, 42.09814242914149], [13.026098812710519, 42.098460052502396], [13.026454953369411, 42.09907782178312], [13.026553762045422, 42.09938499548535], [13.027246777266358, 42.09963075745165], [13.027369151359592, 42.09969995547587], [13.027936466330365, 42.100020700873955], [13.028395665547333, 42.10046377510004], [13.028689719919994, 42.101079219814594], [13.029032535060413, 42.10172447001129], [13.02941443386714, 42.10231882024348], [13.029872974351589, 42.103108563721584], [13.030213224375297, 42.10386194843842], [13.030479296622444, 42.10461344140534], [13.030776475420092, 42.10476505940776], [13.03123319744845, 42.10487053828061], [13.03146737310731, 42.10550610329197], [13.031906296735597, 42.10581930579395], [13.032453325459064, 42.10646636193909], [13.032830557306921, 42.107182412396305], [13.032761927443795, 42.107869148906026], [13.032114648669449, 42.10842317297633], [13.03145412017852, 42.10907221312581], [13.031442350433922, 42.10983347846474], [13.031601642415277, 42.11040881760068], [13.031692904542362, 42.1107385786748], [13.032032835971336, 42.11184313126697], [13.03160730244209, 42.112348830680915], [13.030813777258992, 42.112183164634104], [13.030332520203773, 42.112501742899205], [13.030261883915768, 42.11319304063653], [13.030624824258801, 42.113576460399834], [13.031363975924537, 42.113563953790596], [13.032310476099035, 42.113472113138336], [13.03298158129648, 42.11365558741773], [13.032905025066885, 42.114158008891906], [13.03214028025122, 42.114630634639774], [13.031333097798314, 42.11492917171802], [13.03055357488438, 42.115376156931795], [13.030033436567866, 42.11587531853785], [13.029726473640412, 42.11642184928723], [13.029415121867087, 42.11631576046789], [13.028697222509622, 42.11607989195635], [13.027901616257928, 42.11597730880891], [13.02677063698984, 42.11578294865161], [13.024864585834326, 42.11523765373837], [13.022761922452027, 42.11516745025022], [13.021629032084817, 42.11504965371595], [13.020381710467209, 42.115070919090606], [13.018848406214717, 42.11538583811669], [13.01723080059091, 42.11604135548204], [13.016669092767115, 42.11660130577929], [13.016471567711122, 42.11751764420393], [13.016121576681133, 42.118664448697395], [13.015735999097531, 42.11976295192707], [13.015014845970546, 42.12077868902723], [13.014082794166194, 42.12118503026494], [13.013060645315816, 42.12137391807069], [13.01121954202025, 42.12105571994371], [13.010060954560316, 42.12078389277592], [13.00946632283807, 42.12064437366733], [13.008404337146755, 42.12057349541562], [13.007878280577804, 42.12075397551424], [13.007100945640573, 42.1208576970695], [13.006544026290204, 42.12087267559351], [13.006472987609957, 42.12120830734558], [13.006616074361096, 42.12166702815849], [13.006520429271651, 42.122008019934334], [13.005690908306041, 42.12262681189469], [13.005191037244549, 42.122743332608515], [13.003963139875593, 42.122547656637565], [13.00381374000496, 42.1225349165696], [13.002913584629713, 42.122458273736626], [13.002295208912713, 42.12288955661279], [13.001456277467684, 42.123396085668695], [13.00070033326602, 42.123611578934735], [12.999889271332716, 42.12361288602668], [12.999013920548316, 42.12337332929461], [12.998261631710694, 42.12343110169381], [12.997738146087825, 42.12391759759125], [12.99692889035329, 42.12503983975022], [12.996580005418606, 42.125754339244345], [12.996004559483845, 42.12596800215198], [12.994734186985271, 42.12596277841357], [12.993954132453114, 42.126156551154594], [12.993530650569966, 42.12652697834903], [12.993708834955493, 42.12701600623483], [12.994302545334678, 42.127765163546975], [12.993931200990547, 42.12839939089785], [12.993522410535933, 42.12871529386569], [12.993300802435122, 42.12914621188353], [12.99250750672063, 42.12907031787084], [12.991114104657916, 42.12910535727044], [12.989526743371675, 42.129205680278325], [12.98831582668792, 42.12922083195305], [12.987607030165709, 42.12906991526354], [12.986897953496324, 42.12891452337238], [12.986183089668566, 42.128570219951655], [12.98566959443122, 42.128362981659535], [12.985074301653274, 42.12844222268913], [12.984361549940077, 42.12878216573693], [12.983849319350739, 42.12890802232091], [12.98319777450684, 42.128849652669366], [12.981910135301586, 42.12901597620693], [12.980850182182289, 42.12926890302294], [12.980378148276479, 42.129649986091145], [12.979994190854354, 42.12992894501995], [12.979428823800996, 42.130196206758406], [12.978413373572236, 42.130405831326215], [12.977622450698204, 42.12993929105431], [12.977218737750139, 42.129746203233346], [12.978112784236844, 42.12935499484933], [12.978026603439341, 42.12902933963519], [12.977157158961708, 42.12858230561417], [12.97600118268351, 42.12805066317684], [12.975389974138272, 42.127477589760375], [12.975111541288932, 42.127473753166754], [12.974603526313174, 42.12786056052225], [12.974049669938415, 42.12778071180668], [12.973420846898945, 42.12701016887312], [12.973527692113805, 42.12670031205393], [12.973763694416807, 42.126485038396595], [12.97401336840857, 42.12624675498652], [12.973674444031861, 42.12588034888901], [12.973249221234036, 42.12554843360565], [12.97318921243619, 42.12518133210521], [12.973651114602765, 42.124710604261004], [12.973456253412806, 42.12437519764058], [12.972839666249708, 42.124004903655056], [12.971954914109393, 42.12366192081702], [12.971270984271507, 42.12310936247917], [12.97124336535869, 42.122849181195924], [12.97129169732493, 42.12247384231764], [12.971068053090125, 42.12226999041811], [12.970277779162295, 42.122022745773904], [12.969298527931038, 42.12199366665698], [12.968365650355667, 42.12205298326473], [12.96780928983735, 42.12204073890172], [12.967643382799952, 42.12155126152574], [12.967764540096066, 42.121155385072626], [12.96744260662732, 42.12064879762665], [12.967405150835498, 42.12030342862244], [12.967376604731184, 42.12005229701431], [12.96696084871093, 42.119810074464894], [12.966471449159247, 42.119610914039924], [12.9662444354111, 42.119159565420034], [12.966207397406233, 42.11879616476212], [12.966158528774049, 42.11843769200506], [12.96616619576891, 42.11818530721737], [12.96667879334278, 42.11804149996606], [12.967134363827089, 42.1177961185025], [12.966994543691365, 42.11725170535421], [12.96692347286326, 42.11683997141403], [12.967141443431224, 42.11644524532439], [12.967466850060221, 42.116100809639676], [12.96751264324598, 42.11579308853374], [12.967130313784587, 42.11527507405188], [12.966789379092983, 42.114584547794315], [12.96655081955128, 42.11448026559192], [12.96604078217834, 42.11415575725258], [12.965737663245125, 42.11382860255652], [12.965565694730396, 42.113519404712704], [12.965219214670261, 42.113018157507014], [12.964590451260557, 42.11260770502336], [12.964423120420498, 42.11248854093204], [12.964319137626187, 42.11241450489175], [12.963866503943459, 42.11182238139057], [12.963715791792497, 42.11161148887814], [12.963310242465884, 42.111422929511086], [12.962582637721985, 42.11112395011518], [12.962007236779082, 42.11095026047549], [12.961533324713987, 42.11064699925681], [12.96164892336772, 42.11044039250195], [12.961571296418244, 42.11021347324216], [12.961361582580555, 42.109977620963676], [12.96125667734244, 42.109458990256094], [12.961022930901356, 42.108449608536304], [12.961129167730917, 42.108153281966594], [12.960778004185533, 42.107418076717465], [12.960254988329535, 42.10713902449198], [12.959938079622734, 42.10684382654225], [12.960006785299504, 42.10657583181215], [12.960027871320436, 42.10629596662855], [12.960039398657258, 42.10593540292646], [12.95980147553873, 42.10580406586303], [12.959322412232476, 42.10567204772665], [12.958986532522738, 42.105593608831086], [12.958491094320264, 42.10557471414373], [12.957966794154638, 42.10532270941077], [12.957897245066881, 42.10486138354015], [12.957617973990343, 42.10451536576047], [12.95788453203959, 42.104123476061844], [12.957980990402117, 42.103755478033044], [12.957587281736881, 42.10319730894471], [12.957428460893176, 42.10289214331268], [12.957790446079379, 42.10252847270793], [12.95805235996499, 42.10228082022596], [12.958652087309677, 42.102057490277886], [12.958821008659296, 42.101700487939], [12.958820898425232, 42.101322329350474], [12.959043027211429, 42.101188593395946], [12.95937686314679, 42.100942934063205], [12.959351990718108, 42.10059262705082], [12.959395315745953, 42.10036602459329], [12.959549884245456, 42.10008156524056], [12.959734150410128, 42.09960696882533], [12.959424806200568, 42.09946908396417], [12.959107377852945, 42.0991649013174], [12.959073920744029, 42.09872486383875], [12.958867251933164, 42.098367321222426], [12.958264044984588, 42.09795147009024], [12.957657192503785, 42.09763476574386], [12.957039602312735, 42.09729143310913], [12.956652709308305, 42.09729127921295], [12.95610145647025, 42.097139240771384], [12.955369956772689, 42.09694388960101], [12.954583132656708, 42.09658836902528], [12.954182605368075, 42.09626002662129], [12.953856412018858, 42.09587510422785], [12.953466528127812, 42.095595922935225], [12.953138822396026, 42.09524706340461], [12.952919043519323, 42.09495749255843], [12.95256529540208, 42.094663562975164], [12.952097391276611, 42.09424749225242], [12.951317437686816, 42.09361259272228], [12.951096148174635, 42.09262975473091], [12.951084986621801, 42.09107689484452], [12.950801314941401, 42.090487889410845], [12.95060650885382, 42.09016145513395], [12.950242445878922, 42.08982284290708], [12.949479628981575, 42.08951149081202], [12.948613902637438, 42.08934322035281], [12.948397623162577, 42.08966967939419], [12.948056115329708, 42.09013165990744], [12.947817930033137, 42.09039648884046], [12.947483265277356, 42.090664641319414], [12.947199843118613, 42.090809484255175], [12.946772425527266, 42.09132393454888], [12.946567240403498, 42.091682168818714], [12.946223352025193, 42.092216255252], [12.945837030817932, 42.0925897446265], [12.945374293454377, 42.09304689324873], [12.944804305454928, 42.0934806980625], [12.944299470308849, 42.0937592185335], [12.94364832305853, 42.09407876685587], [12.943026438353082, 42.09424874905657], [12.941692666187354, 42.095087004272855], [12.940825363093046, 42.09574714334227], [12.940279042567411, 42.096198127715674], [12.938508418348741, 42.09823094945272], [12.937800538381712, 42.099160207233886], [12.93722132355756, 42.100251630436006], [12.936715243249221, 42.10114375610266], [12.936528456339868, 42.101472997559085], [12.935599861172001, 42.10287805175265], [12.934742537710079, 42.10431216696255], [12.934098624483877, 42.105052196026676], [12.933486721479511, 42.105755458156004], [12.931351877934468, 42.10784568923189], [12.930703260859136, 42.108417201461904], [12.930193175032159, 42.10885789723859], [12.929552630990917, 42.1092175366649], [12.928712858167636, 42.10974156330814], [12.927911505424067, 42.11021475269111], [12.927005677145207, 42.1105384401143], [12.92611002957945, 42.11092930322155], [12.925194264254074, 42.11119030451263], [12.924694863524905, 42.111315459698055], [12.924387661350695, 42.111456543046636], [12.923865024468293, 42.111915657652666], [12.92355635020504, 42.11210630320984], [12.922848132607035, 42.112301647953586], [12.92194306189055, 42.11224708701789], [12.921460118774935, 42.11222310473305], [12.921438189854719, 42.112297101177255], [12.921051647614618, 42.11360121944], [12.921121313968442, 42.11408056414101], [12.920841307931854, 42.11523819310755], [12.92031667790339, 42.11575139233378], [12.91995488529939, 42.115718739919885], [12.919493329389647, 42.11539238020693], [12.919008983572294, 42.115039767089975], [12.918044655928012, 42.11456400613349], [12.917455435951672, 42.11447161112693], [12.916933840915167, 42.11450744169953], [12.91589614420341, 42.11443487162407], [12.914123445180739, 42.11463950777537], [12.91389418772356, 42.11467710369749], [12.912944168633521, 42.11483286765743], [12.912316032930741, 42.11479578871358], [12.911845833584385, 42.1147578295765], [12.911115256570195, 42.1146150332389], [12.910361907211193, 42.114263730130595], [12.909556489829786, 42.114133641285235], [12.909155814918032, 42.11380064425706], [12.908714405802801, 42.11360409549482], [12.908243550855072, 42.113223977150064], [12.907422897457419, 42.1124280726567], [12.906737466219703, 42.11193820363258], [12.906182099590737, 42.111547440884515], [12.90577255589388, 42.11110669061993], [12.905599057359694, 42.11087849873347], [12.904973880676486, 42.11040908113693], [12.904217780132502, 42.10986307407768], [12.903574045731252, 42.10958335385707], [12.903334028417094, 42.10914581840913], [12.90305761996237, 42.10871853819739], [12.902617199355488, 42.10814374895014], [12.902386289949142, 42.1074357771368], [12.902149007952511, 42.1069441141751], [12.902134150278243, 42.10555796453988], [12.902345373974285, 42.104641342193396], [12.900705526796902, 42.10412540900771], [12.901223479861812, 42.10310830086705], [12.900745365084205, 42.10257080103968], [12.899788058648344, 42.10189655372505], [12.899381557149571, 42.10176181033637], [12.898883388698295, 42.10146362987125], [12.898328412971946, 42.10107731365807], [12.897408364973646, 42.10072592978786], [12.896689220668819, 42.100520783250026], [12.89592024704361, 42.10035334132096], [12.894724627151568, 42.10032645808816], [12.892739962212671, 42.10037139006935], [12.89061130344057, 42.10038516136199], [12.886667095532776, 42.10042897915944], [12.885638702007068, 42.10045486114143], [12.885147994060858, 42.10066059269417], [12.884699673354302, 42.10104046180381], [12.884157269963902, 42.102094360621436], [12.884265294284347, 42.10246436574046], [12.88459112092888, 42.10284952104944], [12.884982073640009, 42.103088388733134], [12.88495700004848, 42.10349441958968], [12.884854497477207, 42.10404265649552], [12.884521997231, 42.10421600801197], [12.88339714906884, 42.104222623053566], [12.881269983821612, 42.10416414076471], [12.880180765773423, 42.1042100513531], [12.879043773220255, 42.10420351827223], [12.878476154272752, 42.104177719839576], [12.877377006768752, 42.10414739068171], [12.876325415915634, 42.10412894233707], [12.875326908282052, 42.103964627418996], [12.873695721573235, 42.103934240519195], [12.872798536701332, 42.10401860123105], [12.871670935792023, 42.10407920852016], [12.870738501646715, 42.10410621370553], [12.866787498143283, 42.10364534605958], [12.86583148673578, 42.104402443749194], [12.8662715374503, 42.10605791542598], [12.866235964059832, 42.10639226917199], [12.866138886184515, 42.10674671426356], [12.866053096102847, 42.10715029276157], [12.86606647769408, 42.107469495173895], [12.866072065622953, 42.10840577264473], [12.865406277927669, 42.10913957264576], [12.865369114096485, 42.109267570707964], [12.864503359356613, 42.11224951186883], [12.863769437014248, 42.114286734119815], [12.86325437307678, 42.11521353318622], [12.862462095681511, 42.11575801080442], [12.861881190142732, 42.1161242433239], [12.861471114724166, 42.11645322087308], [12.861322470309902, 42.116917463486594], [12.860271924740168, 42.11831251062436], [12.859169005859943, 42.119803857752196], [12.859309297779, 42.12032139600025], [12.859605622583171, 42.12085617627362], [12.860112426655538, 42.121595452788554], [12.860935750191212, 42.122306065720075], [12.861472547882645, 42.12289126738322], [12.862164985831242, 42.123525250852154], [12.863024021924254, 42.124585813294395], [12.863621468241186, 42.125533626874365], [12.863244918445414, 42.12594250909372], [12.862793191478573, 42.12604778507744], [12.86178635893297, 42.12614925770418], [12.860809670014818, 42.12603811666346], [12.860087766563934, 42.12592737964355], [12.859060150248478, 42.12625913537465], [12.858293625054099, 42.12675768365564], [12.858390424367949, 42.12711909312028], [12.858668098254551, 42.127483426060095], [12.858978393835917, 42.127986220546816], [12.858748610308542, 42.128322613429724], [12.85862131617949, 42.12852949341029], [12.858006483529138, 42.12882483853766], [12.857399112186755, 42.12889482270943], [12.856801022047254, 42.128694350112674], [12.856028936108178, 42.12861677523616], [12.855471862017046, 42.12863102357983], [12.854817748924855, 42.12902671925625], [12.8548027268836, 42.12946394194574], [12.854880592636142, 42.130024082045075], [12.854136758675176, 42.130922521836695], [12.853694845250052, 42.13146415105029], [12.853605357124213, 42.13195789121556], [12.853182363110339, 42.13230076990634], [12.852714359844727, 42.13291080407096], [12.852758205588332, 42.13340907764397], [12.852357749301976, 42.133787210339634], [12.851930306043371, 42.13425629933669], [12.851649446322378, 42.13471145807042], [12.851711257351408, 42.135020034662595], [12.851430960206843, 42.13543465863516], [12.851234554533518, 42.13587345891621], [12.851208307618212, 42.136288541059315], [12.851171618001118, 42.136667961105296], [12.851221415237244, 42.136990440250344], [12.851370378819265, 42.13758872490822], [12.851304414575585, 42.13810868918237], [12.850988143522022, 42.138155333707786], [12.850344469170436, 42.13822650037464], [12.849483176769434, 42.13830045996772], [12.848305285737688, 42.138403063195256], [12.848448643537141, 42.13882144658683], [12.848778062773757, 42.139116535582644], [12.849238443829487, 42.13943871916974], [12.849569486855403, 42.14002189120818], [12.849875519908135, 42.140641915748745], [12.84954336963289, 42.14331835219964], [12.849121754283, 42.14359814088014], [12.847698231018894, 42.14419072186883], [12.845892796724034, 42.14495818305464], [12.844106698965938, 42.14555839109541], [12.842593405490467, 42.14590629552274], [12.840881489516066, 42.1460717682842], [12.839142486070235, 42.14613005767235], [12.838761549548384, 42.14614282249399], [12.837043414647928, 42.14615534873394], [12.835026815787746, 42.146384950065446], [12.83359391744954, 42.1465004373381], [12.832000995890654, 42.14638265400054], [12.830821760032665, 42.146566170012754], [12.829937373407168, 42.1469108760989], [12.829691310958909, 42.14703166506226], [12.830033956593882, 42.14868601386041], [12.829593296672947, 42.148840305153556], [12.828934464269715, 42.14933955852774], [12.828108123264094, 42.14979489021586], [12.82709352140968, 42.150969214545604], [12.826796105862632, 42.151175856419385], [12.826170432969255, 42.151610953717764], [12.825375770273471, 42.15219127243034], [12.824372639435193, 42.1525129029892], [12.824018985894709, 42.15260573619959], [12.823583103440454, 42.15258877104592], [12.822935500046444, 42.15243480776451], [12.82202431672937, 42.15255073927548], [12.821623700933834, 42.15254160710382], [12.821122202238763, 42.15236474269186], [12.820609417625475, 42.15213871820837], [12.820166279018164, 42.1520139370084], [12.819556961099826, 42.152106283215915], [12.819094359308519, 42.152198233976144], [12.81838650101863, 42.15237490766345], [12.817178014036418, 42.15197396297542], [12.816385383337744, 42.15179778027579], [12.816123085104428, 42.15201360958005], [12.815901207001264, 42.15214706205682], [12.814940108281938, 42.152300633581696], [12.814875295328811, 42.1527575072547], [12.814888089182219, 42.1531082520625], [12.814450618548404, 42.15350550405766], [12.814153742403596, 42.15369998262185], [12.813579620117713, 42.15384965770752], [12.813460347687196, 42.154155284369025], [12.81329961126891, 42.1546018335594], [12.813238888456334, 42.154950525149786], [12.811907676531808, 42.15635899379724], [12.811413600352514, 42.15664555524089], [12.810961985504258, 42.15709729569781], [12.810404247749513, 42.15782268973931], [12.809998518126429, 42.15767860628372], [12.8093005721211, 42.15753073961641], [12.808828302542178, 42.15755094056423], [12.808235138914734, 42.15754814502582], [12.807722151544231, 42.15733108832393], [12.807329990847942, 42.157123514207974], [12.806803423842531, 42.15696993743855], [12.80645564602771, 42.15684641317079], [12.806031913975016, 42.156855991687024], [12.80490162797436, 42.15701509905948], [12.8035897301101, 42.15713519479059], [12.802544476775738, 42.15690876991714], [12.801811583589263, 42.15675751769776], [12.801123168114716, 42.156717329689585], [12.80053031887091, 42.1567324979113], [12.799715202705055, 42.15717823835261], [12.799123284265553, 42.15749950854652], [12.797554976324292, 42.1587310807495], [12.797180008099645, 42.15906316449784], [12.796913178186902, 42.15976083341118], [12.796884638160332, 42.16025702973575], [12.796779475074121, 42.16085029225109], [12.796552258266768, 42.161123464063756], [12.796423751160981, 42.16133931434863], [12.796559215200308, 42.161618464996124], [12.796830244250216, 42.16181207460555], [12.797042630655723, 42.16199862818384], [12.796829669546097, 42.16218128187811], [12.796366352990669, 42.162642353152904], [12.796003290387981, 42.1629965559875], [12.79570506945721, 42.16319551050216], [12.795197143830821, 42.16318984145168], [12.79461678703515, 42.16318655037874], [12.79425223173369, 42.16322564181245], [12.793980010094002, 42.163378717584436], [12.793247410983053, 42.163916224551755], [12.792536636111256, 42.1641738847805], [12.791993990296097, 42.16410630004103], [12.791298649262407, 42.16425537585409], [12.790940157094152, 42.1648255019214], [12.790210199169442, 42.164939702502956], [12.789531468209372, 42.16496215501383], [12.789080755932678, 42.165040095904715], [12.788580996043494, 42.16513317271675], [12.78826345648932, 42.16522470165074], [12.787137435299336, 42.16557258853964], [12.785534219725267, 42.16606227604262], [12.784473411877931, 42.16628641831705], [12.78353064636427, 42.16623203114091], [12.783175212474157, 42.16636081439136], [12.78256627951689, 42.16681763907585], [12.781862272166112, 42.1668858966614], [12.781574766387477, 42.16679634288368], [12.781286782545859, 42.166711301876774], [12.78101095072118, 42.16665287512081], [12.780619689625281, 42.166751335339114], [12.780136957549407, 42.167384059705334], [12.779794343320589, 42.168908094616306], [12.779774093006104, 42.16978670003931], [12.779602105629499, 42.17025159131996], [12.778703678821659, 42.170650416597496], [12.779112279297914, 42.170740485100474], [12.779698788918001, 42.17095974200252], [12.780055753469576, 42.17111004142014], [12.780415749634015, 42.17153938108211], [12.781999267704318, 42.17160417721623], [12.782775394935202, 42.171565033702095], [12.783329497452886, 42.17200147099479], [12.784642859416868, 42.17252084923007], [12.786294351277277, 42.172722902436654], [12.788331968297841, 42.172979690573484], [12.789697735265335, 42.1730335839236], [12.790281593820206, 42.17333392170476], [12.790680085901192, 42.17367188869435], [12.791412291909799, 42.17385926667145], [12.791730446554228, 42.174118876757326], [12.791806890223857, 42.174359454484794], [12.792018351668666, 42.17489721769748], [12.792301629990295, 42.17511744891771], [12.793374840981885, 42.175932834958914], [12.793498891552089, 42.17618534886007], [12.793703302022836, 42.17657926595691], [12.793706926841399, 42.17680425209722], [12.794071748093085, 42.17747651358671], [12.794030102522418, 42.177968622380405], [12.793852075259927, 42.1782176441857], [12.79377692291347, 42.1786433329445], [12.793804493157939, 42.1788765286498], [12.794346449969462, 42.179650964888744], [12.795185171249809, 42.18060466264176], [12.794498225240972, 42.18121269647882], [12.793904020550173, 42.18158804743715], [12.793230991874065, 42.182150597019444], [12.79277113499609, 42.18283665005496], [12.79272572524873, 42.18307675900721], [12.792442356353526, 42.18323471984325], [12.79227888444209, 42.183411208457905], [12.792005412875692, 42.183595854744794], [12.791837394270177, 42.183898556063156], [12.790755708880184, 42.184919231488756], [12.79057987433906, 42.185013620174324], [12.78992226349388, 42.185366614375276], [12.788730007680824, 42.18586526958545], [12.788334832005646, 42.186089948235455], [12.7879445776736, 42.186156885366096], [12.786876739554012, 42.18586351905652], [12.786131472365613, 42.18572607635257], [12.785247010526678, 42.18538613724586], [12.784672751191497, 42.18518450267985], [12.783480759013557, 42.18535893966868], [12.782130174538292, 42.18588077062768], [12.778631710363362, 42.187590001729646], [12.777392159426684, 42.187716411804146], [12.774465333696883, 42.188317136740665], [12.773141776684025, 42.188405772162945], [12.771817973082833, 42.18848988375996], [12.76818893312931, 42.1883932083836], [12.767175539572884, 42.187958303986264], [12.764805464578817, 42.18682514980512], [12.761888171553931, 42.185408239919674], [12.759243199174144, 42.184536102301124], [12.757954621013514, 42.183988600126305], [12.75712104443784, 42.18361074033063], [12.756245123764623, 42.18279703324233], [12.75416778210562, 42.181159329281144], [12.752855111520715, 42.1800497789884], [12.75257420953975, 42.17981128227003], [12.752380272017199, 42.179646631009696], [12.750441842074043, 42.17766610920195], [12.749732349130252, 42.17683841069023], [12.749149334320071, 42.17587150769515], [12.748864513778049, 42.175354079307255], [12.748861943110919, 42.175093039076955], [12.748918563137527, 42.174528402988635], [12.74862691782615, 42.174240806838746], [12.747836861714296, 42.173955999631495], [12.747579779639405, 42.173689783908365], [12.74744125255306, 42.17317656690636], [12.746986837414875, 42.17266916159868], [12.746197339868933, 42.17239334252775], [12.745077896772795, 42.172218331177866], [12.74484626169478, 42.172203388319815], [12.74476025306808, 42.172198141636045], [12.74446206267937, 42.17217993028567], [12.744134139838042, 42.17186649373967], [12.744120737468489, 42.17181123903076], [12.744081101242676, 42.1716476164099], [12.744111675337209, 42.171601602895585], [12.744247688278838, 42.171381046515336], [12.74453470364799, 42.17115555542148], [12.744826351879937, 42.17079035080578], [12.74538193379073, 42.17047504621714], [12.745264043054163, 42.170042180212654], [12.745113438227277, 42.16984901039452], [12.74486503473692, 42.1696905538431], [12.744687914151287, 42.1692281075671], [12.74401416519391, 42.168093064271], [12.743324606955822, 42.1673817369487], [12.742972759048358, 42.16639374723735], [12.742201083086842, 42.16598223568197], [12.741680571673575, 42.16598123844612], [12.741130709091243, 42.16609824216952], [12.740544712519771, 42.16625693783737], [12.740043929380086, 42.166372335712104], [12.7392975399366, 42.166594810904364], [12.738798216382525, 42.16634996430829], [12.73832602171515, 42.16634737589904], [12.737640489476995, 42.166549839199604], [12.737320768733909, 42.16670882829146], [12.736868748990013, 42.16680462336846], [12.736488392271722, 42.16696109109406], [12.735758475270675, 42.16705242645598], [12.73483429797534, 42.16717260594112], [12.733749782645889, 42.16702336191121], [12.733031600508884, 42.166812656659786], [12.732333540561406, 42.16670033719979], [12.731815377377615, 42.1666361699329], [12.731392666635287, 42.16660042254445], [12.730976002023823, 42.16674455588675], [12.730162617601833, 42.16750040538643], [12.729946677236766, 42.167777561100145], [12.729647309288527, 42.168012417095966], [12.729350754446068, 42.1681796505939], [12.728927365845259, 42.168170915309496], [12.72845293374646, 42.16791173250279], [12.728494219368978, 42.16737911968508], [12.727647760373067, 42.166389160612084], [12.727269508046936, 42.16613134282942], [12.726501524181133, 42.1659357142352], [12.725551677516219, 42.16577301341092], [12.725042331212826, 42.165807592573756], [12.724749903606174, 42.165826099309825], [12.7242823259311, 42.166043894217616], [12.723363441809656, 42.165700071272575], [12.72292646240025, 42.16503444052183], [12.722784948901493, 42.16491747719351], [12.722505921152155, 42.16467443535249], [12.722386592236118, 42.164574747112944], [12.722295883743143, 42.164475724474286], [12.721938025281919, 42.16408508674478], [12.721858072334706, 42.164015145577764], [12.721707731757308, 42.16388362819232], [12.72138223919852, 42.16359888834916], [12.721173513366969, 42.16347060565268], [12.721118606886984, 42.16343594953486], [12.720800377380098, 42.16323509765383], [12.72060431633365, 42.16310159687617], [12.72022715943552, 42.162844780496016], [12.720150348949776, 42.16279246864997], [12.720017761361687, 42.16267435653249], [12.7198448235499, 42.162523265168765], [12.71960109801142, 42.16191436080974], [12.71920514440892, 42.16113483749209], [12.718855939712697, 42.16041680976143], [12.71843591198567, 42.159651564526825], [12.717839307579887, 42.158738950149086], [12.717145506132747, 42.15682551499924], [12.716642579491621, 42.15532908875049], [12.71633582515506, 42.1547537351961], [12.715571826431171, 42.15446787512956], [12.715022218299387, 42.1542785862197], [12.71431462444939, 42.15410343179996], [12.713753145701487, 42.1538920246418], [12.712447631783636, 42.15351562965919], [12.71090448067884, 42.15300733472268], [12.709893735183162, 42.152859989123115], [12.707187553237192, 42.15236680155041], [12.705639594919072, 42.15202066856238], [12.705015176029216, 42.15188328371535], [12.704534290674964, 42.15178178859036], [12.704148905513563, 42.15173571638937], [12.703747884889536, 42.151784695101725], [12.703246460858, 42.151926968487615], [12.702103178494097, 42.15255370059603], [12.700535247606966, 42.152590854738214], [12.698966187557664, 42.15247944342064], [12.696862518801245, 42.15242127599596], [12.69397786793228, 42.15219915810354], [12.691515803903828, 42.152350543004154], [12.687770553249191, 42.152155993604964], [12.686412332168617, 42.15223573703959], [12.686175220862923, 42.15245046066009], [12.68634305831204, 42.152800733639005], [12.686587324029105, 42.15311253528244], [12.68659141586682, 42.153625658872514], [12.687114390314775, 42.154230148324615], [12.687064772428306, 42.154624209514104], [12.68704609010038, 42.15477259888323], [12.686466216446192, 42.15475074461122], [12.686165713585831, 42.154746914226465], [12.685135143307008, 42.15473953256344], [12.683221042634512, 42.154727298355596], [12.683149766861872, 42.154726842330206], [12.68252655752464, 42.154922472347124], [12.682351314476854, 42.155056195417764], [12.682078201884948, 42.155264637127694], [12.681682788919678, 42.15556639015065], [12.681356375156232, 42.155819988093924], [12.680673597828589, 42.15630566706596], [12.680138806352312, 42.15668302103705], [12.678821883292697, 42.15759424242509], [12.678617755552281, 42.15764979571952], [12.677720656295485, 42.15789213298913], [12.674514339980812, 42.158560890421434], [12.673851697601066, 42.158703704438366], [12.67323255389882, 42.15884061959628], [12.672390363783837, 42.159056714646674], [12.672027159586257, 42.159041339262075], [12.671195789644504, 42.15886986797126], [12.671030365511525, 42.15883465322016], [12.670179975274312, 42.15858277160942], [12.668426989508745, 42.157869010095695], [12.667197045903217, 42.15773730552297], [12.66592682002913, 42.15771942290234], [12.665642557241227, 42.157237779265195], [12.665551874539728, 42.15682357685485], [12.665497668437812, 42.15657607789346], [12.665051591806622, 42.15651381706521], [12.663943460165312, 42.156355663776914], [12.66365683963892, 42.15593710351102], [12.663594254841891, 42.15538986955554], [12.663583483714422, 42.155295628972596], [12.66293470094254, 42.15515429223498], [12.662033941223049, 42.154984989084326], [12.661385964686936, 42.15488413474205], [12.661166210470354, 42.154847265003994], [12.660687158422114, 42.15476690054968], [12.659871375783643, 42.154536334555836], [12.659414658522575, 42.154118695996054], [12.658189997355818, 42.15287016363791], [12.656563039719762, 42.15104464912552], [12.65559518303752, 42.15071985731443], [12.654676875725675, 42.15069063730747], [12.654062927159206, 42.15090381632691], [12.653368809731957, 42.15102499917392], [12.652717205913573, 42.15096472435257], [12.651788503787191, 42.15057111834774], [12.651253574666736, 42.15030452121535], [12.650219746912827, 42.151093848919295], [12.648244866377086, 42.15148540738607], [12.647599842538641, 42.15178958997441], [12.647037294028497, 42.15205512631629], [12.64664790097902, 42.152463731287085], [12.646470941089218, 42.15264944070998], [12.646247366332252, 42.153444441831525], [12.646489949219392, 42.15409856060067], [12.64653194525961, 42.155263301208535], [12.646673454911536, 42.156001666634445], [12.646962917392967, 42.15635264808866], [12.647457778044442, 42.1564089271208], [12.647830582670593, 42.156460090806235], [12.648360079953735, 42.15652066953388], [12.648577431213292, 42.156544356860906], [12.649133139948924, 42.15679964462665], [12.649255666827134, 42.15685593523076], [12.64925295265778, 42.15688753684468], [12.649216312868623, 42.15728939639608], [12.649213388145139, 42.157685699634534], [12.64924428625368, 42.158143939731666], [12.649270905519268, 42.15875089630379], [12.649227858833285, 42.15925200492331], [12.649084318017492, 42.15951772496193], [12.64860059142822, 42.15985278924022], [12.648011696587494, 42.16005612037486], [12.647762102034486, 42.16010910165254], [12.647693252109725, 42.16012342729433], [12.64735323908616, 42.16019414922519], [12.646862191889046, 42.16103369808625], [12.646485211436827, 42.16141037245506], [12.646108207950702, 42.162115724648615], [12.645869633431518, 42.1629922494472], [12.645411896806221, 42.16391176352957], [12.64525984486339, 42.16441185719914], [12.644267321165096, 42.16506923513227], [12.643444427928403, 42.16571672975734], [12.641835122402854, 42.16669986103359], [12.639241644524244, 42.167394574388986], [12.638831736578389, 42.16767322190498], [12.637907508349285, 42.16828336034523], [12.637504590013982, 42.168539282348], [12.636875211573985, 42.1688699224614], [12.636187625083846, 42.16913485943839], [12.635609949110915, 42.16936480484947], [12.635476453185401, 42.16967518346968], [12.634856472825735, 42.1700775475062], [12.63431874934463, 42.17047858307067], [12.633278116768633, 42.169875483361466], [12.631577585841887, 42.16938914262138], [12.630775163233562, 42.16947308828172], [12.629759062501915, 42.16977542941898], [12.629207768315098, 42.1699639735449], [12.628540599342703, 42.170309265713456], [12.627469314502225, 42.17079791416937], [12.625648433776641, 42.17222874239924], [12.624134339558898, 42.17386595218692], [12.623346125933477, 42.175192042220566], [12.622321166358523, 42.176692193575164], [12.621606785052334, 42.177682760037186], [12.620853284737882, 42.178399911825046], [12.619654249611605, 42.178734962727034], [12.618456647712511, 42.17901590303661], [12.617951103178203, 42.17926600054836], [12.617455691292022, 42.179560769206795], [12.616829348997985, 42.18010732082666], [12.615879653578988, 42.18058302148142], [12.614860363142755, 42.18096636542917], [12.6136441575053, 42.18109476256601], [12.612416822568518, 42.18090835544486], [12.610912960872264, 42.18064961908733], [12.610188554654528, 42.18059139904101], [12.609407426299938, 42.180746574139235], [12.608588879737786, 42.18126761810111], [12.608310703519548, 42.18157802379533], [12.608231328900324, 42.18207128282728], [12.608206963610154, 42.182414209946316], [12.608396450692712, 42.18283146955848], [12.608821771342239, 42.18344387813016], [12.60934130070744, 42.184102849701354], [12.609922305248725, 42.18476438051582], [12.610578758072434, 42.1853154861496], [12.61170072179749, 42.186068025315805], [12.613290675179027, 42.18695885659145], [12.615516140125399, 42.187978192102754], [12.616014999676802, 42.18825961052817], [12.616789737293749, 42.188905991375606], [12.617146297569787, 42.189398973711356], [12.617341274568172, 42.18969897920998], [12.617514075819994, 42.19023379582526], [12.617506095139756, 42.19078332153923], [12.617367354144642, 42.19125592565299], [12.617273101452827, 42.19213685267207], [12.616781783596792, 42.193300443101464], [12.616136944388266, 42.19434731259166], [12.615572872544359, 42.194860353460584], [12.61448677462035, 42.19540338194904], [12.613458098103624, 42.19570598010046], [12.612864899894971, 42.19633249188714], [12.612617845824548, 42.19711016777213], [12.612544546035473, 42.198093959488695], [12.612538312770853, 42.19890005764312], [12.612451195983127, 42.19994733404089], [12.612760572448925, 42.200819549560855], [12.612888641651173, 42.20118066475913], [12.613185610581407, 42.20196820121402], [12.613795676088516, 42.20242804316061], [12.614269191337097, 42.20278495422693], [12.615673004424114, 42.20344299138069], [12.616960486368535, 42.204316313110176], [12.618742212816173, 42.205255042042104], [12.61970811356397, 42.205679250151356], [12.620990794135157, 42.20603042467856], [12.622270325445399, 42.20582337384207], [12.62387630902992, 42.205633021513336], [12.625618921854151, 42.205343772027454], [12.626975009981214, 42.205363877545764], [12.628581097050148, 42.20549309462166], [12.629179063852419, 42.205703764981315], [12.630082219812696, 42.20585074453469], [12.63013990736223, 42.205869221857846], [12.63064513739063, 42.20603100178752], [12.631023888588217, 42.2065637692712], [12.631190338152418, 42.20731487753778], [12.631364560990956, 42.20783160879331], [12.632226137640684, 42.208137452700804], [12.632770930006549, 42.208120178136895], [12.633479116289378, 42.20766551070417], [12.633732645075058, 42.20700465222463], [12.634240106166018, 42.20640324949513], [12.63478734877745, 42.20634987215071], [12.635062750443684, 42.20678235712757], [12.635250517391086, 42.20724463777243], [12.6353633450154, 42.207785828613694], [12.63548834571858, 42.20801147351856], [12.635613061665737, 42.208232627735434], [12.636161311412785, 42.20817019279218], [12.636808940643244, 42.20800557274535], [12.63723285903137, 42.20800561107031], [12.637295717127488, 42.20829625973472], [12.637327960133042, 42.209015603027844], [12.637353359885141, 42.20933895598742], [12.637541927525438, 42.20981470587727], [12.637618777611705, 42.21001937845722], [12.637650883301465, 42.21044606441272], [12.637574906902467, 42.21087618504696], [12.637611536696548, 42.211487324221594], [12.637551460466666, 42.212128549557164], [12.637564614989904, 42.21305559242231], [12.63759258501923, 42.2139641682555], [12.637605314608566, 42.21459406443193], [12.637890787203904, 42.21570155588718], [12.638026867312679, 42.21662019587611], [12.638093437853257, 42.217467702908806], [12.638125638831609, 42.21787769630153], [12.638293854493792, 42.21978768780602], [12.638304385853678, 42.219907017392856], [12.638614038878842, 42.22134239763429], [12.638959189392317, 42.22344748094175], [12.638971476657298, 42.223516613757255], [12.639286746529983, 42.225290594265886], [12.639349868447455, 42.225645663769605], [12.639779034355685, 42.227446433000516], [12.640616665009263, 42.22838328993503], [12.640943870914727, 42.22892263768344], [12.641131160177965, 42.22923136416338], [12.641327268467098, 42.22978341764124], [12.641512980301114, 42.2302620712389], [12.641560211711825, 42.23038381295087], [12.641782488939336, 42.230916997540284], [12.641799197653665, 42.23147025384403], [12.641743447704542, 42.23327741150707], [12.641298742056085, 42.23482680789088], [12.640859080862185, 42.23555663123075], [12.640645908775916, 42.23606316137129], [12.640307177602397, 42.23636206878506], [12.639432112154912, 42.23704779052026], [12.638880394553416, 42.237586989373256], [12.638333588068576, 42.237942014922055], [12.637963870374465, 42.23809783807493], [12.637316932971148, 42.2382399491494], [12.637231710312582, 42.23824896203412], [12.636891631181864, 42.23828496916413], [12.636563780302097, 42.2382863599639], [12.636092972198522, 42.238238275063985], [12.63570176578726, 42.23834975761966], [12.635328140415938, 42.238595725391306], [12.634606140518624, 42.23877621608084], [12.634519991394635, 42.238792449162986], [12.634080869500695, 42.23887391356248], [12.633806175037753, 42.23868003427077], [12.63372721312031, 42.23862400792272], [12.633357858151802, 42.23814048583125], [12.633164361730042, 42.23779095146219], [12.633002277093496, 42.237579979913015], [12.63254121543814, 42.237265943813725], [12.632276526862594, 42.23720678889517], [12.631869428066267, 42.237107151262], [12.631334328039971, 42.236835973547656], [12.631033929347783, 42.23672834000166], [12.630566453980066, 42.236612685298816], [12.630500774247189, 42.23707850678119], [12.63129225177889, 42.24023198707125], [12.631640093778929, 42.24291328922458], [12.632126737873525, 42.24382981699678], [12.632529927803814, 42.24436180082443], [12.63282485379749, 42.244946748903935], [12.633227072393808, 42.24584343240918], [12.633293515365647, 42.24634108040969], [12.633494208685628, 42.247118090649316], [12.633759933698094, 42.24779115396342], [12.633606998341033, 42.24791810413391], [12.63326079644101, 42.248197035278835], [12.63162616693078, 42.24846046664862], [12.629683267204925, 42.24852655127413], [12.628374910351582, 42.24853648725458], [12.627127270783337, 42.248508472005135], [12.62579348189047, 42.248537200889004], [12.624419762127237, 42.248661707245176], [12.623351489689707, 42.24898816616076], [12.62154855762564, 42.249567435523176], [12.62018404999072, 42.25007881002562], [12.61931220719993, 42.2507276623603], [12.61829167891641, 42.251426236648946], [12.616962891066837, 42.25257574305161], [12.615679755638205, 42.25380935868714], [12.614416514787044, 42.254848718651665], [12.614034789246505, 42.2551896980701], [12.612948348608224, 42.25616015532291], [12.61135767877225, 42.257341155676976], [12.611263762972728, 42.25741088347951], [12.61003537006558, 42.25816095359643], [12.60997799311825, 42.25817738619793], [12.608957528096473, 42.258469562629486], [12.608031023852918, 42.2586428153124], [12.608041831235028, 42.25894761965585], [12.607612761167177, 42.259092712292926], [12.6071260182683, 42.25928138169279], [12.60628422894655, 42.25960276761684], [12.605708663980527, 42.26007111156668], [12.605560726239073, 42.260274323876224], [12.605440276490093, 42.26043975216175], [12.605521396716101, 42.26117106382064], [12.605797390205163, 42.26189172236548], [12.606516746602026, 42.26306667735435], [12.606881684350888, 42.2639916438113], [12.607157939251229, 42.26470329310993], [12.607434790506321, 42.26574359626931], [12.607654090856988, 42.266970307696624], [12.607623199309543, 42.26760991505982], [12.607600982996214, 42.26807051829316], [12.607692497390325, 42.26883751560509], [12.60766869552115, 42.269495598345216], [12.607627833584145, 42.27023974875764], [12.607499317261306, 42.27106770783007], [12.607413758210422, 42.271732217034405], [12.607035782887523, 42.27273011168039], [12.606421391329798, 42.273582371558504], [12.605772851442124, 42.2740755268235], [12.605047895945107, 42.274318960627085], [12.604785662626233, 42.274304697422295], [12.603885947555142, 42.274260978700184], [12.603154263129564, 42.27405438963753], [12.602285710053952, 42.273613472523294], [12.601590326052111, 42.273086070949894], [12.600726722628512, 42.272518923634586], [12.60001580726421, 42.27209104852978], [12.599256722719062, 42.27164216676955], [12.598628569488223, 42.271256716471676], [12.598068088741984, 42.27099518138195], [12.59715020491996, 42.27057829003268], [12.59599945191155, 42.270249751390764], [12.594473245688736, 42.26956829321061], [12.593745372334597, 42.26926697324527], [12.592464707478085, 42.26882541202838], [12.591500213759156, 42.26836040441448], [12.590298896122752, 42.26774075013671], [12.589163534299075, 42.266988435096046], [12.587695290368789, 42.26639061740933], [12.586655526087295, 42.26597295854841], [12.585833368469707, 42.26562500849617], [12.584294562474264, 42.26497082238668], [12.583029864016476, 42.26442060529158], [12.58165155787433, 42.26400449253254], [12.580048369898744, 42.26388694415927], [12.579886471021593, 42.26387507655384], [12.578738219662311, 42.26409555496041], [12.577619375682332, 42.26514349836009], [12.57721709849664, 42.26582689740565], [12.577035224715058, 42.26614773767902], [12.576200629923653, 42.2680152246516], [12.576345357999221, 42.27054546185511], [12.577033370708191, 42.27188364432109], [12.577235470051143, 42.27262921716124], [12.578097721729764, 42.2738719034739], [12.578887878628715, 42.27508533678994], [12.579900081683379, 42.27651243665805], [12.580901038923095, 42.27759318484772], [12.581817611473962, 42.27836142192656], [12.582813973549316, 42.279266718728934], [12.583925275388967, 42.2800198460166], [12.584556370372484, 42.28064391489525], [12.58487250044072, 42.281246321953226], [12.58466334509975, 42.2822748756294], [12.584521171293863, 42.28314825283214], [12.583737725950435, 42.28354693084685], [12.583887850045226, 42.28390903762787], [12.583908357563764, 42.283955327557585], [12.583450830031644, 42.28385257967725], [12.582492689068442, 42.284184212078074], [12.581023557218566, 42.284846958486554], [12.580024703152475, 42.28496823215314], [12.578970186863534, 42.28527131547332], [12.578113338160703, 42.28547818310436], [12.577092194716608, 42.28552807862925], [12.576445959460143, 42.28531864932999], [12.575351318490865, 42.28508719927156], [12.574717189758474, 42.28487738129187], [12.574185122994106, 42.284502296716816], [12.57376924412417, 42.2839569876989], [12.573613326721526, 42.283277518980306], [12.573689255894692, 42.28226214140998], [12.573812596148905, 42.28125430152068], [12.574445171277896, 42.27992440781067], [12.575074262800205, 42.27870716894501], [12.576041954461095, 42.275935109825745], [12.576225133991224, 42.27463273734519], [12.575645996900796, 42.27327763407496], [12.574787846813956, 42.27257507217362], [12.573752461384991, 42.27238227070153], [12.572844722368286, 42.27235655754097], [12.571747445602751, 42.2725033266175], [12.570349076149041, 42.27261897478682], [12.568436731113273, 42.27313329264551], [12.566356039677087, 42.27332416123401], [12.565294454863789, 42.273204128938005], [12.563949016618476, 42.27252563449689], [12.562501117338542, 42.27141360379013], [12.560838656573939, 42.270191176096404], [12.559117355654354, 42.26925418151541], [12.558140534282135, 42.26910443277284], [12.557224869301363, 42.26958309825858], [12.557022072003669, 42.270435810585035], [12.557030043758212, 42.271182948727336], [12.557395252910586, 42.27177491028284], [12.55803843876929, 42.27268689468232], [12.558521462955355, 42.27336522208499], [12.55945254240529, 42.275015639683204], [12.559632730943711, 42.2766128370467], [12.559551814130936, 42.27777242720546], [12.558877152264188, 42.27953125237342], [12.558545673522975, 42.281207381562744], [12.558381836709753, 42.28193849935253], [12.558364113151868, 42.28201757513138], [12.558179890453534, 42.28283955880459], [12.558077305643769, 42.284233929078255], [12.558392769196765, 42.285178607273004], [12.558161617307409, 42.28676608785534], [12.557847637683132, 42.2879734300742], [12.55763121167433, 42.28888059819542], [12.557274487395405, 42.28963904329047], [12.556274783578223, 42.29008429575085], [12.554437186845204, 42.290551047692084], [12.553021593911973, 42.291391868552225], [12.55191795408554, 42.29203840216555], [12.551395370019003, 42.292369767550255], [12.550446286961185, 42.293070026916965], [12.549593830847858, 42.29378980069187], [12.548363994021415, 42.29452574284637], [12.547268035411374, 42.294973899152936], [12.545614356688803, 42.2953582823483], [12.543683199192953, 42.295742208279364], [12.542688351951647, 42.29573696990046], [12.54202066639367, 42.295482975830645], [12.541183973831439, 42.29544581591961], [12.540270601896047, 42.295541584421365], [12.539407423511001, 42.2955862784428], [12.537602071071312, 42.29583565235967], [12.536151142527105, 42.29603803758304], [12.53546075951012, 42.29601433663437], [12.535055683493269, 42.29576569478442], [12.534490702257257, 42.29540945699833], [12.533880446539117, 42.29475274860979], [12.533639016773023, 42.29445423929442], [12.533478623762434, 42.29422957829437], [12.5331533041132, 42.29387492001192], [12.532862265627577, 42.29356423792757], [12.532542487940693, 42.29321392628761], [12.532171244101228, 42.29297324675538], [12.531501086086559, 42.29279581837274], [12.530793093761975, 42.29259253322507], [12.530063682572916, 42.292385406010794], [12.529169836971665, 42.29212480753128], [12.52870977114003, 42.29199394212421], [12.528455808902761, 42.291921694659834], [12.527675901530932, 42.291923200351306], [12.526365822030124, 42.29191853057906], [12.526026063611983, 42.29191547290122], [12.525735744168292, 42.29194242730306], [12.525173505460026, 42.29200024826374], [12.524704584687381, 42.29207321294351], [12.524279792625203, 42.2921358178022], [12.52373365849765, 42.2923326981546], [12.523363576526783, 42.29249266593867], [12.522987191918835, 42.29264830609319], [12.522369140679121, 42.292887927032965], [12.521793452298192, 42.29315326032746], [12.521424356534418, 42.29331768843966], [12.521053250189569, 42.29356770809992], [12.52074970485514, 42.29380665154383], [12.520225151052944, 42.29422798534851], [12.519636735282328, 42.29472780917263], [12.519593758569629, 42.29476170479092], [12.519459896317718, 42.29451648488924], [12.519078171145598, 42.293818108818414], [12.51793755521623, 42.291727488534306], [12.517659039890313, 42.29121828603176], [12.517402218621637, 42.29074443403375], [12.517120596093575, 42.29047843771816], [12.516815261018932, 42.2901951694914], [12.515786282941145, 42.28824126368328], [12.515567530579895, 42.28782476945741], [12.515710126981391, 42.28763579578762], [12.515992509582764, 42.28724893499281], [12.516274147867884, 42.28686209545511], [12.516237679258813, 42.28662910279074], [12.516248631374387, 42.28637663705905], [12.516071270066623, 42.285927358745084], [12.515425032107457, 42.28556450213981], [12.51511438017096, 42.285389439237655], [12.514606813239356, 42.28510787123248], [12.513969262379694, 42.28451962746099], [12.512931902894064, 42.28359696475806], [12.512498251442022, 42.28333561818079], [12.512332862833093, 42.283237142342585], [12.511908544027369, 42.28298002581296], [12.511010324374391, 42.28274643422378], [12.510616964413398, 42.282636926280844], [12.510372217643054, 42.28235178315261], [12.510079845424507, 42.28201406412294], [12.509660207284615, 42.28152716474526], [12.509204786732422, 42.28099634690113], [12.506341657588614, 42.278499721516425], [12.505262429051934, 42.277911449407995], [12.504922090105095, 42.277732767086455], [12.504471048396427, 42.27797618072888], [12.504155466851602, 42.2781479158533], [12.503608967315312, 42.277804455899435], [12.503496908607493, 42.27754675594525], [12.503613337042209, 42.27726854682384], [12.503753689236644, 42.27706615851495], [12.503956857187072, 42.276780797958935], [12.50469324045642, 42.27633955926976], [12.504988412886066, 42.27610091439834], [12.505155647820239, 42.275645571693744], [12.505368258201296, 42.27516182269292], [12.506010116052002, 42.274151677077136], [12.50456539163006, 42.27347677150129], [12.501379093177974, 42.27198816823611], [12.500904204328018, 42.27174605614815], [12.500706908844267, 42.271535990338165], [12.500545430660488, 42.27131581147205], [12.500193633906667, 42.27101139914226], [12.499972146263817, 42.27078855621151], [12.499506559337316, 42.270618183759055], [12.499111033865617, 42.270481684113236], [12.49880046421156, 42.270374107058544], [12.4985664159018, 42.27030186556729], [12.49842886688185, 42.27025941002437], [12.49712383305813, 42.270159678525], [12.495312813400318, 42.270255470894654], [12.494359795093443, 42.27045114750257], [12.49400197627506, 42.27044854384741], [12.493643938022611, 42.270441466860866], [12.493474765045976, 42.270122465152305], [12.49315670727538, 42.26992055062343], [12.492512469606387, 42.26993119665895], [12.490962800668854, 42.270176532353155], [12.4907143312454, 42.26999950677668], [12.490529441911153, 42.26978002779055], [12.490064876820993, 42.269600586253226], [12.489817677055303, 42.26972066482513], [12.489363943314366, 42.26984705250741], [12.488944470792557, 42.27001741263145], [12.488567217929349, 42.27034856345151], [12.488158723394665, 42.27148657106015], [12.4878201195457, 42.27117272107263], [12.487293813688993, 42.270670986747525], [12.48697117652483, 42.270262097589494], [12.486447597190145, 42.26963216364995], [12.486368955221524, 42.26953753764379], [12.486119417257747, 42.26931880068791], [12.485817963090312, 42.26905456499032], [12.485312785492038, 42.26864672606392], [12.484931997708493, 42.2681720500988], [12.484661941664115, 42.26764450761271], [12.484532477982272, 42.267234235119304], [12.484686753508702, 42.267022427176805], [12.484567578564857, 42.26666137352975], [12.48447775415118, 42.26620036325461], [12.484566175200458, 42.2654818161579], [12.484953806280695, 42.264857716288866], [12.485120987177055, 42.264303353982925], [12.485154325579956, 42.26317677085086], [12.48513206804188, 42.26219594348321], [12.484730872703233, 42.26227118226914], [12.483846468692645, 42.26223955016964], [12.48321566427868, 42.26224523331708], [12.482780513461798, 42.262226948961974], [12.482348514717767, 42.26210050053836], [12.48216288440148, 42.26190804665748], [12.481849141878888, 42.26126025934533], [12.48200476891431, 42.26068823504499], [12.482268709982284, 42.26045959786791], [12.482501564824679, 42.25979067637479], [12.482976144281869, 42.25943858682174], [12.483923179701117, 42.258792978661816], [12.483133206498968, 42.25790302952684], [12.481755527088373, 42.256603227891226], [12.481136440149946, 42.25602323325629], [12.480781471270198, 42.255795405357944], [12.480497331678144, 42.2556014420736], [12.480397450634763, 42.255410880200046], [12.480383867409143, 42.255123146562084], [12.480415607079307, 42.25491506702127], [12.480296704506477, 42.25457199926739], [12.480221312077163, 42.254344676376995], [12.480144685139551, 42.25410839167614], [12.480263735091112, 42.25355999575542], [12.480643843252887, 42.25286858908684], [12.4804848190586, 42.25256727315803], [12.480175465395549, 42.25213544517114], [12.480364954146658, 42.25197210591271], [12.48049892872636, 42.251612355897876], [12.480234298931407, 42.25155286439432], [12.479888317309994, 42.25144630801011], [12.479218760690845, 42.251475664441806], [12.477769710909262, 42.251353066115996], [12.477569974911946, 42.251206066604105], [12.477339852652108, 42.25071329063022], [12.477131088882654, 42.250071301480965], [12.476995781359959, 42.24978726000003], [12.476835710797946, 42.24954898874073], [12.476802361858493, 42.24916280384316], [12.476876081705123, 42.24882288511847], [12.476946911588513, 42.24860913919968], [12.47710178243172, 42.24827125778743], [12.477437938033548, 42.24813048822754], [12.47818067977566, 42.24775226147486], [12.47863400993941, 42.247634947409075], [12.478980544680834, 42.24743532423921], [12.47908000158998, 42.24708112631177], [12.479056630636764, 42.24581669926743], [12.47915044923058, 42.24530508897504], [12.479184446961044, 42.24508344207989], [12.479508324173873, 42.244843990768345], [12.480019805186997, 42.244792438275155], [12.48045456168578, 42.24481974610489], [12.480734084454111, 42.24482025267771], [12.480946744107419, 42.244651708812775], [12.481905058034416, 42.243375448211744], [12.482258532788842, 42.243040541477356], [12.482495368190747, 42.24285776008625], [12.48277236917027, 42.24261970659928], [12.483079261294716, 42.24219616415598], [12.483376362590965, 42.241759419706405], [12.483768203109488, 42.24136480781945], [12.48234746464412, 42.24110635840192], [12.481401361481314, 42.240815449945], [12.480709300497857, 42.240557331721256], [12.48024583054036, 42.24029676648312], [12.479904859640945, 42.24004599434117], [12.47964778070706, 42.23980617105447], [12.479369601714263, 42.23951297438003], [12.479577417222421, 42.239146481860864], [12.480019580052854, 42.239281616436934], [12.48051167112243, 42.23940174970353], [12.480922430838612, 42.23944780161287], [12.481213278936925, 42.239434446131085], [12.48111014951347, 42.23899184956913], [12.480372631034873, 42.238361433562254], [12.48002018958987, 42.23775083124139], [12.479903937826517, 42.23734464985465], [12.47989658092751, 42.2368946440509], [12.48027770631922, 42.23492906779489], [12.480431981111812, 42.234402101563504], [12.480384942906682, 42.23408386722453], [12.479720105053351, 42.23380636203195], [12.47968114631996, 42.233790100596444], [12.478867675756769, 42.23354015860736], [12.477392597050581, 42.23318424739186], [12.47660131204683, 42.2329381153641], [12.475594060453826, 42.23270304762944], [12.47503434854936, 42.23271552708662], [12.474393006794228, 42.23273048035086], [12.47369378949588, 42.2326436165967], [12.473018252037676, 42.23257404726689], [12.47252721714421, 42.23267898346314], [12.47182463672898, 42.23268227867361], [12.471075743778814, 42.23262842158183], [12.470284147729421, 42.23245880476578], [12.4696847036969, 42.2319952156786], [12.469378959026704, 42.23144619686694], [12.469344071399785, 42.229898448197225], [12.46910245566935, 42.228640623359574], [12.468729059214018, 42.22800360403468], [12.468157530086838, 42.2274130945218], [12.467799243385949, 42.22698270997926], [12.467537713547864, 42.22656289472644], [12.46734487457672, 42.226235566360366], [12.467249260294334, 42.22592779529982], [12.46731680725488, 42.2257096544716], [12.467806536479284, 42.22559576490139], [12.468222830356023, 42.225785778938466], [12.469019602039197, 42.22616235214129], [12.469779730818992, 42.22624289975453], [12.470275941632949, 42.22598473718037], [12.470571033828906, 42.225539067824464], [12.470931215932762, 42.225023910336496], [12.47150650452117, 42.22457874862138], [12.472083197370413, 42.22442170704933], [12.47253812863612, 42.22452948403047], [12.472935832222943, 42.224891109224906], [12.473830788290835, 42.224918008831985], [12.474397487252125, 42.2246892075804], [12.47492436798753, 42.224259014694404], [12.474849401612843, 42.22370750975272], [12.472731206053137, 42.22363217040536], [12.470882116474048, 42.2235486239967], [12.470047959540913, 42.22345684568018], [12.469432702338716, 42.223434943644214], [12.468387579382945, 42.22319645997506], [12.46750516845755, 42.2228314732712], [12.46687827802623, 42.2224317318474], [12.466502560570326, 42.22187580438034], [12.466164784608589, 42.22121067847061], [12.465768873158092, 42.220506795250664], [12.465483678385729, 42.22009668991305], [12.465076508333341, 42.219339109217096], [12.46457232059026, 42.21860698067687], [12.464453610887885, 42.21826388822299], [12.464365114265854, 42.21773980136397], [12.464977182417867, 42.2167082639389], [12.465401782058182, 42.2160696080039], [12.465399761066896, 42.215493373978354], [12.465413890513572, 42.21490763229531], [12.465416661119283, 42.21469190907061], [12.465237601489305, 42.21409355362262], [12.464905577865935, 42.213311181502675], [12.464552837234017, 42.21277257015275], [12.4639409530223, 42.21199415777754], [12.463426516023084, 42.211253314766665], [12.462954176711726, 42.21031311561978], [12.46253225199729, 42.2093668721805], [12.462261045645104, 42.20856013729519], [12.462168798263777, 42.20785606058061], [12.462140253628545, 42.20736167786312], [12.46214347309647, 42.20665921675874], [12.46212806130875, 42.20615541709343], [12.46206194095692, 42.20569366731079], [12.461780388852691, 42.205445541734306], [12.46098442409741, 42.20506439026509], [12.460288073417473, 42.204608176139494], [12.459485341016544, 42.204393784296954], [12.458964052207296, 42.2037882102395], [12.458369909808422, 42.203207331066984], [12.457766829076194, 42.20254568577563], [12.456924748967111, 42.20240001392488], [12.456211724340143, 42.202358492505276], [12.454992208289179, 42.20228720632187], [12.454059027200469, 42.2029141579163], [12.453476231577847, 42.203206376364015], [12.452402632387928, 42.203896061439366], [12.452096194873121, 42.204148427863466], [12.452096688810867, 42.20449057756857], [12.451342724224403, 42.20467087539431], [12.451014520699305, 42.20466276089935], [12.449779502522675, 42.20480800353284], [12.449411913365225, 42.20485508791289], [12.448851455322021, 42.20484946136713], [12.448190996230718, 42.204855822105095], [12.44723863600191, 42.20496553139017], [12.446587047988642, 42.20477351801433], [12.446160115292917, 42.20428659237053], [12.445638802722048, 42.20360892486615], [12.445455919819398, 42.203155175533375], [12.445188399788256, 42.20303269074613], [12.444810052654006, 42.20285944777169], [12.442946507870085, 42.20245621104801], [12.441329679581903, 42.202135604761565], [12.439394675757988, 42.20155887425335], [12.438599291445762, 42.20138014771799], [12.437686973721755, 42.2010968589239], [12.436781627119407, 42.200718801988906], [12.435258943645643, 42.2003322502497], [12.435251220821442, 42.2003009660558], [12.434669087719556, 42.19794116787287], [12.434685762045, 42.19735536784205], [12.434626224210874, 42.19603347205405], [12.434716528891903, 42.194571997667886], [12.434764207041027, 42.19341346931581], [12.434923844348932, 42.1930214835713], [12.434745924977088, 42.19197326715985], [12.434564989644983, 42.19064600923837], [12.434335762830937, 42.1899910289164], [12.4342290535283, 42.18971229253059], [12.434081866804233, 42.18932778804039], [12.433493389610677, 42.188746606413375], [12.43313639520084, 42.18841513829199], [12.432697251734595, 42.187712410571244], [12.43231986646975, 42.18697633242628], [12.431681335222192, 42.1863786416706], [12.431432594444551, 42.185809789173724], [12.431081039661077, 42.1851449487397], [12.43090713322527, 42.18482598957557], [12.429427466030035, 42.18389715725728], [12.429374666368508, 42.183845397702335], [12.428415801504752, 42.182905395994716], [12.426574669368295, 42.18130809908138], [12.425907395517958, 42.18131005245906], [12.425785976095092, 42.181962016949974], [12.425578605961697, 42.182157317821435], [12.425018269390915, 42.18231813355219], [12.424751704065475, 42.18277633554462], [12.42455113072742, 42.18309749746267], [12.424249444565342, 42.183354148450455], [12.424061433064882, 42.18368393349865], [12.4236183799269, 42.18399882137655], [12.423075256271666, 42.183596331650904], [12.422312525116029, 42.183344482192915], [12.421280100373377, 42.18308716237682], [12.420124650539973, 42.18254085511618], [12.419335974773752, 42.18204660552587], [12.418703900551215, 42.18134059966649], [12.417799150579507, 42.180741753776964], [12.416986283408646, 42.18028874512735], [12.41569924960004, 42.18020555061976], [12.41509775394814, 42.180291030958834], [12.414452331172027, 42.180670449438104], [12.413797462999325, 42.18109967836937], [12.413225727247324, 42.1815129120444], [12.412785025016356, 42.181872723893385], [12.412482856704855, 42.18210684019803], [12.411886381420501, 42.182075068520234], [12.411494527556444, 42.182203803207855], [12.411691807043995, 42.18249507880728], [12.412015535383297, 42.18312477641549], [12.412066601916287, 42.183609507389505], [12.412142500789273, 42.1839089159379], [12.412178316741347, 42.184335566194136], [12.412210261439144, 42.18492893382972], [12.41199924351261, 42.185507019842795], [12.412002686900234, 42.18600666874096], [12.411921450883433, 42.186535873252275], [12.411868773291047, 42.18713174163963], [12.411458951427024, 42.18763019597477], [12.41112938877798, 42.18804522461878], [12.411190848429104, 42.188273012579366], [12.411439163395489, 42.188612305199165], [12.41173391971745, 42.188914197129], [12.412074145202533, 42.18914718220031], [12.412444797668762, 42.18952334386743], [12.41285055067836, 42.18984894512436], [12.41373718773252, 42.189899066050835], [12.414449778754156, 42.190301067824095], [12.4140796173324, 42.19063626615038], [12.41344687322426, 42.191028801432914], [12.41269159534499, 42.19137998408393], [12.412223454417273, 42.191709092503174], [12.412456516625053, 42.19200380125288], [12.412792911583711, 42.19238998476202], [12.413095744280568, 42.19281319779828], [12.41356965091619, 42.19330784793193], [12.414488480425659, 42.19351908876822], [12.414874706019559, 42.19393079355237], [12.415203162729494, 42.19485750738762], [12.41507386264679, 42.19561774629479], [12.415016883838932, 42.19635782900256], [12.41500509810507, 42.1967994142968], [12.415328756147739, 42.197397584396], [12.415324672417764, 42.19801002359432], [12.415490819279148, 42.198410288645334], [12.415635777415245, 42.199063300697716], [12.415745606290441, 42.19954177748691], [12.415967000071259, 42.20050319477547], [12.416075459408638, 42.20137791196232], [12.416056672333017, 42.20192775584465], [12.416634014176589, 42.20252737633939], [12.417826329776746, 42.20283848106704], [12.41879447904354, 42.20325983047387], [12.419057441133617, 42.20388231747964], [12.419140239554528, 42.204294062288696], [12.419188293158177, 42.20493196205443], [12.419574335256556, 42.20560479157493], [12.420222201777095, 42.20661198705303], [12.420633502351608, 42.20751369182519], [12.420471698791342, 42.208540556171585], [12.420187455109858, 42.20933244010642], [12.420131601664872, 42.20939876332816], [12.419537936525673, 42.21010372784364], [12.419133610483799, 42.21023148474629], [12.41875118190536, 42.210352323135346], [12.41786454478313, 42.21053185996838], [12.417574144423707, 42.21074762107183], [12.416982609934871, 42.2112335149698], [12.416110731440723, 42.21170074775522], [12.415291332752176, 42.2122429419834], [12.414366417572985, 42.212864806309796], [12.413851277268511, 42.21319532485047], [12.414127075864588, 42.21357880674643], [12.414743170819634, 42.21401067731801], [12.41534984952548, 42.21424022983886], [12.416362598470995, 42.21413800282691], [12.417701539148984, 42.21382341757244], [12.41870505493669, 42.21355036393296], [12.418936855274554, 42.21379106264514], [12.418977277084617, 42.214105023759046], [12.419025814290835, 42.214765423004906], [12.419116859942468, 42.21533000733761], [12.41855108044534, 42.21540992410889], [12.41802117986113, 42.215452750521756], [12.417562044221485, 42.215488946011774], [12.416756864352175, 42.2158461453608], [12.416180558283287, 42.216376595808285], [12.415729726124399, 42.216790736114696], [12.41615215468632, 42.21743549053344], [12.416876425245086, 42.21759847532164], [12.41867564144994, 42.21770238696303], [12.419507474949073, 42.2178801801658], [12.41982256742049, 42.2183029909708], [12.419941471242607, 42.21893427392857], [12.41964986031741, 42.21960482795489], [12.419111899734185, 42.21973793057325], [12.418367153474659, 42.22007982175882], [12.41798623689466, 42.220428869619326], [12.41790818038794, 42.22101649699599], [12.418078734592985, 42.22127254119665], [12.419062756308, 42.221968062276545], [12.419543038554764, 42.22257504345502], [12.419228216629396, 42.2232507887005], [12.418537776537484, 42.22350550722248], [12.417882054534662, 42.22367365521648], [12.417827444266873, 42.224247083888386], [12.41748811442386, 42.22470743800646], [12.417007041925292, 42.2252080366977], [12.416435438779962, 42.225868914242], [12.416689382953832, 42.22674380729881], [12.417035475797212, 42.22754389991435], [12.417603218831664, 42.22840942937291], [12.417912786434101, 42.22896749501172], [12.418203195720846, 42.22964767641444], [12.418243316316149, 42.23036234535137], [12.418605654155407, 42.231252016033764], [12.419133139959044, 42.231848589119316], [12.420309474344458, 42.2327499566555], [12.420637503551552, 42.233676642856814], [12.420131988660756, 42.234412117218625], [12.419318382858123, 42.234589467858804], [12.41839115985284, 42.234486570824124], [12.417956982192544, 42.23495877435787], [12.418013599349663, 42.235362284769565], [12.418253739941868, 42.2360079668615], [12.418790776988006, 42.236514207778924], [12.41888195734717, 42.23729038348465], [12.418936736568671, 42.2378695466805], [12.418560107662946, 42.23828600123897], [12.417921155207017, 42.239047946669416], [12.417679460335886, 42.24040587017598], [12.41745323595066, 42.241587713234885], [12.41734592114306, 42.24229327865639], [12.417575612700814, 42.24299778864523], [12.418005043220907, 42.243529759718996], [12.418439581839678, 42.24415612448897], [12.41856577049762, 42.244697140402934], [12.418461534579011, 42.24501091643545], [12.417027701821036, 42.246014551749504], [12.416990177945761, 42.24604082475346], [12.416301781364417, 42.246772719277494], [12.415766545600514, 42.24767564249315], [12.415267706942455, 42.24852344351581], [12.414362371807256, 42.249068194686046], [12.413185706897139, 42.249062742633384], [12.412739722531432, 42.249319142309695], [12.412790865526286, 42.2498173854687], [12.413340492696983, 42.25013417470272], [12.413953334063246, 42.25072372689275], [12.414211446190853, 42.25097266755481], [12.414688813564863, 42.25198496802857], [12.414766602044027, 42.25227531537476], [12.414722360612723, 42.252830414433824], [12.414414126040702, 42.253393381950815], [12.413871339080846, 42.25389130615856], [12.413354137264516, 42.25420386605869], [12.412969558083352, 42.25450347240128], [12.412785014968316, 42.25511228543025], [12.41265533092947, 42.25564293013538], [12.412078924640182, 42.25640297792542], [12.412244116715108, 42.257442603951475], [12.411472415848014, 42.25684425628135], [12.411315317852864, 42.25650254001546], [12.411201018204139, 42.25630755788615], [12.411127408279226, 42.25608013389443], [12.411364044181727, 42.25576242205622], [12.41140883316605, 42.25544142348263], [12.411525149075153, 42.25492919485656], [12.411623862398665, 42.2547371560694], [12.411585848086057, 42.25448165631696], [12.41134785692808, 42.25388994570278], [12.411026213327009, 42.25375544123665], [12.410789036165891, 42.25361393672606], [12.410539265558917, 42.25347729098177], [12.410224753562108, 42.25330657283583], [12.409880921644907, 42.25318172311919], [12.409488506794503, 42.252900754510684], [12.409475701406203, 42.25264900334674], [12.409554268667957, 42.252336015581776], [12.409683046037843, 42.25199899993982], [12.409797487679546, 42.25164891185515], [12.409800087347104, 42.25126163760812], [12.409596362224983, 42.25105158498579], [12.40926888269904, 42.2510613301217], [12.408889688621294, 42.25096906600163], [12.408243153534796, 42.251172901165354], [12.40788675517767, 42.25126455603469], [12.407573306809015, 42.25130989603739], [12.407168127569712, 42.25122739753684], [12.406189341236077, 42.2509728544357], [12.405603297855786, 42.250724645977414], [12.405092782715444, 42.250289589024135], [12.40455717117029, 42.24958512549313], [12.404510734471687, 42.249158791529936], [12.404914369728873, 42.24879111337797], [12.405513391784696, 42.24840860853495], [12.406158850704973, 42.24800222161542], [12.406527115022987, 42.247667105120954], [12.406817538726122, 42.2471947190139], [12.407032731441555, 42.24666155709963], [12.40730374917041, 42.246068198291276], [12.40774077884022, 42.24585710076546], [12.408280638144955, 42.24576898977165], [12.408674618370949, 42.24541960327593], [12.408985556892382, 42.24466747081594], [12.40883572610987, 42.24413614750056], [12.408692978542662, 42.243708162227385], [12.408944852067254, 42.24344853436757], [12.40959556735997, 42.243141019425025], [12.409999355568306, 42.242552702958974], [12.410281759250852, 42.242157099645766], [12.410869480443782, 42.24159482135942], [12.411427471149572, 42.240916376438165], [12.41199707587515, 42.240440164234734], [12.412379834962241, 42.23989750019443], [12.4124905103652, 42.239056773196836], [12.412489759261149, 42.23857954639318], [12.412386799462082, 42.23780819682403], [12.412272839125162, 42.237001178284146], [12.411936194676462, 42.23661500682303], [12.411744020278661, 42.23643612821664], [12.411539287822059, 42.236235127589175], [12.411405013212278, 42.23597797496305], [12.41134426346538, 42.23575016841118], [12.411328307392656, 42.23543999530462], [12.411451814111073, 42.234837502506366], [12.411083076692172, 42.234740414054194], [12.410879846833238, 42.23455286552766], [12.410722284979858, 42.23434145783423], [12.410588742037737, 42.23409780028363], [12.41048079809019, 42.23389389646654], [12.410020072847148, 42.233677995889416], [12.409330717839909, 42.233491412719104], [12.408755859442227, 42.23337795281088], [12.40801085994798, 42.233057932522904], [12.407870735032116, 42.232719916736286], [12.407779829334453, 42.232114806653], [12.40783014819982, 42.231699093388464], [12.408578615337548, 42.23031263124408], [12.408830724285297, 42.22980536420859], [12.40853501695743, 42.22951701174065], [12.407945925791427, 42.229363454034164], [12.407236290715538, 42.22924947742815], [12.406721673590232, 42.229156729983664], [12.40585215621784, 42.2289844843722], [12.405358659479154, 42.22901715322424], [12.404815429275418, 42.229096331615615], [12.404274251440219, 42.22915744774953], [12.403785526706022, 42.229307035219655], [12.403344483000115, 42.22944170431177], [12.402988797529236, 42.22960083536022], [12.402610115010157, 42.22978318179686], [12.403031118353516, 42.2303739960878], [12.403289449127366, 42.2306994858886], [12.403421803872158, 42.23089365424744], [12.402939573928784, 42.23117813001772], [12.402622890866743, 42.23135861878954], [12.402143536075231, 42.231710537879], [12.401779639344463, 42.232140058822], [12.401551207695382, 42.23262407321602], [12.401065665960916, 42.23303339671897], [12.401041900736896, 42.23305341019474], [12.400624317659142, 42.23294875736476], [12.400167737812883, 42.23280922512936], [12.39959239646185, 42.232700232073064], [12.399105756100237, 42.232480555562255], [12.39879207783689, 42.23223772840444], [12.398263635921165, 42.23211382024439], [12.397798905064938, 42.231807955657835], [12.39762080973632, 42.23145303715779], [12.39730753746598, 42.23124622812339], [12.39695409449358, 42.23077043862528], [12.396794528174027, 42.2302664043641], [12.39669566334549, 42.229553469765605], [12.396738503566871, 42.2292370330891], [12.396664580747236, 42.228960093357266], [12.396645762517034, 42.22860946741967], [12.396728364625975, 42.22810275012933], [12.396404171809298, 42.227734162071414], [12.395971648782002, 42.22735078446839], [12.395555783699919, 42.227065942266776], [12.395428135978717, 42.226705043196574], [12.395594648383875, 42.22642095797521], [12.395850151919282, 42.22621528496745], [12.395840753348814, 42.225828363206446], [12.39539349488793, 42.22560750393433], [12.394909686194456, 42.225396723480515], [12.39453671950044, 42.22499355780998], [12.394475353931854, 42.224527125389926], [12.394202530135075, 42.22418402490147], [12.393657564753566, 42.22394803465691], [12.393115186189112, 42.22378851650811], [12.392721393458721, 42.22346249390558], [12.392663898056533, 42.22306799739713], [12.39240918350454, 42.222850422106646], [12.392064085612596, 42.22250045690635], [12.391749169208989, 42.22227564504572], [12.391662687118346, 42.221791953811895], [12.391374582580958, 42.22162940038513], [12.390646292289835, 42.2213628044625], [12.39024739589482, 42.221167492419376], [12.38987732172523, 42.2210433761102], [12.38922840766551, 42.22047727306694], [12.389106346353136, 42.22021974971497], [12.388654394536765, 42.219683816268486], [12.388358826231677, 42.219395408057494], [12.388386050542257, 42.21898488377419], [12.38811933840391, 42.21854253848256], [12.38762141999938, 42.218264611502306], [12.387268306321532, 42.21801841606939], [12.387043401680442, 42.21767838262333], [12.38693863115876, 42.21727627995605], [12.386883998451667, 42.21696272759639], [12.386770937277266, 42.21663288463982], [12.386524862272106, 42.21610889132211], [12.385983813304907, 42.215760180891095], [12.385451956927527, 42.21556879705324], [12.384554991674142, 42.215091028680774], [12.384149713501328, 42.21476081427362], [12.383890737166919, 42.214462312996424], [12.383535060455031, 42.21413963349735], [12.38311667736763, 42.21381882060752], [12.382134342294314, 42.21354167330231], [12.381447657098986, 42.213399839494414], [12.380895077836861, 42.21304696133536], [12.380443377822374, 42.21275412064186], [12.379857122181521, 42.212663367190025], [12.379174484113207, 42.212809569794125], [12.37846546534464, 42.21292952912641], [12.37741691857291, 42.21301447607306], [12.37609187494174, 42.212954477525344], [12.375222581359335, 42.212808987256864], [12.37467383589886, 42.212726100690816], [12.373861490365496, 42.21248439036118], [12.373263987424796, 42.212182314233466], [12.373015353958264, 42.21208979046735], [12.3725464571376, 42.21191528470998], [12.371798560491584, 42.211518580051894], [12.37154461191926, 42.2110713176589], [12.370988276508427, 42.209398836050156], [12.370418928510055, 42.20768713806503], [12.370327994322846, 42.207329627858456], [12.37038381295475, 42.20701281776592], [12.370902306110482, 42.206727412008085], [12.371854528105038, 42.2061861248705], [12.372523493124742, 42.205783734426525], [12.372824293314075, 42.20505001160549], [12.37280611150479, 42.20379888949828], [12.373239304685532, 42.20147190885952], [12.373428600922749, 42.20025069565283], [12.373553795375337, 42.199616691028204], [12.373324964466875, 42.19920019107506], [12.372769902245008, 42.19854117694665], [12.371966123976915, 42.19756081272509], [12.371503169530971, 42.196840547576976], [12.371616599077663, 42.19645450804372], [12.37214215883468, 42.1958627387382], [12.372769327835599, 42.19508344776424], [12.37285844276576, 42.19497270114034], [12.373418694667588, 42.19412327026968], [12.373761069134465, 42.1932757521466], [12.373886176174036, 42.192668747579155], [12.373857566864334, 42.19190418491359], [12.373844569571201, 42.19141831459239], [12.37382424246768, 42.19058147478839], [12.373841790402105, 42.18978853483126], [12.373669222138412, 42.18882111210582], [12.373733309555238, 42.18796376712385], [12.373816140103173, 42.18770019481518], [12.374187300115578, 42.18738888687255], [12.37423339604159, 42.18735022253135], [12.374500441215826, 42.186680522162995], [12.374713983610128, 42.18614294429415], [12.375034662420832, 42.18555719721458], [12.37584438056809, 42.185074108357504], [12.376809813588553, 42.184545890866005], [12.37739393043721, 42.1841324737924], [12.37697843994787, 42.18384755009327], [12.376256085795829, 42.18371125136614], [12.375802230351596, 42.18337343645567], [12.375756254626324, 42.18296509022639], [12.375761690258171, 42.18237060705751], [12.375279198706446, 42.18173648413704], [12.373741126993439, 42.18083177121902], [12.373049485773105, 42.18034786167473], [12.372551989954278, 42.17987175214051], [12.372386377837543, 42.17948942288797], [12.371992647580052, 42.17891570531275], [12.371901009655831, 42.17855819767105], [12.37165570552244, 42.17804314507221], [12.37137700501515, 42.17758310975634], [12.370976892913092, 42.1768744910241], [12.3703644054758, 42.175856965966425], [12.37015933960801, 42.17518764140482], [12.370080675858116, 42.17460463219116], [12.370079722097154, 42.17414542330411], [12.370109957711108, 42.173788848307225], [12.370190396397902, 42.17348031265299], [12.37029132829536, 42.172874021660604], [12.369866731615986, 42.172643391343364], [12.368728027679214, 42.172172598499365], [12.368219268134654, 42.17171030021871], [12.368201600282449, 42.171377651072454], [12.368106150588579, 42.17094821764774], [12.367797791842822, 42.17084023174677], [12.36750201453739, 42.17074085491937], [12.36675970407133, 42.170681633315084], [12.366111593305371, 42.17078620616777], [12.365505089803294, 42.170777020732224], [12.36441090319737, 42.17068758302162], [12.362379704105177, 42.17006282681546], [12.361691441406471, 42.16986691808369], [12.361201473250484, 42.169543603862685], [12.361173219953352, 42.16922476206144], [12.361273966038874, 42.16862750203633], [12.36108501695923, 42.16824582178181], [12.360230055624896, 42.16765857230239], [12.359619454485964, 42.16710016941295], [12.359351368128616, 42.1668378936175], [12.358697030643562, 42.16659593599402], [12.358342480850618, 42.16654329372499], [12.357752221906757, 42.16658308962941], [12.357187515446277, 42.16667618739222], [12.356664488748596, 42.16662847450318], [12.356209723815025, 42.16649770910655], [12.355704716809056, 42.16657553122511], [12.355206637742056, 42.16677021868633], [12.354876990263758, 42.166716835658185], [12.354603315378162, 42.166805899106635], [12.354261875327833, 42.166986978719095], [12.353570802906889, 42.166980186090825], [12.353288289136177, 42.166673283885494], [12.353224264101065, 42.16637800403652], [12.353230833305915, 42.166044641758546], [12.353091461621268, 42.16569753369778], [12.352865823501826, 42.165551049248045], [12.352708647947937, 42.16509639238618], [12.352695816808676, 42.16485364901022], [12.352378006399267, 42.16456579396147], [12.351668048570778, 42.164415457036306], [12.35143217585418, 42.164089186070555], [12.351197535890067, 42.1635422592659], [12.350707936616761, 42.16320988711249], [12.349988472434333, 42.162650114870495], [12.349325872691631, 42.16202112331268], [12.348960918633226, 42.161527534139296], [12.348604036781305, 42.161186776307105], [12.348150695128178, 42.16109645244624], [12.348137405541806, 42.16084470334185], [12.348038580087103, 42.160347836239495], [12.348125497700755, 42.159931075379916], [12.347966929829136, 42.15921983292302], [12.34763991679649, 42.15875662894051], [12.347335212438468, 42.158486375428346], [12.347051793630834, 42.158161483654816], [12.346813414439259, 42.157772222764684], [12.346549935820827, 42.15736569533366], [12.345840048053208, 42.15721533834089], [12.345369889330632, 42.15704896079999], [12.344820468317973, 42.156713810072155], [12.344596080470382, 42.1563601708491], [12.344477843479288, 42.155724280211075], [12.344388337771335, 42.15534470339789], [12.3443602704457, 42.15523272549845], [12.344320720149897, 42.15505350733713], [12.344303451400512, 42.154711822083996], [12.34435912804446, 42.154160906602755], [12.34465457892838, 42.15356697676276], [12.344561449483233, 42.152948371096954], [12.344114108837138, 42.15251118548225], [12.34333487568535, 42.15219173225422], [12.342245292145504, 42.15195335954177], [12.341520756029762, 42.15222662406111], [12.34089172919121, 42.15223146457643], [12.340422867226462, 42.15206052872398], [12.340093103748409, 42.151772986722285], [12.339700783140099, 42.15144673122016], [12.33935455611614, 42.15156488872875], [12.33881844618358, 42.15171107870748], [12.337563510795297, 42.15154953008085], [12.336658897351034, 42.1516208882737], [12.336200901631257, 42.15188635870927], [12.33573531316068, 42.152237581314026], [12.335330602588629, 42.15259605053294], [12.334983032938949, 42.15266020008182], [12.334387380997837, 42.15262349718585], [12.333914721593219, 42.152610231612385], [12.333445845115678, 42.15266890582627], [12.33314273289074, 42.1529028424966], [12.332804334054888, 42.15337192373442], [12.332315047223256, 42.15371934087104], [12.332108211813065, 42.15348221717377], [12.33192612062379, 42.15301025447858], [12.331812443627301, 42.15268938757944], [12.331853516747481, 42.15231898728084], [12.332293355975622, 42.15192349194948], [12.332597624837764, 42.15127982083284], [12.332380466395184, 42.151047497446804], [12.332064200096948, 42.15080005616589], [12.331801759641625, 42.150627582722834], [12.331716537623368, 42.15038694056942], [12.331634597621555, 42.1499931178251], [12.331604795939372, 42.1496562949907], [12.331655350416096, 42.14923610196285], [12.331685974947796, 42.14889752248479], [12.33121385922388, 42.148663627658934], [12.330666436964982, 42.14837786568887], [12.330351605393064, 42.14815739518097], [12.330295573638303, 42.147767317282785], [12.330396585400141, 42.14738617602066], [12.330713375070331, 42.147196866410425], [12.330972375663766, 42.14682915006582], [12.331042361544304, 42.146318341549616], [12.330755097468112, 42.14591696728441], [12.33045710793576, 42.145772559064476], [12.330040573735694, 42.14591973084394], [12.329549369937848, 42.14625817525739], [12.328983633332088, 42.14653124665165], [12.328487551899396, 42.14653215592855], [12.328035579279925, 42.14645072993348], [12.327083472281391, 42.14637932340011], [12.326219989619135, 42.14622428365327], [12.325757533611297, 42.14618817021562], [12.32530200483912, 42.146255421185394], [12.325052522527804, 42.146343713650246], [12.324752766207332, 42.14641092473593], [12.324071628454892, 42.146574770892855], [12.323000360568921, 42.14715962898806], [12.320914659268405, 42.14846275655836], [12.31987331229316, 42.148695529723476], [12.318452669645307, 42.14906536247836], [12.317345758656197, 42.1496647020242], [12.316422859126723, 42.14984899799385], [12.315759768404776, 42.14988170233152], [12.315448283737364, 42.1501878686344], [12.3151654697469, 42.15056523867663], [12.314754305482268, 42.15080225252048], [12.314240243974501, 42.15069106867779], [12.313729195786086, 42.15065181129953], [12.31309946319366, 42.15064300101609], [12.312677625022042, 42.15090733345727], [12.312287675450088, 42.151319309456206], [12.31200813432744, 42.15129587191342], [12.31166387545241, 42.15120676870046], [12.311277822063689, 42.1509973029059], [12.31092542043268, 42.15073734736797], [12.310825830480438, 42.15045206791519], [12.310747480587379, 42.14987802276756], [12.310464306646136, 42.149089269926904], [12.310245294525267, 42.14883446041304], [12.309741112654448, 42.148650917922936], [12.3094631498495, 42.148744479866906], [12.309370154142949, 42.148774181774314], [12.308876335625534, 42.14903607805736], [12.308397509908538, 42.149383074482316], [12.30778328203374, 42.14967095779918], [12.307221334021634, 42.15003386745991], [12.306903307818786, 42.15020063041334], [12.306054866914359, 42.1506393329532], [12.305356201181581, 42.150947640803174], [12.304726895535573, 42.151411511674915], [12.304087272177659, 42.15193872994674], [12.303563474345113, 42.152323037838556], [12.303246338140037, 42.15250776409479], [12.302965926744006, 42.152700450409796], [12.302793102923694, 42.1528675160748], [12.302536318637111, 42.15351426007342], [12.302664193993051, 42.154343525049875], [12.303049204310971, 42.155462531689544], [12.303250820956265, 42.155848444668614], [12.303647438724404, 42.15626023638484], [12.304992324707332, 42.15698687307201], [12.30506849208072, 42.15727283117075], [12.30522801475567, 42.15754738663959], [12.305397766820915, 42.15778560916171], [12.305701383979033, 42.15803798997723], [12.306053339440766, 42.15828897463517], [12.306277500074811, 42.15864271353423], [12.306440336360511, 42.158980188003575], [12.306527379084857, 42.159256830831104], [12.306621427909224, 42.15966834242914], [12.305974204140133, 42.15980408395047], [12.305654699691178, 42.159943869673675], [12.304977109142502, 42.160179532828764], [12.304348416263759, 42.16065690132171], [12.30406666280508, 42.16105673217137], [12.30370295983246, 42.16129233743354], [12.301843511398921, 42.16207532316071], [12.301240018633523, 42.162601483811386], [12.301071929130476, 42.16283144670868], [12.300490691116188, 42.16307330669024], [12.299832608488552, 42.163452448320214], [12.299215221596645, 42.1639159640405], [12.298952927799489, 42.16422516946641], [12.298230636630551, 42.16523199183794], [12.297397394543783, 42.16621498732297], [12.296590809249086, 42.16701260474634], [12.29646847214259, 42.1673808309058], [12.29639612576301, 42.16759001500792], [12.294489827697284, 42.16899105567987], [12.293031695358998, 42.16981639417376], [12.291983515796638, 42.170436319640295], [12.291908716833873, 42.170481086722084], [12.291880801127615, 42.17049780478298], [12.290966709926042, 42.171077851422694], [12.290164782485254, 42.17150160062175], [12.289405428330722, 42.171798037232804], [12.28926307719932, 42.171880759402626], [12.288663628838622, 42.17222905141957], [12.288203481489049, 42.172444876643056], [12.287480136017301, 42.17273576670875], [12.2868357083107, 42.17317747511197], [12.285409717824296, 42.174159383190165], [12.284849292030145, 42.17384225742011], [12.284337080400391, 42.17331664657693], [12.283793102821116, 42.172863993747555], [12.283163821494307, 42.17240026664148], [12.282993431310203, 42.17231895016223], [12.282282572689706, 42.17197976892925], [12.282036398975515, 42.17193678705733], [12.280864797848098, 42.17173221077033], [12.27932736220766, 42.17149706133329], [12.278498336747825, 42.17141273080953], [12.27781291451031, 42.17125223322327], [12.277268513519793, 42.171258803228916], [12.275428864426841, 42.17127988142682], [12.274364932969538, 42.171539904908066], [12.273538659754081, 42.17174359589041], [12.272661874262413, 42.172331449150484], [12.272061131257033, 42.17312301696365], [12.27188184854048, 42.17363691235849], [12.27196824129765, 42.17437284276373], [12.272257821017998, 42.175057954066226], [12.272651515454449, 42.176118281169565], [12.273004051380072, 42.176864626951854], [12.273373877395017, 42.17722777109733], [12.274206296052009, 42.17787485263951], [12.271424284559894, 42.18191623974228], [12.271402001462743, 42.181948577677645], [12.270123506441974, 42.181627810581986], [12.268727286774311, 42.18127750646645], [12.266194151142535, 42.18076892294613], [12.26454234868332, 42.180446781668905], [12.2625293605196, 42.18014841955678], [12.26097362719258, 42.17980999215296], [12.259458852691225, 42.17954693126041], [12.258374391475112, 42.179190563600756], [12.257357657544421, 42.178724190482995], [12.25588875893464, 42.17818962267118], [12.2521675533741, 42.17714266324479], [12.250095277773138, 42.17679172751992], [12.250004813763812, 42.176771996789476], [12.249967477068667, 42.17676383455453], [12.248248578619648, 42.17676754996625], [12.246566815654559, 42.17680168953809], [12.244715701805326, 42.17685411574318], [12.24293889332719, 42.17690892805828], [12.242516575034823, 42.17717299839354], [12.241982682989553, 42.1773862244548], [12.236330299174565, 42.17649241507684], [12.23577061977619, 42.17667480599502], [12.235274431026815, 42.17715255735762], [12.234760393746342, 42.17751825920989], [12.23138310729932, 42.179693667474076], [12.229908347163349, 42.180451141677906], [12.227806466565976, 42.181509900054856], [12.226333784510302, 42.182087166266825], [12.224863064918695, 42.18267335706733], [12.223568952916038, 42.18319152676468], [12.223089882382485, 42.18320500311561], [12.222494663094178, 42.18322624150171], [12.221863335749227, 42.182730713737456], [12.221696279385855, 42.18260034201378], [12.22154654602822, 42.18248298151904], [12.22117368067465, 42.182754601012064], [12.220948861164981, 42.18312561016039], [12.220333965022546, 42.18387679151757], [12.219436360480215, 42.184559376946545], [12.21831758492698, 42.18495549276594], [12.21730227103266, 42.185452261974845], [12.216321403793213, 42.1861956776051], [12.215755510991174, 42.186712997006204], [12.215740521790936, 42.186736283917], [12.213572832080105, 42.18620975059467], [12.21278944146661, 42.18604261096373], [12.21128949349483, 42.18583251414477], [12.20989587963214, 42.185569900060564], [12.208955958216404, 42.185195497787866], [12.207248810514425, 42.18470300907119], [12.20636279763508, 42.184421627012185], [12.205390788368126, 42.183890522918844], [12.204213293499407, 42.18312651581388], [12.203504536745951, 42.18277262060209], [12.203282016805051, 42.182427648981], [12.20308617263071, 42.18190634411193], [12.203023319807361, 42.18138130398536], [12.202980361141973, 42.18099529580581], [12.202670127522039, 42.18039613497059], [12.202203716635612, 42.17998594110108], [12.200611609633508, 42.179670224440585], [12.199447501614847, 42.179378555890004], [12.197902252322962, 42.179016456503994], [12.19756643153111, 42.178931884813906], [12.197081441090374, 42.178809736317234], [12.19549186515167, 42.178498377166825], [12.194167224500859, 42.17841373471165], [12.193268280410198, 42.17835323461232], [12.191646018415637, 42.17835340754329], [12.19066584527942, 42.178362682940445], [12.189280973069547, 42.178284160465786], [12.186404232303994, 42.17839119759336], [12.182704447047435, 42.17850302364859], [12.180337098591357, 42.178613760084325], [12.178638727510048, 42.1787869493073], [12.177992936879251, 42.17871930569404], [12.177192060798507, 42.178682975622536], [12.176814365542638, 42.17863492935591], [12.176397666337143, 42.178533908505145], [12.175955609279027, 42.178424590135464], [12.175661165716129, 42.17834721523483], [12.175277592381082, 42.17818223821856], [12.174895910952902, 42.17803972361526], [12.174412160024248, 42.17782350223409], [12.17385650187629, 42.17759125022671], [12.17344170228982, 42.177301078683925], [12.173187998285474, 42.177069482278135], [12.172708042187578, 42.17668654136901], [12.172239568972508, 42.17648790494638], [12.171928016217722, 42.176325421952484], [12.171375007969214, 42.1761606390876], [12.171000617616386, 42.175936857224386], [12.170189689311488, 42.17569815122724], [12.168848626729616, 42.17530168036205], [12.168559699047847, 42.174604113768396], [12.168309282703806, 42.17416529004682], [12.167950566696534, 42.173769977419354], [12.16768344318083, 42.173511721661875], [12.167576922620285, 42.173303042340414], [12.167143293804308, 42.172891797359185], [12.166888439100205, 42.17239455853717], [12.16673378068726, 42.17194858530135], [12.16657534360559, 42.17145770010639], [12.166353612509814, 42.17065336762096], [12.165934947509468, 42.16931419476563], [12.165475344141313, 42.16759343701974], [12.165288882727745, 42.167416324978284], [12.165245034850004, 42.16737467650056], [12.164699751878745, 42.166862934666554], [12.16377945760622, 42.166370560283816], [12.163007160787128, 42.16593263044586], [12.16222321797352, 42.165504017154575], [12.16147577469835, 42.16507888962203], [12.160799811918068, 42.1646607872895], [12.159673818899838, 42.16389489303942], [12.158623040087257, 42.163322697745755], [12.157918820104506, 42.16293921574834], [12.156876344957206, 42.16243663377193], [12.155791902006284, 42.16204776885549], [12.154646869382274, 42.161642561952554], [12.153623800847893, 42.16130150484115], [12.152298540642269, 42.16093725051152], [12.149882550353901, 42.16054748772405], [12.149651688369705, 42.160510235025654], [12.148044662429811, 42.160351780369375], [12.147681531441066, 42.16033942014472], [12.146208958693286, 42.1602874464234], [12.146154710422195, 42.16026860391634], [12.145573041101368, 42.16008644519293], [12.14532859509388, 42.160007618203565], [12.14515648182718, 42.15995380659963], [12.14648348540764, 42.15913394066617], [12.14791403157714, 42.15770339795979], [12.14784997629786, 42.157403498656876], [12.14779819745159, 42.15707622536941], [12.147717925142297, 42.156677718422074], [12.147521509193984, 42.1561338111431], [12.146542716294766, 42.15566090136663], [12.145733592357962, 42.15546698866614], [12.144689210368457, 42.15513545308808], [12.143724510062842, 42.15474768575272], [12.143164412506415, 42.154434370842424], [12.14259315849778, 42.15389621442871], [12.142142384917015, 42.15310263029551], [12.141896454068549, 42.152519553645604], [12.141391418230759, 42.15186702323973], [12.141048665253905, 42.151543238107756], [12.140671853568941, 42.15126540509305], [12.140163926177712, 42.15052289576337], [12.139820362690084, 42.149937969371855], [12.13948544547476, 42.14929878992454], [12.139130263313644, 42.14872319721026], [12.138942520698032, 42.14836814396871], [12.138624719838822, 42.148043650807054], [12.13825599095647, 42.14795919368622], [12.137396610971063, 42.14769456003244], [12.136486058370965, 42.147404303129264], [12.13593590996639, 42.147275283752045], [12.135888861005187, 42.14803749901127], [12.135551021839271, 42.14903729246732], [12.135091882888945, 42.14980176192909], [12.134460867129492, 42.15074653333863], [12.133813389800485, 42.15158820200162], [12.132310790902626, 42.15303405705697], [12.130108014646137, 42.15474664073801], [12.12875241195838, 42.15598582899869], [12.127816826504324, 42.15637155961307], [12.127032740724665, 42.156469505877034], [12.12647651151919, 42.15670980644794], [12.124862851369405, 42.1575957740091], [12.123970911490561, 42.157962283196895], [12.123703413880843, 42.158167680791564], [12.123582368419095, 42.15864372801901], [12.123119436385243, 42.15885896792873], [12.122385334052904, 42.15918964621982], [12.121546193902336, 42.159599716452576], [12.120687519872925, 42.159843723019804], [12.119911461432842, 42.160306082555074], [12.118930772237045, 42.16093845337851], [12.118890817879004, 42.16096421630363], [12.117801585992758, 42.161489117107806], [12.11651796914919, 42.16095222573747], [12.115264385082577, 42.16033343168657], [12.114780729181348, 42.16008093351625], [12.114348523138519, 42.15992158956824], [12.11333697506796, 42.1600256063217], [12.112119119316615, 42.15988759151967], [12.110979161336346, 42.15981046702032], [12.109463125512326, 42.1599011412792], [12.108334749975041, 42.159967766571675], [12.106680397093307, 42.16053940382429], [12.10616970394307, 42.16123313783784], [12.105296577109875, 42.1616935277304], [12.104049601910573, 42.161934430617535], [12.103175691887785, 42.162147201922615], [12.102000560603194, 42.16212497543624], [12.101192663925824, 42.16218735566761], [12.10059771990417, 42.1628923443022], [12.100423967269284, 42.16328425879037], [12.099653135283921, 42.16263423249734], [12.098122076754454, 42.1622793957708], [12.097022099993625, 42.161782337288955], [12.09638884190841, 42.161718392315926], [12.094855410205843, 42.16131407827312], [12.094088667768164, 42.16097906290941], [12.093387026277838, 42.16097100299546], [12.092900878328441, 42.16120924702541], [12.092398467744086, 42.16119128606605], [12.091896279895161, 42.16117781583683], [12.090760637382456, 42.160987819545646], [12.089843660422556, 42.16106206062605], [12.08852321921566, 42.161286756629615], [12.087732244712393, 42.16148249528071], [12.087686049279325, 42.16149391999453], [12.086734715487452, 42.16157807943463], [12.085226922700096, 42.161699711610765], [12.084378613230447, 42.16167752502976], [12.082706347045848, 42.1616369598562], [12.081901554086938, 42.161514529230736], [12.08118009380316, 42.1613628366094], [12.080602475794626, 42.16119825580082], [12.080015292658842, 42.16106994681742], [12.079420795525795, 42.16080677806989], [12.0788937003204, 42.160654330756884], [12.078089811964418, 42.16075247590019], [12.07718468535395, 42.16065070663938], [12.076270337370346, 42.160468126267844], [12.075064848807184, 42.16056802815257], [12.074090883135682, 42.16071570740258], [12.073159791555822, 42.161217943515084], [12.072340317399666, 42.16204136174281], [12.071871720531185, 42.162612244653495], [12.071356050653971, 42.16321138435941], [12.070717868993855, 42.16379580813927], [12.070022057107078, 42.164174644465255], [12.069305784438557, 42.16436491529271], [12.068314202243288, 42.164400483216326], [12.067639225500928, 42.16445906849614], [12.066525341684146, 42.16445285769594], [12.065194956983392, 42.164474925243375], [12.063988280915222, 42.164552224435454], [12.062680316510408, 42.16453764563775], [12.061173647611945, 42.164433823999566], [12.060384211146161, 42.164378350439584], [12.059883798450981, 42.16429265678401], [12.059249330216902, 42.16418802076599], [12.058711375344233, 42.164076306790534], [12.058044566433066, 42.164053581305495], [12.057727236681634, 42.16405714111885], [12.0575247184867, 42.16329751850472], [12.057291327844215, 42.16248879627378], [12.057118490645083, 42.1616649390263], [12.056911000430516, 42.16086000503946], [12.056891857019489, 42.15996001257138], [12.056963925712486, 42.15921067824885], [12.056881783707949, 42.15851047231776], [12.05692126405144, 42.15780702454229], [12.056924985259524, 42.15687940294652], [12.056838565092868, 42.156341402363964], [12.056546107893208, 42.155781895905655], [12.056183204589086, 42.1553143020731], [12.055808989881625, 42.15481549150778], [12.055119746337226, 42.154356594596415], [12.054586380774156, 42.15405562852513], [12.054040609859467, 42.15379551087499], [12.053966345596566, 42.15376547355676], [12.053497558581023, 42.15357585297292], [12.052722687198704, 42.15331733006222], [12.051869177619244, 42.15320048700155], [12.050860696719617, 42.15310125926051], [12.049524501707339, 42.153249389654114], [12.048373265074583, 42.15346912052927], [12.04698967094348, 42.15362296287373], [12.045678165104258, 42.15379740848655], [12.044486110007172, 42.153923630882616], [12.043882301762135, 42.153966665806806], [12.042358872460287, 42.15347582359023], [12.040696010348832, 42.15313722941771], [12.03953614768803, 42.152893330513734], [12.038177102062399, 42.15259618021012], [12.036990512756983, 42.15233046256507], [12.035602910718026, 42.151925966315716], [12.034751299114635, 42.15157929901436], [12.033806060032658, 42.15178892959745], [12.032564593184164, 42.15189381715062], [12.031492549375864, 42.15199872862179], [12.030641277052398, 42.15216531127924], [12.029922521853782, 42.15231938424457], [12.029593964033918, 42.152753148084784], [12.029571021135862, 42.15278344717831], [12.028714353206968, 42.15290064059401], [12.02818062421089, 42.15284268508706], [12.027450929431971, 42.153069088190215], [12.026725853919793, 42.15304320032999], [12.025587106718861, 42.15335242685657], [12.024196018361298, 42.15379437215395], [12.022724127704281, 42.154684166333105], [12.021591011668711, 42.15512827686858], [12.020906265855583, 42.15539397050897], [12.01911435785074, 42.15588693480469], [12.017973317437429, 42.156308701006076], [12.017167943236053, 42.15642445688444], [12.016720046310255, 42.15648578192993], [12.015217443746753, 42.15690803505019], [12.014470185164411, 42.15711677952595], [12.014027808352003, 42.157295022390734], [12.012994111022353, 42.15773191435319], [12.012112456790257, 42.1577550864155], [12.01122072629208, 42.15783705269455], [12.010523931119552, 42.157675265354044], [12.00963321514652, 42.15752304645159], [12.00947537139804, 42.15752719067561], [12.009145591129874, 42.157535682734874], [12.008536790014878, 42.15754732986612], [12.00744609875803, 42.15772454208462], [12.006335957807751, 42.1579067359208], [12.005555244090054, 42.157873191602754], [12.005246784797139, 42.15782158197973], [12.004481678595623, 42.157693564773545], [12.004275241935847, 42.15772839088706], [12.003845329749854, 42.157800941520684], [12.003274439953419, 42.1579014559488], [12.002266240623884, 42.15846365672898], [12.002079370997917, 42.15881525029255], [12.001619873269076, 42.159687272551736], [12.001043616967237, 42.160634388570635], [12.000815476049514, 42.161010833332384], [12.000530650393975, 42.16148078985283], [12.000071069159214, 42.162240254146], [11.999602928524187, 42.16300868279446], [11.999183872016221, 42.163699769343516], [11.999007613797422, 42.163988044882736], [11.998911380875553, 42.164368779003134], [11.998573478839248, 42.16650283408651], [11.998910365728534, 42.16737200935152], [11.998938919087916, 42.167446377121834], [11.999015625047537, 42.167650982107354], [11.99848966036217, 42.1692110467123], [11.997951650465394, 42.1708100262265], [11.99771805960727, 42.171503484553476], [11.997706816764746, 42.17153682664367], [11.997591677799445, 42.1719180556474], [11.99747674755679, 42.17230377894723], [11.997027152199605, 42.17329257865758], [11.99696460900877, 42.17531585321314], [11.996524251716373, 42.17547595685472], [11.996017922665361, 42.175777355139275], [11.995358214613875, 42.17616381498478], [11.994955314990255, 42.176588578821374], [11.994795793394204, 42.17703490394174], [11.994687299278244, 42.17733849750185], [11.994428242225531, 42.17824577268509], [11.993430899958351, 42.179446992689606], [11.991981753396347, 42.18106521643489], [11.99117836467085, 42.18200018978831], [11.99066284577557, 42.18262146860627], [11.990571177890079, 42.18273195111424], [11.990226067081757, 42.18338931654933], [11.990595773301289, 42.18402353238991], [11.991186852562764, 42.184746524103616], [11.991423606083389, 42.18521979144999], [11.9914121266885, 42.18525767676748], [11.991587091037367, 42.185546547686144], [11.991257298087017, 42.18623953413033], [11.990190504345211, 42.1867266231148], [11.988686833195517, 42.18796352917771], [11.987880987639166, 42.188592382571656], [11.987081779435796, 42.18912200425891], [11.986849726958052, 42.18983494813313], [11.986489716200317, 42.190690799282685], [11.985927385484224, 42.19181739839759], [11.985915038874909, 42.19186277372174], [11.986007461917318, 42.193049181814786], [11.986489705942274, 42.194031674416586], [11.986767291039843, 42.195055537735065], [11.986670032352007, 42.1960756303668], [11.985860559729126, 42.19687117370211], [11.985054800110397, 42.197247860944834], [11.984850277246275, 42.197806994043916], [11.98438303415688, 42.19844502174397], [11.983376479741436, 42.198930478405735], [11.982512220584454, 42.19933568874017], [11.981903981138887, 42.19979276899856], [11.981353530695973, 42.20043293120092], [11.980963665419855, 42.20117248777391], [11.980753062241908, 42.20184434319565], [11.980338866013842, 42.202823155878846], [11.979724822998843, 42.204703166474715], [11.979193714839488, 42.20654499987983], [11.978851321347976, 42.20709051768919], [11.978831729255742, 42.207121733535395], [11.978116440711222, 42.20736544817494], [11.977411325549568, 42.20729371595472], [11.976937404374523, 42.20726100828355], [11.97657403905361, 42.20726144708735], [11.976176623023287, 42.20729426714911], [11.975697944345281, 42.20717612452658], [11.975122443502173, 42.206785849040465], [11.974587947214655, 42.20673668743919], [11.973829744890669, 42.20709854338506], [11.973603217757109, 42.207433100570455], [11.97363755278527, 42.20792299904931], [11.973888227415191, 42.20837493405557], [11.973955140738601, 42.20849558216091], [11.97411987321261, 42.2104724249689], [11.974443604940845, 42.211175418819195], [11.974359128884997, 42.2119846309753], [11.97435170409004, 42.212055789554526], [11.974097599541146, 42.2130934774902], [11.97336899554638, 42.21357163642847], [11.972651163007448, 42.2135047032792], [11.971689561367414, 42.21339006927089], [11.971135544351633, 42.213458468434666], [11.970745173416992, 42.213157909651216], [11.970550823478735, 42.21261364087532], [11.970363723927887, 42.212240273372096], [11.969801773220551, 42.21188112024052], [11.969567839115056, 42.21128383999615], [11.968973995175682, 42.210776937682446], [11.968351716818699, 42.21068050091149], [11.967474136197763, 42.210806782188776], [11.966367323636227, 42.21095250767212], [11.964919369498725, 42.211363674177996], [11.96398599327158, 42.21160844268522], [11.963152647490176, 42.21166150844086], [11.961791205050993, 42.21154361202381], [11.961130734938187, 42.21140760514965], [11.960476996071261, 42.21141547684811], [11.95964777769801, 42.211783591604274], [11.958956217097601, 42.21203557488147], [11.958117286152596, 42.21198519616809], [11.957181067045768, 42.21215344701585], [11.956580202594763, 42.212437489881715], [11.956050927036484, 42.21233567379834], [11.95504619737856, 42.21213258536646], [11.954999676991228, 42.21213092658109], [11.954168466700299, 42.21223113994591], [11.953526039481456, 42.21248182495811], [11.953146423871598, 42.212653697195684], [11.952771486730269, 42.21318564659494], [11.952067547680695, 42.21396921408978], [11.952067270907355, 42.214320420386876], [11.951125111125084, 42.21574167711396], [11.950895114371942, 42.2160885810766], [11.950639689427751, 42.21642385620971], [11.950327373462343, 42.216724559399594], [11.950097148635818, 42.21695111288161], [11.949780967819757, 42.21723389386358], [11.949460449342004, 42.21746732571473], [11.948332438415683, 42.2182887463047], [11.947241859886875, 42.21880306762817], [11.946184221589633, 42.21900137043268], [11.944530629198157, 42.219377047561316], [11.943164635607816, 42.21945715338819], [11.941100377560655, 42.21933905656671], [11.940456576952855, 42.21934163343686], [11.93985355733535, 42.2193440287008], [11.938667724263198, 42.21911329659345], [11.937384245567534, 42.21886703638536], [11.93592838580485, 42.218805287235824], [11.935701262887015, 42.21906586930778], [11.935398520190795, 42.219413203760574], [11.93534029145747, 42.220247665188076], [11.935888763318568, 42.22084145921996], [11.936742057932817, 42.22147695760548], [11.936918063391943, 42.22212082769618], [11.937274589209595, 42.223048214347145], [11.937696662158363, 42.22431161820806], [11.937333281308629, 42.225113364838116], [11.936802702083487, 42.22516749893848], [11.936270639151207, 42.22519013255084], [11.93542822916084, 42.225067621867595], [11.934335430540544, 42.22495153588998], [11.9328725680805, 42.22479087393122], [11.931164181311914, 42.22514138852412], [11.930917031928626, 42.22519210023995], [11.930611472073908, 42.22527877409534], [11.929434122219233, 42.22561273155249], [11.92825123806942, 42.225971641967256], [11.92678052966873, 42.226378409637014], [11.924826877781916, 42.22711718208884], [11.922673186471007, 42.228757013785945], [11.922320794818177, 42.22898011559406], [11.921954317722404, 42.2292120970251], [11.921158809812702, 42.22956557621263], [11.920739838919728, 42.2297276096278], [11.92058407616881, 42.2297755288391], [11.919930177963659, 42.22972294018872], [11.919273533651642, 42.22967213232602], [11.91880179466567, 42.22993629304768], [11.918436196082578, 42.23044231296982], [11.918311303322014, 42.23061516313528], [11.918075162104973, 42.23152168299052], [11.917725964529849, 42.2321113993074], [11.917311266574176, 42.23253305627495], [11.917285402931295, 42.232559367637876], [11.916488807135343, 42.232611161314786], [11.91553426624996, 42.23283080934796], [11.914831118458599, 42.232909979815325], [11.91437390536167, 42.232980143795814], [11.913141613082633, 42.23334015525604], [11.912336914582768, 42.23402248734784], [11.912051824230932, 42.23467359352453], [11.912026913950482, 42.23521903417456], [11.912398996469223, 42.23589845853509], [11.913075160641117, 42.236372062566424], [11.913645397331614, 42.23692939124012], [11.913763671054415, 42.237655781156704], [11.913747030708908, 42.23772019937232], [11.91362098610461, 42.23820871608932], [11.91314628743391, 42.23898621734425], [11.912538077449923, 42.240253380894124], [11.911899414616101, 42.241089080177446], [11.911380152580959, 42.241129290992056], [11.910969236729377, 42.24094147360556], [11.91062423759976, 42.240783776014524], [11.910107331161724, 42.240364668210646], [11.909632642409607, 42.23980939620548], [11.90925489941157, 42.23946778673983], [11.90873664079096, 42.23928283378778], [11.908072365085896, 42.239578855353365], [11.907363527729133, 42.23999305712588], [11.906812697255031, 42.24009260317596], [11.906667913103643, 42.240118774816175], [11.905990741433959, 42.239919820501605], [11.905495329016611, 42.23967123830947], [11.90502426277, 42.23940851825727], [11.904205205394181, 42.239006041887514], [11.903232448322285, 42.2386704903688], [11.902027871408485, 42.23830026510673], [11.900791238162329, 42.23800739227273], [11.899676751450313, 42.23775193429294], [11.89874727805274, 42.23755032129181], [11.897625113554106, 42.23740760922704], [11.89691687156304, 42.23729044190626], [11.895972845648219, 42.2370351376893], [11.895102850652886, 42.23686810267886], [11.894957354555068, 42.2368401681054], [11.893953708666249, 42.23662237022256], [11.893281995953082, 42.236243112353996], [11.891982457364678, 42.235118762148005], [11.891628309540144, 42.2342632085246], [11.891762933443234, 42.23372850359429], [11.89242009016823, 42.23329318486791], [11.893388437986722, 42.23286605000366], [11.893513618532472, 42.23281082615445], [11.894694036595267, 42.23235777966374], [11.89488315237053, 42.23174065985223], [11.894621037971316, 42.231026863445884], [11.893824195642512, 42.23064069891326], [11.893764479587686, 42.23061173950186], [11.892946253035095, 42.23048832425679], [11.892018883411039, 42.2303136217352], [11.891072538073159, 42.230269962781335], [11.890200900008088, 42.23028744650545], [11.889335651227476, 42.23044433654738], [11.888323731982371, 42.23057339838647], [11.887561029554538, 42.23058811658551], [11.88694070505995, 42.23053620882669], [11.886400640735543, 42.23040122159602], [11.88552615577481, 42.23009006112012], [11.88473500974605, 42.2299794048615], [11.883911430196825, 42.22972096824616], [11.882773327097016, 42.2299939099209], [11.882736800664448, 42.23000266679221], [11.88192656467502, 42.229505252589945], [11.88135056905844, 42.229362145122224], [11.880793241090604, 42.2290969918267], [11.880327821554122, 42.22872147088982], [11.879353271780154, 42.22805705898633], [11.879366455439357, 42.22802993101441], [11.879497318222514, 42.227760776588006], [11.879672356007308, 42.227080996364215], [11.881581171986177, 42.22670883623004], [11.88189971378776, 42.225971408824584], [11.881533428180864, 42.224827963558816], [11.880875514476593, 42.22423215680721], [11.879859273889831, 42.22346524204202], [11.879382911076139, 42.22308099100685], [11.879178843822933, 42.2223566991302], [11.878823649033363, 42.22145611240729], [11.877896718550838, 42.22052034446044], [11.877085153816024, 42.22025705506585], [11.876627342388568, 42.22031356531889], [11.875909300891074, 42.22024155010445], [11.875369837578054, 42.220083975608425], [11.87491108037591, 42.21985235682619], [11.874571270994764, 42.21957271609453], [11.873477264273971, 42.21869062062629], [11.873145027163996, 42.218918212144395], [11.873373052658136, 42.219235110923435], [11.874005176465275, 42.220063541301464], [11.87421160770251, 42.22105296810763], [11.873887962366641, 42.22196753352613], [11.872978591543681, 42.222287903095854], [11.87218656037839, 42.222018852841984], [11.871500708090856, 42.22185594770654], [11.871040740188198, 42.22022852117102], [11.87191610518876, 42.22006251652303], [11.87248287281862, 42.21973763088368], [11.872383413147434, 42.218880130568444], [11.872489136592915, 42.218256134934244], [11.872587666841277, 42.21812938096937], [11.873210251814019, 42.21732852987923], [11.874054271857243, 42.21617272790819], [11.874421609254545, 42.215190968389024], [11.874340530369965, 42.21505757865579], [11.874052120825315, 42.21460269601121], [11.873443266531975, 42.213964894763535], [11.873422792011052, 42.21394346145822], [11.872731407257763, 42.21308453104061], [11.872134553949065, 42.21235125911708], [11.87151597228882, 42.21176719276331], [11.87009497832668, 42.21140735829018], [11.86904071678513, 42.2111966384945], [11.869002790522957, 42.21079965340551], [11.868855981070176, 42.210276627107795], [11.868367713622243, 42.20938577119074], [11.866922700605, 42.20776783110866], [11.866060910686743, 42.206866758513115], [11.865436688813341, 42.20668916120088], [11.8649199263696, 42.20637538909557], [11.865144085683314, 42.20612553257446], [11.865285351315, 42.20596802439836], [11.865920063261026, 42.20564294770581], [11.866382005735836, 42.20502955969668], [11.867088834661704, 42.2041178598319], [11.867587237793858, 42.20106653622776], [11.867696916698016, 42.20039285177993], [11.868020383387352, 42.20004707476068], [11.86914729267241, 42.19954159614417], [11.869773105078876, 42.19917022699963], [11.869342894301495, 42.198675597502316], [11.86927483769345, 42.1985973526812], [11.868396397986634, 42.1981871012038], [11.867369077813995, 42.197681493557674], [11.866398933062253, 42.19713392858585], [11.863124821352697, 42.195414731994234], [11.861568911706897, 42.19473318259758], [11.861072065489592, 42.19445742012084], [11.86046546721593, 42.193896228265814], [11.860427946964748, 42.193865001445964], [11.85979858640707, 42.1933410379536], [11.859130245641529, 42.19284559658639], [11.857606856819642, 42.19171622538311], [11.856108521326027, 42.19071348045889], [11.855025206926733, 42.19005156346939], [11.854099343464828, 42.189390233657825], [11.853260789312923, 42.189037389984435], [11.85241557411427, 42.18868121901823], [11.852100553952795, 42.188548469398654], [11.851112437091919, 42.188100275024624], [11.85045987556618, 42.18760770975474], [11.850040410536087, 42.18687971461783], [11.84951052259222, 42.18586629975802], [11.849184260604659, 42.18507294825435], [11.848897327530599, 42.18434615595395], [11.848348356492464, 42.18344578162003], [11.84795957741713, 42.182590942765515], [11.847576568643051, 42.18189805220208], [11.846828344988257, 42.18004806412195], [11.846380654079544, 42.17978451535834], [11.845751364609198, 42.179520974216494], [11.84476787446198, 42.17917168201078], [11.843746532913604, 42.178805284527456], [11.843255534460043, 42.17811505683131], [11.840288643888782, 42.1756671655287], [11.840278169843504, 42.17543327680918], [11.840942896523876, 42.175407803865454], [11.841157103843178, 42.17503779074818], [11.840895330981281, 42.174886686907314], [11.840497038659707, 42.174896557011564], [11.839877463648591, 42.174848870970656], [11.838843917297158, 42.17501854597514], [11.83741935036123, 42.17537800222634], [11.837150141103228, 42.175244501786715], [11.834807755384993, 42.1740828385017], [11.834431287656248, 42.173785962411586], [11.833990808956456, 42.173139482739764], [11.833870307500284, 42.172881312731505], [11.83413846010618, 42.172109237837155], [11.833853542213363, 42.171693040886225], [11.833459320965344, 42.17181084119515], [11.833241201233506, 42.17207738144761], [11.832608390886717, 42.172002964376325], [11.83252176830732, 42.17168991942876], [11.832588303717008, 42.17126503362021], [11.831891050404185, 42.1708320019796], [11.831361699313334, 42.170456822383315], [11.831203480002296, 42.170344687868905], [11.830709406692584, 42.16985261141609], [11.830501698863022, 42.16958864204712], [11.830478517529233, 42.16955919075535], [11.830375756303553, 42.16942859005207], [11.828780768385545, 42.16757686331411], [11.828492646372494, 42.16735884283259], [11.82801136007064, 42.16689793844843], [11.827727853511238, 42.166495208658894], [11.827501046275971, 42.16602352453684], [11.82757560331228, 42.165251738969566], [11.82776658311532, 42.16464817427822], [11.828141925750526, 42.164107599088], [11.829381704595505, 42.16154203523095], [11.829829228393686, 42.160432356304504], [11.830002201810093, 42.159968806415556], [11.830030666944436, 42.159504342714804], [11.830403355982476, 42.15890530719035], [11.8305812531131, 42.1585857279369], [11.830978864107697, 42.157986056254295], [11.831021114337874, 42.15730512065471], [11.830083773345281, 42.15528407292095], [11.829694659010915, 42.1543985225076], [11.829222585507479, 42.15332417452896], [11.828818214406459, 42.152685780043385], [11.828703813993071, 42.152274359837904], [11.828252847062586, 42.151132814767045], [11.827065153072555, 42.14975278762711], [11.826261775019788, 42.14907018673399], [11.825347138106677, 42.14807965256677], [11.82463527730717, 42.14756587673004], [11.823937832010412, 42.1471553161119], [11.822807599283305, 42.14648524014179], [11.820434120669951, 42.14804753551771], [11.818479973313368, 42.149023138472494], [11.817002951185398, 42.14953672220884], [11.815705260765027, 42.1500188639061], [11.81424152429316, 42.150577105349434], [11.81228245721588, 42.15113847927725], [11.810091937125136, 42.15168297551516], [11.810008309170833, 42.15170754409874], [11.809863537790607, 42.15174386562581], [11.808417166106919, 42.15210674080868], [11.806971112860781, 42.15252038009835], [11.80584332501978, 42.15301626917653], [11.805230980394503, 42.15340046082505], [11.804687834942134, 42.15398108727359], [11.804238618758367, 42.15475302568358], [11.803606702099788, 42.15579057986578], [11.802779723625482, 42.156796881871415], [11.80208275488066, 42.15773244401502], [11.801174666813907, 42.15827243581214], [11.800079978298305, 42.158681903636406], [11.799814878636282, 42.15875388677119], [11.798549084273226, 42.159097510336416], [11.796400324845047, 42.15948315116107], [11.796221672289436, 42.159514509557994], [11.794851358460878, 42.15976405671277], [11.793240894305383, 42.1600059202522], [11.79249169488925, 42.160010948748095], [11.791909939793328, 42.160015841636586], [11.79050410477244, 42.15999153357489], [11.789185553796171, 42.15997408461003], [11.788785851606567, 42.160001827364674], [11.787942590764533, 42.16005835632945], [11.786096016020604, 42.160436436913294], [11.78374093497459, 42.16108800517782], [11.782053066523563, 42.16151620348544], [11.780577690465801, 42.16182216633107], [11.778981996086255, 42.16214451060235], [11.777595100866991, 42.162502327744576], [11.775646369510142, 42.162779158343824], [11.772975327455043, 42.16285279761106], [11.772565884251321, 42.16317789069465], [11.772231057599706, 42.163825362552636], [11.771641335861966, 42.16413631199406], [11.77153297157546, 42.16419344844825], [11.770814081572423, 42.164084751951016], [11.769934613690799, 42.16388537288669], [11.769537516620602, 42.16384827765524], [11.768986760190593, 42.163800215646724], [11.768612067833017, 42.16367417137156], [11.76736595855152, 42.163272014936865], [11.764993159323117, 42.16285998285774], [11.764844879057119, 42.16283459514378], [11.76460653688818, 42.16279377456158], [11.76263372406255, 42.162449607355306], [11.752946576171338, 42.16115623998755], [11.750408773135948, 42.16023269357126], [11.7496269423553, 42.159948154930184], [11.74722163220033, 42.161820707254904], [11.7471922069493, 42.16184359891565], [11.745346370152216, 42.16142405258911], [11.743548495469454, 42.16097629261599], [11.74215275741986, 42.16059094101125], [11.740707348074109, 42.16019325887345], [11.739389580851656, 42.15987399005696], [11.738981940723363, 42.15977521222127], [11.737352836882584, 42.15929182034827], [11.736279318414612, 42.15909681655589], [11.734862662289864, 42.15850476076361], [11.733766971184142, 42.158058111336835]], [[12.656205455565365, 41.73428652113616], [12.655725331969032, 41.734022810152545], [12.655241720217196, 41.73434437346447], [12.654901821222841, 41.73467037421677], [12.654727178374253, 41.734982111275784], [12.654324760918978, 41.73575582727975], [12.654033574685998, 41.73649000168295], [12.65365662559094, 41.736997283585914], [12.653561998324795, 41.73711734859562], [12.652939173647813, 41.737781025922196], [12.652867318748125, 41.73793190087441], [12.652878053211372, 41.73835928577426], [12.65290438944841, 41.73866462118943], [12.652787776794982, 41.7390195256921], [12.652696740684164, 41.739216027905655], [12.652486173052573, 41.73941183590596], [12.651885365977495, 41.73989470180707], [12.651648919071274, 41.74020390132959], [12.65158925818378, 41.74050295608002], [12.651525696895142, 41.741157827048546], [12.651404160101057, 41.74159843953457], [12.65121370020353, 41.74189715633409], [12.650997873116356, 41.74231825073948], [12.650936870167946, 41.742540813622135], [12.650993369854877, 41.74299375920936], [12.650969148495058, 41.74325566969188], [12.650849755632345, 41.743376538474585], [12.650425845488295, 41.7435476128779], [12.650084000631782, 41.74374759091867], [12.64980112952945, 41.743914176564786], [12.649800707482072, 41.743986224404935], [12.648998364488373, 41.74547504431099], [12.648408392964281, 41.74658789611939], [12.648377365235556, 41.746795987200805], [12.648617071888399, 41.74764383637327], [12.648854271909801, 41.74848726394051], [12.648939581010728, 41.7487591893349], [12.649258817266853, 41.74890212438916], [12.649267945574556, 41.74878476492513], [12.649348537333431, 41.74861561433145], [12.649618321282627, 41.74835039395333], [12.649840413193028, 41.74813172651722], [12.650040105601942, 41.74803532211041], [12.650301040191588, 41.74790545173839], [12.65044921526885, 41.74780168590883], [12.650598033569935, 41.74760334630908], [12.650739627262503, 41.74695949289875], [12.650348208078812, 41.74689539329203], [12.649957305658889, 41.74685381175065], [12.649789519077666, 41.74685013023152], [12.649746396300658, 41.74673895046415], [12.649815982922368, 41.746588149619285], [12.649908336491455, 41.74642762498481], [12.650078290636573, 41.746350184511435], [12.650204552254888, 41.74608502832165], [12.650532086690971, 41.74535420801302], [12.650712333491901, 41.74486221120787], [12.650569245647084, 41.74480372954759], [12.650589706058572, 41.74454193882487], [12.650708440756913, 41.74427702243655], [12.650972702353194, 41.74421907917126], [12.651165967808224, 41.74419492977238], [12.651329667003056, 41.74412668608053], [12.651470302147432, 41.74398264190875], [12.651737479607682, 41.743645446265276], [12.651846533372193, 41.74368701137559], [12.651934731739132, 41.743625669397204], [12.652035623334053, 41.743509888116684], [12.652841394653082, 41.74256813367622], [12.6528989392234, 41.74250088607771], [12.653611567805763, 41.74163172774481], [12.65398688317364, 41.741187549969524], [12.654937475682669, 41.74048640993322], [12.6557133637197, 41.73984486326935], [12.656095867408974, 41.739594035925556], [12.65645594690457, 41.73941147627655], [12.65655736967467, 41.73933169134595], [12.657053998602564, 41.73874856959285], [12.657445793385572, 41.73831735572723], [12.65775330137923, 41.73809593177683], [12.65847039781278, 41.737676862577224], [12.659023209415512, 41.73727652693355], [12.659527567399666, 41.73690925131602], [12.660382589253018, 41.736260631080384], [12.66071782015726, 41.736011315343404], [12.660834628159796, 41.73594505930988], [12.66117377971559, 41.73571208366974], [12.660256258655435, 41.73544080209801], [12.660393785620922, 41.73534881938955], [12.660189121649697, 41.73526325652854], [12.656501904930774, 41.73428367868481], [12.656251547599744, 41.73429748032204], [12.656205455565365, 41.73428652113616]], [[12.454366726528978, 41.900273295513216], [12.45267282659279, 41.900582430022666], [12.452593200993274, 41.90038703845966], [12.451511513458684, 41.90045758283826], [12.45076737727733, 41.90060315954194], [12.450763291312292, 41.9006300859751], [12.450812084429623, 41.90084280556546], [12.449493557102453, 41.90095760122751], [12.44910352826371, 41.900989457791816], [12.448758841064615, 41.901017819092516], [12.448764702024112, 41.90098417742419], [12.448768983197212, 41.90091447754044], [12.448785329255555, 41.900806772003904], [12.447883143487125, 41.90068314522396], [12.447691587617923, 41.900877011531], [12.447893250518124, 41.90103459549637], [12.447114216547758, 41.90152609435364], [12.446675172878662, 41.90180451143191], [12.446500429890468, 41.90165202733195], [12.445690341464871, 41.9019897277662], [12.446583212581986, 41.90241035518795], [12.44682037273359, 41.90224452170392], [12.447255391823864, 41.90259641950728], [12.447772036221496, 41.903017672678786], [12.447561365191119, 41.90316158248344], [12.447725288302594, 41.90335885252015], [12.448337258491124, 41.9037326932], [12.448595893283514, 41.90367089940823], [12.44873107208195, 41.90398460469568], [12.448894034046583, 41.90435746413366], [12.449043373201746, 41.904693997814306], [12.448809363821951, 41.904742829633186], [12.4488653591126, 41.90507728864652], [12.449233012293183, 41.90522955355604], [12.450458660226277, 41.90586017730723], [12.45024762665237, 41.906013089970656], [12.450437994287569, 41.90653064846859], [12.450462980010274, 41.90650868904463], [12.450869662021137, 41.906551495197995], [12.451342414066273, 41.90660026951338], [12.451400588930705, 41.90642595005329], [12.451416899115806, 41.90639479170012], [12.452039481988013, 41.90650317733454], [12.452016433709034, 41.9065521974445], [12.452577002631244, 41.9067042317345], [12.453081824749566, 41.90674245389651], [12.453095838498598, 41.906693233717355], [12.453508442808843, 41.90677668817979], [12.453795288853637, 41.90683933904761], [12.453745972647477, 41.90701836009045], [12.45466877318859, 41.90723245607856], [12.454635623239767, 41.90730827016516], [12.454773069434099, 41.907338335740384], [12.454969310400433, 41.90740572810168], [12.45507646857448, 41.90743962511469], [12.455207356757366, 41.90748305397277], [12.455365527049786, 41.90752258463957], [12.455535920519369, 41.90755788276421], [12.455596380869144, 41.90740162223178], [12.455653113625756, 41.90726329042651], [12.45568364089676, 41.90710186411918], [12.455696428939317, 41.90700758608354], [12.455718250833714, 41.90691350952147], [12.455739919413864, 41.906747383832716], [12.455763886731583, 41.9065993196022], [12.455788387347773, 41.90643775876731], [12.455893989214209, 41.90635904719962], [12.456030569160294, 41.90633505767481], [12.456176360556247, 41.90630677056645], [12.456400622992877, 41.90627571868845], [12.456546236220388, 41.90625192818824], [12.456694681684905, 41.90623270414227], [12.456849863981647, 41.90619561709642], [12.456980956208504, 41.9061579961358], [12.457125700922727, 41.90608015138021], [12.457338632607893, 41.90603083481503], [12.45752091503569, 41.905994347346706], [12.457703554967665, 41.90594886179347], [12.457738668163836, 41.905823559952026], [12.457741372034812, 41.9056795267577], [12.457746195267486, 41.90555805570205], [12.457747444851863, 41.90552656256545], [12.457741829423854, 41.905364334271624], [12.457733737091768, 41.9051885434309], [12.457719803639794, 41.905008118192924], [12.457718425721831, 41.904891012410005], [12.457708906275368, 41.90475121265763], [12.45769849370593, 41.904633906474736], [12.457693389244017, 41.90453472948105], [12.457696782834716, 41.90444924868882], [12.457687442483955, 41.90430495091845], [12.457674909676472, 41.90416508350767], [12.457666461312835, 41.90399828948895], [12.457652170837608, 41.90382686289927], [12.457645662925206, 41.90368712902325], [12.457633132827393, 41.90354726151504], [12.45767745486152, 41.9034176595079], [12.45780216341603, 41.90338890192995], [12.457938915030617, 41.903360410583616], [12.45797685772759, 41.90323967443851], [12.458091150530125, 41.90309361046916], [12.458154766624231, 41.90300946477659], [12.458230782069224, 41.90291658672217], [12.458258442544112, 41.90282714231462], [12.458292301480974, 41.90273333176979], [12.458361785547366, 41.902577268654085], [12.458421697333407, 41.90243450369784], [12.4584817864366, 41.902287238952184], [12.458434016591857, 41.9021240773108], [12.458407297670275, 41.90203792948474], [12.458374914493461, 41.90194265204677], [12.45832004898685, 41.90180635018832], [12.458245175935755, 41.901642587375825], [12.458105646134555, 41.90151341628027], [12.458003473831788, 41.901430099767595], [12.457886244469194, 41.90134645186705], [12.457729517001932, 41.9012709338725], [12.457545156638846, 41.9012083118059], [12.457357783258594, 41.9011456235747], [12.457150021958459, 41.901141019687074], [12.456937823095451, 41.901172340576494], [12.456819142765228, 41.90120123068265], [12.456685585068612, 41.901225288485676], [12.456490913573095, 41.901270505476624], [12.456488312225344, 41.90110834377409], [12.456481628565387, 41.90097310857743], [12.456476730957256, 41.900792884431986], [12.4564774962432, 41.900621791827305], [12.45648056029077, 41.900468761581834], [12.45648198952967, 41.90043276951098], [12.454517190143044, 41.90050627979905], [12.454366726528978, 41.900273295513216]]]]}}]}