{"type": "FeatureCollection", "features": [{"type": "Feature", "properties": {"shapeName": "Dubai", "shapeISO": "AE-DU", "shapeID": "86790563B34058819691262", "shapeGroup": "ARE", "shapeType": "ADM1"}, "geometry": {"type": "MultiPolygon", "coordinates": [[[[56.0763817, 24.7394524], [56.0826683, 24.7379723], [56.0888062, 24.736166], [56.0975571, 24.7367783], [56.1036606, 24.7360191], [56.1071663, 24.7355843], [56.1195564, 24.7342777], [56.1297493, 24.7367783], [56.1364174, 24.7389164], [56.1443329, 24.7415562], [56.1499176, 24.7454453], [56.1517487, 24.7540283], [56.1535897, 24.7592506], [56.1550324, 24.7606613], [56.1582515, 24.7626525], [56.1660437, 24.7665773], [56.1735088, 24.770463], [56.1765395, 24.7722625], [56.1779119, 24.7765176], [56.1779685, 24.7775427], [56.1784817, 24.7785324], [56.1798411, 24.7789892], [56.1823044, 24.7808056], [56.2010535, 24.7851227], [56.2017759, 24.8058033], [56.2024064, 24.8074392], [56.2036202, 24.8238098], [56.1769409, 24.8249969], [56.1666641, 24.8261108], [56.1583328, 24.8255539], [56.1424942, 24.8227768], [56.1241608, 24.8247185], [56.117218, 24.8236084], [56.1161669, 24.8231308], [56.1111069, 24.8208313], [56.1055527, 24.8202744], [56.0994415, 24.8044434], [56.0927734, 24.7913857], [56.0888824, 24.7805519], [56.0811081, 24.7702751], [56.0786057, 24.7649994], [56.0747147, 24.7513885], [56.0741653, 24.7449989], [56.0763817, 24.7394524]]], [[[54.953219, 24.9965156], [54.9544643, 24.9928852], [54.9547339, 24.9925827], [54.9549906, 24.9925361], [54.9551319, 24.9925361], [54.958213, 24.9939441], [54.958855, 24.9942932], [54.958855, 24.9944328], [54.9585982, 24.9943513], [54.9583543, 24.9942699], [54.9580205, 24.9946539], [54.9574684, 24.9958524], [54.9568393, 24.9977374], [54.9564028, 24.999506], [54.9562231, 25.0020192], [54.956236, 25.004288], [54.9565184, 25.0065568], [54.9571218, 25.0089885], [54.958059, 25.011583], [54.9591887, 25.0139912], [54.9608834, 25.016795], [54.9623598, 25.0187146], [54.9626808, 25.0190985], [54.9626422, 25.0193195], [54.9616537, 25.0197616], [54.9615767, 25.0198779], [54.9631686, 25.0217742], [54.9646964, 25.0231585], [54.9656977, 25.0238565], [54.966391, 25.0242637], [54.9673667, 25.0246825], [54.9684965, 25.02495], [54.9698188, 25.0250547], [54.9702425, 25.0250896], [54.970679, 25.0252641], [54.9710898, 25.0257062], [54.9720655, 25.0265554], [54.9729513, 25.0273232], [54.9744534, 25.0282887], [54.9763535, 25.0291844], [54.9777015, 25.0296032], [54.9794218, 25.0299405], [54.9800509, 25.0300103], [54.9804617, 25.0300568], [54.980834, 25.030243], [54.9815658, 25.0310805], [54.982024, 25.0316076], [54.9826803, 25.0320816], [54.9839016, 25.0328908], [54.9847361, 25.0333096], [54.9854165, 25.033484], [54.9859814, 25.0335189], [54.9860969, 25.0334259], [54.9859814, 25.0327163], [54.9860841, 25.0326349], [54.9862253, 25.032693], [54.9864821, 25.033961], [54.9867517, 25.0355197], [54.9866233, 25.035857], [54.9863793, 25.03595], [54.9857246, 25.0357988], [54.985057, 25.0357639], [54.984184, 25.0360431], [54.9823867, 25.0363804], [54.9806663, 25.0365665], [54.9790615, 25.036648], [54.9770716, 25.0364386], [54.9758777, 25.0363106], [54.9744783, 25.0358919], [54.971962, 25.0350776], [54.969266, 25.0335655], [54.9672504, 25.0319369], [54.9654273, 25.0298315], [54.9642205, 25.0278306], [54.9634117, 25.026202], [54.9630651, 25.0249806], [54.962834, 25.0246549], [54.9619225, 25.0238173], [54.9609211, 25.0227354], [54.9592136, 25.0207112], [54.9580325, 25.0190941], [54.956171, 25.0162555], [54.9550797, 25.0142196], [54.9536161, 25.0106362], [54.9530256, 25.0082744], [54.9525634, 25.005133], [54.952435, 25.0018752], [54.9525763, 24.9998972], [54.9530384, 24.9970814], [54.953219, 24.9965156]]], [[[55.0154012, 25.0222279], [55.0156805, 25.0223247], [55.0166337, 25.0227491], [55.0190575, 25.0240967], [55.0192711, 25.0243721], [55.0192958, 25.0245061], [55.0190411, 25.0248784], [55.0174307, 25.0267992], [55.0159188, 25.0283255], [55.0149493, 25.0291221], [55.01361, 25.0301941], [55.0115148, 25.0315714], [55.0098961, 25.0324871], [55.0081707, 25.0332986], [55.0067575, 25.0339463], [55.0049498, 25.034579], [55.0031586, 25.0351225], [55.0009977, 25.0356362], [54.9990586, 25.0359637], [54.997775, 25.0361221], [54.9962979, 25.0362838], [54.9949369, 25.0363661], [54.9936839, 25.036422], [54.9910649, 25.0364033], [54.9897092, 25.0363196], [54.9894524, 25.0361428], [54.9893189, 25.0353704], [54.9890211, 25.0337791], [54.9888773, 25.032039], [54.9889389, 25.031918], [54.989093, 25.0319366], [54.9891135, 25.0321599], [54.9891443, 25.0325322], [54.98936, 25.0326625], [54.9904179, 25.0328486], [54.991753, 25.0329137], [54.9940742, 25.0329323], [54.9958202, 25.0327834], [54.9967446, 25.0327276], [54.9986446, 25.0325229], [55.0003803, 25.0321972], [55.002342, 25.031676], [55.0048583, 25.0308385], [55.0073438, 25.0297962], [55.0084633, 25.0291727], [55.009932, 25.0283352], [55.0118834, 25.0268927], [55.0137835, 25.0251059], [55.0149749, 25.0239798], [55.0154781, 25.0233563], [55.015776, 25.0227234], [55.0156527, 25.0225187], [55.0153754, 25.0223604], [55.0153383, 25.0222915], [55.0154012, 25.0222279]]], [[[55.7391785, 24.7534103], [55.7385878, 24.7580129], [55.7306118, 24.7817802], [55.7238428, 24.8074336], [55.7184349, 24.8276971], [55.7165804, 24.8346221], [55.7152638, 24.838425], [55.7101386, 24.8530053], [55.6647876, 24.9929953], [55.6619924, 24.9979044], [55.6618529, 25.0071319], [55.6623381, 25.043967], [55.6623518, 25.045012], [55.6624448, 25.0526116], [55.6585732, 25.070793], [55.651092, 25.1052234], [55.6428147, 25.1461803], [55.6292964, 25.2104279], [55.5640007, 25.2350421], [55.5188998, 25.2520099], [55.4981706, 25.2598492], [55.4830903, 25.2657269], [55.4572421, 25.2753535], [55.3942102, 25.2991786], [55.3859168, 25.302331], [55.3847152, 25.3018945], [55.383946, 25.3014639], [55.378235, 25.2982668], [55.3741795, 25.2965887], [55.3712827, 25.2968506], [55.3632774, 25.2977883], [55.3627533, 25.2978497], [55.3587192, 25.3032622], [55.3545565, 25.3074038], [55.349829630357576, 25.312548505709987], [55.34982672901592, 25.3124], [55.349825, 25.3123115], [55.3497499, 25.3121175], [55.3497928, 25.3117974], [55.349942715625005, 25.31155846163079], [55.3502005, 25.3111476], [55.3504258, 25.3105657], [55.3506404, 25.3098383], [55.3508996, 25.3092902], [55.35137, 25.3084028], [55.3520459, 25.3073844], [55.3526574, 25.3067054], [55.3532767, 25.306116], [55.3539449, 25.3055221], [55.3552109, 25.3046977], [55.3563696, 25.3040478], [55.3576324, 25.3030129], [55.3578502, 25.3027093], [55.3579682, 25.3019139], [55.3579897, 25.301623], [55.3578931, 25.3013514], [55.3579575, 25.3012738], [55.3578609, 25.3006821], [55.357582, 25.3000613], [55.3572279, 25.2995472], [55.356788, 25.2990719], [55.3563053, 25.2986742], [55.3558546, 25.2984123], [55.3553075, 25.2981795], [55.3546859, 25.2981021], [55.3541595, 25.2980631], [55.3535472, 25.2981305], [55.3529257, 25.2982668], [55.3523515, 25.2984579], [55.3517026, 25.2988391], [55.3511769, 25.2992853], [55.3508121, 25.2996733], [55.3505117, 25.3001777], [55.3503722, 25.3006336], [55.350222, 25.301332], [55.3501576, 25.3019915], [55.3501185, 25.302459], [55.3498147, 25.3034851], [55.3493017, 25.3044451], [55.3486568, 25.3053528], [55.348087, 25.3063078], [55.3479787, 25.3066423], [55.3478264, 25.3071126], [55.3475283, 25.3082509], [55.3475982, 25.309126], [55.3476704, 25.3100305], [55.3478084, 25.3116531], [55.3477665, 25.3120915], [55.3477613063973, 25.3124], [55.347761, 25.3124182], [55.3478551, 25.3126022], [55.3480855, 25.3127224], [55.3480941, 25.3131746], [55.3482289, 25.3137276], [55.3484846, 25.3143588], [55.3487376, 25.3147842], [55.3487988, 25.314812], [55.3488424, 25.3148402], [55.3488496, 25.3148987], [55.3487708, 25.3149796], [55.3488085, 25.3151872], [55.3487407, 25.3155924], [55.3487575, 25.3157439], [55.3488577, 25.3158538], [55.3492188, 25.3160823], [55.3495405, 25.316373], [55.349742715625, 25.316641951415676], [55.3498023, 25.3167212], [55.349942715625005, 25.317085205582618], [55.3499512, 25.3171072], [55.3500497, 25.3177499], [55.3503428, 25.3182671], [55.3506819, 25.3186441], [55.3511296, 25.3190617], [55.3516948, 25.3193825], [55.3517271, 25.3198033], [55.3520811, 25.3198663], [55.3525331, 25.3200104], [55.3527944, 25.3202704], [55.3529024, 25.3206173], [55.3528858, 25.320854], [55.3527266, 25.321165], [55.3523423, 25.3214193], [55.3521908, 25.3215792], [55.3521918, 25.3218071], [55.3523299, 25.3220478], [55.3534987, 25.3229287], [55.3537693, 25.323378], [55.3538445, 25.3241646], [55.3537506, 25.3249831], [55.354073, 25.3256038], [55.3546299, 25.3263025], [55.354706, 25.3267355], [55.35465487744187, 25.326908179711896], [55.3545837, 25.3271486], [55.3543294, 25.3275762], [55.353705, 25.3278168], [55.3530881, 25.3277901], [55.3514185, 25.3278183], [55.3514587, 25.3276578], [55.3520483, 25.3276641], [55.3520799, 25.3271938], [55.351947951497216, 25.32695614042419], [55.3518546, 25.326788], [55.35180140588682, 25.32675614042419], [55.3514619, 25.3265528], [55.3509829, 25.3264684], [55.3504598, 25.326516], [55.3500774, 25.3267409], [55.350062379533014, 25.32675614042419], [55.3496745, 25.3271497], [55.3504244, 25.3275444], [55.3503252, 25.327733], [55.3491853, 25.327109], [55.34882281047334, 25.326775732942874], [55.3482438, 25.3262434], [55.3483795, 25.3261377], [55.3489154, 25.326625], [55.3492539, 25.3263045], [55.3493945, 25.3258061], [55.3492531, 25.3251354], [55.3489036, 25.3246036], [55.3483409, 25.3241124], [55.3476038, 25.3238088], [55.3469311, 25.3237652], [55.3465154, 25.3239014], [55.3466817, 25.3247248], [55.3465047, 25.3247723], [55.346002, 25.322745], [55.346223, 25.322681], [55.3463046, 25.3231023], [55.3466951, 25.3231048], [55.3469939, 25.322903], [55.3471543, 25.3224269], [55.3469708, 25.3217795], [55.3465492, 25.3212995], [55.3458132, 25.3208907], [55.3453859, 25.3207262], [55.3450367, 25.3206319], [55.3446986, 25.3206215], [55.3443932, 25.3207103], [55.3444241, 25.3208308], [55.3444562, 25.3209351], [55.3445179, 25.3210296], [55.3445371, 25.3210897], [55.3445179, 25.3211557], [55.3444566, 25.3211989], [55.3443842, 25.3211964], [55.3443145, 25.3211479], [55.3442769, 25.3210219], [55.3442045, 25.3206121], [55.3440919, 25.3201369], [55.3439819, 25.3198169], [55.3438075, 25.3194993], [55.3437673, 25.3193708], [55.343778, 25.3192229], [55.343821, 25.3191768], [55.3438903, 25.3191482], [55.3439439, 25.3191652], [55.3440033, 25.3192374], [55.3440382, 25.3193465], [55.3440007, 25.3194265], [55.3440405, 25.3195652], [55.3441017, 25.3196719], [55.3443337, 25.3196513], [55.3445352, 25.3195001], [55.34464, 25.3193372], [55.3447243, 25.3190311], [55.3447391, 25.3187452], [55.3446292, 25.3183583], [55.3444629, 25.3180759], [55.344115, 25.3177536], [55.3437573, 25.3179838], [55.3435967, 25.3180505], [55.3435625, 25.3180093], [55.3435027, 25.3179429], [55.3434243, 25.3177731], [55.3433441, 25.3176027], [55.343181, 25.3173479], [55.3429921, 25.316932], [55.3428107, 25.3166818], [55.34247, 25.3163055], [55.342118, 25.3159771], [55.3420549, 25.3159029], [55.3419819, 25.3157288], [55.3417268, 25.3154572], [55.3416224, 25.3152483], [55.3415336, 25.3150275], [55.3413569, 25.3147743], [55.3411986, 25.3146583], [55.3410658, 25.3145331], [55.3410101, 25.3142069], [55.3409505, 25.3141198], [55.3408089, 25.3140238], [55.3404591, 25.3135644], [55.3404189, 25.3134674], [55.340396, 25.3133517], [55.3403452, 25.3132701], [55.3402804, 25.313219], [55.3402113, 25.3131661], [55.3401061, 25.3129871], [55.3399961, 25.3128426], [55.3398912, 25.3126657], [55.3398194, 25.3125881], [55.3395988, 25.31244], [55.339430007920804, 25.3124], [55.3393857, 25.3123895], [55.3392374, 25.3123853], [55.3391522, 25.3122862], [55.3392391, 25.3119995], [55.3393018, 25.3116422], [55.3393179, 25.3112543], [55.3392447, 25.3109321], [55.3389572, 25.3103469], [55.3384591, 25.309653], [55.338341, 25.3096461], [55.3382219, 25.3096498], [55.3381028, 25.3096758], [55.3380042, 25.3097389], [55.3376839, 25.3099283], [55.3374539, 25.3100582], [55.3375196, 25.3101548], [55.3379878, 25.3111239], [55.338033, 25.3114395], [55.3380535, 25.3118962], [55.3380083, 25.3122266], [55.337891275996604, 25.3126], [55.3378605, 25.3126982], [55.337729, 25.3130175], [55.3377537, 25.3131735], [55.3378646, 25.3133442], [55.3379755, 25.3134816], [55.3379632, 25.3135447], [55.3379262, 25.3135856], [55.3378728, 25.3136004], [55.3378071, 25.313541], [55.3376756, 25.3133628], [55.3375442, 25.3134705], [55.3374662, 25.3136821], [55.3374539, 25.3139049], [55.3374908, 25.3140608], [55.3375648, 25.3142911], [55.3376592, 25.314499], [55.3378276, 25.3147143], [55.3380453, 25.3149371], [55.3383534, 25.3151042], [55.3385177, 25.3151784], [55.3386162, 25.3151747], [55.3384643, 25.3147923], [55.3384766, 25.3147477], [55.3385587, 25.3147292], [55.3386162, 25.3147403], [55.3386573, 25.3148146], [55.3387395, 25.3150819], [55.3389695, 25.3156982], [55.3392323, 25.3162218], [55.3395815, 25.3168492], [55.3396759, 25.3170312], [55.3396349, 25.3170832], [55.3395732, 25.3170943], [55.3395157, 25.317046], [55.3393391, 25.316749], [55.3392282, 25.3168678], [55.3391666, 25.3170312], [55.3391255, 25.3172948], [55.3391255, 25.3175473], [55.3392036, 25.317822], [55.3394295, 25.3181673], [55.3397416, 25.3184718], [55.3399922, 25.3186425], [55.3401811, 25.3186611], [55.3402573, 25.3185781], [55.3402316, 25.3184943], [55.3401808, 25.3184182], [55.3401489, 25.3183315], [55.340159, 25.3182908], [55.3401895, 25.3182528], [55.340252, 25.3182567], [55.3402868, 25.3182751], [55.3403202, 25.3183407], [55.3404567, 25.3186295], [55.3407515, 25.3192045], [55.3409839, 25.3196928], [55.3410376, 25.3198437], [55.3410608, 25.3199645], [55.341071, 25.3201378], [55.3410347, 25.3202533], [55.3409926, 25.3203977], [55.3409374, 25.3205302], [55.3408546, 25.3206405], [55.3407617, 25.3207363], [55.3406644, 25.3208111], [55.3405584, 25.3208715], [55.3404364, 25.3209135], [55.3402796, 25.3209713], [55.3400937, 25.3210317], [55.3399419, 25.321098], [55.3398715, 25.3211347], [55.3398279, 25.3211321], [55.3397894, 25.3211131], [55.3394874, 25.3213336], [55.3392086, 25.3215909], [55.3390285, 25.3218324], [55.3389181, 25.3220162], [55.3383489, 25.3235861], [55.3382676, 25.3237593], [55.3381224, 25.3239641], [55.3379713, 25.324098], [55.3378319, 25.3242174], [55.3376809, 25.3243198], [55.3374674, 25.3244117], [55.3372627, 25.324476], [55.3372627, 25.3244983], [55.3372322, 25.3245456], [55.3368625, 25.3246421], [55.3365011, 25.3246347], [55.3361314, 25.3244416], [55.335581, 25.3241298], [55.3352278, 25.3238328], [55.3350635, 25.3234392], [55.3350635, 25.3229194], [55.3352032, 25.3225779], [55.3354167, 25.3221101], [55.3355564, 25.3215235], [55.3356796, 25.3209072], [55.3356796, 25.3202463], [55.33554, 25.3196151], [55.3353757, 25.3190731], [55.3350142, 25.3184122], [55.3345542, 25.3174468], [55.3342831, 25.3165335], [55.334127, 25.3156721], [55.3337409, 25.3138676], [55.3334781, 25.3127908], [55.3333384, 25.3125012], [55.3331084, 25.3121745], [55.3329138, 25.3119487], [55.3325551, 25.3117019], [55.3324012, 25.3115943], [55.3323126, 25.3114315], [55.3322095, 25.3111912], [55.3322095, 25.3111243], [55.3322458, 25.3110797], [55.332285, 25.3110495], [55.3323344, 25.3110495], [55.3323867, 25.3110586], [55.3324302, 25.3111085], [55.3324724, 25.311186], [55.3325304, 25.3113304], [55.3325798, 25.3113973], [55.3326568, 25.3114905], [55.3327584, 25.3115641], [55.3328993, 25.3116376], [55.3329792, 25.3117032], [55.333001, 25.3117544], [55.3329835, 25.3118161], [55.3330068, 25.3118279], [55.3330721, 25.3118529], [55.3331723, 25.3118529], [55.3333887, 25.3117662], [55.3335353, 25.3117255], [55.3336428, 25.3116861], [55.3337372, 25.3116034], [55.3338011, 25.3115509], [55.3338534, 25.3114656], [55.3338563, 25.311396], [55.3338447, 25.3112306], [55.33382, 25.311144], [55.3337619, 25.3110232], [55.3336835, 25.3109352], [55.3335862, 25.3109037], [55.3335078, 25.3109024], [55.3334293, 25.3109024], [55.3333146, 25.3108893], [55.3332347, 25.3108735], [55.3331941, 25.3108775], [55.3330939, 25.3108946], [55.3331433, 25.3110705], [55.3331404, 25.3111059], [55.3331186, 25.3111217], [55.3330736, 25.311123], [55.3330329, 25.3111138], [55.3330015, 25.3110608], [55.332829, 25.310604], [55.3328167, 25.3103701], [55.3328167, 25.3101956], [55.3329235, 25.309906], [55.3330385, 25.3097092], [55.3332306, 25.3094668], [55.3335888, 25.309126], [55.3339054, 25.3089238], [55.3348252, 25.3083873], [55.3357452, 25.3078341], [55.3358725, 25.3077747], [55.3369158, 25.3092859], [55.3372033, 25.3097166], [55.3374456, 25.3095792], [55.337844, 25.3093342], [55.3379632, 25.3092599], [55.3380248, 25.3092079], [55.3380802, 25.309125], [55.3351527, 25.3050463], [55.3304125, 25.2994572], [55.3304246, 25.2993813], [55.3304999, 25.299345], [55.3306506, 25.2994455], [55.3307694, 25.2995595], [55.3317443, 25.3006725], [55.3319828, 25.3007899], [55.3327612, 25.3016688], [55.3338942, 25.3030325], [55.3357693, 25.3053588], [55.336772, 25.3066723], [55.337163, 25.3071035], [55.3373736, 25.3071336], [55.3377205, 25.3068461], [55.3384779, 25.3063532], [55.3385854, 25.3062577], [55.3386198, 25.3061789], [55.3386354, 25.3060808], [55.3385621, 25.3059925], [55.3383336, 25.3055838], [55.3379609, 25.3050307], [55.3373038, 25.3040377], [55.3370502, 25.3035118], [55.3369, 25.3033051], [55.328857, 25.2953583], [55.327646, 25.2963334], [55.3281289, 25.2968311], [55.3285289, 25.2972044], [55.3287809, 25.2975116], [55.3291046, 25.2978409], [55.3292832, 25.2980753], [55.3293871, 25.2982718], [55.3296169, 25.3001919], [55.3296897, 25.3002591], [55.3297161, 25.3003615], [55.3297123, 25.3004373], [55.3296901, 25.3004868], [55.3295768, 25.3005265], [55.3294696, 25.3004966], [55.3294248, 25.3004708], [55.3293899, 25.3004132], [55.3293899, 25.3002721], [55.3294261, 25.3001717], [55.3292176, 25.2986126], [55.3290231, 25.2980604], [55.3259572, 25.2951775], [55.3255468, 25.2956037], [55.3253203, 25.2958663], [55.3252099, 25.2958663], [55.3250414, 25.2958033], [55.3247336, 25.295693], [55.3246087, 25.2958674], [55.3248265, 25.2963713], [55.3239446, 25.2974728], [55.3237182, 25.2979762], [55.3237858, 25.2981678], [55.3239162, 25.298288], [55.3238926, 25.2984321], [55.3235283, 25.2987502], [55.3236032, 25.2990993], [55.3241498, 25.2987826], [55.324241, 25.2988612], [55.3229927, 25.2996115], [55.3217723, 25.3001731], [55.3206313, 25.3006498], [55.3196399, 25.3009699], [55.3185464, 25.3012538], [55.3170948, 25.3015142], [55.3157432, 25.3017179], [55.315648, 25.3014851], [55.3155123, 25.301358], [55.3152736, 25.3014933], [55.3151561, 25.301723], [55.3151244, 25.3019919], [55.3151395, 25.3022307], [55.3153873, 25.3025714], [55.3158934, 25.3036785], [55.316233, 25.3041834], [55.3167265, 25.304421], [55.3170237, 25.304761], [55.3177061, 25.3047529], [55.3183734, 25.3048406], [55.3188908, 25.3049185], [55.3190697, 25.3045506], [55.3193347, 25.3043775], [55.3197376, 25.3043021], [55.3200935, 25.3042873], [55.3201185, 25.3039425], [55.3201783, 25.3036767], [55.3203025, 25.3035125], [55.3205924, 25.3033316], [55.3208526, 25.3030593], [55.321223, 25.3028201], [55.3222299, 25.3024549], [55.3223291, 25.3022828], [55.3222653, 25.302034], [55.3216103, 25.3022964], [55.3215727, 25.3021649], [55.3226483, 25.3017226], [55.324558, 25.3007968], [55.325102, 25.3007357], [55.3255413, 25.3008433], [55.3258916, 25.3010834], [55.3260129, 25.3014321], [55.3259871, 25.3017895], [55.3257248, 25.3023676], [55.3253182, 25.3030277], [55.3253021, 25.303325], [55.3254834, 25.3035292], [55.3256942, 25.3036349], [55.3259018, 25.3036102], [55.3262704, 25.3035233], [55.3266883, 25.3035199], [55.3270981, 25.3036785], [55.327442, 25.3039361], [55.3276957, 25.3043439], [55.3277901, 25.3048245], [55.327752, 25.3052988], [55.3276319, 25.3057052], [55.3274162, 25.306133], [55.3273685, 25.3063832], [55.3272424, 25.3066043], [55.3269876, 25.3067299], [55.3268454, 25.3069021], [55.3268213, 25.3072207], [55.326949, 25.3074947], [55.327193, 25.3076063], [55.3274178, 25.3075961], [55.3277601, 25.3074593], [55.3280133, 25.3072595], [55.3282268, 25.3070209], [55.3285207, 25.3069627], [55.3288099, 25.3069695], [55.3290776, 25.3070747], [55.3292578, 25.3072925], [55.3296816, 25.3082382], [55.3297079, 25.3084666], [55.3296768, 25.3087426], [55.3294981, 25.3097103], [55.3293892, 25.3112154], [55.3294217, 25.311573], [55.32967457308592, 25.3126], [55.3303479, 25.3153346], [55.3307853, 25.3175684], [55.3310412, 25.3190971], [55.3314006, 25.3217149], [55.3315154, 25.3228064], [55.3313824, 25.3227259], [55.3311096, 25.3204089], [55.3304991, 25.3204337], [55.3299085, 25.3208667], [55.3291629, 25.3212134], [55.3288088, 25.3215955], [55.3286709, 25.3222152], [55.3284725, 25.3236713], [55.3283711, 25.3247333], [55.3282659, 25.3250441], [55.3279591, 25.3254703], [55.3278775, 25.3258732], [55.3279789, 25.3262718], [55.3282386, 25.3266762], [55.32823794041503, 25.326758648121427], [55.32823636047661, 25.32695614042419], [55.3282359, 25.3270137], [55.3279677, 25.3272881], [55.3279376, 25.3274719], [55.3280819, 25.3277769], [55.3280857, 25.3286821], [55.3285143, 25.3281386], [55.3297497, 25.3274811], [55.3304975, 25.3269725], [55.33074986475271, 25.32675614042419], [55.3308816, 25.3266432], [55.3311477, 25.3262597], [55.3313247, 25.3263896], [55.3311413, 25.3267242], [55.331107136256996, 25.32675614042419], [55.330688, 25.327148], [55.3299391, 25.3276411], [55.3287477, 25.3282903], [55.3283443, 25.3288596], [55.3278775, 25.3293236], [55.3272542, 25.3297978], [55.3264324, 25.3302293], [55.3258283, 25.3307162], [55.3254764, 25.3311617], [55.3253241, 25.3311496], [55.3251047, 25.3308859], [55.3243644, 25.3308131], [55.3235206, 25.3306158], [55.3230265, 25.3303506], [55.3226038, 25.3297256], [55.3223028, 25.3296073], [55.3219493, 25.329617], [55.3215567, 25.329744], [55.3213995, 25.3298972], [55.3212911, 25.3304456], [55.3211731, 25.3307496], [55.3208866, 25.3309775], [55.320027, 25.3314571], [55.3197802, 25.3318668], [55.3192172, 25.3327375], [55.318824, 25.3334037], [55.3185778, 25.3339972], [55.3188884, 25.334323], [55.3191829, 25.3340462], [55.3192585, 25.3337451], [55.3195402, 25.3337247], [55.3196973, 25.3338789], [55.3196855, 25.3341169], [55.31956, 25.3343249], [55.3190686, 25.3345858], [55.3184292, 25.3347545], [55.3176025, 25.3347569], [55.3168971, 25.3346721], [55.316461, 25.3344515], [55.3160313, 25.3341296], [55.3155442, 25.3340103], [55.3150931, 25.3340568], [55.3128143, 25.3354595], [55.311382, 25.3363172], [55.3109791, 25.3367564], [55.3108959, 25.3370134], [55.3109882, 25.3373465], [55.3113828, 25.3381752], [55.3114034, 25.3385329], [55.3115622, 25.3387099], [55.3117848, 25.3387932], [55.3119442, 25.3388669], [55.3121067, 25.3391777], [55.3123175, 25.3392422], [55.3125788, 25.3392524], [55.3127198, 25.3393973], [55.3127064, 25.3396461], [55.3124972, 25.3399074], [55.3119307, 25.3404809], [55.3118111, 25.3408669], [55.310219, 25.3419102], [55.310138, 25.3421637], [55.3102983, 25.3424983], [55.3088864, 25.3433002], [55.3091643, 25.3437573], [55.309182, 25.3441079], [55.3090334, 25.3444637], [55.3087373, 25.3447948], [55.3088505, 25.3449296], [55.304997, 25.3480785], [55.3043868, 25.3482195], [55.3036111, 25.3484871], [55.302513, 25.3491391], [55.3008221, 25.350019], [55.2995942, 25.3507404], [55.298802825, 25.351375865067293], [55.2986506, 25.3514981], [55.2981318, 25.3520207], [55.2987858, 25.3529781], [55.2986962, 25.3530819], [55.2983496, 25.3526102], [55.2977183, 25.3528259], [55.296883, 25.3532544], [55.2965123, 25.3535962], [55.2963369, 25.3539525], [55.2962811, 25.3544101], [55.2964126, 25.3547504], [55.2969122, 25.3543884], [55.2970254, 25.3545072], [55.2947273, 25.356358], [55.2942054, 25.356549], [55.2936341, 25.3565437], [55.2931228, 25.3563847], [55.292735, 25.3559731], [55.2925279, 25.3554738], [55.2925783, 25.3548378], [55.2933369, 25.3522142], [55.2938411, 25.3494238], [55.294192, 25.3468331], [55.294414, 25.3468738], [55.2943236, 25.3478753], [55.2953311, 25.3477133], [55.2965552, 25.3471301], [55.2974302, 25.3464243], [55.2980128, 25.345715], [55.2984087, 25.344821], [55.298605, 25.3444918], [55.2989971, 25.3442455], [55.2999735, 25.3439343], [55.3001682, 25.3437651], [55.3001982, 25.3435101], [55.3001392, 25.3430679], [55.2999182, 25.342506], [55.2996001, 25.3420202], [55.2992042, 25.3417473], [55.2988459, 25.3417027], [55.298802825, 25.341725403238687], [55.2986205, 25.3418215], [55.2984918, 25.3420673], [55.2982445, 25.3423082], [55.2978674, 25.3425245], [55.297265, 25.3425434], [55.296736, 25.342378], [55.2962543, 25.3418646], [55.2943038, 25.3398507], [55.293887, 25.339697], [55.2936091, 25.339744], [55.2936343, 25.3400713], [55.293387, 25.3400722], [55.2927755, 25.3371143], [55.292415, 25.3352874], [55.2923163, 25.333987], [55.2923828, 25.3325552], [55.2925727, 25.3311128], [55.2929943, 25.3300931], [55.2933285, 25.3296397], [55.2939616, 25.3292494], [55.2941155, 25.329392], [55.293578, 25.3297561], [55.2931499, 25.3304175], [55.2937207, 25.3305784], [55.2943156, 25.3302177], [55.2950843, 25.3296276], [55.2963954, 25.328364], [55.2979167, 25.3265836], [55.298802825, 25.32613577255399], [55.29895807767605, 25.326057311378197], [55.299002825, 25.326034697097136], [55.2990604, 25.3260056], [55.3011429, 25.3238197], [55.3021439, 25.3233242], [55.3031234, 25.3221522], [55.3035403, 25.3215262], [55.3041947, 25.321193], [55.3048889, 25.3210548], [55.3057547, 25.3211586], [55.3072621, 25.3199265], [55.3079026, 25.3195836], [55.3087035, 25.3188892], [55.3095328, 25.3185319], [55.3103869, 25.3176566], [55.3114099, 25.3169869], [55.3117709, 25.3169147], [55.3120455, 25.3169699], [55.3124645, 25.3173108], [55.3128255, 25.3173773], [55.3136071, 25.3172439], [55.3145636, 25.3170514], [55.3153291, 25.316583], [55.3160828, 25.3159031], [55.3166246, 25.315762], [55.3168531, 25.3158124], [55.3170361, 25.3160079], [55.3174083, 25.3169598], [55.3178085, 25.3177332], [55.3181916, 25.3181556], [55.3186507, 25.31832], [55.3190107, 25.3182894], [55.3187087, 25.3176362], [55.3188246, 25.3175611], [55.3193229, 25.3185323], [55.3199275, 25.3202324], [55.3204661, 25.3221798], [55.3208207, 25.3239919], [55.32098, 25.325398], [55.3208276, 25.3254688], [55.320701, 25.3244991], [55.3197652, 25.3245874], [55.3197974, 25.326877], [55.31983460314523, 25.32695614042419], [55.319964, 25.3272314], [55.3205047, 25.3278569], [55.321937644756915, 25.32675614042419], [55.3225619, 25.3262766], [55.3235055, 25.3255886], [55.3236847, 25.3251619], [55.3235372, 25.3250252], [55.3234712, 25.3249059], [55.3240361, 25.3244981], [55.3241766, 25.3239662], [55.3240892, 25.323635], [55.3237636, 25.3234672], [55.3236944, 25.3236786], [55.3235345, 25.3238445], [55.3231633, 25.3241301], [55.3230603, 25.3240496], [55.3233671, 25.3237979], [55.3235254, 25.323585], [55.3235667, 25.3233581], [55.3232985, 25.3220528], [55.3231032, 25.3218845], [55.3228736, 25.321836], [55.3225163, 25.3216905], [55.322217, 25.3214132], [55.3220791, 25.3210805], [55.3220711, 25.3206975], [55.3222218, 25.3203832], [55.3225796, 25.3200729], [55.3226934, 25.319781], [55.3225126, 25.3191254], [55.3221666, 25.3182724], [55.321533, 25.3181333], [55.321267, 25.3179878], [55.3210293, 25.3177715], [55.3211034, 25.3176939], [55.3215293, 25.3179412], [55.3217669, 25.3176382], [55.3217905, 25.3171843], [55.3215567, 25.3163395], [55.3211414, 25.316053], [55.3209752, 25.3158032], [55.3209081, 25.3154415], [55.320936, 25.3148581], [55.3207091, 25.314251], [55.3200299, 25.3133679], [55.31953678151737, 25.3126], [55.3194865, 25.3125217], [55.319443345968274, 25.3124], [55.3192719, 25.3119165], [55.3188825, 25.3114587], [55.3182522, 25.3111052], [55.3174668, 25.3107841], [55.3167244, 25.3102444], [55.3165157, 25.3097672], [55.3160967, 25.3099112], [55.3157277, 25.3102948], [55.3170334, 25.3117875], [55.3169352, 25.3118932], [55.3158961, 25.3107822], [55.3148881, 25.3097769], [55.3135819, 25.3086877], [55.3119694, 25.3076504], [55.3113922, 25.3071611], [55.3110225, 25.3065524], [55.3108562, 25.3058463], [55.3108997, 25.3051102], [55.3111116, 25.3045845], [55.311552, 25.3041388], [55.3116132, 25.3042348], [55.3112484, 25.3046795], [55.3110274, 25.3051688], [55.310992, 25.3057411], [55.3111824, 25.3064501], [55.3116775, 25.3062261], [55.3120616, 25.3057149], [55.3125219, 25.305212], [55.3131925, 25.3047227], [55.3133874, 25.3042786], [55.3132845, 25.3037954], [55.3132335, 25.303102], [55.3129387, 25.3022212], [55.3124774, 25.3019219], [55.3124632, 25.3013677], [55.3122805, 25.3012105], [55.3119377, 25.3012357], [55.3108047, 25.3013492], [55.3098102, 25.3013574], [55.3091852, 25.301566], [55.3082604, 25.3017512], [55.3068678, 25.3018119], [55.3051694, 25.3019447], [55.3039592, 25.301825], [55.3035741, 25.3017959], [55.3033149, 25.3019845], [55.3032377, 25.3022081], [55.3030993, 25.3025529], [55.302874, 25.302759], [55.302859, 25.3029821], [55.3049414, 25.3028235], [55.3050584, 25.3029491], [55.3049822, 25.3030752], [55.3039184, 25.3031567], [55.3023295, 25.3032217], [55.3004745, 25.3031325], [55.298802825, 25.30275743853097], [55.2987407, 25.3027435], [55.2971233, 25.3021649], [55.2958734, 25.3015], [55.2948236, 25.30071], [55.2938532, 25.2997313], [55.2930995, 25.2987429], [55.2921752, 25.2971157], [55.2922895, 25.2970071], [55.2931826, 25.2984397], [55.2937974, 25.2977966], [55.2932111, 25.2973873], [55.292915, 25.29701], [55.292503, 25.296136], [55.2918893, 25.2958334], [55.2915156, 25.2959765], [55.2914019, 25.2963243], [55.2912249, 25.2966129], [55.2908826, 25.2969921], [55.2906123, 25.2973457], [55.2905361, 25.2976706], [55.2902352, 25.2983317], [55.2902271, 25.2987599], [55.2899753, 25.2994922], [55.2897703, 25.3002012], [55.2900922, 25.3011877], [55.2913936, 25.3027338], [55.2929997, 25.303923], [55.2936638, 25.3039889], [55.2944932, 25.3038104], [55.296036, 25.3047251], [55.2966679, 25.3045088], [55.2970928, 25.3048919], [55.2975133, 25.3048919], [55.2975777, 25.3053653], [55.2972676, 25.3058434], [55.2963922, 25.3063332], [55.2944374, 25.3075951], [55.2911039, 25.309596], [55.2881141, 25.3116675], [55.2876946, 25.3121223], [55.28685143738426, 25.3126], [55.2863221, 25.3128999], [55.2861901, 25.3131094], [55.286189, 25.3134334], [55.2860624, 25.3137636], [55.285673, 25.3141268], [55.2851677, 25.3143737], [55.2845658, 25.3144246], [55.284091, 25.3142805], [55.2833454, 25.3136957], [55.2829725, 25.31314], [55.2825589799109, 25.3124], [55.2823202, 25.3119727], [55.2819769, 25.3108676], [55.28175, 25.3094093], [55.281367, 25.3073905], [55.2811401, 25.3059656], [55.2811095, 25.3051494], [55.2812688, 25.3047047], [55.2828765, 25.3031737], [55.2839129, 25.3019384], [55.2845094, 25.30087], [55.2860506, 25.2984208], [55.2873773, 25.2952058], [55.2876053, 25.2952921], [55.2872373, 25.2961632], [55.2875479, 25.296377], [55.2880816, 25.2965473], [55.288706, 25.2966273], [55.2891652, 25.2965512], [55.2898484, 25.2954527], [55.2903398, 25.2947757], [55.2909223, 25.2941743], [55.2910163, 25.2939056], [55.2910539, 25.2936849], [55.2910378, 25.2934157], [55.2910002, 25.2932217], [55.2909251, 25.293069], [55.2908527, 25.2930035], [55.2907052, 25.2929622], [55.2905925, 25.2928604], [55.2905335, 25.292841], [55.2903994, 25.2927343], [55.2903216, 25.2924021], [55.2902331, 25.292065], [55.2901927, 25.2918043], [55.2901446, 25.291546], [55.2901445, 25.2915133], [55.2901659, 25.2914745], [55.2902224, 25.2914296], [55.2901795, 25.291221], [55.2900588, 25.2904911], [55.2899728, 25.2896702], [55.2899461, 25.2891063], [55.2899889, 25.2887292], [55.2900668, 25.2882139], [55.290268, 25.287724], [55.2904906, 25.2872705], [55.2908901, 25.2866823], [55.2913328, 25.2861937], [55.2914428, 25.28615], [55.2915313, 25.2861573], [55.2916305, 25.2861888], [55.291703, 25.2862616], [55.2917351, 25.286361], [55.2917351, 25.2864677], [55.291314, 25.2869503], [55.2910834, 25.2872826], [55.2909008, 25.28765], [55.29074, 25.2880368], [55.2906247, 25.2884297], [55.2905496, 25.2888468], [55.2905121, 25.2891694], [55.2905121, 25.2892955], [55.2902411, 25.2893027], [55.2901768, 25.2893003], [55.2901446, 25.2893221], [55.2901285, 25.2893658], [55.29015, 25.2894458], [55.2902036, 25.2898096], [55.2902921, 25.2906463], [55.2903484, 25.2907481], [55.2904369, 25.2907748], [55.2905468, 25.290759], [55.2906782, 25.2907105], [55.2907453, 25.2907008], [55.2908125, 25.2906536], [55.2908902, 25.2905905], [55.2910378, 25.2905662], [55.291129, 25.2905371], [55.29133, 25.290582], [55.2916009, 25.2906184], [55.2918235, 25.2906717], [55.2920703, 25.2907033], [55.2922287, 25.2906899], [55.2923574, 25.2906439], [55.292513, 25.2905274], [55.2927972, 25.2903637], [55.2929742, 25.2902619], [55.2930573, 25.2900679], [55.2931002, 25.2899466], [55.2932141, 25.2897684], [55.2935322, 25.2888274], [55.2937817, 25.2880271], [55.2939374, 25.2876224], [55.2941384, 25.2873966], [55.2942323, 25.287319], [55.2943208, 25.2871419], [55.2944896, 25.2865902], [55.2946264, 25.2861779], [55.2947043, 25.2859439], [55.2948036, 25.2858032], [55.2948948, 25.2856165], [55.2949189, 25.2854443], [55.2949081, 25.2852587], [55.2948921, 25.2851363], [55.2948572, 25.2850417], [55.2947553, 25.2849301], [55.29464, 25.2848307], [55.2945005, 25.2847749], [55.2941786, 25.2846706], [55.2930172, 25.2843335], [55.292918, 25.2843287], [55.292832, 25.2843735], [55.2927758, 25.2844693], [55.2927436, 25.2845688], [55.2928, 25.284593], [55.2928025, 25.2846549], [55.2927329, 25.284918], [55.2928027, 25.2849325], [55.2928374, 25.2849604], [55.2928348, 25.2850368], [55.2927946, 25.2852648], [55.2927517, 25.2853909], [55.292741, 25.2855801], [55.2927302, 25.2856528], [55.2926954, 25.2857086], [55.2926927, 25.2858517], [55.292682, 25.2860118], [55.2926684, 25.2860833], [55.2926149, 25.2861088], [55.2924271, 25.2861015], [55.2923816, 25.2860627], [55.2923814, 25.286013], [55.2923921, 25.2859233], [55.2924111, 25.2856262], [55.2924969, 25.285032], [55.2926632, 25.2842947], [55.2929635, 25.2833282], [55.2932801, 25.2824733], [55.2939936, 25.2807053], [55.294479, 25.2792913], [55.2945434, 25.2792622], [55.2946131, 25.2792525], [55.2947043, 25.2792695], [55.2947875, 25.279301], [55.2959087, 25.2798297], [55.2984459, 25.2810582], [55.298802825, 25.281243850764913], [55.2994787, 25.2815954], [55.2994975, 25.2816293], [55.2994839, 25.2816499], [55.2994544, 25.2817057], [55.2994197, 25.281736], [55.2993714, 25.2817166], [55.2993312, 25.2816657], [55.2992829, 25.2816317], [55.29899594258023, 25.281477522409368], [55.2987277, 25.2813334], [55.2986874, 25.2813383], [55.2986231, 25.2813819], [55.2985801, 25.2814693], [55.2985961, 25.2815578], [55.2986552, 25.2816148], [55.2987679, 25.2816512], [55.2989208, 25.2816415], [55.2989717, 25.2816584], [55.2989798, 25.2817166], [55.2989528, 25.2817858], [55.2989341, 25.2818537], [55.2989528, 25.2819119], [55.2989664, 25.2819858], [55.2989394, 25.282101], [55.2989208, 25.2821774], [55.2989475, 25.2822829], [55.299002825, 25.282338018563443], [55.2990279, 25.282363], [55.2997389, 25.2827498], [55.299846, 25.2828359], [55.3001492, 25.2831742], [55.300337, 25.2833295], [55.3007152, 25.2835307], [55.3008627, 25.2836447], [55.3009914, 25.2837126], [55.30108, 25.2837151], [55.3011068, 25.2837587], [55.3012033, 25.2838315], [55.3013267, 25.2838897], [55.3014017, 25.2839079], [55.3014877, 25.2838824], [55.3016781, 25.2835696], [55.3017371, 25.2834289], [55.3018363, 25.2833125], [55.3019329, 25.2832882], [55.302, 25.2832349], [55.3020482, 25.2831718], [55.3020223, 25.2830599], [55.3018542, 25.282965], [55.3018122, 25.2829123], [55.3017103, 25.2828589], [55.3013079, 25.2834871], [55.3006749, 25.2831476], [55.3005596, 25.2830651], [55.3004523, 25.2829826], [55.3003102, 25.2828347], [55.300219, 25.2827062], [55.3000098, 25.2825121], [55.3000366, 25.282483], [55.3002485, 25.2826843], [55.3003449, 25.2828165], [55.3004765, 25.2829535], [55.3005864, 25.2830408], [55.3006964, 25.2831112], [55.3012945, 25.2834289], [55.301694, 25.282802], [55.3018389, 25.2828771], [55.3018605, 25.2828541], [55.3019025, 25.2828535], [55.302, 25.2829269], [55.3021716, 25.2830263], [55.3023969, 25.28315], [55.3024719, 25.2831973], [55.3025283, 25.2832082], [55.3025713, 25.2832009], [55.30259, 25.2831815], [55.302582, 25.283116], [55.3026195, 25.2830918], [55.302665, 25.283093], [55.3027268, 25.2831015], [55.3027724, 25.2830845], [55.3028207, 25.2830239], [55.3028958, 25.2830214], [55.3029521, 25.2830457], [55.3030299, 25.283053], [55.3030916, 25.2830602], [55.3031451, 25.2831124], [55.3032016, 25.2831815], [55.3032606, 25.2832033], [55.303333, 25.2832058], [55.3034162, 25.2831961], [55.3034805, 25.2832373], [55.3035555, 25.2833113], [55.303636, 25.2833525], [55.3037058, 25.2833634], [55.3037434, 25.2833949], [55.3037728, 25.2834422], [55.3038426, 25.2834653], [55.3039124, 25.2834944], [55.3039525, 25.2835417], [55.3040116, 25.2835987], [55.3040034, 25.2836775], [55.3040705, 25.2837599], [55.3041349, 25.2838303], [55.3041082, 25.2838848], [55.3040545, 25.2839042], [55.3039499, 25.2839309], [55.3038507, 25.2838727], [55.3037729, 25.2838], [55.303679, 25.2837806], [55.3035583, 25.2837636], [55.3034886, 25.2837514], [55.3037057, 25.2838788], [55.3038078, 25.2839139], [55.3047786, 25.2844705], [55.3062357, 25.2853233], [55.3064327, 25.2854456], [55.3072268, 25.2859434], [55.3072881, 25.2858521], [55.3088207, 25.2868028], [55.3104305, 25.2878324], [55.3111381, 25.2883013], [55.3110851, 25.2883694], [55.311902, 25.2889158], [55.3129617, 25.2896437], [55.3130476, 25.2896703], [55.3131126, 25.2896801], [55.3131883, 25.2896754], [55.3132254, 25.2896988], [55.3132202, 25.2897451], [55.3132777, 25.289794], [55.3134213, 25.2903099], [55.3141021, 25.2908015], [55.3147109, 25.2907991], [55.3147619, 25.2908354], [55.3148047, 25.2908269], [55.3148531, 25.2908427], [55.3148853, 25.2909033], [55.3149282, 25.2910197], [55.3150113, 25.2910828], [55.3150945, 25.2911434], [55.3151426, 25.2911495], [55.3155532, 25.2909373], [55.3157166, 25.2908827], [55.3159634, 25.2908512], [55.3161887, 25.2907736], [55.3164542, 25.2906426], [55.3167198, 25.2905117], [55.3168995, 25.290422], [55.3169665, 25.2903856], [55.3170579, 25.2904086], [55.317165, 25.2904365], [55.317259, 25.2904838], [55.3173127, 25.2905323], [55.3173851, 25.2905323], [55.3175325, 25.2904511], [55.3176948, 25.2902843], [55.3178088, 25.290194], [55.3178679, 25.290103], [55.3178704, 25.2900436], [55.3178438, 25.2899794], [55.3178599, 25.2899333], [55.3178974, 25.2898993], [55.3179779, 25.2898993], [55.3180315, 25.2898993], [55.3180744, 25.289829], [55.3181896, 25.2896532], [55.3182434, 25.2896107], [55.3182863, 25.2896107], [55.3183722, 25.289555], [55.3183935, 25.2895295], [55.3169506, 25.2884903], [55.3156685, 25.2875833], [55.3144159, 25.2867175], [55.3131364, 25.285865], [55.310988, 25.2844645], [55.309191, 25.283361], [55.3077317, 25.2824867], [55.3074226, 25.2823013], [55.3073966, 25.2822356], [55.3074153, 25.2821726], [55.3074717, 25.2820683], [55.3074393, 25.282055], [55.3073724, 25.2821605], [55.3073375, 25.282192], [55.3072623, 25.282215], [55.3060313, 25.2815056], [55.3046366, 25.2807174], [55.3027508, 25.2796854], [55.3012166, 25.2788972], [55.2997791, 25.2781635], [55.298802825, 25.277697243978018], [55.2963994, 25.2765494], [55.2949699, 25.275903], [55.295088, 25.2755659], [55.2944383, 25.2753041], [55.2937069, 25.2750094], [55.293626, 25.2750663], [55.2935938, 25.2751875], [55.2936099, 25.2752943], [55.2929286, 25.2773425], [55.2925961, 25.2784764], [55.2928402, 25.2785346], [55.2928778, 25.2784182], [55.2929046, 25.2784279], [55.2928268, 25.2786874], [55.2927946, 25.2786825], [55.2928295, 25.2785661], [55.2925854, 25.2785031], [55.2923519, 25.2792343], [55.2922099, 25.27974], [55.292006, 25.2803803], [55.2918584, 25.2807865], [55.2917565, 25.2811382], [55.2915688, 25.2815178], [55.291448, 25.2817615], [55.2912361, 25.2822102], [55.2907561, 25.283133], [55.2903458, 25.2839018], [55.2901929, 25.2842341], [55.2901337, 25.2843202], [55.2894579, 25.2850684], [55.2887686, 25.2858396], [55.287862, 25.2868606], [55.2878164, 25.2869067], [55.2877038, 25.2869794], [55.2865691, 25.2876888], [55.2857645, 25.2882236], [55.2856571, 25.2882975], [55.2855339, 25.2883569], [55.2853139, 25.288437], [55.2850618, 25.2885073], [55.2847802, 25.2885388], [55.2844395, 25.2885558], [55.2841767, 25.2885291], [55.2839111, 25.2884758], [55.2836349, 25.2883642], [55.2833506, 25.2882357], [55.2823367, 25.2877652], [55.2816661, 25.2874257], [55.2791824, 25.2863052], [55.2776078, 25.2855473], [55.2765324, 25.2850611], [55.276401, 25.2849956], [55.2762507, 25.2848816], [55.2756687, 25.2844645], [55.2746252, 25.2836969], [55.2738932, 25.2831476], [55.2726809, 25.2822648], [55.2713746, 25.2812607], [55.2694193, 25.2798322], [55.2692369, 25.2797667], [55.2691296, 25.2797012], [55.2690357, 25.2796309], [55.2689794, 25.2795532], [55.2689901, 25.2794708], [55.2690435, 25.2793604], [55.269124, 25.2793289], [55.2692447, 25.2793386], [55.2693335, 25.2793786], [55.2693842, 25.2794574], [55.2694166, 25.2795969], [55.2699878, 25.2800285], [55.2700121, 25.2799969], [55.2700632, 25.2800262], [55.2700269, 25.280065], [55.2712429, 25.2809417], [55.2720452, 25.2815396], [55.2723775, 25.281502], [55.2725843, 25.2815396], [55.2728147, 25.2816014], [55.2730242, 25.2816997], [55.27322, 25.2818209], [55.2735097, 25.2819883], [55.2737883, 25.2821544], [55.2738852, 25.2821314], [55.2739469, 25.2821386], [55.2739815, 25.2821787], [55.2739656, 25.2822429], [55.2739039, 25.2822963], [55.2738315, 25.2823399], [55.2737993, 25.2823884], [55.2738503, 25.2825267], [55.2739278, 25.2826104], [55.273963, 25.2826819], [55.2739278, 25.282768], [55.2738983, 25.2828141], [55.2739254, 25.2828541], [55.2739656, 25.2828978], [55.2739495, 25.2829511], [55.273979, 25.2829996], [55.2745261, 25.2834119], [55.2757383, 25.2843008], [55.2763928, 25.2847931], [55.2764921, 25.2848598], [55.2766422, 25.2849216], [55.2772296, 25.2851933], [55.2788953, 25.2859863], [55.2806307, 25.2867842], [55.2825834, 25.2876803], [55.2838494, 25.2882454], [55.2841524, 25.2883315], [55.2843966, 25.2883545], [55.2846434, 25.2883594], [55.2849758, 25.2883096], [55.2852066, 25.2882672], [55.2854533, 25.288169], [55.2856975, 25.2880295], [55.2863196, 25.2876282], [55.2876045, 25.2868266], [55.2877118, 25.2867563], [55.2878191, 25.2866472], [55.2889857, 25.2853291], [55.2899783, 25.2841953], [55.2900588, 25.2841055], [55.2901981, 25.2838375], [55.2906864, 25.2828638], [55.2910404, 25.2822017], [55.291019, 25.2821435], [55.2910485, 25.282112], [55.291129, 25.2820732], [55.2911531, 25.2820052], [55.2911772, 25.281947], [55.2911746, 25.2819131], [55.2910709, 25.2818166], [55.2910839, 25.2819253], [55.2910776, 25.2820339], [55.2908929, 25.281901], [55.2907964, 25.2819931], [55.2906247, 25.2818694], [55.2907052, 25.28177], [55.2904986, 25.2816099], [55.2906086, 25.2814717], [55.2906621, 25.2814147], [55.2905925, 25.2813577], [55.2906353, 25.2813128], [55.2905821, 25.2812682], [55.2905147, 25.2813286], [55.2904663, 25.2812837], [55.2907828, 25.2809248], [55.290496, 25.2807126], [55.2900185, 25.2812607], [55.2899595, 25.2812097], [55.2904584, 25.2806422], [55.2901312, 25.2804045], [55.2896216, 25.2809672], [55.2895678, 25.2809296], [55.2899755, 25.2804761], [55.289517, 25.2801305], [55.2888303, 25.2809066], [55.2887552, 25.2808484], [55.2895304, 25.2800019], [55.2894284, 25.2799195], [55.2893614, 25.2798467], [55.2893319, 25.2797715], [55.2893507, 25.2797424], [55.2891978, 25.2796115], [55.2893976, 25.2793904], [55.288031, 25.2783769], [55.2862312, 25.27706], [55.2846917, 25.2759394], [55.282334, 25.2742052], [55.2810304, 25.2732714], [55.2777796, 25.2709041], [55.2754836, 25.2692087], [55.274829, 25.2687345], [55.274797, 25.2687042], [55.2747728, 25.2686678], [55.2747621, 25.2686096], [55.2744483, 25.2659463], [55.2744563, 25.2658978], [55.2744966, 25.2658493], [55.275371, 25.2648232], [55.2759576, 25.2652491], [55.2775892, 25.2664604], [55.2786146, 25.2672168], [55.2814229, 25.2692785], [55.283069, 25.2704626], [55.2841346, 25.2712383], [55.2849063, 25.2718039], [55.2849285, 25.2717913], [55.2849492, 25.2717603], [55.2849465, 25.2717215], [55.2849258, 25.2716215], [55.2847292, 25.2711418], [55.2845388, 25.2707343], [55.284453, 25.2706106], [55.2844296, 25.2704524], [55.2843572, 25.2702972], [55.284266, 25.2700741], [55.2841767, 25.2698344], [55.2840641, 25.2696234], [55.2839997, 25.2695531], [55.2839541, 25.2694172], [55.283946, 25.2692571], [55.2839138, 25.2690825], [55.283828, 25.2688982], [55.2838092, 25.2687769], [55.2835464, 25.2681293], [55.2833407, 25.2676873], [55.2832495, 25.2674666], [55.2830751, 25.2670397], [55.2829831, 25.2668679], [55.2829383, 25.2666904], [55.2828571, 25.2665187], [55.2826747, 25.2661475], [55.2825762, 25.2657905], [55.2824797, 25.265645], [55.2823751, 25.265463], [55.282367, 25.2653612], [55.2823938, 25.2652423], [55.2824923, 25.2651021], [55.2826318, 25.2649808], [55.282841, 25.2648692], [55.2829536, 25.2647892], [55.2831019, 25.2647111], [55.2831789, 25.2646946], [55.2832406, 25.2647019], [55.2832782, 25.2647431], [55.2832889, 25.264811], [55.2832674, 25.2648983], [55.2833077, 25.2648692], [55.2851289, 25.2650512], [55.2854266, 25.2648692], [55.28484, 25.2640804], [55.2837296, 25.2625862], [55.2831333, 25.2617547], [55.2825647, 25.2621016], [55.282731, 25.2623247], [55.283525, 25.263423], [55.2833809, 25.2635128], [55.2828203, 25.2633964], [55.2819459, 25.2632411], [55.2815007, 25.2626663], [55.281355, 25.2627419], [55.2812799, 25.2627516], [55.2812316, 25.2627177], [55.2808075, 25.2623669], [55.2803607, 25.2620137], [55.2797545, 25.2617421], [55.2794667, 25.2616019], [55.2792119, 25.2615291], [55.2788418, 25.2614418], [55.2783786, 25.2613661], [55.2779781, 25.2613229], [55.2775141, 25.2613229], [55.2769696, 25.2613617], [55.2765431, 25.2614175], [55.2760362, 25.2614878], [55.2756714, 25.2615533], [55.2753308, 25.2615727], [55.2748381, 25.261565], [55.2742981, 25.2615218], [55.2738717, 25.2614418], [55.2734192, 25.2613345], [55.2727593, 25.2611162], [55.2724509, 25.2609998], [55.2721129, 25.2608979], [55.271801, 25.2608572], [55.2714604, 25.2608499], [55.2710392, 25.2608887], [55.2709695, 25.2609445], [55.2706637, 25.2612914], [55.2704921, 25.261158], [55.2704062, 25.2612671], [55.2704411, 25.2612986], [55.2703606, 25.261386], [55.2703204, 25.2613544], [55.2701791, 25.2615335], [55.2701434, 25.2616188], [55.2701407, 25.2616868], [55.2701568, 25.2618299], [55.2702212, 25.2619924], [55.270197, 25.2620069], [55.2703454, 25.2626299], [55.2703687, 25.2626304], [55.2704062, 25.2627807], [55.2703794, 25.2627953], [55.2704867, 25.2631883], [55.2704572, 25.2632004], [55.2704626, 25.2632174], [55.2705036, 25.2632096], [55.2705251, 25.2632897], [55.2705009, 25.2632994], [55.2705457, 25.2634138], [55.270586, 25.2634866], [55.2705994, 25.2635691], [55.2705994, 25.2636661], [55.2706208, 25.2636904], [55.2706369, 25.2637947], [55.270678, 25.2640343], [55.2707343, 25.2640683], [55.2707517, 25.2641391], [55.2707281, 25.264144], [55.2707442, 25.2642386], [55.2707423, 25.2643472], [55.2707772, 25.2643424], [55.2707952, 25.2644132], [55.2707576, 25.2644229], [55.2708738, 25.2648736], [55.2708971, 25.2648668], [55.2709167, 25.2649537], [55.2708971, 25.2650026], [55.2709676, 25.2653272], [55.2710044, 25.2653228], [55.2710186, 25.2653878], [55.2709971, 25.2654679], [55.2711412, 25.2660384], [55.2711554, 25.2661543], [55.2712458, 25.2664968], [55.2712967, 25.266686], [55.2713236, 25.2668946], [55.2713343, 25.2670984], [55.2713236, 25.2673046], [55.2712833, 25.2675253], [55.2711653, 25.2682214], [55.2710822, 25.2686508], [55.2711036, 25.2686702], [55.2710875, 25.2687162], [55.2711036, 25.2687599], [55.2710661, 25.2687648], [55.2710392, 25.2690777], [55.2710232, 25.2691941], [55.2709883, 25.2692644], [55.2706601, 25.2697779], [55.2700545, 25.2708191], [55.2695306, 25.2716955], [55.2667278, 25.2750939], [55.2666218, 25.2757429], [55.2665413, 25.2763541], [55.2664608, 25.2769144], [55.2663992, 25.2774528], [55.266316, 25.2780931], [55.2662516, 25.2786291], [55.266198, 25.2789929], [55.2661578, 25.2793422], [55.266139, 25.2794343], [55.2661336, 25.279592], [55.2661953, 25.2800358], [55.2662865, 25.2807076], [55.2663428, 25.2812], [55.2663596, 25.2813305], [55.2664072, 25.2813309], [55.26641, 25.2813763], [55.2663676, 25.281379], [55.2663965, 25.2816535], [55.266434, 25.2816875], [55.2665111, 25.2817808], [55.2665628, 25.2818839], [55.2665762, 25.281947], [55.2665628, 25.2820125], [55.2665205, 25.2820702], [55.2660672, 25.2823879], [55.2655596, 25.2827037], [55.2653316, 25.2828031], [55.2648006, 25.2829753], [55.2644063, 25.2830675], [55.2639235, 25.2831257], [55.2633897, 25.2831329], [55.2629612, 25.2830961], [55.2625133, 25.2830233], [55.2621083, 25.2829166], [55.2617536, 25.2827982], [55.2611051, 25.2824752], [55.2607806, 25.2822448], [55.2602442, 25.281767], [55.2601315, 25.2816579], [55.2596132, 25.2808629], [55.2593456, 25.2809618], [55.259292, 25.2809861], [55.2592457, 25.2809793], [55.2592008, 25.280957], [55.2591679, 25.2809138], [55.2591659, 25.2808551], [55.2591901, 25.2808066], [55.2598633, 25.2805422], [55.2597882, 25.2802973], [55.2597399, 25.2801032], [55.2597024, 25.2798995], [55.2596829, 25.2796841], [55.2596943, 25.2794921], [55.2597231, 25.2792985], [55.2597768, 25.2791045], [55.2598391, 25.2789706], [55.2599055, 25.2788547], [55.2602361, 25.278454], [55.2600779, 25.2783473], [55.2603079, 25.2780664], [55.2592323, 25.2773631], [55.2592269, 25.2772369], [55.2591659, 25.2765816], [55.2590854, 25.2758855], [55.2590264, 25.2752258], [55.2589507, 25.2744768], [55.2588246, 25.2732204], [55.2587656, 25.2727305], [55.2587824, 25.2726548], [55.2588139, 25.2725801], [55.2588682, 25.2725263], [55.2589433, 25.272485], [55.2590308, 25.272463], [55.2591836, 25.2725033], [55.2592516, 25.2725714], [55.2592905, 25.272641], [55.2595575, 25.2738075], [55.2597201, 25.273776], [55.2603711, 25.2736538], [55.2604626, 25.2736353], [55.2608552, 25.2735536], [55.2609192, 25.2735407], [55.2613187, 25.2734633], [55.2620388, 25.273317], [55.2619873, 25.2731224], [55.2621214, 25.2730856], [55.2621768, 25.2732795], [55.2607724, 25.2673874], [55.2597553, 25.2675925], [55.2596093, 25.2676221], [55.259467, 25.26811], [55.2589968, 25.2682055], [55.2588017, 25.2674123], [55.2587141, 25.2674305], [55.2585538, 25.2674663], [55.2587443, 25.2682493], [55.2582878, 25.268346], [55.2580177, 25.267187], [55.2576806, 25.2672556], [55.2579509, 25.2684099], [55.2560336, 25.2687855], [55.256889, 25.2723189], [55.256793, 25.2723487], [55.2567401, 25.2723422], [55.2566256, 25.2723718], [55.2572892, 25.2789711], [55.2573306, 25.2793058], [55.257395, 25.2799897], [55.257462, 25.2805864], [55.257521, 25.2812703], [55.2575854, 25.2818718], [55.2576337, 25.282466], [55.2576719, 25.2824801], [55.25769, 25.2825387], [55.2576417, 25.282546], [55.2576444, 25.2826624], [55.2576444, 25.2827206], [55.25769, 25.28274], [55.2577142, 25.2828201], [55.2577624, 25.2828613], [55.2577946, 25.2829195], [55.2577873, 25.2829991], [55.2577544, 25.2830529], [55.2577122, 25.2830888], [55.2576344, 25.2831082], [55.2575666, 25.2831038], [55.2574949, 25.2830597], [55.2574459, 25.2829898], [55.2574359, 25.2829142], [55.2574674, 25.2828201], [55.2574513, 25.2823762], [55.2573822, 25.2817306], [55.2573145, 25.2810908], [55.2572448, 25.280453], [55.2571677, 25.2797103], [55.2571103, 25.279001], [55.2566741, 25.2748079], [55.2564346, 25.2723652], [55.254581, 25.2645962], [55.2545869, 25.2644048], [55.2547219, 25.2641909], [55.2547777, 25.2642204], [55.2548851, 25.2640392], [55.255215, 25.2635706], [55.2553891, 25.2633215], [55.2555191, 25.2632603], [55.2569181, 25.2629872], [55.2606515, 25.2622584], [55.2673508, 25.2609519], [55.2683464, 25.2607675], [55.2684269, 25.2607359], [55.2688185, 25.2605006], [55.268907, 25.26044], [55.2698324, 25.259557], [55.2712378, 25.257973], [55.2727291, 25.256338], [55.2741749, 25.2546472], [55.2751349, 25.2535701], [55.2758833, 25.2527114], [55.2757679, 25.2528133], [55.2756472, 25.2529152], [55.2755614, 25.2529467], [55.2754647, 25.252897], [55.2753763, 25.2528351], [55.2753118, 25.2527466], [55.2752912, 25.2525994], [55.2752287, 25.252567], [55.2750759, 25.2528351], [55.2750061, 25.2528873], [55.274757, 25.2526149], [55.2747299, 25.2525852], [55.2743276, 25.2529055], [55.2742392, 25.2528448], [55.2746735, 25.2525331], [55.2744428, 25.2522978], [55.2741051, 25.2526944], [55.2739951, 25.2526216], [55.2739603, 25.2526556], [55.273909, 25.2526228], [55.2738715, 25.2525719], [55.2739039, 25.2525537], [55.2738101, 25.2524858], [55.2739412, 25.2524166], [55.2739013, 25.252379], [55.274687, 25.2515324], [55.2747246, 25.2515494], [55.2747728, 25.2515106], [55.2747889, 25.2514475], [55.2743259, 25.2510906], [55.2734265, 25.252054], [55.2733192, 25.2519763], [55.2728364, 25.2516222], [55.2728391, 25.251678], [55.272871, 25.2517204], [55.2728337, 25.2517847], [55.2727747, 25.2518381], [55.2727235, 25.2518514], [55.2726457, 25.2518466], [55.2725602, 25.251872], [55.2725116, 25.2519072], [55.2724553, 25.2518878], [55.2722651, 25.2520637], [55.2709962, 25.2533118], [55.2709559, 25.2532778], [55.2709532, 25.2532439], [55.2709079, 25.2532111], [55.2704412, 25.2536526], [55.2704788, 25.2536817], [55.2705056, 25.253672], [55.2705429, 25.2537072], [55.2704198, 25.2538224], [55.2703929, 25.2537982], [55.2703983, 25.2537691], [55.2703632, 25.2537387], [55.2700308, 25.2540432], [55.2693469, 25.2546763], [55.2693683, 25.2547006], [55.2694005, 25.2547006], [55.2694354, 25.2547346], [55.269363, 25.2548146], [55.2694059, 25.2548655], [55.2693761, 25.2548959], [55.2693147, 25.2548486], [55.2690599, 25.2550839], [55.2691082, 25.2551324], [55.2690757, 25.2551627], [55.2690277, 25.2551178], [55.2688158, 25.2553119], [55.2687887, 25.2552961], [55.2687941, 25.2552428], [55.2686495, 25.2551227], [55.26862, 25.25513], [55.2685824, 25.2550984], [55.269202, 25.2545162], [55.2692286, 25.2545417], [55.2696526, 25.2541523], [55.2696256, 25.2541269], [55.2697597, 25.2540104], [55.2697868, 25.2540286], [55.2702076, 25.2536417], [55.2701864, 25.2536187], [55.2703098, 25.2534925], [55.2703339, 25.2535143], [55.2722142, 25.2516925], [55.2722168, 25.2516561], [55.2721873, 25.2515955], [55.2722329, 25.2515542], [55.2722893, 25.2515494], [55.2723425, 25.2515665], [55.2724931, 25.2513912], [55.2716812, 25.2505681], [55.2707955, 25.2495542], [55.2704423, 25.2497592], [55.270399, 25.2497191], [55.2660487, 25.2530099], [55.2660235, 25.2529839], [55.2660487, 25.2529367], [55.2659831, 25.2528691], [55.2659221, 25.2528791], [55.2651722, 25.2521041], [55.2693492, 25.2489644], [55.2687347, 25.2483006], [55.2646521, 25.251426], [55.2638077, 25.2505432], [55.2637948, 25.2505194], [55.2638143, 25.2504474], [55.2637645, 25.2503963], [55.2637244, 25.2503899], [55.2637079, 25.2503595], [55.2680885, 25.247026], [55.26822, 25.2468237], [55.2666219, 25.2451158], [55.2664426, 25.2450728], [55.2662944, 25.2449163], [55.2656103, 25.2453232], [55.2657219, 25.2454778], [55.2661011, 25.2459976], [55.2657822, 25.2461832], [55.2653531, 25.2456033], [55.2652243, 25.2455257], [55.2635989, 25.2464888], [55.2608279, 25.2481227], [55.2607233, 25.2479699], [55.260667, 25.2479699], [55.260568, 25.247959], [55.2604256, 25.2479238], [55.2603317, 25.2478874], [55.2596047, 25.2483032], [55.2568585, 25.2498973], [55.2553001, 25.2507949], [55.2544016, 25.2513553], [55.253656, 25.2517629], [55.2529559, 25.2521631], [55.2525536, 25.2524397], [55.252221, 25.2526871], [55.2518371, 25.2530255], [55.2514646, 25.2533785], [55.2511642, 25.2536963], [55.2511669, 25.2537327], [55.2511374, 25.2537691], [55.2511025, 25.2537594], [55.2509362, 25.2539631], [55.2507377, 25.25423], [55.2505795, 25.254475], [55.250161, 25.2551858], [55.2497906, 25.2560118], [55.2495441, 25.2568402], [55.2493805, 25.2576237], [55.2493403, 25.2583708], [55.2493588, 25.2591677], [55.2494529, 25.2600398], [55.2495388, 25.2609276], [55.2496192, 25.261779], [55.2497131, 25.262645], [55.2497882, 25.2633605], [55.2498577, 25.2641647], [55.2499599, 25.2650367], [55.2500403, 25.2659123], [55.2501288, 25.2668001], [55.2502227, 25.2677315], [55.2503246, 25.2686387], [55.2503592, 25.269125], [55.2503756, 25.2692524], [55.250429, 25.269387], [55.2503861, 25.2694064], [55.25037, 25.2695155], [55.2503729, 25.2696356], [55.250437, 25.2695568], [55.2504491, 25.2696263], [55.2505178, 25.2697278], [55.2505584, 25.269831], [55.2505309, 25.2698915], [55.2504853, 25.26994], [55.2504239, 25.269963], [55.2503405, 25.2699764], [55.25026, 25.2699691], [55.2502066, 25.269917], [55.2501879, 25.2698466], [55.250209, 25.2697654], [55.2502305, 25.2696877], [55.2502225, 25.2695859], [55.2501313, 25.2688703], [55.2500698, 25.2680444], [55.249984, 25.2672052], [55.2498928, 25.2663683], [55.2498123, 25.2655558], [55.2497292, 25.264731], [55.2496273, 25.2638748], [55.2495653, 25.2630707], [55.2494798, 25.2622278], [55.2493883, 25.2613654], [55.2492813, 25.2604376], [55.2492166, 25.2595995], [55.2491498, 25.2587953], [55.2491472, 25.258138], [55.249182, 25.2577595], [55.2492705, 25.2571555], [55.2493966, 25.2566679], [55.2495253, 25.2562264], [55.2497718, 25.2555848], [55.2499304, 25.2552513], [55.2502174, 25.2547176], [55.2504132, 25.2543974], [55.250668, 25.2540577], [55.250853, 25.2538321], [55.2514539, 25.2531359], [55.2515585, 25.2530267], [55.251883, 25.2527648], [55.2526089, 25.2522027], [55.2540349, 25.2513553], [55.2550411, 25.2507483], [55.256424, 25.249941], [55.2579824, 25.2490288], [55.2594844, 25.2481337], [55.2609245, 25.2472931], [55.2643231, 25.2452637], [55.2646637, 25.2450987], [55.2647174, 25.2450284], [55.2647147, 25.2449532], [55.2646047, 25.2446329], [55.2645833, 25.2445213], [55.2646098, 25.2444886], [55.2645672, 25.2444582], [55.2645294, 25.2444692], [55.2644331, 25.244138], [55.2644626, 25.2441332], [55.2644357, 25.2440482], [55.2644626, 25.2440046], [55.2645082, 25.2439827], [55.2648434, 25.2439221], [55.2647871, 25.2438372], [55.2647067, 25.243779], [55.2645857, 25.2437535], [55.2644408, 25.2437511], [55.2643177, 25.2437523], [55.2641568, 25.2437935], [55.2641029, 25.2438384], [55.2642721, 25.2445019], [55.2642426, 25.2446014], [55.2641595, 25.2447275], [55.2640278, 25.2448282], [55.2629817, 25.2454396], [55.2614824, 25.2463129], [55.2599079, 25.2472809], [55.2586902, 25.2480184], [55.2586231, 25.2479675], [55.2585507, 25.2480111], [55.2586046, 25.2480779], [55.2575908, 25.2486722], [55.2572287, 25.2488978], [55.2563325, 25.2494109], [55.2562041, 25.2494388], [55.2558336, 25.2496535], [55.2557883, 25.2496863], [55.2557478, 25.2496996], [55.2557022, 25.2496826], [55.2556781, 25.2496632], [55.2556593, 25.2496293], [55.255662, 25.249588], [55.2561555, 25.2492823], [55.2561987, 25.2491186], [55.2561394, 25.2489185], [55.2559892, 25.2486322], [55.2557132, 25.2482719], [55.2551017, 25.2474204], [55.2550212, 25.2473695], [55.254753, 25.2468964], [55.2544901, 25.2464985], [55.254345, 25.2462062], [55.2541736, 25.2458581], [55.2540824, 25.2457295], [55.253932, 25.2455706], [55.2537874, 25.2454359], [55.2536104, 25.2453146], [55.2534733, 25.2452673], [55.2534009, 25.2453013], [55.2532882, 25.2453814], [55.25323, 25.2453823], [55.2527975, 25.2456781], [55.252725, 25.2456992], [55.252682, 25.2456895], [55.2526472, 25.2456603], [55.252623, 25.2456021], [55.2526391, 25.2455512], [55.2534009, 25.2449835], [55.2534733, 25.2448428], [55.2536476, 25.2445517], [55.253822, 25.2442702], [55.2539051, 25.2440616], [55.2539507, 25.2438069], [55.2540687, 25.2432319], [55.2542163, 25.2428558], [55.2544523, 25.2424531], [55.2546696, 25.2421304], [55.2550129, 25.2416598], [55.2553519, 25.2413114], [55.255439912987136, 25.241229754469632], [55.2556864, 25.2410011], [55.2560324, 25.2407002], [55.2563459, 25.2405001], [55.2567885, 25.2402187], [55.2571935, 25.2400124], [55.2577219, 25.2398111], [55.2581001, 25.2396703], [55.2583549, 25.2395976], [55.2587787, 25.2395078], [55.2593312, 25.239401], [55.2594841, 25.2393768], [55.260844, 25.2393334], [55.261941, 25.2393409], [55.2620003, 25.2393586], [55.2620191, 25.2393877], [55.2620084, 25.2394411], [55.2619829, 25.2394665], [55.261933, 25.2394666], [55.2618847, 25.2394447], [55.2615092, 25.239452], [55.2614531, 25.2403169], [55.26148, 25.2405741], [55.2615068, 25.240608], [55.2615738, 25.2406105], [55.2616489, 25.2406299], [55.2616972, 25.2406638], [55.2617053, 25.2407318], [55.2616648, 25.2407767], [55.2615736, 25.2408131], [55.2615175, 25.240824], [55.2615095, 25.2408507], [55.2615416, 25.2409817], [55.2616275, 25.2413043], [55.261678065500334, 25.24142975446963], [55.261783, 25.2416901], [55.2619574, 25.2420006], [55.2621505, 25.242236], [55.2623651, 25.2424664], [55.2626411, 25.2426666], [55.2629444, 25.2428401], [55.2632797, 25.2429881], [55.2635479, 25.2430244], [55.2637276, 25.2429953], [55.2638001, 25.2429832], [55.2638779, 25.2430948], [55.2639342, 25.2432137], [55.2639771, 25.2433568], [55.2639905, 25.2435], [55.26402, 25.2436091], [55.2641648, 25.2436261], [55.2643606, 25.2435849], [55.2645323, 25.2435824], [55.2646718, 25.2435946], [55.2647549, 25.2436164], [55.2649129, 25.2436953], [55.265058, 25.2438275], [55.2651117, 25.2438493], [55.2651492, 25.243842], [55.2654764, 25.2437547], [55.2655435, 25.2437304], [55.2655888, 25.2436686], [55.2656374, 25.243318], [55.2656615, 25.2432573], [55.2657044, 25.2432331], [55.26575, 25.2432331], [55.2657876, 25.2432743], [55.2657983, 25.2433083], [55.265742, 25.243614], [55.2657581, 25.2437086], [55.2658115, 25.243836], [55.2659029, 25.2438736], [55.2660636, 25.2438748], [55.2662623, 25.2437692], [55.266383, 25.2436965], [55.2665466, 25.2434927], [55.2665896, 25.2434927], [55.2665759, 25.2432537], [55.2665359, 25.243204], [55.2665342, 25.2429978], [55.2667083, 25.2421683], [55.266616, 25.2419155], [55.2663918, 25.2415667], [55.266342393262725, 25.24142975446963], [55.2661911, 25.2410104], [55.2661603, 25.2406404], [55.2659661, 25.2406042], [55.2659803, 25.2405079], [55.2662507, 25.240535], [55.2662469, 25.2403779], [55.2661686, 25.2401639], [55.2659315, 25.2399169], [55.2655227, 25.2396093], [55.264931, 25.2394598], [55.2646709, 25.239598], [55.2646749, 25.239791], [55.2647224, 25.2400848], [55.2648146, 25.2403691], [55.2647149, 25.2404126], [55.2645522, 25.2398165], [55.2645276, 25.2395566], [55.2652813, 25.2390597], [55.264058, 25.2372048], [55.2635513, 25.236965], [55.2634099, 25.2367731], [55.2636927, 25.2365919], [55.2631683, 25.2358936], [55.2625967, 25.2362294], [55.2631801, 25.2370236], [55.2631211, 25.2370556], [55.2632095, 25.2372421], [55.2632095, 25.2373487], [55.2631388, 25.237466], [55.2629561, 25.237498], [55.2628795, 25.2373967], [55.2628913, 25.2371622], [55.2623139, 25.2363307], [55.2623139, 25.2362188], [55.2624199, 25.2360908], [55.2618819, 25.2353936], [55.2618524, 25.2353034], [55.2618582, 25.2351947], [55.26189, 25.2351238], [55.2618689, 25.2350151], [55.2619226, 25.2349084], [55.2620004, 25.234855], [55.2620808, 25.2348429], [55.2621452, 25.2348526], [55.2622981, 25.2347531], [55.2622843, 25.234607], [55.2622253, 25.2344712], [55.2620969, 25.2343334], [55.2619124, 25.2342335], [55.2617612, 25.2343402], [55.2617375, 25.2343139], [55.2617026, 25.2343309], [55.2617241, 25.2343989], [55.2616785, 25.2344183], [55.2616544, 25.2343673], [55.2614689, 25.2344154], [55.2612295, 25.2344347], [55.2609763, 25.2344438], [55.258692, 25.2344213], [55.2584967, 25.2343705], [55.258366, 25.2342614], [55.2582544, 25.2341048], [55.2582518, 25.2339557], [55.2583202, 25.2338274], [55.2584655, 25.2337906], [55.2586003, 25.2338306], [55.2587248, 25.2339074], [55.258768, 25.2340081], [55.2588871, 25.2341196], [55.259932, 25.234127], [55.2601707, 25.2338302], [55.2602061, 25.2331799], [55.260101, 25.232553], [55.2597555, 25.2318081], [55.2592534, 25.2310525], [55.2587829, 25.2305144], [55.2581269, 25.2301058], [55.2574579, 25.2299418], [55.2570553, 25.2298407], [55.2569645, 25.229913], [55.2569449, 25.2300328], [55.2572852, 25.2304557], [55.257362, 25.2304398], [55.2574973, 25.2305738], [55.2575306, 25.230646], [55.2574956, 25.2307149], [55.2574251, 25.2307409], [55.2573373, 25.2307175], [55.2567797, 25.230033], [55.2565918, 25.2300098], [55.2564565, 25.229953], [55.2562891, 25.229769], [55.2562599, 25.2295428], [55.2563182, 25.2293701], [55.2554941, 25.2283687], [55.2555786, 25.2282879], [55.2556799, 25.2283206], [55.2564179, 25.2292932], [55.25658, 25.229254], [55.2567346, 25.2292835], [55.2570137, 25.228551], [55.2570143, 25.2278575], [55.2568147, 25.2270418], [55.2563228, 25.2265609], [55.2556421, 25.2262207], [55.255083, 25.2260268], [55.2547616, 25.2259139], [55.2543982, 25.2258676], [55.2540483, 25.225855], [55.2538662, 25.2259379], [55.2539356, 25.226026], [55.253958, 25.2261188], [55.2539162, 25.2262088], [55.2536453, 25.2268644], [55.2535649, 25.2270184], [55.253545, 25.227112], [55.2535667, 25.2271855], [55.2536626, 25.22725], [55.2537555, 25.2273103], [55.2538372, 25.2273838], [55.2538812, 25.227496], [55.253869, 25.2275977], [55.2538211, 25.2276854], [55.2537139, 25.2277538], [55.2535703, 25.2277761], [55.2534585, 25.227733], [55.2532898, 25.227525], [55.253232, 25.2272695], [55.2532387, 25.2270955], [55.2536221, 25.2261578], [55.2536256, 25.2260929], [55.2535907, 25.2260397], [55.2527019, 25.224887], [55.2526121, 25.2248306], [55.2521537, 25.2248423], [55.2519782, 25.2248199], [55.2517233, 25.2247507], [55.2515301, 25.2246712], [55.2513909, 25.2245503], [55.2513477, 25.2243949], [55.2514097, 25.224259], [55.2515521, 25.2241609], [55.2517205, 25.2241604], [55.2518388, 25.2242437], [55.2518788, 25.2243375], [55.2518922, 25.2244459], [55.2519492, 25.2245298], [55.2520649, 25.2245644], [55.2522167, 25.2245631], [55.2523826, 25.2245631], [55.2526144, 25.2245709], [55.2527496, 25.224576], [55.2528418, 25.2246204], [55.2529055, 25.224692], [55.252986, 25.2246395], [55.2531163, 25.2245517], [55.253397, 25.2243237], [55.2535789, 25.2238578], [55.253617, 25.223192], [55.2535499, 25.2226596], [55.2533284, 25.2222559], [55.2529719, 25.2219063], [55.2525743, 25.2216524], [55.2526015, 25.2210518], [55.2523789, 25.220468], [55.2518811, 25.2196828], [55.2508822, 25.2186792], [55.2503903, 25.2190573], [55.2500603, 25.2192322], [55.2499849, 25.219181], [55.2499896, 25.2190232], [55.2507344, 25.2185328], [55.2509214, 25.2183419], [55.250827, 25.2180924], [55.2496811, 25.2165365], [55.2476633, 25.2146423], [55.24579, 25.2133442], [55.2450619, 25.2130369], [55.2448822, 25.2130389], [55.2448739, 25.2131485], [55.2447769, 25.2131969], [55.2447683, 25.213099], [55.2442278, 25.2130714], [55.2443075, 25.2131741], [55.244349, 25.2132833], [55.2443, 25.213372], [55.2441717, 25.2133822], [55.244036, 25.2131434], [55.2439266, 25.212461], [55.2438286, 25.2120072], [55.2435872, 25.2116012], [55.2429876, 25.2108676], [55.2428405, 25.2106288], [55.242784, 25.2105299], [55.2418034, 25.2104991], [55.2417393, 25.2104411], [55.2417356, 25.2103729], [55.2417884, 25.2103183], [55.2427927, 25.2103349], [55.2429322, 25.2096894], [55.2428436, 25.2089356], [55.242356, 25.2080979], [55.2408143, 25.2065821], [55.2399581, 25.2058395], [55.2392656, 25.2049266], [55.2391685, 25.2054148], [55.2392827, 25.2060779], [55.2394184, 25.2073558], [55.2393353, 25.2082256], [55.2390213, 25.2094648], [55.2393646, 25.2099696], [55.2394719, 25.2101831], [55.2390824, 25.2105394], [55.2388282, 25.2110373], [55.238635, 25.2119304], [55.2384172, 25.2127137], [55.238782, 25.2133543], [55.2388067, 25.2137358], [55.2385245, 25.2141503], [55.2382273, 25.2143182], [55.2383561, 25.2145123], [55.2393431, 25.2137552], [55.2394472, 25.2139173], [55.2382917, 25.2148035], [55.2375622, 25.2157354], [55.2368111, 25.2173466], [55.2365536, 25.218259], [55.2363176, 25.2193461], [55.2360172, 25.2199867], [55.2357061, 25.2205109], [55.2351374, 25.2210156], [55.2343006, 25.22153], [55.2340216, 25.2217241], [55.2338714, 25.2217532], [55.2338714, 25.2216659], [55.2346117, 25.2212388], [55.2353091, 25.2207244], [55.2356846, 25.220307], [55.236103, 25.2195597], [55.2362854, 25.218822], [55.2359099, 25.2184046], [55.235513, 25.2178416], [55.2353627, 25.2172496], [55.2354164, 25.2166866], [55.2355451, 25.2163274], [55.2356417, 25.2159489], [55.2357168, 25.2154442], [55.2360172, 25.2150365], [55.2361567, 25.2146968], [55.2363927, 25.2134058], [55.2365322, 25.212901], [55.2367253, 25.2124157], [55.2369506, 25.2120662], [55.2372403, 25.2116489], [55.2373905, 25.2111344], [55.2372832, 25.2105034], [55.2369184, 25.2098822], [55.2365429, 25.2094066], [55.2360279, 25.2090862], [55.2355451, 25.2088921], [55.2352662, 25.2085815], [55.2350516, 25.2082223], [55.2349121, 25.2079796], [55.2346868, 25.2078923], [55.2338822, 25.2081058], [55.2335174, 25.2083776], [55.2332492, 25.2085912], [55.2329488, 25.2087271], [55.2332063, 25.2084164], [55.233718, 25.2080738], [55.2343403, 25.2077826], [55.2352447, 25.2076787], [55.2364646, 25.2078214], [55.2374978, 25.2082223], [55.2383561, 25.2088241], [55.2386401, 25.2073582], [55.2384201, 25.2057153], [55.2384196, 25.2052678], [55.2384698, 25.2049584], [55.237327, 25.2049737], [55.2371985, 25.2048747], [55.2371983, 25.2047407], [55.238345, 25.2047266], [55.2384893, 25.2042228], [55.2384239, 25.2034413], [55.2381825, 25.2028375], [55.2378011, 25.2023458], [55.2374792, 25.2018197], [55.2370549, 25.2012882], [55.2365742, 25.2006441], [55.2364141, 25.2007243], [55.2365324, 25.2005737], [55.2350786, 25.1988273], [55.2334086, 25.1973519], [55.2322097, 25.1960066], [55.2321974, 25.1959911], [55.231727, 25.1954892], [55.2316111, 25.1949975], [55.231233821754756, 25.194222442031023], [55.2311676, 25.1940864], [55.2304343, 25.1931239], [55.2298558, 25.1928945], [55.2292403, 25.1927842], [55.2287162, 25.1931571], [55.228913, 25.1934057], [55.2288731, 25.1934754], [55.2287808, 25.1934731], [55.2270764, 25.1909746], [55.2270493, 25.1908005], [55.2271342, 25.1907875], [55.227179, 25.1909056], [55.2274187, 25.1906992], [55.2274376, 25.1902362], [55.2273001, 25.1895951], [55.2270982, 25.1889813], [55.2266802, 25.1881208], [55.2264276, 25.1876657], [55.2259779, 25.1870962], [55.2252295, 25.1865364], [55.2244339, 25.1862516], [55.2239683, 25.1862702], [55.2236171, 25.1865962], [55.2238301, 25.1869427], [55.2238186, 25.1869974], [55.2237483, 25.1869979], [55.2219426, 25.1845496], [55.2218179, 25.1844523], [55.2218409, 25.184395], [55.2218928, 25.1843742], [55.2219993, 25.1844862], [55.222093, 25.1844466], [55.2222427, 25.183856], [55.2217533, 25.1822717], [55.2211569, 25.1814213], [55.2201057, 25.1808154], [55.2196113, 25.1807821], [55.2193364, 25.1808524], [55.2191428, 25.1809471], [55.2194821, 25.1813864], [55.2194287, 25.1814348], [55.219316, 25.181365], [55.2173933, 25.1787711], [55.217423, 25.1787013], [55.2175001, 25.1787228], [55.2175832, 25.1788087], [55.2177614, 25.1790641], [55.2180525, 25.1789775], [55.2182059, 25.178795], [55.218303, 25.178476], [55.218317, 25.1779109], [55.2181019, 25.1769244], [55.217684, 25.176221], [55.2171987, 25.1758577], [55.2164193, 25.1755519], [55.2162126, 25.1756996], [55.2161353, 25.1759238], [55.2162288, 25.1760207], [55.2162234, 25.1760912], [55.2161249, 25.1761103], [55.2159732, 25.1759883], [55.2157657, 25.1758138], [55.2156926, 25.175768], [55.2153946, 25.1758443], [55.2152484, 25.1758036], [55.2152878, 25.1756917], [55.2153976, 25.1756619], [55.2161705, 25.1754525], [55.2163279, 25.175361], [55.2164347, 25.175361], [55.2166428, 25.1752287], [55.2167166, 25.1751704], [55.216862, 25.1750557], [55.2166371, 25.1747554], [55.2165697, 25.1747402], [55.2164741, 25.1747046], [55.216148, 25.1740176], [55.215389, 25.1730254], [55.2151549, 25.1727394], [55.2149392, 25.1724758], [55.2145569, 25.1722316], [55.2141745, 25.1721196], [55.2140059, 25.1721196], [55.2140227, 25.1723283], [55.2139553, 25.1723842], [55.2138091, 25.1722621], [55.2137304, 25.1722621], [55.2135729, 25.1723232], [55.2134942, 25.17243], [55.2133705, 25.1733256], [55.2134717, 25.173636], [55.2133874, 25.1736869], [55.2136741, 25.1743535], [55.2140677, 25.1751218], [55.2141689, 25.1751472], [55.2142195, 25.1751778], [55.2142083, 25.1752541], [55.2142026, 25.1753253], [55.2145456, 25.1757528], [55.215142, 25.176447], [55.2150989, 25.1765819], [55.2149252, 25.1766056], [55.2144746, 25.1760618], [55.2138523, 25.1751297], [55.21323, 25.1739257], [55.2130369, 25.1726828], [55.2121786, 25.1727217], [55.2115133, 25.1726978], [55.211492, 25.1726051], [55.211492, 25.1725275], [55.2117091, 25.1724785], [55.2115315, 25.1717136], [55.2110948, 25.1703692], [55.2104591, 25.1687627], [55.2098444, 25.16748], [55.2090563, 25.1661292], [55.2082211, 25.1653558], [55.2069379, 25.1644571], [55.2049133, 25.1613964], [55.20428, 25.1606519], [55.2038373, 25.1589154], [55.203222, 25.1580662], [55.2022096, 25.1576041], [55.2015168, 25.1563975], [55.2008365, 25.1554633], [55.1997633, 25.1542102], [55.1991248, 25.1538363], [55.1988155, 25.1538872], [55.198524, 25.1541471], [55.198769, 25.1542995], [55.1988549, 25.1543384], [55.198769, 25.1544083], [55.1982283, 25.1542451], [55.1978249, 25.1541208], [55.1977648, 25.1540431], [55.1977906, 25.1539188], [55.1979279, 25.1539033], [55.1982197, 25.1540664], [55.1983399, 25.1540587], [55.1989868, 25.1535861], [55.198971, 25.1534371], [55.1988766, 25.1530554], [55.1987853, 25.1528496], [55.1986574, 25.1526648], [55.1984429, 25.1523961], [55.198091, 25.1521086], [55.1976961, 25.1519299], [55.1971812, 25.1518755], [55.1968808, 25.151961], [55.1966683, 25.1520928], [55.1964173, 25.1522484], [55.1962885, 25.1523339], [55.1962199, 25.1524271], [55.1962628, 25.1525126], [55.1971845, 25.1536265], [55.1972584, 25.1537557], [55.1974797, 25.1548216], [55.1975554, 25.1549644], [55.1975842, 25.1550643], [55.1975366, 25.1551231], [55.1974497, 25.1551392], [55.1973698, 25.1550985], [55.1973185, 25.1549677], [55.1971729, 25.154315], [55.1970719, 25.1537855], [55.196979, 25.1536421], [55.196244, 25.1527597], [55.1960732, 25.1526785], [55.1958983, 25.1526584], [55.1958039, 25.1527723], [55.1954125, 25.153281401124808], [55.195066, 25.1537321], [55.1945448, 25.153849], [55.1936719, 25.1538071], [55.1930635, 25.1536275], [55.192594, 25.1533522], [55.1923016, 25.152851], [55.1921671, 25.1521143], [55.1922575, 25.1514408], [55.1927787, 25.150797], [55.1933097, 25.150537], [55.1937862, 25.1505004], [55.1941002, 25.1506142], [55.1944315, 25.1503267], [55.1947736, 25.1500203], [55.1947633, 25.1496582], [55.1947026, 25.1493844], [55.1944896, 25.1488254], [55.1940903, 25.1479579], [55.193643, 25.1471641], [55.1930627, 25.1463898], [55.1924468, 25.1456442], [55.1920016, 25.1451597], [55.1915114, 25.1447176], [55.1911633, 25.1445392], [55.190874, 25.1444177], [55.1904415, 25.1442959], [55.1903635, 25.1443325], [55.1901796, 25.1444479], [55.1898883, 25.1446145], [55.1895342, 25.144761], [55.1894841, 25.1447757], [55.1894832, 25.1448151], [55.1895412, 25.1448546], [55.1896103, 25.1448826], [55.1896925, 25.1449162], [55.1897175, 25.144957], [55.1897106, 25.1450082], [55.1896488, 25.145056], [55.1895663, 25.145057], [55.1894375, 25.145003], [55.1892684, 25.144924], [55.1890972, 25.1448056], [55.1890521, 25.1447461], [55.1890323, 25.1446867], [55.1890464, 25.1446179], [55.1891119, 25.1445744], [55.1891943, 25.1445889], [55.189308, 25.1446118], [55.1894153, 25.1446251], [55.1894921, 25.1446137], [55.1896341, 25.1445727], [55.189703, 25.1445435], [55.1898964, 25.144455], [55.1900329, 25.1443768], [55.1901553, 25.144284], [55.1902647, 25.1442027], [55.1902961, 25.1441729], [55.1903783, 25.144074], [55.1905864, 25.1437639], [55.1905499, 25.1437222], [55.1905321, 25.1436779], [55.1905338, 25.1436322], [55.1906105, 25.1435573], [55.190568, 25.1435038], [55.1905332, 25.143436], [55.1905078, 25.1433525], [55.1905134, 25.1432329], [55.1905535, 25.1431551], [55.190372, 25.142967], [55.1901984, 25.1427875], [55.1900991, 25.1426925], [55.189973, 25.142593], [55.1898532, 25.1425048], [55.1897617, 25.1424715], [55.1896374, 25.1424614], [55.189348, 25.1425117], [55.1891786, 25.1425577], [55.1890614, 25.1426036], [55.1887972, 25.1427157], [55.1886842, 25.1427837], [55.1885498, 25.1428804], [55.1884722, 25.1429385], [55.1884108, 25.1429973], [55.188279, 25.1431546], [55.1881745, 25.1433085], [55.1880996, 25.1434808], [55.1880365, 25.1436758], [55.1880085, 25.143967], [55.1880026, 25.1440674], [55.1880184, 25.1441884], [55.188026, 25.144308], [55.1880465, 25.1444036], [55.1881052, 25.144624], [55.1881678, 25.1447841], [55.18823, 25.1449158], [55.1883003, 25.1450496], [55.1883667, 25.1451519], [55.1885087, 25.1453336], [55.188603, 25.1454558], [55.1886606, 25.1455232], [55.188685, 25.145523], [55.1887015, 25.1455259], [55.1887215, 25.14553], [55.188741, 25.1455362], [55.1887605, 25.1455448], [55.1887778, 25.1455549], [55.1888084, 25.1455805], [55.1888211, 25.1455954], [55.1888355, 25.1456187], [55.1888431, 25.1456363], [55.188849, 25.1456573], [55.1888516, 25.1456765], [55.1888516, 25.1456971], [55.1888477, 25.1457211], [55.1888431, 25.1457371], [55.1888334, 25.1457588], [55.1888225, 25.1457761], [55.1888104, 25.1457909], [55.1887971, 25.1458038], [55.1887781, 25.1458183], [55.1887545, 25.1458315], [55.1887325, 25.1458402], [55.1887068, 25.1458466], [55.1886846, 25.1458493], [55.1886573, 25.1458491], [55.188632, 25.1458456], [55.1886095, 25.1458395], [55.1885888, 25.1458312], [55.1885705, 25.1458213], [55.1885542, 25.14581], [55.1885399, 25.1457976], [55.1885258, 25.1457819], [55.1885144, 25.1457657], [55.1885056, 25.1457491], [55.188499, 25.1457321], [55.1884941, 25.1457124], [55.1884919, 25.1456854], [55.1884934, 25.1456656], [55.1884953, 25.1456526], [55.1884975, 25.1456421], [55.1885026, 25.1456273], [55.1885137, 25.145603], [55.1883936, 25.1454561], [55.1882473, 25.1452568], [55.1881248, 25.1450674], [55.1880316, 25.1448749], [55.1879441, 25.144693], [55.1878859, 25.1445357], [55.1878418, 25.1443484], [55.1878159, 25.1441435], [55.1878161, 25.1439572], [55.1878264, 25.1437548], [55.1878649, 25.1435891], [55.1879097, 25.1434437], [55.1879888, 25.1432614], [55.1881014, 25.1430887], [55.1882261, 25.1429521], [55.1883648, 25.1428222], [55.1885259, 25.1427015], [55.1886204, 25.142638], [55.1885962, 25.1425455], [55.1885454, 25.142405], [55.1884337, 25.142178], [55.1883126, 25.1419594], [55.188168, 25.1417138], [55.1880129, 25.1415204], [55.18786, 25.1413673], [55.1877487, 25.1412797], [55.1876173, 25.1411718], [55.1873983, 25.1409872], [55.1872637, 25.1408979], [55.1871216, 25.1407612], [55.1869821, 25.1405915], [55.1868342, 25.1404748], [55.1865022, 25.1402915], [55.1864817, 25.1402402], [55.1865121, 25.1401797], [55.1866158, 25.1402042], [55.1866715, 25.1401857], [55.1867207, 25.1401341], [55.18675, 25.1400619], [55.1866674, 25.1394323], [55.1863799, 25.1387498], [55.1860279, 25.1382666], [55.1852844, 25.137243], [55.184992018398844, 25.13681875], [55.18495049071563, 25.136758492721384], [55.18485418381963, 25.13661875], [55.1847128, 25.1364136], [55.1838863, 25.1354019], [55.1833131, 25.1346783], [55.1826378, 25.1337534], [55.1823282, 25.1333921], [55.1820006, 25.1330039], [55.18181, 25.1325834], [55.181411, 25.132206], [55.1809525, 25.1317154], [55.180613, 25.131435], [55.1791718, 25.1325133], [55.1791182, 25.1324917], [55.1791182, 25.1324109], [55.1799817, 25.1317477], [55.178749, 25.1314512], [55.1786358, 25.1313919], [55.1787073, 25.1313272], [55.1789812, 25.1313487], [55.17941, 25.131462], [55.1794874, 25.1312567], [55.1794994, 25.1312247], [55.1795708, 25.1308473], [55.1794874, 25.1304537], [55.1793088, 25.1301141], [55.1790063, 25.1297471], [55.1787311, 25.1294131], [55.1774686, 25.1280167], [55.1763728, 25.1268305], [55.1752889, 25.1256497], [55.1741217, 25.1245228], [55.1740773, 25.1244819], [55.1731116, 25.123412], [55.172066, 25.1224597], [55.1720063, 25.1224002], [55.1720748, 25.1222784], [55.1717935, 25.1219751], [55.1708936, 25.1210407], [55.170786, 25.1209433], [55.1697591, 25.1198849], [55.1692622, 25.11921], [55.1684039, 25.1182313], [55.1664323, 25.1164637], [55.1654385, 25.1156544], [55.1646996, 25.1153885], [55.164493, 25.1153197], [55.1642817, 25.1155915], [55.1640037, 25.1154942], [55.1640482, 25.1154304], [55.164215, 25.1154841], [55.1642952, 25.1154055], [55.1643929, 25.1153096], [55.1643225, 25.1151686], [55.1641261, 25.1149673], [55.1631757, 25.1144934], [55.1631638, 25.1143802], [55.1632651, 25.1142777], [55.1633901, 25.1143047], [55.1635152, 25.1144287], [55.1636585, 25.1145119], [55.1641107, 25.1147738], [55.1642298, 25.114817], [55.1646705, 25.1148386], [55.1649088, 25.1147361], [55.1649624, 25.1145312], [55.1649445, 25.1142939], [55.1648135, 25.1140081], [55.1640571, 25.1129674], [55.1636045, 25.1124983], [55.1631519, 25.1123041], [55.1620978, 25.1123257], [55.1619642, 25.1123771], [55.162131, 25.1142062], [55.1621929, 25.1143788], [55.1623501, 25.1145039], [55.1626264, 25.1147541], [55.1628361, 25.1150345], [55.1628408, 25.1151553], [55.1627741, 25.1152416], [55.1626836, 25.1152674], [55.1625359, 25.1151898], [55.1619547, 25.1142925], [55.1617498, 25.1124203], [55.161745, 25.1123081], [55.1618117, 25.1121442], [55.1613448, 25.1119285], [55.1613448, 25.1118897], [55.1613877, 25.1118508], [55.1618546, 25.1120406], [55.1621881, 25.1117689], [55.1625979, 25.111441], [55.1626121, 25.1113202], [55.162574, 25.110988], [55.162412, 25.1106386], [55.1621595, 25.1102805], [55.1618308, 25.1100648], [55.1611019, 25.1107033], [55.1609875, 25.1106515], [55.1609923, 25.1106041], [55.1616498, 25.1099527], [55.1614878, 25.1098491], [55.1612734, 25.1097197], [55.1611829, 25.1100993], [55.1611066, 25.1102029], [55.1610542, 25.1101986], [55.1609351, 25.1101339], [55.1608827, 25.1100648], [55.1609637, 25.1099527], [55.1610018, 25.1096895], [55.1609659, 25.1095638], [55.1606203, 25.1094127], [55.1601343, 25.1093185], [55.1597568, 25.1092667], [55.159409, 25.1091934], [55.1592946, 25.1090424], [55.1593232, 25.1089431], [55.1594614, 25.1089043], [55.1595948, 25.1089216], [55.1596567, 25.1088612], [55.1596631, 25.1087491], [55.1596154, 25.1083608], [55.1594534, 25.1079337], [55.1590151, 25.1072521], [55.1584339, 25.1067732], [55.1579432, 25.1065929], [55.1577669, 25.1066136], [55.1575779, 25.1067204], [55.1573238, 25.1068638], [55.1572095, 25.1069889], [55.1571999, 25.1070838], [55.1571332, 25.107183], [55.157057, 25.1072046], [55.1569331, 25.1071787], [55.156895, 25.1070709], [55.1570094, 25.1069328], [55.157238, 25.1067344], [55.1574811, 25.1065485], [55.1577907, 25.1063116], [55.1579767, 25.1062314], [55.1578922, 25.1061875], [55.1578849, 25.1061361], [55.1579764, 25.1060549], [55.1579839, 25.1058466], [55.1578767, 25.1056636], [55.1577406, 25.1055329], [55.1575763, 25.1052297], [55.1572713, 25.1049226], [55.1571383, 25.1048343], [55.156984, 25.1047881], [55.1563281, 25.1052287], [55.1561232, 25.1054185], [55.155966, 25.1056429], [55.155904, 25.1059147], [55.1559564, 25.1061606], [55.1568807, 25.1077784], [55.1569855, 25.1079596], [55.1569569, 25.1080976], [55.1568664, 25.108171], [55.1567521, 25.1081667], [55.1566473, 25.108089], [55.1565425, 25.1077784], [55.1562661, 25.1072175], [55.1558373, 25.1064324], [55.1556992, 25.1060916], [55.1557039, 25.1057896], [55.1557754, 25.1055739], [55.1559564, 25.1053107], [55.1564186, 25.1049569], [55.1561756, 25.1045643], [55.1558373, 25.1042019], [55.1552607, 25.103742], [55.1551656, 25.1036338], [55.1551754, 25.103583], [55.1552071, 25.1035145], [55.1551241, 25.1033665], [55.1550144, 25.1032274], [55.1548363, 25.1031501], [55.154468, 25.1031081], [55.1542752, 25.1031677], [55.1538972, 25.1034151], [55.1535361, 25.1037708], [55.1534288, 25.1037884], [55.1532995, 25.1037465], [55.1521994, 25.1025713], [55.1521604, 25.1023593], [55.1525872, 25.10205], [55.1527604, 25.1017165], [55.1527946, 25.1014431], [55.1526993, 25.1009901], [55.1525921, 25.1006719], [55.15227044369269, 25.100051617878528], [55.15221568505062, 25.09997175505638], [55.152133311944525, 25.099851617878528], [55.151812, 25.099383], [55.1507221, 25.0981803], [55.1495549, 25.0968105], [55.1480155, 25.0950675], [55.1478813, 25.0949874], [55.147796, 25.0950454], [55.1477441, 25.0950703], [55.1477289, 25.0950703], [55.1477289, 25.0950288], [55.1478173, 25.0949626], [55.1474466, 25.094488], [55.146464, 25.0933662], [55.1456898, 25.0927513], [55.1449514, 25.0923576], [55.1427868, 25.0938721], [55.1426635, 25.0939876], [55.1427066, 25.0941679], [55.1426474, 25.0942994], [55.1424995, 25.094336], [55.1423542, 25.0943019], [55.1422628, 25.0942117], [55.141975, 25.0932398], [55.141862, 25.0929645], [55.1407592, 25.0916978], [55.1406677, 25.0914762], [55.1407161, 25.0912228], [55.1408641, 25.090721], [55.1409448, 25.0906406], [55.1410486, 25.0906146], [55.1402431, 25.0895096], [55.138367, 25.0910265], [55.1389775, 25.0917232], [55.1390555, 25.0917938], [55.1394778, 25.0919522], [55.1395989, 25.0919108], [55.1396984, 25.0919059], [55.1397683, 25.0919327], [55.139849, 25.0919838], [55.1398733, 25.0920399], [55.1398867, 25.0921349], [55.1398356, 25.0922445], [55.1397522, 25.0923005], [55.139607, 25.092303], [55.1394832, 25.092264], [55.1391604, 25.0921568], [55.1388726, 25.092035], [55.1385821, 25.091901], [55.1382244, 25.0917573], [55.13795, 25.0917013], [55.1377106, 25.091711], [55.1373852, 25.0917963], [55.1370678, 25.0919205], [55.1366724, 25.0920569], [55.1361371, 25.092147], [55.1355964, 25.0921982], [55.1351334, 25.0921884], [55.1346976, 25.0921448], [55.1342033, 25.0920355], [55.134072, 25.0919353], [55.1340323, 25.0917699], [55.134052, 25.0916891], [55.1340042, 25.0915481], [55.1339005, 25.0913456], [55.1337341, 25.0912347], [55.1334176, 25.0911327], [55.1330689, 25.0910744], [55.1327471, 25.0909335], [55.1323992, 25.0907088], [55.1319432, 25.0905145], [55.1314121, 25.0902473], [55.1310519, 25.0900639], [55.1305109, 25.0898781], [55.1298672, 25.0895429], [55.129518, 25.08934], [55.1294273, 25.0891639], [55.1294804, 25.0890339], [55.1296038, 25.0888931], [55.1297969, 25.088723], [55.1300061, 25.0886307], [55.1303173, 25.0886987], [55.1308113, 25.0888967], [55.131406, 25.089102], [55.1319218, 25.0893048], [55.1324896, 25.0895781], [55.1327908, 25.0896449], [55.1331502, 25.0899072], [55.1337073, 25.0901902], [55.1338629, 25.0901805], [55.1339726, 25.0900003], [55.1339964, 25.0898329], [55.1339135, 25.0897993], [55.1337925, 25.0897234], [55.1337249, 25.0895871], [55.1337535, 25.0894223], [55.1338231, 25.0893581], [55.1340831, 25.0892058], [55.134413, 25.0889678], [55.1347909, 25.088791], [55.1353274, 25.0886599], [55.1357941, 25.0887133], [55.136106, 25.0888238], [55.1365236, 25.0891408], [55.1366693, 25.0890619], [55.1368678, 25.0888238], [55.1369957, 25.0884655], [55.137018, 25.0878279], [55.1369152, 25.0872072], [55.1368529, 25.0870358], [55.1366202, 25.0863959], [55.1361803, 25.0853076], [55.1358753, 25.0846262], [55.1353657, 25.0836788], [55.1347327, 25.0826779], [55.1344859, 25.0822212], [55.1342008, 25.0818289], [55.133879, 25.0813916], [55.1335142, 25.0808426], [55.1328659, 25.0800737], [55.1318177, 25.0787556], [55.1294726, 25.0758509], [55.1285929, 25.0750346], [55.1279397, 25.0745396], [55.1272518, 25.0742086], [55.1268159, 25.0741456], [55.1263615, 25.0741788], [55.1260483, 25.0742503], [55.1257569, 25.0744008], [55.1259203, 25.0750199], [55.126021, 25.0752197], [55.1260673, 25.0752641], [55.1260701, 25.0753332], [55.1260401, 25.075385], [55.1258985, 25.075422], [55.1258168, 25.0753776], [55.1258004, 25.0752691], [55.1258104, 25.0751972], [55.1254573, 25.074011], [55.1253838, 25.0737027], [55.1253184, 25.073493], [55.1253048, 25.0732488], [55.1253347, 25.0729257], [55.1253647, 25.0726864], [55.1254273, 25.0725729], [55.1256026, 25.0724535], [55.1248149, 25.0718057], [55.124436, 25.0720721], [55.1243271, 25.0721856], [55.1243189, 25.0723065], [55.124308, 25.0730934], [55.1242998, 25.0734437], [55.1243189, 25.0737816], [55.1243788, 25.0740949], [55.1245749, 25.0746672], [55.1246484, 25.0747658], [55.1246484, 25.074867], [55.1245994, 25.0749287], [55.1249366, 25.0778863], [55.1247226, 25.0782255], [55.1246334, 25.0784356], [55.1247761, 25.0790333], [55.1248475, 25.0794533], [55.1247226, 25.0799703], [55.1239021, 25.0815857], [55.1235811, 25.0820219], [55.123046, 25.0822158], [55.1224752, 25.0822158], [55.1217796, 25.0820704], [55.1184442, 25.0806003], [55.1177664, 25.0802287], [55.1175702, 25.0797118], [55.1176594, 25.0793402], [55.1182123, 25.0786294], [55.1189079, 25.0777571], [55.1196927, 25.0767716], [55.1202992, 25.0760769], [55.121084, 25.075463], [55.1219758, 25.0748976], [55.1227249, 25.0748976], [55.1235632, 25.0749784], [55.124134, 25.0749622], [55.1242054, 25.0747683], [55.1242054, 25.0744291], [55.1239735, 25.0736213], [55.1238665, 25.0731689], [55.1234919, 25.0731366], [55.1230062, 25.0731353], [55.1230008, 25.0730515], [55.1230416, 25.0729232], [55.1231342, 25.0728936], [55.1240193, 25.0729676], [55.1240602, 25.0727628], [55.1241065, 25.0724298], [55.1241528, 25.0721659], [55.1242181, 25.0720549], [55.1241539, 25.0718999], [55.1241025, 25.0717096], [55.123925, 25.0712823], [55.1233693, 25.0707493], [55.1232152, 25.0704321], [55.1227669, 25.0699245], [55.1224119, 25.0696538], [55.1222859, 25.0694042], [55.1221084, 25.0691842], [55.1218562, 25.0689981], [55.1216928, 25.0689896], [55.1215433, 25.0691123], [55.1213799, 25.0691758], [55.1213004, 25.0690852], [55.1212351, 25.0690108], [55.1212678, 25.0689093], [55.1209783, 25.0686682], [55.1204972, 25.0681859], [55.1203291, 25.0679279], [55.1198528, 25.0673991], [55.1194231, 25.066993], [55.1193241, 25.0668888], [55.1192223, 25.0667815], [55.1192784, 25.0667435], [55.1191196, 25.0665827], [55.118718, 25.0661935], [55.1181809, 25.0657494], [55.1179007, 25.0652798], [55.1176205, 25.0649287], [55.1171302, 25.0645861], [55.1169714, 25.0642561], [55.1168943, 25.0641394], [55.116835, 25.0641898], [55.116744, 25.0641111], [55.1166719, 25.0640488], [55.1166682, 25.0638977], [55.1164681, 25.063713], [55.1161567, 25.0634142], [55.1158342, 25.0629878], [55.1155229, 25.0626386], [55.1153153, 25.0624774], [55.1152152, 25.0624573], [55.1151115, 25.0625379], [55.1150892, 25.0625077], [55.1151819, 25.0624271], [55.1151337, 25.0623834], [55.1151003, 25.0623532], [55.1150003, 25.0624371], [55.1149706, 25.062417], [55.1150559, 25.0623465], [55.1149904, 25.0622237], [55.1148436, 25.0620509], [55.1144719, 25.0617806], [55.1143174, 25.0613476], [55.1140927, 25.0610762], [55.1137579, 25.0607882], [55.1133324, 25.0602477], [55.113127, 25.0600882], [55.1129998, 25.0598977], [55.1126036, 25.0593572], [55.1121864, 25.0589206], [55.11172, 25.0583686], [55.111114, 25.057758], [55.1104223, 25.0570932], [55.1102071, 25.0568273], [55.1099234, 25.0565837], [55.1097034, 25.0566944], [55.1096642, 25.0566545], [55.1100457, 25.0563488], [55.1101142, 25.0562647], [55.1100676, 25.0561927], [55.1099683, 25.0560839], [55.1098851, 25.0559928], [55.109762, 25.0560165], [55.1093894, 25.0562395], [55.1093132, 25.0562667], [55.1092723, 25.0562247], [55.109305, 25.0561729], [55.1094686, 25.056021], [55.1096496, 25.0558703], [55.1095126, 25.0557374], [55.1094001, 25.0556355], [55.1093268, 25.0556355], [55.1090969, 25.0557551], [55.1089502, 25.0558349], [55.1088817, 25.055795], [55.1088964, 25.0557285], [55.1089795, 25.055702], [55.1081627, 25.0547449], [55.108016, 25.0545057], [55.1077959, 25.0544392], [55.1075758, 25.0542133], [55.1067737, 25.0534113], [55.1063482, 25.0531322], [55.1059129, 25.0528043], [55.105282, 25.0525119], [55.1049971, 25.0524301], [55.1047164, 25.0528285], [55.1043546, 25.0531407], [55.1039376, 25.0534491], [55.1034142, 25.0537421], [55.1033143, 25.0538001], [55.1031717, 25.0539079], [55.103003, 25.0538605], [55.1029807, 25.0537195], [55.1031364, 25.0536255], [55.1037072, 25.0533434], [55.1040482, 25.0530882], [55.104404, 25.0527793], [55.1047673, 25.0524234], [55.1050267, 25.0520137], [55.1049816, 25.0519651], [55.1043596, 25.0512951], [55.1042484, 25.0511944], [55.10381, 25.0514768], [55.1034137, 25.0517188], [55.1030665, 25.0519935], [55.102773, 25.0522239], [55.1025178, 25.052512], [55.1021727, 25.0528935], [55.1016237, 25.0536018], [55.102447, 25.0545052], [55.102447, 25.0546396], [55.1023135, 25.0546261], [55.1011052, 25.0533367], [55.1011052, 25.0532091], [55.1012683, 25.0532494], [55.1014329, 25.0534113], [55.102054, 25.0526448], [55.1027806, 25.0518861], [55.1031349, 25.051608], [55.1035145, 25.051369], [55.1031985, 25.0505756], [55.1024747, 25.049654], [55.1017704, 25.0488166], [55.1008027, 25.0478555], [55.100001, 25.0468749], [55.0996349, 25.046385], [55.0992346, 25.0458952], [55.0988089, 25.0455364], [55.0984597, 25.0458412], [55.0983448, 25.0458604], [55.0983703, 25.0457602], [55.0986684, 25.0454477], [55.0984086, 25.0451815], [55.0981404, 25.0448845], [55.0977487, 25.0451468], [55.0976593, 25.0451121], [55.0976167, 25.0450195], [55.0981191, 25.0446724], [55.0981489, 25.0445489], [55.0978791, 25.044277], [55.0977944, 25.0442017], [55.0976933, 25.0441709], [55.0973783, 25.0443831], [55.0972761, 25.0443908], [55.0973059, 25.0443213], [55.0975912, 25.044113], [55.0974805, 25.0439472], [55.097225, 25.0436617], [55.096663, 25.0430831], [55.0963777, 25.0428054], [55.0962029, 25.0427005], [55.0957871, 25.0430059], [55.0957135, 25.0429944], [55.095722, 25.0429057], [55.0960849, 25.042614], [55.0960584, 25.0424698], [55.0958499, 25.042062], [55.0953842, 25.0415633], [55.0950432625, 25.041210627056323], [55.0947131, 25.0408691], [55.093505, 25.039577], [55.0926716, 25.0386091], [55.0920173, 25.0379554], [55.0916314, 25.0374892], [55.0913293, 25.0372156], [55.0908483, 25.0365315], [55.0903841, 25.0359994], [55.0896515, 25.0351835], [55.0889579, 25.0345096], [55.0883875, 25.0340383], [55.0881465, 25.0338029], [55.0880351, 25.0336379], [55.0876436, 25.0332579], [55.0873248, 25.0329437], [55.0869109, 25.0327308], [55.0864859, 25.0325636], [55.0862454, 25.0323812], [55.0861279, 25.0321988], [55.0860049, 25.0320518], [55.085893, 25.0320011], [55.0857532, 25.0319707], [55.0855697, 25.031788], [55.0855015, 25.031692], [55.0854176, 25.0316312], [55.0853393, 25.0315501], [55.0852946, 25.0314386], [55.0853337, 25.0313626], [55.0854791, 25.0312562], [55.0849666, 25.0308199], [55.0844835, 25.0305756], [55.0841183, 25.0304381], [55.0837677, 25.0302883], [55.0832081, 25.0303007], [55.082843, 25.0302396], [55.0828486, 25.0299036], [55.0828093, 25.0296644], [55.0827385, 25.0295085], [55.0826064, 25.0295572], [55.082714, 25.0294642], [55.0826847, 25.0293977], [55.0826553, 25.0293312], [55.0825086, 25.029442], [55.0824157, 25.0293445], [55.0825771, 25.0292249], [55.0825233, 25.0291805], [55.0824792, 25.0291229], [55.0823032, 25.0292559], [55.0822738, 25.0292249], [55.0824352, 25.029083], [55.0823625, 25.0290066], [55.0821357, 25.028718], [55.0816161, 25.0283222], [55.0813054, 25.0281081], [55.0811734, 25.02821], [55.0811294, 25.0281613], [55.081325, 25.0280017], [55.0812957, 25.0279619], [55.0812174, 25.0280062], [55.0811734, 25.0279663], [55.0813054, 25.0278555], [55.0812614, 25.027789], [55.0812027, 25.027727], [55.0810756, 25.0278156], [55.081012, 25.0277669], [55.0811049, 25.0276827], [55.0808359, 25.0274301], [55.0804593, 25.0271154], [55.0803273, 25.0272085], [55.0802735, 25.0271686], [55.0803126, 25.0271154], [55.0806403, 25.0268717], [55.0805669, 25.026659], [55.0803175, 25.0263975], [55.079892, 25.0260695], [55.0794567, 25.0257638], [55.0788698, 25.0254004], [55.077872, 25.0247489], [55.0770797, 25.0243279], [55.0769917, 25.0243944], [55.0769477, 25.02435], [55.0770357, 25.024257], [55.0769477, 25.0241019], [55.0767863, 25.0239069], [55.0767227, 25.0239556], [55.0766836, 25.0239157], [55.076889, 25.0237429], [55.0766047, 25.0234903], [55.0762747, 25.0232673], [55.0761293, 25.0230545], [55.0759167, 25.0228568], [55.0753686, 25.0225375], [55.0748205, 25.022274], [55.0744402, 25.0221473], [55.074278, 25.022122], [55.0726805, 25.0261387], [55.0722546, 25.0266299], [55.0723318, 25.0266498], [55.0722975, 25.0267702], [55.0470633, 25.0223528], [55.0470767, 25.0222433], [55.0471349, 25.0222474], [55.0466785, 25.0207715], [55.0466024, 25.0206783], [55.0465353, 25.0206215], [55.0463966, 25.0205769], [55.043533, 25.0201147], [55.0433809, 25.020058], [55.0433004, 25.0199728], [55.0433048, 25.0198552], [55.0434122, 25.0197701], [55.043618, 25.0197823], [55.0437165, 25.0198228], [55.043731, 25.0198709], [55.0462666, 25.0203069], [55.0463617, 25.0202411], [55.0464792, 25.0199826], [55.0465475, 25.019768], [55.0469574, 25.0187434], [55.0465856, 25.0183695], [55.0465704, 25.0183188], [55.0469048, 25.0174782], [55.0469713, 25.0174423], [55.0475747, 25.0174168], [55.0478527, 25.016731], [55.0478927, 25.0166494], [55.0481274, 25.0160702], [55.0476893, 25.0156946], [55.0480149, 25.0148145], [55.048112, 25.0147551], [55.0486937, 25.0147473], [55.0492654, 25.0133824], [55.0488622, 25.0130091], [55.0492399, 25.0121068], [55.0498099, 25.0121034], [55.0504072, 25.0107457], [55.049978, 25.0103645], [55.0503385, 25.00947], [55.0509565, 25.0094311], [55.05148, 25.0081088], [55.0510579, 25.0076864], [55.0514063, 25.0067946], [55.052053, 25.0067648], [55.0524242, 25.0055808], [55.0516009, 25.0044172], [55.051396, 25.0040736], [55.0507176, 25.003061], [55.0507279, 25.0029714], [55.0504436, 25.0026114], [55.0461546, 25.0016106], [55.043305, 25.0027823], [55.0432335, 25.0029386], [55.0433892, 25.0029768], [55.0425689, 25.0049623], [55.0439542, 25.0054464], [55.0439025, 25.0055869], [55.0427377, 25.0051778], [55.0426412, 25.0053725], [55.0421995, 25.0052328], [55.0420558, 25.0053073], [55.0370642, 25.0171371], [55.0370642, 25.0173139], [55.0383944, 25.0199993], [55.0385574, 25.0202757], [55.0386836, 25.0203614], [55.0386994, 25.0204901], [55.0386416, 25.0206045], [55.0385048, 25.0206474], [55.0383629, 25.0205902], [55.0368461, 25.0173935], [55.0368256, 25.0172074], [55.0452869, 24.9968608], [55.0418151, 24.994816], [55.0407119, 24.9940706], [55.0402505, 24.9938342], [55.0388262, 24.9932342], [55.0375625, 24.9928706], [55.0367601, 24.9928161], [55.0362418, 24.9945593], [55.0361718, 24.9948766], [55.0361341, 24.9950083], [55.0360695, 24.995084], [55.0359941, 24.995184], [55.0359538, 24.9952597], [55.0359026, 24.9953719], [55.035566, 24.9956818], [55.0354476, 24.9957721], [55.0344083, 24.9960503], [55.0342387, 24.9960747], [55.032556, 24.9958429], [55.0324429, 24.9957868], [55.0324375, 24.9957038], [55.0324779, 24.9955964], [55.0325721, 24.995555], [55.0327148, 24.9955574], [55.0328279, 24.9955842], [55.0328602, 24.9956282], [55.0330675, 24.9957355], [55.0339964, 24.9958551], [55.0342495, 24.9958746], [55.034376, 24.99586], [55.0352672, 24.995616], [55.0353587, 24.9955745], [55.035461, 24.9954573], [55.0354018, 24.9953988], [55.0354099, 24.9953622], [55.0352833, 24.9952792], [55.0352833, 24.9951987], [55.0356711, 24.9947838], [55.0361045, 24.9933002], [55.0355607, 24.9931635], [55.035566, 24.9931391], [55.0361153, 24.9932709], [55.0361459, 24.9931418], [55.036088, 24.9931275], [55.0361196, 24.992994], [55.0356639, 24.9928751], [55.0356441, 24.9929374], [55.0355574, 24.9929147], [55.0355772, 24.9928525], [55.0354255, 24.9928129], [55.0353624, 24.9930608], [55.0352624, 24.9930369], [55.035315, 24.9928797], [55.0352831, 24.9928035], [55.0350014, 24.9926731], [55.0343903, 24.9925021], [55.0341694, 24.9925259], [55.0339854, 24.9924878], [55.0335436, 24.9924306], [55.0331335, 24.9923782], [55.0327286, 24.992402], [55.0323026, 24.9923639], [55.0320818, 24.9923734], [55.0318188, 24.9923782], [55.0316032, 24.9923591], [55.0316085, 24.9926499], [55.031598, 24.9927357], [55.0315296, 24.9927547], [55.0314718, 24.9927071], [55.0314244, 24.992383], [55.0313824, 24.9923639], [55.0310666, 24.9923557], [55.0307641, 24.9924298], [55.0304157, 24.9935498], [55.0303171, 24.9939371], [55.0309481, 24.9958137], [55.0315923, 24.9964988], [55.0321313, 24.9969933], [55.0321707, 24.9971601], [55.0321247, 24.9972495], [55.031967, 24.9972852], [55.0317369, 24.9970946], [55.031612, 24.9968265], [55.0308364, 24.996046], [55.030626, 24.9956946], [55.0301133, 24.9939192], [55.0303828, 24.9930136], [55.0306589, 24.9920902], [55.0306195, 24.9920187], [55.0302251, 24.991691], [55.0302054, 24.9915242], [55.0301068, 24.9913753], [55.0297584, 24.9910893], [55.0291142, 24.9906305], [55.0286607, 24.990428], [55.0271422, 24.9899811], [55.0265244, 24.9898799], [55.0258999, 24.9899514], [55.0257093, 24.9899871], [55.0256725, 24.9901947], [55.0254162, 24.9908262], [55.025499, 24.9908867], [55.0256041, 24.9910774], [55.0258736, 24.9916255], [55.0259788, 24.9917863], [55.0260051, 24.9919174], [55.0259065, 24.9920008], [55.0257487, 24.9919413], [55.0256238, 24.991548], [55.0253741, 24.9911727], [55.0252623, 24.9910238], [55.0250914, 24.9909344], [55.024559, 24.9907795], [55.0239345, 24.9904995], [55.023665, 24.9902492], [55.0235073, 24.9900229], [55.0232969, 24.9896118], [55.0230629, 24.9894337], [55.0225885, 24.9891427], [55.0212846, 24.9884609], [55.0200058, 24.9876881], [55.01963125, 24.987415545079482], [55.0182255, 24.9863926], [55.0161279, 24.985069], [55.0159624, 24.9850516], [55.0158754, 24.9850761], [55.0157553, 24.9851522], [55.0156233, 24.9853454], [55.0154612, 24.985729], [55.0152596, 24.9862691], [55.0152554, 24.9864614], [55.0151068, 24.9872001], [55.0149668, 24.987958], [55.0149031, 24.9887967], [55.0149328, 24.990247], [55.015162, 24.9915358], [55.0154121, 24.9923713], [55.0159723, 24.9937658], [55.0163375, 24.9944019], [55.0166516, 24.9949136], [55.0169572, 24.9953137], [55.0171312, 24.9955291], [55.017284, 24.9956176], [55.0174205, 24.9956405], [55.0176915, 24.9955329], [55.0180387, 24.9955037], [55.0183674, 24.995541], [55.0187782, 24.9957793], [55.018959, 24.9959803], [55.01943125, 24.99674252945148], [55.0195588, 24.9969484], [55.02002, 24.9977619], [55.0204068, 24.9976352], [55.0204744, 24.9977631], [55.0202998, 24.9978256], [55.0210328, 24.9991828], [55.0217873, 25.0008105], [55.0222358, 25.0019763], [55.0223565, 25.0022565], [55.0242741, 25.001839], [55.0244176, 25.0017051], [55.0244487, 25.0015592], [55.0243885, 25.0012513], [55.0239215, 25.0001529], [55.023432, 24.9990196], [55.0228575, 24.997838], [55.0221271, 24.9964122], [55.0219469, 24.9963291], [55.0212133, 24.9961239], [55.0210733, 24.996059], [55.021014, 24.9959564], [55.0210138, 24.9958312], [55.0210733, 24.9957488], [55.0211667, 24.9956968], [55.0223551, 24.9955888], [55.022496, 24.9955942], [55.0226057, 24.9956656], [55.0226499, 24.9957877], [55.0226306, 24.99591], [55.0224788, 24.9962442], [55.0224673, 24.9964129], [55.0228787, 24.9971702], [55.0233457, 24.9981007], [55.0237721, 24.9990009], [55.0241171, 24.9998058], [55.0245277, 25.0008338], [55.0248528, 25.0017544], [55.0249799, 25.0018198], [55.0250095, 25.0019316], [55.024958, 25.0020318], [55.0253335, 25.0032321], [55.0256805, 25.0044884], [55.025878, 25.005422], [55.026052, 25.0063475], [55.026159, 25.0064257], [55.0261684, 25.0065494], [55.0260987, 25.006634], [55.0262065, 25.0073718], [55.0263379, 25.0083805], [55.0264152, 25.0093835], [55.0264442, 25.0102797], [55.0264544, 25.0111494], [55.0264377, 25.0117128], [55.0265292, 25.0118404], [55.0265249, 25.0119371], [55.0264275, 25.012038], [55.0263841, 25.0129495], [55.0262859, 25.013975], [55.0260783, 25.0153998], [55.0259091, 25.0162751], [55.0257481, 25.0169656], [55.025742, 25.0170898], [55.0257964, 25.0172169], [55.0262631, 25.0178054], [55.0262977, 25.0179055], [55.0262902, 25.017986], [55.0262333, 25.0180662], [55.0261143, 25.0181255], [55.0259761, 25.0181148], [55.024995, 25.0175242], [55.0248748, 25.017433], [55.0248383, 25.0173312], [55.0248528, 25.0172111], [55.0249317, 25.0171124], [55.025349, 25.0169087], [55.0254512, 25.0167867], [55.0256154, 25.0160034], [55.0257953, 25.0150719], [55.0259472, 25.0139189], [55.0260603, 25.0128572], [55.026118, 25.0117403], [55.0261218, 25.01074], [55.0260944, 25.0096489], [55.0260024, 25.0083548], [55.0258605, 25.0071846], [55.0256532, 25.0059162], [55.0254188, 25.0048637], [55.0251661, 25.0038146], [55.0248528, 25.0026759], [55.024609, 25.0026383], [55.0243635, 25.0026885], [55.022592, 25.0032281], [55.0228959, 25.0040997], [55.0232596, 25.0055519], [55.0235096, 25.0069238], [55.0236034, 25.0074505], [55.0237488, 25.0075743], [55.0238754, 25.0076836], [55.023939, 25.0078251], [55.0239693, 25.0082712], [55.0239417, 25.0084068], [55.0238199, 25.0085381], [55.0237198, 25.0087094], [55.0237939, 25.0101214], [55.0237984, 25.0116107], [55.0237386, 25.0128355], [55.0235621, 25.0143501], [55.0233897, 25.0154331], [55.0231453, 25.0165172], [55.0228127, 25.0177502], [55.0225558, 25.018606], [55.0225488, 25.0187936], [55.0228028, 25.0188884], [55.0227661, 25.0190221], [55.0221813, 25.0189075], [55.0218372, 25.0198339], [55.0213499, 25.0209175], [55.0210151, 25.0216298], [55.0207978, 25.0220731], [55.0226904, 25.0230278], [55.0307606, 25.0177893], [55.0308821, 25.0177891], [55.0309621, 25.0178693], [55.0309559, 25.0179821], [55.0227264, 25.0233146], [55.0201421, 25.0219896], [55.01963125, 25.021706939692685], [55.019597564152555, 25.02168830085155], [55.01943125, 25.021596276951243], [55.0173567, 25.0204484], [55.0167898, 25.0200538], [55.0168309, 25.0199496], [55.0169624, 25.019957], [55.0173896, 25.0201878], [55.0175539, 25.0200761], [55.017899, 25.0194433], [55.0188392, 25.0172251], [55.0191056, 25.0160553], [55.01943125, 25.014556189867925], [55.0195068, 25.0142084], [55.0197636, 25.012376], [55.0197957, 25.0111253], [55.0196994, 25.008653], [55.01963125, 25.008128110539996], [55.0195068, 25.0071696], [55.01943125, 25.006830521735882], [55.0191698, 25.0056571], [55.0184155, 25.0031265], [55.0175811, 25.0012212], [55.0166663, 24.9993304], [55.0160084, 24.9981378], [55.0152533, 24.9971942], [55.0150808, 24.9971942], [55.0144152, 24.9975218], [55.0143084, 24.9975069], [55.0143002, 24.9974325], [55.0149164, 24.9970899], [55.0159416, 24.9964888], [55.0158366, 24.9961215], [55.0155635, 24.995649], [55.0152213, 24.9951159], [55.0149152, 24.9945664], [55.0146565, 24.994062], [55.0143849, 24.993508], [55.0140623, 24.9929348], [55.0139159, 24.9927964], [55.0137907, 24.992779], [55.0136294, 24.9928271], [55.0134936, 24.9928252], [55.0134129, 24.992781], [55.013362, 24.9924213], [55.0130903, 24.9924559], [55.0131501, 24.9927861], [55.0131031, 24.9928752], [55.0130054, 24.9929483], [55.0128908, 24.9929887], [55.0127953, 24.9929637], [55.012738, 24.9928694], [55.0126747, 24.9925745], [55.0123861, 24.9915973], [55.0121442, 24.9902432], [55.0121739, 24.9885697], [55.0122376, 24.9874232], [55.0128042, 24.9852611], [55.01287, 24.9851649], [55.0129671, 24.9851196], [55.0133581, 24.9852245], [55.0137847, 24.9852938], [55.0141857, 24.9853236], [55.0144528, 24.9847333], [55.0144138, 24.9845184], [55.0141947, 24.9842599], [55.0139035, 24.9840287], [55.0134699, 24.9837336], [55.0131975, 24.9834807], [55.0130468, 24.9833692], [55.0128592, 24.9832952], [55.0123147, 24.9840117], [55.0123189, 24.9840848], [55.0122722, 24.9841406], [55.0122149, 24.9841559], [55.0121343, 24.9841425], [55.0120961, 24.9841002], [55.0120621, 24.9840521], [55.0121025, 24.983977], [55.0121789, 24.9839559], [55.0133673, 24.9822977], [55.0122128, 24.9816475], [55.0115236, 24.9826011], [55.0113453, 24.9828897], [55.0112265, 24.9829435], [55.0110737, 24.9829281], [55.0109676, 24.9828396], [55.0109464, 24.9827204], [55.0110058, 24.9825896], [55.0111671, 24.9824895], [55.0113496, 24.9823664], [55.0114854, 24.9821279], [55.0113878, 24.9819509], [55.0112138, 24.9818047], [55.0102136, 24.9812921], [55.0087161, 24.9806114], [55.0074029, 24.9801281], [55.0070588, 24.9799727], [55.0068717, 24.979781], [55.0067672, 24.9795278], [55.0065321, 24.9794655], [55.0061461, 24.9794279], [55.0055821, 24.9794949], [55.0051157, 24.979599], [55.0044676, 24.9800383], [55.004067, 24.9806992], [55.0039746, 24.9809785], [55.0046579, 24.9815781], [55.0053048, 24.9823386], [55.0058563, 24.9832304], [55.0057748, 24.9836057], [55.0052973, 24.9837078], [55.0043811, 24.9843662], [55.0005595, 24.9909231], [54.9989083, 24.993729], [54.9969386, 24.9972333], [54.9968359, 24.9975009], [54.9966818, 24.9976638], [54.9964893, 24.9978733], [54.9961555, 24.9981409], [54.9959757, 24.9985132], [54.9959629, 24.9988158], [54.995796, 24.999223], [54.9952798, 24.9997578], [54.9947561, 25.0000375], [54.9944993, 25.0004796], [54.9940481, 25.0013311], [54.99316348125, 25.00089710079329], [54.9923928, 25.000519], [54.9916101, 25.0018549], [54.9928993, 25.0025881], [54.99316348125, 25.002582400700756], [54.9968486, 25.0025029], [55.0002964, 25.0017928], [55.0026471, 25.0005145], [55.0048489, 24.999153], [55.0064968, 24.9975077], [55.0071942, 24.9972646], [55.0077285, 24.997322], [55.0080879, 24.9975398], [55.0083314, 24.9979025], [55.008222, 24.998484], [55.0072296, 24.9994816], [55.005454, 25.0007613], [55.0034037, 25.0019446], [55.0012923, 25.0027157], [54.9996068, 25.0032131], [54.9970993, 25.003554], [54.9955635, 25.0037812], [54.99336348125001, 25.003699834545515], [54.9924919, 25.0036676], [54.9922639, 25.0045281], [54.99316348125, 25.004730115352576], [54.993871, 25.004889], [54.9953128, 25.0050879], [54.9970993, 25.0052299], [54.998165, 25.0052015], [54.9998262, 25.0052015], [55.0015501, 25.0049742], [55.0028979, 25.004747], [55.0049873, 25.004217], [55.0070215, 25.0034391], [55.0087885, 25.0026262], [55.0095577, 25.002143], [55.0099826, 25.0020584], [55.0105126, 25.002212], [55.0108774, 25.0025086], [55.0109761, 25.0028985], [55.0108377, 25.0033234], [55.0103935, 25.0036929], [55.0083733, 25.0045855], [55.0056874, 25.0054855], [55.0043397, 25.0057412], [55.0019576, 25.0060536], [54.9992714, 25.0063459], [54.9966138, 25.006344], [54.9945605, 25.0061389], [54.99316348125, 25.005865399862934], [54.9918155, 25.0056015], [54.9912068, 25.0064513], [54.99336348125001, 25.007356187412302], [54.9945919, 25.0078716], [54.9977092, 25.0086571], [55.0000621, 25.0089624], [55.0023023, 25.0090362], [55.0039552, 25.0089239], [55.0054336, 25.0086906], [55.0071985, 25.0083396], [55.0109203, 25.0070629], [55.0114707, 25.007097], [55.0120147, 25.0073828], [55.0122217, 25.0078272], [55.0121048, 25.0082822], [55.0114997, 25.0087265], [55.0094548, 25.0094101], [55.0068981, 25.0099166], [55.0042742, 25.0101505], [55.0017175, 25.0102196], [54.9990428, 25.0100212], [54.9963158, 25.0095475], [54.99336348125001, 25.00860468847612], [54.9930247, 25.0084965], [54.9907201, 25.0074285], [54.9899401, 25.0082044], [54.9927113, 25.0101439], [54.99330576500934, 25.010490242250768], [54.9944665, 25.0111665], [54.9970367, 25.0121038], [54.999074, 25.0126435], [55.001362, 25.0130696], [55.0033367, 25.0131832], [55.0051632, 25.0130298], [55.0074023, 25.012638], [55.0090535, 25.0122326], [55.0107283, 25.0116901], [55.0112636, 25.0117396], [55.0117164, 25.0119944], [55.0119385, 25.0125116], [55.0118612, 25.0129491], [55.0114589, 25.0133555], [55.0103925, 25.0136686], [55.0084023, 25.0140196], [55.0059368, 25.0143249], [55.0039635, 25.0142625], [55.0018635, 25.0141489], [54.9987292, 25.0137513], [54.9966919, 25.013098], [54.9938396, 25.0119902], [54.99316348125, 25.01163279829343], [54.991959, 25.0109961], [54.9895324, 25.0093712], [54.9888017, 25.010045], [54.9910187, 25.0125299], [54.99316348125, 25.014124108460667], [54.9938083, 25.0146034], [54.9965665, 25.0161655], [54.9988525, 25.0169937], [55.0013738, 25.0176383], [55.0040592, 25.0180767], [55.005984, 25.0181633], [55.0079463, 25.0181448], [55.0086243, 25.0184676], [55.0087949, 25.0189731], [55.0087703, 25.0194213], [55.0082006, 25.0197898], [55.0070075, 25.019885], [55.0051922, 25.0197635], [55.003394, 25.0195584], [55.0012965, 25.0190762], [54.9999829, 25.0186366], [54.9981023, 25.0180685], [54.9947173, 25.0165348], [54.99316348125, 25.015541927106003], [54.9922725, 25.0149726], [54.9904859, 25.0134388], [54.9883859, 25.0112233], [54.9875701, 25.0119953], [54.9889187, 25.0141489], [54.9907993, 25.0165064], [54.9927113, 25.0182105], [54.99336348125001, 25.01863927189763], [54.9946447, 25.0194816], [54.9977496, 25.0209389], [55.0000327, 25.0216817], [55.0021345, 25.0222271], [55.0035002, 25.0224662], [55.0038843, 25.0227686], [55.0040152, 25.0231273], [55.0039144, 25.0236435], [55.0036429, 25.023975], [55.0030808, 25.0241296], [55.0020025, 25.023975], [55.000803, 25.023662], [54.9987645, 25.0230418], [54.9965093, 25.0220676], [54.9943725, 25.0207383], [54.99336348125001, 25.019998644693917], [54.9915829, 25.0186934], [54.9896396, 25.016904], [54.9881665, 25.0151998], [54.9872128, 25.0138844], [54.9860949, 25.0145028], [54.9873516, 25.0178697], [54.9883545, 25.0196022], [54.9894388, 25.0208054], [54.9903327, 25.0217974], [54.9920172, 25.0231915], [54.99336348125001, 25.02410502522882], [54.9939183, 25.0244815], [54.9951178, 25.0251523], [54.9955931, 25.0255325], [54.9958248, 25.0260953], [54.9956789, 25.0265406], [54.9953699, 25.0268546], [54.9947959, 25.026945], [54.9938003, 25.02656], [54.99336348125001, 25.026249753794893], [54.9924302, 25.0255869], [54.9909539, 25.0244747], [54.9894305, 25.023], [54.9881665, 25.02142], [54.9875396, 25.0205679], [54.9872889, 25.0201703], [54.9860038, 25.0180117], [54.9851657, 25.0160214], [54.9842549, 25.0164094], [54.9845031, 25.0179854], [54.9848379, 25.0195201], [54.9852102, 25.0204986], [54.9854494, 25.021024], [54.9854279, 25.0213478], [54.9851892, 25.0215874], [54.9847499, 25.0216701], [54.984302, 25.0215033], [54.983765, 25.0209108], [54.9833814, 25.0202093], [54.9829201, 25.0192998], [54.9825312, 25.0188444], [54.9821852, 25.0186951], [54.9818134, 25.018718], [54.9812389, 25.0190364], [54.9808344, 25.0191803], [54.9804964, 25.0191754], [54.9802427, 25.0190933], [54.9801426, 25.0188638], [54.9803933, 25.0184378], [54.980571, 25.017981], [54.9805056, 25.0176767], [54.9802057, 25.0175192], [54.9797148, 25.0174624], [54.9789611, 25.0175129], [54.9777461, 25.0178104], [54.97681, 25.0180637], [54.9753992, 25.018369], [54.9740001, 25.0185216], [54.9724836, 25.0185605], [54.9706656, 25.0184521], [54.9699527, 25.0183048], [54.9695809, 25.0180331], [54.9694511, 25.0176563], [54.9694629, 25.0173301], [54.9696973, 25.0169471], [54.9700814, 25.0167108], [54.9705846, 25.0166875], [54.9716725, 25.0168314], [54.9728951, 25.0169184], [54.9743483, 25.0168844], [54.9758197, 25.0167099], [54.9774167, 25.0164128], [54.9791902, 25.0159447], [54.9812958, 25.0149549], [54.9811156, 25.0139788], [54.9798372, 25.0142408], [54.9778502, 25.0145588], [54.9759072, 25.0147143], [54.9739309, 25.0147255], [54.971613, 25.0145058], [54.9697268, 25.0141339], [54.9676342, 25.0135155], [54.9662174, 25.0128821], [54.9658752, 25.0125306], [54.9657958, 25.012081], [54.9659278, 25.0116994], [54.9662475, 25.0114728], [54.9666305, 25.0113649], [54.9672506, 25.0114952], [54.9688374, 25.0121505], [54.9706801, 25.0127275], [54.9721682, 25.0130659], [54.9737893, 25.0132895], [54.9753573, 25.0134037], [54.9769409, 25.0134349], [54.9786978, 25.0132316], [54.9820715, 25.012602], [54.9819918, 25.0112801], [54.9794217, 25.0113085], [54.977509, 25.0111209], [54.9754271, 25.0107042], [54.9734621, 25.0101982], [54.9716575, 25.0095676], [54.9696786, 25.0087743], [54.9681594, 25.0079993], [54.9668145, 25.0071471], [54.9657362, 25.0063532], [54.9646387, 25.005446], [54.9640298, 25.004817], [54.9639161, 25.0042807], [54.9640239, 25.0038791], [54.9643125, 25.0036647], [54.9647277, 25.0035165], [54.9651687, 25.0035743], [54.965593, 25.0038407], [54.9662314, 25.0044893], [54.9675349, 25.0056575], [54.9686786, 25.0064247], [54.9699505, 25.0072064], [54.9713887, 25.0080465], [54.9734476, 25.0089736], [54.9755944, 25.0095594], [54.9774516, 25.0098924], [54.9796725, 25.010098], [54.981999, 25.0101282], [54.9836304, 25.0100868], [54.9837978, 25.0090561], [54.9818665, 25.0088657], [54.9789515, 25.0082692], [54.9768438, 25.0075657], [54.975065, 25.0067638], [54.9735918, 25.0060821], [54.9714918, 25.004747], [54.9700482, 25.0038359], [54.9688278, 25.0029238], [54.9676969, 25.0018275], [54.9667201, 25.0007652], [54.9658698, 24.9997831], [54.9651966, 24.9989085], [54.9650512, 24.9983849], [54.9651172, 24.9980144], [54.9654138, 24.997692], [54.9658478, 24.9975715], [54.9663574, 24.9976142], [54.9667431, 24.9979152], [54.9672833, 24.9986659], [54.9681046, 24.9997656], [54.9690643, 25.0009111], [54.9703078, 25.0021868], [54.9719729, 25.0036156], [54.9734991, 25.0046128], [54.9753391, 25.0056454], [54.9768642, 25.0063114], [54.9788147, 25.0069799], [54.9807228, 25.0074456], [54.9825591, 25.0077388], [54.9847902, 25.008007], [54.9848117, 25.0071291], [54.9818351, 25.0061389], [54.9797047, 25.0051471], [54.9778502, 25.0039866], [54.9756105, 25.0023215], [54.973924, 25.0006096], [54.9720341, 24.9983007], [54.9708003, 24.9963871], [54.9701742, 24.9950982], [54.9695943, 24.9935146], [54.9693368, 24.9926292], [54.9693449, 24.9921518], [54.9695552, 24.991826], [54.9699709, 24.9916519], [54.9704537, 24.9916767], [54.9708984, 24.9919174], [54.9711178, 24.9922869], [54.9714467, 24.9935136], [54.9719751, 24.9949236], [54.9729852, 24.9970289], [54.9739266, 24.9986756], [54.9753784, 25.0003724], [54.9768481, 25.0017633], [54.9786103, 25.0031086], [54.9806127, 25.0042641], [54.982205, 25.0049934], [54.9841421, 25.0057309], [54.9857494, 25.0061217], [54.9860037, 25.0050697], [54.9838063, 25.0040021], [54.9811514, 25.0021717], [54.9795157, 25.0006565], [54.9778582, 24.9988438], [54.976339, 24.9968276], [54.9754389, 24.9952917], [54.9746052, 24.9935487], [54.9740447, 24.9920604], [54.9735903, 24.9904242], [54.9735184, 24.9896132], [54.9737131, 24.989234], [54.9741122, 24.9889549], [54.9746133, 24.9889515], [54.9750913, 24.9891985], [54.9753031, 24.9897042], [54.9756331, 24.9912941], [54.9762553, 24.9932856], [54.9770085, 24.9950987], [54.977855, 24.9966331], [54.979283, 24.9985929], [54.9813735, 25.0007336], [54.9837038, 25.0025597], [54.9853456, 25.0034687], [54.9867493, 25.0041508], [54.9870873, 25.0031853], [54.9860038, 25.0022473], [54.9842172, 25.0004577], [54.9818351, 24.9973613], [54.9807695, 24.9951455], [54.9800486, 24.9937251], [54.9792894, 24.9914156], [54.9788791, 24.9895272], [54.9787079, 24.9881191], [54.97879, 24.9874947], [54.9790802, 24.9871272], [54.9795566, 24.9870459], [54.9800271, 24.9871631], [54.9803918, 24.9874797], [54.9805254, 24.9880267], [54.9806735, 24.9896813], [54.9810747, 24.9916714], [54.9817308, 24.9942605], [54.9828959, 24.9966516], [54.9850691, 24.9997277], [54.9878104, 25.0024211], [54.988585, 25.0017637], [54.9881665, 25.0012815], [54.9864113, 24.9989521], [54.9856904, 24.9973045], [54.9849381, 24.9953728], [54.9841859, 24.9925888], [54.9840178, 24.9906269], [54.98411, 24.9886111], [54.9844587, 24.9870007], [54.984978, 24.9865115], [54.9855123, 24.9863754], [54.9861635, 24.9866603], [54.9864157, 24.9872768], [54.9863266, 24.9878885], [54.9859897, 24.9892033], [54.9857923, 24.9905754], [54.9858084, 24.9924804], [54.9859411, 24.9944921], [54.986756, 24.9967363], [54.9881351, 24.9993498], [54.9891381, 25.0007701], [54.99041, 25.001252], [54.9911144, 24.9998864], [54.9897545, 24.9991948], [54.99316348125, 24.993293832739024], [54.9996603, 24.9820478], [54.9997505, 24.981545], [54.9996765, 24.9808526], [54.9995982, 24.9804179], [54.9998878, 24.9801796], [55.0002419, 24.9801835], [55.0006453, 24.9803099], [55.0019712, 24.9804303], [55.0028185, 24.9789989], [55.0027286, 24.9784868], [55.0024077, 24.977905], [55.0017786, 24.9774395], [55.0003151, 24.9765899], [54.9979657, 24.9753912], [54.9971954, 24.9752632], [54.996592, 24.9753912], [54.9951156, 24.9750421], [54.99336348125001, 24.974223601748943], [54.9930229, 24.9740645], [54.991983, 24.9736688], [54.9916733, 24.9738547], [54.990903, 24.9749746], [54.9899776, 24.9762428], [54.9889793, 24.9772654], [54.9876001, 24.9783775], [54.9871994, 24.9783605], [54.9864682, 24.977581], [54.9857344, 24.9775523], [54.9842581, 24.9783021], [54.9833424, 24.9786911], [54.9822212, 24.9790748], [54.9822388, 24.9816056], [54.9821618, 24.9816522], [54.9820847, 24.9815707], [54.9820362, 24.9809432], [54.9815434, 24.9808158], [54.9806927, 24.9807873], [54.9794916, 24.9808819], [54.9773297, 24.981224], [54.9758668, 24.9814635], [54.9743546, 24.9817832], [54.9731656, 24.9820951], [54.9716249, 24.9826244], [54.9703822, 24.9830764], [54.9688617, 24.9837748], [54.9672221, 24.9846404], [54.9659984, 24.9854174], [54.9647308, 24.986341], [54.9635466, 24.9872444], [54.9627401, 24.9879426], [54.961904, 24.9887631], [54.9609427, 24.9898404], [54.9601051, 24.990806], [54.9596456, 24.9914626], [54.9596236, 24.9917031], [54.9601502, 24.991942], [54.9601889, 24.991991], [54.9601889, 24.9920445], [54.9601587, 24.9920844], [54.9600718, 24.9920991], [54.9594163, 24.9918864], [54.9564171, 24.9905887], [54.9538958, 24.9894635], [54.9538338, 24.9893901], [54.9538035, 24.9892902], [54.9535803, 24.9801858], [54.9536155, 24.9800674], [54.9537389, 24.9800076], [54.9538574, 24.9800584], [54.9539078, 24.9801729], [54.9540977, 24.9892644], [54.9561023, 24.9901472], [54.9563304, 24.9897509], [54.9572499, 24.9885088], [54.9577581, 24.9878833], [54.9577292, 24.9877688], [54.9574113, 24.9875325], [54.9574183, 24.9874559], [54.9574838, 24.987428], [54.9576833, 24.9875614], [54.9580135, 24.9872809], [54.9587358, 24.9864813], [54.9594327, 24.9857201], [54.9606745, 24.9846129], [54.9618238, 24.9837141], [54.9631025, 24.9827741], [54.9643639, 24.9819324], [54.9653864, 24.9813222], [54.9666634, 24.9806854], [54.9678966, 24.9801216], [54.9678768, 24.9799891], [54.9679377, 24.9798632], [54.9680439, 24.9797302], [54.9684865, 24.9795315], [54.9686391, 24.9795082], [54.9688016, 24.9795508], [54.9689566, 24.9796312], [54.9691235, 24.9796089], [54.9704407, 24.9790959], [54.971957, 24.9786142], [54.9726224, 24.9784187], [54.9734684, 24.9781698], [54.972889, 24.9762587], [54.9727935, 24.9761897], [54.9726849, 24.976177], [54.9707221, 24.976761], [54.969201, 24.9772716], [54.967998, 24.9777214], [54.9671663, 24.9780759], [54.9663005, 24.9784643], [54.9654242, 24.9788911], [54.9645449, 24.9793588], [54.9636432, 24.9798573], [54.9627838, 24.9803815], [54.9619912, 24.9808897], [54.96132, 24.9813469], [54.9606391, 24.9818484], [54.9599943, 24.982343], [54.9594186, 24.9828062], [54.9587754, 24.9833682], [54.9583714, 24.9837265], [54.9583237, 24.983832], [54.958328, 24.9839727], [54.9583653, 24.984236], [54.95836, 24.9843249], [54.9582986, 24.9844284], [54.958201, 24.9844912], [54.9581042, 24.9845043], [54.9579926, 24.984481], [54.9569072, 24.9840606], [54.9568172, 24.983991], [54.9567873, 24.9838891], [54.9568006, 24.983787], [54.9568577, 24.9837173], [54.9569304, 24.9836695], [54.957027, 24.9836502], [54.957815, 24.9836749], [54.9579297, 24.9836677], [54.9580288, 24.983616], [54.958344, 24.9833313], [54.9590086, 24.9827501], [54.9596043, 24.9822598], [54.9602796, 24.9817347], [54.961029, 24.9811796], [54.9615906, 24.9807747], [54.9623335, 24.9802966], [54.9623748, 24.9801641], [54.962476, 24.9801089], [54.9626148, 24.9801289], [54.9630986, 24.9798311], [54.9637357, 24.9794548], [54.9647135, 24.9789168], [54.965642, 24.9784413], [54.9664705, 24.9780578], [54.9674828, 24.9776149], [54.9675151, 24.9775099], [54.9676304, 24.9774558], [54.9677515, 24.9774914], [54.9682869, 24.9772794], [54.9693676, 24.9768731], [54.9706357, 24.9764617], [54.9722201, 24.9759969], [54.9722862, 24.975899], [54.9724119, 24.9758651], [54.9725287, 24.9759238], [54.9732204, 24.9757456], [54.9739688, 24.9755804], [54.9749264, 24.9753826], [54.9757365, 24.9752352], [54.9765818, 24.975088], [54.9774808, 24.9749735], [54.9782218, 24.9748878], [54.9787426, 24.9748293], [54.978827, 24.9747865], [54.9789229, 24.9746877], [54.9791152, 24.9744076], [54.9792004, 24.9743512], [54.9793131, 24.974332], [54.9794175, 24.97437], [54.9795209, 24.9744359], [54.9801197, 24.9754677], [54.9801177, 24.9755489], [54.980098, 24.9756154], [54.9800346, 24.9756889], [54.9799376, 24.9757282], [54.979831, 24.9757328], [54.9797307, 24.9756904], [54.9791072, 24.9752], [54.9789818, 24.9751408], [54.9788654, 24.9751323], [54.9780779, 24.9752193], [54.9770104, 24.9753502], [54.9761102, 24.9754852], [54.9753349, 24.9756253], [54.9745084, 24.9757955], [54.9737441, 24.9759546], [54.9732377, 24.976048], [54.9731767, 24.9760936], [54.9731642, 24.9761739], [54.9737471, 24.9781109], [54.97446, 24.9779706], [54.9758556, 24.9776884], [54.9778731, 24.977354], [54.9793813, 24.9771778], [54.9803587, 24.9771022], [54.9803517, 24.9769597], [54.9804204, 24.9769256], [54.9804928, 24.9769475], [54.9805245, 24.9772242], [54.9806307, 24.9773098], [54.9816389, 24.9772476], [54.9831294, 24.9772203], [54.983782, 24.9770725], [54.9850494, 24.9764279], [54.9862362, 24.9754824], [54.9870176, 24.9746307], [54.987374, 24.974139], [54.987558, 24.9736214], [54.9876227, 24.9730201], [54.9875658, 24.9724762], [54.9872783, 24.9717954], [54.9870347, 24.9712865], [54.9867421, 24.9709059], [54.9864446, 24.9707035], [54.9849627, 24.970531], [54.9821051, 24.9689555], [54.978423, 24.9673818], [54.9742323, 24.9660192], [54.9720007, 24.9665055], [54.9712486, 24.9670278], [54.9696596, 24.9668527], [54.9660784, 24.9657439], [54.9633758, 24.9649882], [54.9620711, 24.9642043], [54.9583398178915, 24.9608375], [54.9543635, 24.9572496], [54.948158, 24.9511205], [54.9391136, 24.9434569], [54.9378819, 24.9423547], [54.9257651, 24.9331329], [54.9224955, 24.9326061], [54.9202724, 24.9342473], [54.9158522, 24.937828], [54.9114212, 24.9411551], [54.9113321, 24.9415651], [54.9120713, 24.9425414], [54.9124912, 24.9425459], [54.9127662, 24.9428995], [54.9127362, 24.9431533], [54.9133011, 24.9439421], [54.9136061, 24.9439829], [54.9137661, 24.9442231], [54.9136161, 24.9445405], [54.9140021, 24.9454397], [54.9143569, 24.945438], [54.9145668, 24.9459094], [54.9143169, 24.9461361], [54.9146268, 24.9468523], [54.9150168, 24.9469339], [54.9151468, 24.9471605], [54.9149968, 24.9474778], [54.9148958, 24.947498], [54.9152166, 24.9481722], [54.9153214, 24.9482279], [54.9153908, 24.9484079], [54.915339, 24.9484722], [54.9161387, 24.9502556], [54.9160827, 24.9502701], [54.9156077, 24.949291], [54.9142129, 24.9493545], [54.9127531, 24.9496836], [54.9111669, 24.950418], [54.9092684, 24.9518279], [54.9083133, 24.9528109], [54.907242, 24.9533024], [54.9068419, 24.9538407], [54.9070096, 24.9541098], [54.9070484, 24.9543294], [54.9064973, 24.954448], [54.9063385, 24.9542278], [54.9057501, 24.9543887], [54.9049095, 24.9538213], [54.904676, 24.95405], [54.9055166, 24.9546851], [54.9054139, 24.9547698], [54.905087, 24.9546004], [54.9046667, 24.9550577], [54.9044705, 24.9550746], [54.9039475, 24.9549137], [54.9038074, 24.9550577], [54.903742, 24.9554641], [54.9034151, 24.9553456], [54.9036486, 24.9550153], [54.9036206, 24.9548206], [54.9034244, 24.9547274], [54.9034602, 24.9545896], [54.9021822, 24.954177], [54.9017246, 24.9542617], [54.9000994, 24.9535673], [54.8997445, 24.9531778], [54.9001087, 24.9523648], [54.8999737, 24.9520309], [54.9000153, 24.9514503], [54.9001141, 24.9509366], [54.8996441, 24.9506284], [54.8992286, 24.9500909], [54.8992003, 24.949655], [54.8994972, 24.949296], [54.8996952, 24.9479883], [54.8998083, 24.9476806], [54.8998507, 24.9473601], [54.8995679, 24.9467703], [54.8998366, 24.9466036], [54.9001618, 24.9466934], [54.9003225, 24.9467327], [54.9005514, 24.946514], [54.900813, 24.9465076], [54.9011807, 24.9466742], [54.9015413, 24.9466742], [54.9016685, 24.9466614], [54.9017534, 24.9463729], [54.9020927, 24.9460396], [54.9029341, 24.9458345], [54.9031816, 24.9458024], [54.9042774, 24.944719], [54.9043411, 24.9433728], [54.9025028, 24.9431997], [54.9016923, 24.9436322], [54.9004446, 24.9442958], [54.8978145, 24.9457703], [54.8978711, 24.9461164], [54.8974893, 24.946719], [54.8957359, 24.9471421], [54.895849, 24.9492832], [54.8952376, 24.9502701], [54.894375, 24.9506034], [54.8934983, 24.950847], [54.8931306, 24.9513214], [54.8936963, 24.9518983], [54.8956193, 24.9531547], [54.8959304, 24.9528855], [54.8961284, 24.952924], [54.896185, 24.9531163], [54.8960011, 24.9533983], [54.8982919, 24.9545778], [54.9021945, 24.9562924], [54.9053014, 24.9564414], [54.9067245, 24.9565113], [54.9067326, 24.9565901], [54.9066302, 24.9566386], [54.9021788, 24.9564747], [54.9010957, 24.9560098], [54.8965676, 24.954075], [54.8933978, 24.9520294], [54.8926462, 24.951187], [54.8913159, 24.9497181], [54.8912837, 24.9468012], [54.8935657, 24.942769], [54.8956224, 24.9403311], [54.8984248, 24.9369412], [54.9024856, 24.935674], [54.9065293, 24.9364703], [54.9089315, 24.9388246], [54.9107463, 24.940834], [54.9215299, 24.9325428], [54.9211098, 24.9304141], [54.9155013, 24.9277571], [54.908756, 24.919725], [54.9071195, 24.9178746], [54.904988, 24.915395], [54.9025359, 24.9132875], [54.899407485202445, 24.911347435757055], [54.8981274, 24.9105536], [54.89745, 24.9104473], [54.8968508, 24.9106836], [54.8947849, 24.91], [54.8942376, 24.9100808], [54.8940806, 24.9102078], [54.8941867, 24.9102925], [54.8940721, 24.9108466], [54.8939576, 24.910912], [54.8934357, 24.9108235], [54.8930275, 24.9108707], [54.8928799, 24.9110005], [54.89275416017894, 24.911347435757055], [54.8927188, 24.911445], [54.892536709796715, 24.911347435757055], [54.892392, 24.9112699], [54.892288096756765, 24.911428982957656], [54.8920653, 24.9117701], [54.8919828, 24.9117095], [54.8920398, 24.9115354], [54.8917386, 24.9113449], [54.891726300787504, 24.911347435757055], [54.8915053, 24.911393], [54.8905771, 24.9109697], [54.89047609699039, 24.9109622067319], [54.8967685, 24.9092796], [54.9398979, 24.8977458], [55.0080981, 24.876008], [55.0232701, 24.8679401], [55.0830382, 24.7962733], [55.112127, 24.7618249], [55.1420993, 24.7253917], [55.1838782, 24.6794728], [55.2022422, 24.6592076], [55.2510709, 24.6377004], [55.2946406, 24.624529], [55.3079768, 24.6281368], [55.3210307, 24.6331366], [55.3321391, 24.6348033], [55.3963099, 24.63147], [55.438531, 24.6334151], [55.4651957, 24.6378581], [55.4863063, 24.6450777], [55.5004741, 24.6520225], [55.5084131, 24.7169034], [55.5149961, 24.7169118], [55.5236175, 24.7168883], [55.5279091, 24.7169078], [55.5337975, 24.7169039], [55.5698035, 24.7175277], [55.6024847, 24.7136519], [55.6194346, 24.7179205], [55.6226414, 24.7183907], [55.6354437, 24.7185322], [55.6449214, 24.7211701], [55.6557551, 24.724225], [55.6674205, 24.7303346], [55.7063709, 24.7428607], [55.7391785, 24.7534103]]], [[[55.0471755, 25.0423724], [55.0571593, 25.0485243], [55.0572768, 25.0485547], [55.0574557, 25.0485395], [55.0576123, 25.0483976], [55.0576961, 25.0481607], [55.0585065, 25.0459929], [55.0578697, 25.045608], [55.0572872, 25.0464157], [55.0564487, 25.0463623], [55.056033, 25.0457324], [55.0554493, 25.0456236], [55.0549622, 25.0460542], [55.0548581, 25.0459414], [55.0562588, 25.0445996], [55.0551897, 25.0440071], [55.0555936, 25.0434312], [55.0541452, 25.042397], [55.0540578, 25.0419839], [55.0535106, 25.041476], [55.0530133, 25.0409214], [55.0522913, 25.0404539], [55.0516953, 25.0401302], [55.0511529, 25.0400242], [55.0507962, 25.04019], [55.0506723, 25.0404028], [55.0503837, 25.0405345], [55.0499454, 25.0405462], [55.0496708, 25.0406701], [55.0494031, 25.0405443], [55.0490555, 25.0401229], [55.0489165, 25.0398658], [55.0485866, 25.0396714], [55.0483146, 25.0394186], [55.0482256, 25.038972], [55.0479676, 25.0384796], [55.0478517, 25.0380296], [55.0477744, 25.037477], [55.0471634, 25.0370249], [55.0463732, 25.0367275], [55.0455857, 25.036398], [55.0439619, 25.0354526], [55.041792, 25.0340144], [55.0411172, 25.0337058], [55.0407154, 25.0338054], [55.0396141, 25.0346472], [55.0383111, 25.0357117], [55.0380428, 25.0359566], [55.0379323, 25.0362108], [55.0379179, 25.0365588], [55.0384498, 25.0369428], [55.0385025, 25.0370279], [55.0460581, 25.0416565], [55.0459417, 25.0417918], [55.0445359, 25.0409249], [55.0369015, 25.0362326], [55.0366051, 25.0360197], [55.0365268, 25.035888], [55.0365156, 25.035736], [55.0365716, 25.0355029], [55.0367058, 25.0353407], [55.0399553, 25.0324421], [55.0413088, 25.0290467], [55.0413479, 25.0289251], [55.0409229, 25.0281903], [55.0409956, 25.0281244], [55.0410627, 25.0281498], [55.0414989, 25.0288592], [55.0414878, 25.0290113], [55.060515, 25.0407526], [55.0609232, 25.0396328], [55.0610127, 25.0396784], [55.0610183, 25.0397645], [55.0578024, 25.0484343], [55.0576849, 25.0485509], [55.0574668, 25.0486928], [55.0571983, 25.0487333], [55.0569634, 25.048637], [55.0529086, 25.0460883], [55.0470843, 25.0424965], [55.0471755, 25.0423724]]], [[[55.1208063, 25.1270944], [55.1207629, 25.1267708], [55.1208833, 25.1265222], [55.1212996, 25.1262151], [55.1214075, 25.1257266], [55.1213612, 25.1254056], [55.1211608, 25.1251125], [55.12076, 25.124945], [55.1203592, 25.1248613], [55.1197734, 25.1248334], [55.1191568, 25.1247775], [55.1188639, 25.1246519], [55.1186635, 25.1242332], [55.118756, 25.1239122], [55.1191413, 25.1237028], [55.1196501, 25.1235772], [55.1200663, 25.1237028], [55.1206367, 25.1237028], [55.1212996, 25.1236749], [55.1215925, 25.1237168], [55.1222708, 25.123633], [55.1227804, 25.1236684], [55.1232477, 25.123554], [55.1238223, 25.1235026], [55.1241317, 25.1233882], [55.1245358, 25.1232739], [55.1247, 25.1233082], [55.1248831, 25.1232682], [55.125142, 25.1232339], [55.125243, 25.1231481], [55.1252367, 25.1230224], [55.1253188, 25.1229309], [55.1253882, 25.1227994], [55.1252178, 25.1227708], [55.1248578, 25.1227822], [55.1244285, 25.1227651], [55.1241317, 25.1227365], [55.1235823, 25.1227422], [55.1233361, 25.1227422], [55.1231088, 25.1226508], [55.1227804, 25.1226222], [55.1224331, 25.1225307], [55.1222248, 25.122525], [55.1220606, 25.1225593], [55.1218459, 25.1225822], [55.1216123, 25.1225479], [55.1210377, 25.1223935], [55.1206651, 25.122302], [55.1203683, 25.1222449], [55.119939, 25.1221877], [55.1195412, 25.1220619], [55.1191055, 25.1218904], [55.1188908, 25.1218161], [55.1186635, 25.1218732], [55.1185309, 25.1218332], [55.1182972, 25.1216388], [55.1179247, 25.1215131], [55.117729, 25.1214845], [55.1174827, 25.121433], [55.1172617, 25.121313], [55.1171038, 25.1212444], [55.1170154, 25.1210614], [55.1168323, 25.1208499], [55.1166745, 25.1206098], [55.116706, 25.1203868], [55.1168639, 25.1202096], [55.117047, 25.1201067], [55.1172428, 25.1200895], [55.1174827, 25.1200438], [55.1175711, 25.1199866], [55.1181773, 25.1200552], [55.1183351, 25.1201638], [55.1185814, 25.1203811], [55.1187771, 25.1204726], [55.1189539, 25.1205755], [55.1194528, 25.1206441], [55.1199579, 25.1208613], [55.1217954, 25.121353], [55.1229825, 25.1215359], [55.1241885, 25.1217017], [55.1250473, 25.1216903], [55.1263922, 25.1217418], [55.1268216, 25.1217418], [55.127011, 25.1217818], [55.1271373, 25.1216674], [55.1271247, 25.1214902], [55.1271878, 25.1213873], [55.1271247, 25.1213759], [55.1267774, 25.121313], [55.1257608, 25.1210328], [55.1242895, 25.1206212], [55.1225005, 25.1199609], [55.1223068, 25.1198894], [55.1212533, 25.1194125], [55.1211324, 25.1193577], [55.1195538, 25.1184658], [55.1180131, 25.1174653], [55.1169081, 25.1167793], [55.1160683, 25.1161218], [55.1157589, 25.1159217], [55.1155884, 25.1157444], [55.1153927, 25.1156529], [55.1152727, 25.1154757], [55.1151145, 25.1152413], [55.1150688, 25.1151384], [55.1150232, 25.115047], [55.1150075, 25.1150012], [55.114938, 25.1148011], [55.1149317, 25.114681], [55.1151211, 25.1143951], [55.1151906, 25.1142751], [55.1153169, 25.1141607], [55.1155695, 25.1140292], [55.1157652, 25.1138405], [55.1160935, 25.1137948], [55.1164913, 25.1138863], [55.1167881, 25.1140578], [55.1177605, 25.1150469], [55.1182846, 25.1156701], [55.1194086, 25.1166992], [55.1200021, 25.1171566], [55.1213344, 25.1179627], [55.1225847, 25.1185802], [55.1240749, 25.1192605], [55.1248263, 25.1195178], [55.1254703, 25.1197236], [55.1256712, 25.1198301], [55.125806, 25.1198608], [55.1266448, 25.1200838], [55.1279897, 25.1204097], [55.1286528, 25.1205583], [55.1287601, 25.1205126], [55.1287601, 25.1204726], [55.1288232, 25.120404], [55.1288422, 25.1203468], [55.1288043, 25.1202839], [55.1278282, 25.1198788], [55.1263465, 25.1192108], [55.1248957, 25.1184658], [55.1234398, 25.1175464], [55.122048, 25.1164991], [55.1205752, 25.1152635], [55.1193366, 25.1139976], [55.1188635, 25.113501], [55.1179152, 25.1123749], [55.1174288, 25.1119077], [55.1172223, 25.1117907], [55.1171351, 25.1116114], [55.1170613, 25.1114366], [55.1168987, 25.1113002], [55.1167586, 25.1111132], [55.1166953, 25.1109243], [55.1166272, 25.1108317], [55.1165808, 25.1107688], [55.1164334, 25.1104701], [55.1160837, 25.1099551], [55.1158789, 25.1096668], [55.1157715, 25.1094323], [55.1157605, 25.1092111], [55.1158157, 25.1088034], [55.115995, 25.1085006], [55.1160872, 25.1084032], [55.1162202, 25.1082673], [55.1164913, 25.1080658], [55.1168348, 25.1080248], [55.1170274, 25.1080145], [55.1172428, 25.1080601], [55.117489, 25.1081687], [55.1176848, 25.1083574], [55.1177416, 25.1085347], [55.1179058, 25.1087748], [55.118051, 25.1089292], [55.1180813, 25.1090588], [55.118127, 25.1092471], [55.1182457, 25.1094517], [55.1183594, 25.1096487], [55.1184893, 25.1098091], [55.1186516, 25.1099468], [55.118733, 25.1101547], [55.1189091, 25.1104657], [55.1192077, 25.1108831], [55.1193163, 25.1112255], [55.1195425, 25.1115563], [55.1198127, 25.1120453], [55.1201725, 25.1125], [55.1209682, 25.1135661], [55.1218205, 25.1144543], [55.1232856, 25.115733], [55.124587, 25.116688], [55.1267696, 25.11812], [55.1278786, 25.1186416], [55.128617, 25.1189768], [55.1298486, 25.1194463], [55.1299888, 25.1195133], [55.130033, 25.119439], [55.1300835, 25.1193532], [55.1300204, 25.1193018], [55.1296289, 25.1191017], [55.1293005, 25.1188959], [55.128928, 25.1186729], [55.1285302, 25.1183699], [55.128246, 25.1181641], [55.1277346, 25.1177753], [55.1273052, 25.1174437], [55.1267495, 25.116992], [55.1264275, 25.116689], [55.1259539, 25.1162259], [55.1255498, 25.11582], [55.1250889, 25.1154083], [55.1243059, 25.1144936], [55.1239965, 25.1141334], [55.1236366, 25.1135616], [55.1231756, 25.1129327], [55.1227652, 25.1123267], [55.1222158, 25.1113261], [55.1217928, 25.1105085], [55.121597, 25.1101311], [55.1214076, 25.1096966], [55.1211171, 25.1090105], [55.1208646, 25.1083987], [55.1205931, 25.1074667], [55.1203026, 25.1065633], [55.1202584, 25.1061002], [55.1200753, 25.1052825], [55.1201321, 25.1048537], [55.1203468, 25.1045163], [55.1204983, 25.1043448], [55.1208961, 25.1042819], [55.1212813, 25.1043505], [55.1215844, 25.1044934], [55.1217802, 25.104745], [55.1219506, 25.1054655], [55.1221085, 25.1065919], [55.1224558, 25.1079756], [55.123264, 25.1101654], [55.1238134, 25.1112861], [55.1248237, 25.112927], [55.1255246, 25.1138246], [55.1263517, 25.1148137], [55.1265758, 25.1150397], [55.1273494, 25.11582], [55.1283913, 25.1167691], [55.1297236, 25.1177753], [55.1307212, 25.1184194], [55.1309964, 25.1185543], [55.1310564, 25.1185824], [55.131164, 25.1184756], [55.1312406, 25.1184419], [55.1313027, 25.1184475], [55.1313399, 25.1184194], [55.1313647, 25.1183632], [55.1312737, 25.118307], [55.1312013, 25.1182152], [55.1311413, 25.1181927], [55.1309302, 25.1180203], [55.1308475, 25.1179323], [55.1304068, 25.1175505], [55.130345, 25.1174969], [55.1301674, 25.1173807], [55.1299208, 25.1171306], [55.1295952, 25.1167286], [55.1293781, 25.1164963], [55.129092, 25.1161658], [55.128793, 25.1158409], [55.1287467, 25.1157906], [55.1285, 25.115344], [55.1281646, 25.114799], [55.1278489, 25.1143434], [55.1273852, 25.1136913], [55.127178, 25.1133161], [55.1270201, 25.1130302], [55.1266945, 25.112646], [55.1265071, 25.112244], [55.1263689, 25.1118599], [55.1261322, 25.1113864], [55.1258855, 25.1107968], [55.1256388, 25.1102518], [55.1255774, 25.1101516], [55.1255402, 25.1100208], [55.1254119, 25.1096175], [55.1253133, 25.1092066], [55.1252639, 25.1087242], [55.1251455, 25.1081345], [55.1250666, 25.10767], [55.1249186, 25.1071965], [55.1248002, 25.1069195], [55.1246522, 25.1065979], [55.1247016, 25.1061691], [55.1247016, 25.1056687], [55.124672, 25.1051148], [55.1246029, 25.1045967], [55.1246424, 25.1041767], [55.1246818, 25.1039355], [55.1248298, 25.1036854], [55.1250173, 25.1035067], [55.1251949, 25.1035067], [55.125481, 25.1036139], [55.125698, 25.1038104], [55.125846, 25.1041053], [55.1258756, 25.1045877], [55.1258855, 25.1049093], [55.1259348, 25.1051684], [55.1259842, 25.1057045], [55.125994, 25.1061154], [55.1261617, 25.1070088], [55.1263887, 25.1076432], [55.126438, 25.1083043], [55.1265663, 25.1087867], [55.1267932, 25.1092959], [55.1269708, 25.1098766], [55.127099, 25.1104484], [55.1273654, 25.1108683], [55.1275923, 25.1115115], [55.1279673, 25.1121458], [55.128352, 25.1126103], [55.1285494, 25.1131821], [55.1289835, 25.1139325], [55.1292104, 25.1143077], [55.1294866, 25.1146025], [55.1301082, 25.1154422], [55.1305621, 25.1160229], [55.1309863, 25.1164427], [55.1312724, 25.1168358], [55.1314759, 25.1170858], [55.1315487, 25.1171753], [55.1320025, 25.1175713], [55.1321383, 25.1176737], [55.13219, 25.1177557], [55.1321997, 25.1176854], [55.1321803, 25.1176269], [55.1322094, 25.1175859], [55.1322967, 25.1175274], [55.132342, 25.1175244], [55.1324131, 25.1175596], [55.1324422, 25.117542], [55.1324422, 25.1175039], [55.1323775, 25.1174776], [55.1322773, 25.1173224], [55.1320164, 25.1169003], [55.1317875, 25.1165073], [55.1314165, 25.1158569], [55.1310692, 25.115228], [55.1308956, 25.1147706], [55.1305878, 25.1142989], [55.1304141, 25.1137558], [55.1301458, 25.1131054], [55.1299563, 25.1124336], [55.1297432, 25.1116117], [55.1294749, 25.11104], [55.1294433, 25.1106469], [55.1293959, 25.1102181], [55.1292144, 25.1094533], [55.1290881, 25.10866], [55.129025, 25.1081526], [55.128946, 25.1074164], [55.1288987, 25.1066231], [55.1288671, 25.1059084], [55.1287882, 25.105015], [55.1288987, 25.1043431], [55.129096, 25.104], [55.1293565, 25.1038285], [55.1297748, 25.1037713], [55.1303431, 25.1038499], [55.1306035, 25.1042502], [55.1306035, 25.1045575], [55.1305088, 25.1052222], [55.130493, 25.1058869], [55.1304851, 25.107252], [55.1305167, 25.1078667], [55.1305483, 25.108317], [55.1305956, 25.1091961], [55.1308798, 25.1106755], [55.1310377, 25.1114688], [55.1313218, 25.1123336], [55.1316691, 25.1132341], [55.1320795, 25.1144204], [55.1326162, 25.1154781], [55.1330188, 25.1162], [55.1334055, 25.1168503], [55.1335081, 25.116786], [55.1334292, 25.1166287], [55.1332556, 25.1161785], [55.1330267, 25.1156139], [55.1327978, 25.1149922], [55.1327634, 25.1148717], [55.1326715, 25.1145491], [55.1325057, 25.1138558], [55.13234, 25.113084], [55.1322532, 25.1124122], [55.1322532, 25.1119691], [55.1322453, 25.111676], [55.1322216, 25.1113116], [55.1322058, 25.1110042], [55.1322216, 25.1104897], [55.1321979, 25.1101037], [55.1322453, 25.1095391], [55.1322689, 25.1090746], [55.1322689, 25.1086886], [55.1323242, 25.1082741], [55.1323479, 25.1079453], [55.1323163, 25.1077309], [55.1324347, 25.1075236], [55.1324584, 25.1070877], [55.1325057, 25.1068089], [55.1325373, 25.1064301], [55.1326241, 25.1061728], [55.1328215, 25.1057654], [55.1328215, 25.105501], [55.1329951, 25.1050507], [55.1331771, 25.1048236], [55.1332871, 25.1046862], [55.1334608, 25.1046504], [55.1337055, 25.1047076], [55.1340291, 25.104772], [55.1342501, 25.1048005], [55.1345342, 25.1049363], [55.1347079, 25.1052794], [55.1347, 25.1057726], [55.1345737, 25.1060799], [55.1341632, 25.1069018], [55.1339107, 25.1078881], [55.1337291, 25.1089531], [55.1335871, 25.1100251], [55.1335871, 25.1109328], [55.1336186, 25.111626], [55.1336739, 25.1122121], [55.1337291, 25.1125408], [55.1337686, 25.1130268], [55.1338554, 25.1137343], [55.1339422, 25.1143061], [55.1340449, 25.114642], [55.1341159, 25.1149707], [55.1342501, 25.1153638], [55.1343555, 25.115678], [55.1344647, 25.115861], [55.1345738, 25.1159415], [55.1349517, 25.1158303], [55.1349115, 25.1157427], [55.1348935, 25.1156378], [55.1348876, 25.1154951], [55.1349473, 25.1153662], [55.1350559, 25.1152475], [55.1351319, 25.1151813], [55.1352608, 25.1151255], [55.1353699, 25.1150962], [55.1355135, 25.1150904], [55.1355931, 25.1150653], [55.135645, 25.1150089], [55.1355492, 25.1149193], [55.1355099, 25.1148445], [55.135513, 25.1147544], [55.1355425, 25.1146835], [55.1356399, 25.1146467], [55.1356287, 25.1145986], [55.1357112, 25.1145552], [55.1356881, 25.114416], [55.1356814, 25.1142687], [55.1356259, 25.1142178], [55.1356251, 25.1141571], [55.1356805, 25.1141129], [55.1356844, 25.1139776], [55.1357041, 25.1138191], [55.1356138, 25.1137923], [55.1356184, 25.1137285], [55.1355375, 25.1137022], [55.1355103, 25.1136369], [55.135497, 25.1135759], [55.1355095, 25.1134868], [55.1355678, 25.1134124], [55.135638, 25.1133707], [55.1357245, 25.1133869], [55.1357505, 25.1133321], [55.1358374, 25.1133477], [55.1358948, 25.1132151], [55.1359758, 25.1130778], [55.1359521, 25.1130127], [55.1359851, 25.1129529], [55.1360547, 25.1129399], [55.1361377, 25.1128039], [55.1362422, 25.1126947], [55.1361853, 25.1126324], [55.1362234, 25.1125954], [55.1361569, 25.1125246], [55.1361626, 25.1124599], [55.1361937, 25.1123964], [55.1362613, 25.1123282], [55.1363448, 25.1122905], [55.1364196, 25.1122797], [55.1364903, 25.1123317], [55.1365278, 25.112296], [55.1366024, 25.1123472], [55.1367553, 25.1122371], [55.1369186, 25.1121557], [55.1369551, 25.1119285], [55.1355163, 25.1105366], [55.1350859, 25.1101268], [55.1350618, 25.1100658], [55.1350814, 25.1099882], [55.1351434, 25.1099276], [55.1350741, 25.1093508], [55.1350938, 25.1092915], [55.1351579, 25.1092894], [55.135197, 25.1093281], [55.1352452, 25.1097144], [55.1354311, 25.1097556], [55.1357089, 25.1097483], [55.1360901, 25.1097213], [55.1366776, 25.1096682], [55.1370597, 25.1096317], [55.1373742, 25.1095879], [55.1375393, 25.1095358], [55.1375075, 25.1091697], [55.1375188, 25.1091302], [55.1375515, 25.1091079], [55.1375933, 25.1091132], [55.1376207, 25.1091473], [55.1376588, 25.1095228], [55.1377125, 25.109549], [55.1377807, 25.1095472], [55.137967, 25.1094948], [55.1381605, 25.1094187], [55.1383885, 25.1093291], [55.138497, 25.1093128], [55.138605, 25.1093676], [55.1387652, 25.1094635], [55.1389073, 25.1094788], [55.1390271, 25.1094574], [55.1391484, 25.1094318], [55.1393626, 25.109344], [55.1395282, 25.1092818], [55.1396495, 25.1093037], [55.1398313, 25.1092635], [55.1399687, 25.1091757], [55.1401385, 25.1090586], [55.1402678, 25.1090037], [55.1406396, 25.1087219], [55.1408174, 25.1085828], [55.1410033, 25.1084438], [55.141266, 25.1082096], [55.1415852, 25.1079644], [55.1417428, 25.1077924], [55.1419384, 25.1076627], [55.1421227, 25.107496], [55.1421591, 25.1074009], [55.1423167, 25.1072618], [55.1426157, 25.107152], [55.1427208, 25.1070532], [55.1430117, 25.1068886], [55.1431896, 25.1067422], [55.1433552, 25.1065958], [55.1435856, 25.1064312], [55.1437796, 25.1062555], [55.1443979, 25.1057944], [55.1448303, 25.1054834], [55.145194, 25.1052053], [55.1453112, 25.1050918], [55.1454243, 25.1050333], [55.145881, 25.1047149], [55.1462123, 25.1044697], [55.1466488, 25.1040782], [55.1468347, 25.1039245], [55.1468711, 25.1038586], [55.1469923, 25.1037049], [55.1470974, 25.1036024], [55.1474287, 25.1033975], [55.1475459, 25.1032548], [55.147748, 25.103156], [55.1478692, 25.103145], [55.1480996, 25.1030974], [55.1483461, 25.1028888], [55.1486573, 25.1027498], [55.1489846, 25.1026034], [55.1491301, 25.1025339], [55.1492513, 25.1025046], [55.1493766, 25.1025046], [55.1495059, 25.1025082], [55.1493483, 25.1024094], [55.1488714, 25.1021423], [55.1486128, 25.1020179], [55.1483865, 25.101963], [55.1479945, 25.1018678], [55.1479298, 25.1018495], [55.1479298, 25.1017946], [55.1479703, 25.1017763], [55.1483986, 25.1018605], [55.1488714, 25.1019959], [55.1492432, 25.1021569], [55.1497322, 25.102468], [55.1500272, 25.1027351], [55.1502374, 25.1027534], [55.1505526, 25.1028339], [55.1509729, 25.1030242], [55.15128, 25.1032255], [55.1515548, 25.1033975], [55.151971, 25.1038074], [55.152266, 25.1041294], [55.1526378, 25.1046527], [55.152755, 25.1048357], [55.1528884, 25.105154], [55.1529126, 25.1053955], [55.1528965, 25.105681], [55.1528399, 25.1058676], [55.1528399, 25.1059591], [55.1529126, 25.1060542], [55.1530096, 25.1062775], [55.1530783, 25.1065336], [55.1531106, 25.1067934], [55.1531389, 25.1069984], [55.1531713, 25.107357], [55.1531713, 25.107485], [55.1531349, 25.1075363], [55.1530904, 25.1075363], [55.1530096, 25.1067459], [55.152949, 25.1066178], [55.1528439, 25.106347], [55.1527065, 25.1064019], [55.1527186, 25.1065446], [55.1527227, 25.1066434], [55.1526984, 25.1067532], [55.1526661, 25.106819], [55.1525004, 25.1068959], [55.1522943, 25.1070386], [55.1522539, 25.1071557], [55.1522014, 25.1073716], [55.1518498, 25.10769], [55.1514214, 25.1080413], [55.1507668, 25.1084584], [55.1504596, 25.1087512], [55.1502576, 25.1088902], [55.1498858, 25.1092488], [55.149417, 25.1095452], [55.1490452, 25.1097209], [55.148734, 25.1099368], [55.1483138, 25.1103247], [55.1480672, 25.1105662], [55.1475338, 25.1109943], [55.1472186, 25.1112468], [55.1471944, 25.1114005], [55.1471863, 25.111653], [55.1471014, 25.1118652], [55.1470481, 25.1119763], [55.147483, 25.1124801], [55.1477875, 25.1125667], [55.1481494, 25.1129592], [55.1481767, 25.1132731], [55.1486606, 25.1137122], [55.1489391, 25.113518], [55.1490562, 25.1135197], [55.1491646, 25.1135887], [55.149216, 25.113673], [55.1492278, 25.1137654], [55.1492208, 25.1138503], [55.1491721, 25.1139252], [55.1478579, 25.114906], [55.14778, 25.1149288], [55.1476981, 25.1149258], [55.1476363, 25.1148868], [55.1475638, 25.1148177], [55.1475267, 25.1147577], [55.1475186, 25.1147123], [55.1475496, 25.1146425], [55.1479113, 25.114336], [55.1474213, 25.1137864], [55.1471323, 25.1137541], [55.1467352, 25.1132888], [55.1467531, 25.1131498], [55.1462685, 25.1126361], [55.1460669, 25.1127068], [55.1457759, 25.1127324], [55.1454445, 25.1126592], [55.1452627, 25.112619], [55.1451819, 25.1126666], [55.1451253, 25.1127471], [55.1449798, 25.1129007], [55.1448222, 25.1129776], [55.1444544, 25.113274], [55.1438361, 25.1137789], [55.1435371, 25.1140131], [55.1433593, 25.1141192], [55.1432098, 25.1142254], [55.1429875, 25.114412], [55.1429107, 25.1145364], [55.1428707, 25.1146207], [55.1428289, 25.1147135], [55.1428281, 25.1147844], [55.1428579, 25.1148539], [55.1429389, 25.1149311], [55.1431502, 25.1149899], [55.1433593, 25.1150596], [55.1434401, 25.1150999], [55.1435613, 25.1151914], [55.1436785, 25.1153085], [55.1437397, 25.1154152], [55.1437154, 25.11549], [55.1436607, 25.115551], [55.1435398, 25.1155673], [55.1434145, 25.1155752], [55.1433158, 25.1155459], [55.143251, 25.115561], [55.1431436, 25.1156943], [55.1432172, 25.1157589], [55.1432424, 25.1158038], [55.1436715, 25.1159268], [55.1437028, 25.115963], [55.1436959, 25.1160118], [55.1436528, 25.116037], [55.1432911, 25.1159442], [55.1431715, 25.1163136], [55.1431046, 25.1166034], [55.1429629, 25.1170888], [55.1428614, 25.1174462], [55.1427726, 25.1178203], [55.1427737, 25.1179829], [55.1431475, 25.1180954], [55.1431681, 25.1181339], [55.1431443, 25.1181745], [55.1431022, 25.1181919], [55.1425123, 25.1180355], [55.142451, 25.1180715], [55.1423863, 25.1180869], [55.1423114, 25.1180688], [55.1422602, 25.1180294], [55.1406581, 25.11603], [55.1404238, 25.1160266], [55.1401488, 25.1162642], [55.1401906, 25.1163395], [55.1401445, 25.116373], [55.1401926, 25.116452], [55.1401572, 25.1165198], [55.1401043, 25.1165847], [55.1400363, 25.1166232], [55.1399618, 25.1166387], [55.1398863, 25.1166361], [55.1398229, 25.1165626], [55.1397749, 25.1165914], [55.1397188, 25.1165275], [55.1395926, 25.1165823], [55.1395934, 25.1166025], [55.1394421, 25.116656], [55.1394008, 25.1167173], [55.1393379, 25.1167387], [55.1392681, 25.1167093], [55.1391136, 25.116749], [55.1389471, 25.1167796], [55.1389437, 25.1168663], [55.138868, 25.1168751], [55.1388679, 25.1169774], [55.1388146, 25.1170056], [55.1387492, 25.1170244], [55.1386758, 25.1170297], [55.1385855, 25.1170161], [55.1385172, 25.116985], [55.1385012, 25.1168848], [55.1384373, 25.1168899], [55.138422, 25.1168156], [55.1380982, 25.1167732], [55.1380371, 25.1168148], [55.1379667, 25.116798], [55.1379354, 25.1167475], [55.1375806, 25.1166533], [55.1374654, 25.116743], [55.1372274, 25.1167405], [55.1371396, 25.1166584], [55.1370822, 25.1166629], [55.1370267, 25.1166992], [55.1370047, 25.1167573], [55.1369781, 25.1168645], [55.1369301, 25.1169529], [55.1368546, 25.117042], [55.1367565, 25.1171223], [55.136663, 25.1171705], [55.1365464, 25.1172124], [55.1364328, 25.117226], [55.1363154, 25.1172067], [55.1361653, 25.1171436], [55.1359437, 25.11746], [55.1360407, 25.1175606], [55.1366879, 25.1178965], [55.1377693, 25.1183253], [55.1389374, 25.1187255], [55.1399161, 25.1189542], [55.1406028, 25.1190757], [55.14155, 25.1192972], [55.1424093, 25.1193738], [55.1435077, 25.1194436], [55.1449337, 25.1193738], [55.1460321, 25.1192431], [55.1468115, 25.1191091], [55.1472259, 25.1190645], [55.1474923, 25.1191538], [55.1477192, 25.1193682], [55.1478968, 25.1197166], [55.1481138, 25.120065], [55.1479066, 25.120467], [55.1475712, 25.120735], [55.146476, 25.1209136], [55.144858, 25.1209047], [55.143013, 25.120869], [55.1412174, 25.1205563], [55.1394711, 25.1202347], [55.1374485, 25.1195022], [55.1359686, 25.1188054], [55.134872, 25.11817], [55.1346983, 25.1182889], [55.1354768, 25.1188617], [55.1381392, 25.1204446], [55.1402604, 25.1214384], [55.1424186, 25.1221754], [55.1440095, 25.1224992], [55.1459087, 25.122823], [55.1472777, 25.1229458], [55.1478696, 25.1232027], [55.1482396, 25.12356], [55.1482396, 25.1239954], [55.1480176, 25.1244421], [55.1475737, 25.1246207], [55.1465377, 25.1245314], [55.1438122, 25.1240401], [55.1403344, 25.1228677], [55.1382501, 25.1219186], [55.1365606, 25.1209806], [55.134538, 25.1196183], [55.1338227, 25.1190377], [55.1337487, 25.1191717], [55.1336007, 25.119261], [55.1344147, 25.120199], [55.1359333, 25.121715], [55.137499, 25.1231198], [55.1392574, 25.1242102], [55.1412325, 25.1254097], [55.1427982, 25.1260421], [55.1447252, 25.1266527], [55.1459055, 25.1268926], [55.1470376, 25.1271761], [55.1477361, 25.1274814], [55.1478324, 25.1279176], [55.1477843, 25.1283537], [55.1473025, 25.1287245], [55.1468449, 25.1288117], [55.1460018, 25.128659], [55.1439303, 25.1280048], [55.1417143, 25.1271107], [55.1392815, 25.1258676], [55.137234, 25.1244719], [55.1353552, 25.1228581], [55.1340664, 25.121601], [55.1326055, 25.1198475], [55.1325366, 25.1198383], [55.1325117, 25.1198934], [55.1323856, 25.1199208], [55.1323322, 25.1199401], [55.1335654, 25.1223163], [55.1344094, 25.1235278], [55.1366293, 25.1260673], [55.1381131, 25.1272711], [55.1390187, 25.1280388], [55.1411384, 25.1292077], [55.1437398, 25.130237], [55.1447997, 25.130394], [55.1455319, 25.1306731], [55.1458595, 25.1310395], [55.1460908, 25.1314931], [55.1458595, 25.1319815], [55.145397, 25.1323828], [55.1449346, 25.1324002], [55.144183, 25.1322432], [55.1431232, 25.1317198], [55.1416202, 25.131022], [55.1394934, 25.1299422], [55.1387041, 25.1293839], [55.1385324, 25.1292529], [55.1378408, 25.1287251], [55.1370392, 25.1281557], [55.1359662, 25.1272401], [55.1349179, 25.1261012], [55.1337587, 25.1247948], [55.1328337, 25.1234549], [55.1322047, 25.1223495], [55.1315634, 25.121177], [55.1314217, 25.12077], [55.1313085, 25.1208313], [55.1311799, 25.1208426], [55.1312582, 25.1214813], [55.1315665, 25.122556], [55.1319982, 25.1238262], [55.1327381, 25.1252777], [55.1334164, 25.1266037], [55.1343722, 25.1282227], [55.1352509, 25.1293392], [55.1360834, 25.1302743], [55.1369004, 25.1311257], [55.1375325, 25.131656], [55.138442, 25.1322143], [55.1392871, 25.1329069], [55.1397796, 25.1330556], [55.1400322, 25.133147], [55.1403227, 25.1334168], [55.140816, 25.1340029], [55.1410109, 25.1344561], [55.1408931, 25.1348961], [55.1405077, 25.1353148], [55.1399373, 25.1354823], [55.139074, 25.1350078], [55.1369004, 25.1331516], [55.1342951, 25.1303184], [55.1328615, 25.1283924], [55.1315511, 25.1259778], [55.130842, 25.1241913], [55.1301845, 25.1220626], [55.1301553, 25.1219063], [55.1300852, 25.1217323], [55.1299697, 25.1217742], [55.1297937, 25.1217767], [55.1299324, 25.1235912], [55.1300712, 25.124959], [55.1303641, 25.1261593], [55.1307187, 25.1274573], [55.1312582, 25.1288111], [55.1318594, 25.1300254], [55.1325069, 25.1311977], [55.1341256, 25.13304], [55.1348655, 25.1340727], [55.1348347, 25.1344356], [55.1347978, 25.1344866], [55.1345418, 25.1348403], [55.1340639, 25.1351194], [55.1336631, 25.1352311], [55.133216, 25.1351194], [55.1325531, 25.1346031], [55.1318132, 25.1332633], [55.131289, 25.1324398], [55.1301483, 25.1300254], [55.1292541, 25.1274713], [55.1288533, 25.1258383], [55.1286067, 25.1237168], [55.1285759, 25.1228374], [55.1282213, 25.122977], [55.1279746, 25.1237726], [55.1277434, 25.1253498], [55.1277126, 25.1260895], [55.1277126, 25.1270386], [55.1276817, 25.1277225], [55.1277896, 25.128518], [55.1278667, 25.1292996], [55.1280517, 25.1302068], [55.1281905, 25.1312396], [55.1282367, 25.1320491], [55.1280055, 25.132384], [55.1276201, 25.1324538], [55.1271884, 25.1323421], [55.1269425, 25.1318506], [55.1266489, 25.1303882], [55.1263868, 25.1286157], [55.1264793, 25.1272759], [55.1264947, 25.1262291], [55.1267259, 25.124624], [55.1266797, 25.1243728], [55.1264793, 25.1244705], [55.1263406, 25.1244007], [55.1262481, 25.1245961], [55.1260476, 25.124945], [55.1257239, 25.125587], [55.1253848, 25.1264803], [55.1250302, 25.1275131], [55.1249531, 25.1281551], [55.1249377, 25.1288251], [55.1247835, 25.1293973], [55.1245369, 25.1298718], [55.1241669, 25.1300254], [55.1239511, 25.1300254], [55.1235811, 25.1298439], [55.1234424, 25.1294531], [55.1236582, 25.1280574], [55.1236428, 25.1277225], [55.1233345, 25.1273596], [55.1229953, 25.12722], [55.122687, 25.12722], [55.1222245, 25.1274433], [55.12204, 25.1275241], [55.1218468, 25.1275824], [55.1215223, 25.1274967], [55.1213316, 25.1273919], [55.1211512, 25.1274878], [55.1210067, 25.1274015], [55.1208063, 25.1270944]]], [[[55.12177121962806, 25.13661875], [55.1212409, 25.1362842], [55.1192184, 25.1347747], [55.1177976, 25.1335331], [55.1157948, 25.1316038], [55.1147885, 25.1303622], [55.1136834, 25.1290045], [55.1121247, 25.1267048], [55.1111195, 25.1249668], [55.1103971, 25.1233844], [55.1099677, 25.1223188], [55.1094777, 25.1210015], [55.1090029, 25.1192224], [55.1085988, 25.1170453], [55.1084573, 25.1157875], [55.1084169, 25.1143604], [55.108427, 25.1130843], [55.108523, 25.1118447], [55.1087352, 25.1105914], [55.1089827, 25.109512], [55.1092959, 25.1085011], [55.1097303, 25.1072523], [55.1102849, 25.106065], [55.1108873, 25.1049839], [55.1114576, 25.1041606], [55.112433, 25.1029072], [55.1127126, 25.1027987], [55.1131573, 25.1028964], [55.1132995, 25.1030311], [55.1133636, 25.1032562], [55.1135387, 25.1041377], [55.11363, 25.1046882], [55.1136487, 25.1049809], [55.1135905, 25.105259], [55.1134199, 25.1055184], [55.1128834, 25.1063783], [55.1129724, 25.1065477], [55.112988, 25.1066956], [55.1129555, 25.106818], [55.1125358, 25.1075597], [55.1122533, 25.1082685], [55.1118695, 25.1093449], [55.1116407, 25.1100526], [55.1114387, 25.1108432], [55.1112909, 25.1116879], [55.1112, 25.1125301], [55.1111617, 25.1133095], [55.1111102, 25.1142219], [55.1111139, 25.1149624], [55.1111724, 25.1158484], [55.1112837, 25.1167458], [55.1113998, 25.1175994], [55.1115313, 25.1183234], [55.1118035, 25.1193773], [55.112157, 25.120484], [55.1125602, 25.1215868], [55.1129258, 25.1224693], [55.1133372, 25.1233377], [55.1137151, 25.1241073], [55.1139453, 25.1245291], [55.1141866, 25.1247348], [55.1144037, 25.1247973], [55.1147194, 25.1248598], [55.115045, 25.1250117], [55.1152818, 25.1251099], [55.1151436, 25.1255208], [55.115489, 25.1260032], [55.1160513, 25.1267446], [55.1162486, 25.1269947], [55.1165348, 25.1273609], [55.1166532, 25.1275307], [55.1167814, 25.127754], [55.1167518, 25.1278701], [55.1167814, 25.1280041], [55.1170182, 25.1282988], [55.1171958, 25.1284239], [55.1173339, 25.1286026], [55.1175115, 25.1287276], [55.1177582, 25.1290581], [55.1179851, 25.1292457], [55.1183304, 25.1296923], [55.1188632, 25.1303086], [55.1192282, 25.1307195], [55.1195651, 25.1309796], [55.1196919, 25.1309339], [55.1198498, 25.130916], [55.1199781, 25.1309696], [55.1200076, 25.1310679], [55.1198505, 25.1314174], [55.1200076, 25.1315413], [55.1203135, 25.131836], [55.1209647, 25.1324702], [55.1212113, 25.1326667], [55.1216553, 25.1330687], [55.1221881, 25.1334438], [55.122563, 25.1337475], [55.1232437, 25.1342298], [55.1237371, 25.1345335], [55.1241909, 25.1348104], [55.1245559, 25.1351498], [55.1251218, 25.1354765], [55.1252367, 25.1355428], [55.1257201, 25.1357036], [55.1259372, 25.1357304], [55.1261543, 25.1356947], [55.1263318, 25.1357661], [55.126835, 25.1360787], [55.1270225, 25.136043], [55.1272198, 25.1358108], [55.1273875, 25.1357572], [55.1277723, 25.1358733], [55.1280091, 25.1358822], [55.1285616, 25.136168], [55.128897, 25.1364628], [55.1293114, 25.1367843], [55.129785, 25.1371952], [55.1298935, 25.1373202], [55.1301303, 25.1376061], [55.1302487, 25.1377311], [55.130446, 25.1379097], [55.130742, 25.138008], [55.1310873, 25.1381598], [55.1312748, 25.1382045], [55.1314918, 25.1382938], [55.1316201, 25.1382402], [55.131699, 25.1383117], [55.1318076, 25.1384367], [55.132291, 25.1386243], [55.132804, 25.1386957], [55.1333072, 25.1387404], [55.1336525, 25.1387672], [55.1338544, 25.1388445], [55.134205, 25.1389369], [55.1345602, 25.1389369], [55.1355863, 25.1390619], [55.1360401, 25.1390798], [55.1363756, 25.1390887], [55.1369478, 25.1390351], [55.1375398, 25.1390887], [55.1382008, 25.1390441], [55.1386941, 25.1389905], [55.1394736, 25.1389547], [55.1399274, 25.1388744], [55.1402431, 25.1388208], [55.1405687, 25.1388029], [55.1407956, 25.1387315], [55.1414468, 25.1385975], [55.1418612, 25.1384992], [55.1424137, 25.1383206], [55.1429168, 25.1381598], [55.1432918, 25.138008], [55.1435581, 25.1378919], [55.1438837, 25.137749], [55.1441304, 25.1377222], [55.1443573, 25.1375614], [55.1446533, 25.1374721], [55.1447914, 25.1373649], [55.1450183, 25.1373292], [55.1452157, 25.1372935], [55.1453834, 25.1372845], [55.14637915638306, 25.136703377976147], [55.1465772, 25.1365878], [55.1467548, 25.1365878], [55.14692537081005, 25.13661875], [55.1469521, 25.1366236], [55.1482939, 25.1376686], [55.148363, 25.1378651], [55.148363, 25.138008], [55.1482939, 25.1382134], [55.1473073, 25.1388833], [55.1453439, 25.1399015], [55.1433904, 25.1406428], [55.1413975, 25.1411251], [55.1397597, 25.1413841], [55.1381712, 25.1415181], [55.136711, 25.1415895], [55.1346983, 25.1414109], [55.1331494, 25.1412144], [55.130742, 25.1406875], [55.1287787, 25.1401069], [55.1265686, 25.1392674], [55.1250197, 25.1385439], [55.1237469, 25.1378651], [55.12177121962806, 25.13661875]]], [[[55.1334988, 25.224695], [55.1335635, 25.2245967], [55.1336395, 25.2244866], [55.1337094, 25.2243491], [55.133714, 25.2242308], [55.1337178, 25.2238623], [55.1336524, 25.2234607], [55.1335802, 25.2232131], [55.1334494, 25.2229848], [55.1332313, 25.222705], [55.1328539, 25.2222722], [55.1325985, 25.2219477], [55.1325286, 25.2218232], [55.1325202, 25.2216678], [55.132543, 25.2214058], [55.1324807, 25.2209946], [55.1323659, 25.220397], [55.1323621, 25.2202066], [55.1324001, 25.220067], [55.1324731, 25.2199542], [55.1325704, 25.2198634], [55.1326783, 25.2198022], [55.1328562, 25.2197163], [55.132952, 25.2196227], [55.1330333, 25.2194921], [55.1331101, 25.2192913], [55.1332036, 25.2189818], [55.1332005, 25.2188189], [55.1331633, 25.2185624], [55.1331747, 25.218224], [55.1331435, 25.2178871], [55.1330789, 25.2175288], [55.1329147, 25.2171802], [55.1326776, 25.2167813], [55.1325947, 25.2165654], [55.1325947, 25.2163357], [55.1325978, 25.2159829], [55.1326358, 25.2153214], [55.1326791, 25.2151034], [55.1327285, 25.2149494], [55.132787, 25.2148497], [55.1329922, 25.2146433], [55.1332461, 25.2144281], [55.1332887, 25.2143607], [55.1333784, 25.2141688], [55.1333966, 25.2140643], [55.1334217, 25.213814], [55.1334468, 25.2134942], [55.1334513, 25.2129853], [55.1333921, 25.2127061], [55.1333153, 25.2124833], [55.1330721, 25.211907], [55.1330036, 25.2116842], [55.1328995, 25.2113486], [55.132895, 25.2111678], [55.1328934, 25.211013], [55.132901, 25.2107263], [55.13292, 25.2103549], [55.1329512, 25.2099024], [55.1329656, 25.2096906], [55.133031, 25.209454], [55.1330447, 25.2091542], [55.133012, 25.2087745], [55.1329223, 25.2084382], [55.1327908, 25.2081797], [55.1325544, 25.2077547], [55.1324693, 25.2076329], [55.1324039, 25.2074899], [55.1323978, 25.2073585], [55.1324108, 25.2072402], [55.1324412, 25.2071845], [55.1325012, 25.2070834], [55.1327452, 25.2068806], [55.1329778, 25.2066921], [55.1331055, 25.2066206], [55.1332134, 25.2065725], [55.1333107, 25.2065594], [55.1334202, 25.2065635], [55.1335, 25.2065855], [55.1335372, 25.2066062], [55.1335851, 25.206613], [55.1336513, 25.2066295], [55.1337387, 25.2067086], [55.1338192, 25.206829], [55.1338474, 25.2070078], [55.1339082, 25.2071474], [55.1340207, 25.2073193], [55.1341104, 25.2073915], [55.1342008, 25.2074184], [55.1343483, 25.207417], [55.1346135, 25.2073702], [55.1346941, 25.2073317], [55.134853, 25.2072444], [55.1349784, 25.2071618], [55.1351038, 25.2070862], [55.1351882, 25.2070601], [55.1352498, 25.2070772], [55.1352733, 25.2070958], [55.1353189, 25.2071715], [55.1354101, 25.2072836], [55.1354671, 25.2073138], [55.1355378, 25.2073572], [55.1355606, 25.2073984], [55.1355568, 25.207439], [55.1354854, 25.2075311], [55.1351532, 25.2078998], [55.1350065, 25.2080703], [55.1349503, 25.2081618], [55.1349442, 25.2082663], [55.1349989, 25.2083894], [55.1351099, 25.2084995], [55.1352505, 25.2085538], [55.1353683, 25.2086349], [55.135496, 25.2086645], [55.1356192, 25.2086872], [55.1357043, 25.2086831], [55.1357932, 25.2086604], [55.1358647, 25.208626], [55.1360608, 25.2085503], [55.1361353, 25.2084561], [55.136266, 25.2083344], [55.1364211, 25.2081728], [55.1365359, 25.208005], [55.1367023, 25.2077691], [55.136941, 25.2074954], [55.1370847, 25.2073345], [55.137109, 25.2072196], [55.1371052, 25.2071082], [55.1370892, 25.2068661], [55.1370314, 25.206591], [55.136938, 25.2063551], [55.136811, 25.2062238], [55.1366141, 25.2060807], [55.1362052, 25.2058641], [55.1356754, 25.2055711], [55.1354747, 25.2055058], [55.1352551, 25.205514], [55.1349647, 25.2055587], [55.1348104, 25.2056248], [55.1346782, 25.2057142], [55.1346252, 25.2058269], [55.1345484, 25.2060559], [55.1344648, 25.2061467], [55.1343212, 25.2062292], [55.1342368, 25.2062368], [55.134176, 25.2062176], [55.1340422, 25.206135], [55.1339563, 25.205983], [55.1337557, 25.2055051], [55.1337321, 25.2053091], [55.1337397, 25.2051564], [55.1337602, 25.205047], [55.1337557, 25.204937], [55.1337823, 25.2048448], [55.133818, 25.2047905], [55.1339001, 25.2047265], [55.1340179, 25.2046894], [55.1344702, 25.2045973], [55.1345332, 25.2045415], [55.1346579, 25.2044164], [55.1348145, 25.2043359], [55.1348814, 25.2043208], [55.1349414, 25.2042912], [55.1350235, 25.204188], [55.1350471, 25.20397], [55.1349984, 25.2036633], [55.1348852, 25.2033662], [55.134721, 25.2030773], [55.1345044, 25.2028036], [55.1343341, 25.2026599], [55.1341942, 25.2025705], [55.1340635, 25.2025127], [55.133986, 25.2024728], [55.1339495, 25.2024295], [55.1339252, 25.2023752], [55.1339176, 25.202294], [55.1338644, 25.2022039], [55.1336872, 25.2020615], [55.1335421, 25.2019604], [55.1334729, 25.2019322], [55.133409, 25.2018758], [55.133403, 25.201805], [55.1333893, 25.2016764], [55.1333323, 25.2015574], [55.1332616, 25.2014866], [55.1330897, 25.2013958], [55.1327697, 25.2013146], [55.1326094, 25.2011929], [55.1324794, 25.2010464], [55.1323699, 25.2008494], [55.1323527, 25.2006782], [55.1323753, 25.2005761], [55.1324452, 25.2004662], [55.1326376, 25.2003407], [55.1327741, 25.2002707], [55.1330848, 25.2002298], [55.133303, 25.2002162], [55.1335964, 25.2002619], [55.1339759, 25.2003776], [55.1341221, 25.2003854], [55.1343016, 25.2003164], [55.134465, 25.2001539], [55.1345768, 25.2000226], [55.1345983, 25.1998777], [55.1345424, 25.1997658], [55.1344575, 25.1996073], [55.1344306, 25.1994731], [55.134479, 25.1992747], [55.1345596, 25.1991142], [55.1346918, 25.1989109], [55.1347574, 25.1987533], [55.1348369, 25.1984071], [55.1349455, 25.1981493], [55.1350293, 25.1980015], [55.1352368, 25.1978166], [55.1354067, 25.1977155], [55.1355733, 25.197662], [55.1357087, 25.197661], [55.1357861, 25.1976883], [55.1358646, 25.1977758], [55.1359699, 25.1979752], [55.1360613, 25.1980306], [55.1361892, 25.1980734], [55.1362946, 25.1980734], [55.1365644, 25.1979878], [55.1367354, 25.1978631], [55.137001, 25.1976847], [55.1372708, 25.1975446], [55.1374643, 25.1974794], [55.1377191, 25.1974755], [55.1378148, 25.1975242], [55.1379911, 25.1976594], [55.1380814, 25.1978734], [55.1382007, 25.1981613], [55.1383522, 25.1984005], [55.1385017, 25.19849], [55.1386833, 25.1985445], [55.1388747, 25.1985542], [55.1390875, 25.1985075], [55.1392133, 25.1984696], [55.1394412, 25.1984346], [55.1396271, 25.198455], [55.1399195, 25.1985542], [55.1400872, 25.198705], [55.1403312, 25.1989209], [55.1404086, 25.1990902], [55.1404301, 25.1992322], [55.1404817, 25.1993635], [55.1404667, 25.1995152], [55.1403989, 25.1997545], [55.1403678, 25.2001163], [55.140313, 25.2002758], [55.1401969, 25.2004655], [55.1400969, 25.2005666], [55.1400087, 25.2006065], [55.1399561, 25.2006085], [55.1396652, 25.2005509], [55.139447, 25.200548], [55.1393234, 25.2005276], [55.1391514, 25.2004332], [55.1390396, 25.2002426], [55.1387644, 25.2001035], [55.1384785, 25.2000695], [55.1383054, 25.1999936], [55.1379797, 25.1997815], [55.137826, 25.199696], [55.1376292, 25.1996639], [55.1370455, 25.1995798], [55.1366594, 25.1996004], [55.1363614, 25.1997228], [55.1362185, 25.1998535], [55.1360665, 25.2000997], [55.1359115, 25.2004959], [55.1357655, 25.200738], [55.1357229, 25.2008714], [55.135726, 25.2010502], [55.1357944, 25.2012731], [55.135951, 25.2016761], [55.1361364, 25.201848], [55.1364679, 25.2019608], [55.1366822, 25.202097], [55.1367719, 25.2021176], [55.1368965, 25.2020874], [55.1372259, 25.202038], [55.1373818, 25.2020662], [55.1375151, 25.2020497], [55.1376097, 25.2020516], [55.1377301, 25.2020827], [55.1378239, 25.202174], [55.1378665, 25.2022923], [55.1378315, 25.2024849], [55.1376521, 25.2028728], [55.1373907, 25.2033556], [55.1373223, 25.2035798], [55.1373055, 25.2038824], [55.1373511, 25.2041272], [55.1374773, 25.2044574], [55.1376719, 25.2046761], [55.1378102, 25.2047435], [55.1379425, 25.2048301], [55.1381158, 25.2050859], [55.1384746, 25.2054353], [55.1386935, 25.2057489], [55.1387573, 25.2059085], [55.1387862, 25.2061396], [55.1388425, 25.2064146], [55.1389717, 25.2066347], [55.1393274, 25.2069648], [55.139595, 25.207123], [55.1398352, 25.2071856], [55.1398891, 25.2072028], [55.1399005, 25.2072227], [55.1398975, 25.2072674], [55.1398785, 25.2072991], [55.1395953, 25.2074829], [55.1393116, 25.2077202], [55.1391503, 25.2079089], [55.1390342, 25.208115], [55.1389348, 25.2083836], [55.1389314, 25.2085108], [55.1389367, 25.2086547], [55.1388959, 25.2087617], [55.1388249, 25.2088862], [55.1386873, 25.2089728], [55.1382423, 25.2090214], [55.1378876, 25.2091177], [55.1375339, 25.2093258], [55.137152, 25.2096512], [55.1368525, 25.210028], [55.1367665, 25.210194], [55.1366353, 25.210337], [55.1365934, 25.2104138], [55.1365482, 25.210515], [55.1364676, 25.2106113], [55.1362784, 25.2108612], [55.1361193, 25.2110713], [55.1360495, 25.2112493], [55.1359828, 25.2114632], [55.1359774, 25.2117151], [55.1359807, 25.2120944], [55.1360312, 25.2123891], [55.1361032, 25.2125982], [55.1362419, 25.2129123], [55.1364545, 25.2132102], [55.1366027, 25.2133546], [55.1367083, 25.2134887], [55.1367441, 25.2135664], [55.1367515, 25.2136738], [55.1367408, 25.2137692], [55.1367504, 25.2139296], [55.1368171, 25.2141309], [55.1369267, 25.2142895], [55.1370321, 25.2144149], [55.1370622, 25.2144966], [55.1370675, 25.2145705], [55.1370568, 25.2146153], [55.1369912, 25.2146933], [55.1368889, 25.214773], [55.1364404, 25.2150137], [55.1362808, 25.2151395], [55.136087, 25.2153371], [55.1359719, 25.2154849], [55.1358827, 25.2156853], [55.1358311, 25.2159109], [55.1358032, 25.2161404], [55.1358257, 25.2164788], [55.1358816, 25.2166967], [55.136001, 25.2169252], [55.1361923, 25.2171265], [55.1364363, 25.2173123], [55.1366287, 25.2174076], [55.1369641, 25.217464], [55.1371608, 25.2174621], [55.1373662, 25.2174086], [55.1375758, 25.2173512], [55.1376779, 25.2173551], [55.1377725, 25.2173911], [55.1378445, 25.2174475], [55.1378983, 25.2175175], [55.1379842, 25.2177431], [55.1380337, 25.2179425], [55.1380412, 25.2180689], [55.1380391, 25.2181934], [55.1379993, 25.2183159], [55.1378832, 25.218453], [55.1376112, 25.2186602], [55.1373748, 25.2188236], [55.1372264, 25.2188527], [55.1370877, 25.2188449], [55.1369276, 25.2188012], [55.136575, 25.2187214], [55.1363557, 25.2187341], [55.1360719, 25.2188274], [55.1356796, 25.2190093], [55.1353786, 25.2192301], [55.1350966, 25.2195267], [55.1349821, 25.2196976], [55.1349165, 25.2199476], [55.134837, 25.2201975], [55.1348262, 25.2204435], [55.1348617, 25.2207188], [55.134916, 25.2209904], [55.135032, 25.2212443], [55.1351258, 25.2213892], [55.1352603, 25.2215171], [55.135483, 25.2216746], [55.1356647, 25.2217674], [55.1357149, 25.2218203], [55.1357582, 25.2219015], [55.135753, 25.2220211], [55.1357089, 25.2221222], [55.1355133, 25.2224275], [55.1354036, 25.2226921], [55.1353671, 25.2229459], [55.1353789, 25.2231511], [55.1354494, 25.223386], [55.1355725, 25.2235991], [55.1357504, 25.2237463], [55.135989, 25.2238811], [55.1362308, 25.2239674], [55.1364017, 25.2240393], [55.1364705, 25.2241035], [55.1365028, 25.2241648], [55.136506, 25.2242163], [55.1364877, 25.2243768], [55.1364645576793, 25.224509375], [55.136449, 25.2245985], [55.1364587, 25.2246763], [55.13647384277108, 25.224709375], [55.1365081, 25.2247842], [55.1366017, 25.2248698], [55.1366608, 25.2249106], [55.1366715, 25.2249641], [55.1366586, 25.2250205], [55.1365952, 25.2250973], [55.1364372, 25.2251683], [55.1362351, 25.2251713], [55.1353115, 25.2252587], [55.1349088, 25.225307], [55.1344831, 25.2254032], [55.1342671, 25.2254052], [55.134051, 25.2253624], [55.1339016, 25.2253002], [55.133736, 25.2251981], [55.1336189, 25.2250707], [55.1335447, 25.2249559], [55.1334814, 25.2248483], [55.1334669, 25.2247851], [55.1334988, 25.224695]]], [[[55.2330791, 25.3630672], [55.2342379, 25.3639592], [55.2348816, 25.3644245], [55.2364265, 25.3650062], [55.2381861, 25.3658981], [55.2393448, 25.36679], [55.2399606, 25.3678117], [55.2403197, 25.3684348], [55.2410059, 25.3686988], [55.2415169, 25.3689775], [55.2412219, 25.3693533], [55.2403898, 25.3696343], [55.2396843, 25.3697322], [55.2390179, 25.3694204], [55.2355237, 25.3677266], [55.2325792, 25.3660667], [55.2300901, 25.3643605], [55.2280731, 25.3623828], [55.2259552, 25.3600425], [55.2249402, 25.3584273], [55.2241957, 25.3572503], [55.2236957, 25.3560617], [55.2233524, 25.3557126], [55.2229626, 25.3554111], [55.222755, 25.3549041], [55.221971, 25.3552284], [55.222364, 25.3558825], [55.2223958, 25.355995], [55.2222941, 25.3560774], [55.2221524, 25.3560847], [55.2214641, 25.3546655], [55.2202904, 25.3517821], [55.2195625, 25.3496749], [55.2198804, 25.349583], [55.2204032, 25.351265], [55.2211487, 25.3511228], [55.2211916, 25.3506962], [55.2204002, 25.3509588], [55.221286, 25.3502398], [55.2221251, 25.3495475], [55.2226694, 25.3480947], [55.2230153, 25.3463543], [55.2232411, 25.3456869], [55.2234444, 25.3452735], [55.2236807, 25.3451113], [55.2240036, 25.3448715], [55.2245881, 25.3449404], [55.224626, 25.345479], [55.2239382, 25.3461973], [55.223509, 25.3477874], [55.2234232, 25.3498429], [55.2246677, 25.3518209], [55.2263135, 25.3525325], [55.2279293, 25.3530619], [55.2293605, 25.3533082], [55.2302896, 25.3535273], [55.2315492, 25.3542001], [55.232665, 25.3547431], [55.23318, 25.3559453], [55.2334654, 25.3572891], [55.2329933, 25.3584137], [55.232135, 25.3591893], [55.2314913, 25.3599261], [55.2318775, 25.3605466], [55.2320492, 25.361361], [55.232135, 25.3620978], [55.2325642, 25.3626019], [55.2330791, 25.3630672]]]]}}]}