{"type": "FeatureCollection", "features": [{"type": "Feature", "properties": {"shapeName": "Kota Jakarta Barat", "shapeISO": "", "shapeID": "22746128B58252967349746", "shapeGroup": "IDN", "shapeType": "ADM2"}, "geometry": {"type": "Polygon", "coordinates": [[[106.71137910000004, -6.09595], [106.71133470000007, -6.095913199999927], [106.71104650000007, -6.09567439999995], [106.71096860000006, -6.095611399999939], [106.71049460000006, -6.095258399999977], [106.71034250000008, -6.095454599999925], [106.71012980000006, -6.095353599999953], [106.70994560000008, -6.095266199999969], [106.70961480000005, -6.095859599999926], [106.70916080000006, -6.095770699999946], [106.70899520000006, -6.095894499999929], [106.70888960000008, -6.095856899999944], [106.70858290000007, -6.095683399999928], [106.70821170000005, -6.095598199999927], [106.70792720000009, -6.095572799999957], [106.70751150000007, -6.095774699999936], [106.70741980000008, -6.09598109999996], [106.70741360000005, -6.095995099999925], [106.70740790000008, -6.095979799999952], [106.70697550000006, -6.095933899999977], [106.70679490000003, -6.095911499999943], [106.706644, -6.095921399999952], [106.70640920000005, -6.095950399999936], [106.70608140000007, -6.095947099999933], [106.70595760000003, -6.095918], [106.70584650000006, -6.095835699999952], [106.70583370000008, -6.095819199999937], [106.70568380000009, -6.095842699999935], [106.70544060000009, -6.095880799999975], [106.70532730000008, -6.095672], [106.70525710000004, -6.095691], [106.70503370000006, -6.095595599999967], [106.70488750000004, -6.095437699999934], [106.70486370000003, -6.095192599999962], [106.70476610000009, -6.095179899999948], [106.70410180000005, -6.095236799999952], [106.70414760000006, -6.095348899999976], [106.70420090000005, -6.095606299999929], [106.70423150000005, -6.095739799999933], [106.70427720000004, -6.095937299999946], [106.70420860000007, -6.095958199999927], [106.70330070000006, -6.09626529999997], [106.70291660000004, -6.096468099999981], [106.702553, -6.096660099999951], [106.70214860000004, -6.09676079999997], [106.70184350000005, -6.096583899999928], [106.70163690000004, -6.096431299999949], [106.70147720000006, -6.096313499999951], [106.701339, -6.096252099999958], [106.70124550000008, -6.096258299999931], [106.70115220000008, -6.096292799999958], [106.70065760000006, -6.096408799999949], [106.70036480000005, -6.096483599999942], [106.70028720000005, -6.09650339999996], [106.69996030000004, -6.096567899999968], [106.69991990000005, -6.09642359999998], [106.69988930000005, -6.09631319999994], [106.69983850000006, -6.096129599999927], [106.69982020000003, -6.095853399999953], [106.69982660000005, -6.095993699999951], [106.69920350000007, -6.096213499999976], [106.69895720000005, -6.096294599999965], [106.69860050000005, -6.096364599999959], [106.69852970000005, -6.096375099999932], [106.69852490000005, -6.09640829999995], [106.69843970000005, -6.096429199999932], [106.69833210000007, -6.096462], [106.69821710000008, -6.096523], [106.69802810000004, -6.096547], [106.69796910000008, -6.096519099999966], [106.69740370000005, -6.096581899999933], [106.69741210000007, -6.096386399999972], [106.697495, -6.096286199999952], [106.69712690000006, -6.096271399999978], [106.69714270000009, -6.096139199999925], [106.69692790000005, -6.096060699999953], [106.69685140000007, -6.096223799999962], [106.69662360000007, -6.096256099999948], [106.69655160000008, -6.095994699999949], [106.69642610000005, -6.095950099999925], [106.69620530000009, -6.095879799999977], [106.695765, -6.095740099999944], [106.69566440000006, -6.095992499999966], [106.69511030000007, -6.095814799999971], [106.69472710000008, -6.095717599999944], [106.69422990000004, -6.09558119999997], [106.69418380000008, -6.09576329999993], [106.69359930000007, -6.095677], [106.69294430000008, -6.095642199999929], [106.69196760000005, -6.095673899999952], [106.69177960000007, -6.095744199999956], [106.69135180000006, -6.095774499999948], [106.69121, -6.096139499999936], [106.69115360000006, -6.096314699999937], [106.69112110000003, -6.09636839999996], [106.69066290000006, -6.09653179999998], [106.69040710000007, -6.09661239999997], [106.69038920000008, -6.096494299999961], [106.68896920000009, -6.096771899999965], [106.68840640000008, -6.096871799999974], [106.68799590000003, -6.096879299999955], [106.687258, -6.097111499999926], [106.68723460000007, -6.097131], [106.68727890000008, -6.097505099999978], [106.68759940000007, -6.098361], [106.68775970000007, -6.098813699999937], [106.68789690000006, -6.099201199999925], [106.68801140000005, -6.099656599999946], [106.68805710000004, -6.100196899999958], [106.68799610000008, -6.100707599999964], [106.68800610000005, -6.100728199999935], [106.68814110000005, -6.101006499999926], [106.68811060000007, -6.101603499999953], [106.68807240000007, -6.102489499999933], [106.688019, -6.103350599999942], [106.68804950000003, -6.103526099999954], [106.68807060000006, -6.10369449999996], [106.68808720000004, -6.103827899999942], [106.68809430000005, -6.103884699999981], [106.68814520000006, -6.103901599999972], [106.68837940000009, -6.104001299999936], [106.68871380000007, -6.104300699999953], [106.68888110000006, -6.1046], [106.68864690000004, -6.105231899999978], [106.68847970000007, -6.105597799999941], [106.68847760000006, -6.105608], [106.688492, -6.105648], [106.688526, -6.10573119999998], [106.68856070000004, -6.105816399999981], [106.68882010000004, -6.10616349999998], [106.68895740000005, -6.106362299999944], [106.68909480000008, -6.10648539999994], [106.68915470000007, -6.10649989999996], [106.68928130000006, -6.10653039999994], [106.68994730000009, -6.106691299999966], [106.69089530000008, -6.106920199999934], [106.69203970000007, -6.106938799999966], [106.69266530000004, -6.106928799999935], [106.69304680000005, -6.106998], [106.69340250000005, -6.107069699999954], [106.69342060000008, -6.107073299999968], [106.69368330000009, -6.10719249999994], [106.69406910000004, -6.107483399999978], [106.69486260000008, -6.10807269999998], [106.69495490000008, -6.10814819999996], [106.69502770000008, -6.10820769999998], [106.69545, -6.10855289999995], [106.69592310000007, -6.108985], [106.69667840000005, -6.109801299999958], [106.69728870000006, -6.110356299999978], [106.697632, -6.110645799999929], [106.69788, -6.11089], [106.69746420000007, -6.11163659999994], [106.69694540000006, -6.112516899999946], [106.69678520000008, -6.112646599999948], [106.69640370000008, -6.112876899999947], [106.69616720000005, -6.112948899999935], [106.69593830000008, -6.11296939999994], [106.69555680000008, -6.112940299999934], [106.69513720000003, -6.112886899999978], [106.69428070000004, -6.112915499999929], [106.69355790000009, -6.113092399999971], [106.69354020000009, -6.113097699999969], [106.69328330000008, -6.113173499999959], [106.69206290000005, -6.113453399999969], [106.69162010000008, -6.113555], [106.69106310000006, -6.113699], [106.68973560000006, -6.114029399999936], [106.68901850000009, -6.114240699999925], [106.68907190000004, -6.11447759999993], [106.68909480000008, -6.114866699999936], [106.68911760000009, -6.115555799999981], [106.68914820000003, -6.116111699999976], [106.68921680000005, -6.117902299999969], [106.68918630000007, -6.118118299999935], [106.68913290000006, -6.118281399999944], [106.68951440000006, -6.118768699999976], [106.68964410000007, -6.119131099999947], [106.689723, -6.119649799999934], [106.689728, -6.119682299999965], [106.68974330000009, -6.119907799999964], [106.68973690000007, -6.120190699999966], [106.68972040000006, -6.120932099999948], [106.68971390000007, -6.120999499999925], [106.68970140000005, -6.121129899999971], [106.68969750000008, -6.121171], [106.68961640000003, -6.121453], [106.68961350000006, -6.121462799999961], [106.68949910000003, -6.121582], [106.68938310000004, -6.12173439999998], [106.68936940000003, -6.121752199999946], [106.68933130000005, -6.121821399999931], [106.68917110000007, -6.122121799999945], [106.68892780000004, -6.122552799999937], [106.68885060000008, -6.122689699999967], [106.688698, -6.123016799999959], [106.68862940000008, -6.12315609999996], [106.68826520000005, -6.123888], [106.68823260000005, -6.123953399999948], [106.68806480000006, -6.124286699999971], [106.68801050000008, -6.124500299999966], [106.68797250000006, -6.124649699999964], [106.68787410000004, -6.125], [106.68786640000008, -6.125048599999957], [106.68747730000007, -6.126788199999964], [106.68727130000008, -6.127723199999934], [106.68708820000006, -6.128545299999928], [106.68708060000006, -6.128622099999973], [106.68724080000004, -6.128701199999966], [106.68723320000004, -6.128770799999927], [106.68724080000004, -6.12884], [106.68724840000004, -6.128922], [106.68725610000007, -6.129219499999977], [106.68730950000008, -6.129597199999978], [106.68742390000006, -6.129814599999975], [106.68757650000003, -6.129978199999925], [106.68801140000005, -6.130209899999954], [106.68820210000007, -6.130314399999975], [106.68844630000007, -6.130638599999941], [106.68858360000007, -6.130881799999941], [106.68880480000007, -6.131427299999928], [106.68920920000005, -6.132228399999974], [106.68926260000006, -6.132311799999968], [106.68928550000004, -6.132355699999948], [106.689377, -6.13250869999996], [106.68949910000003, -6.132628899999929], [106.69002550000005, -6.132844899999952], [106.69038410000007, -6.133098099999927], [106.69055960000009, -6.133208299999978], [106.69089530000008, -6.133296499999972], [106.69136070000008, -6.133431399999949], [106.69139880000006, -6.133455799999979], [106.69137590000008, -6.133857699999965], [106.69134540000005, -6.13412139999997], [106.69126910000006, -6.134676], [106.69126910000006, -6.134728899999971], [106.69125390000005, -6.134892899999954], [106.69145220000007, -6.135390799999925], [106.69156670000007, -6.135690199999942], [106.69165820000006, -6.136000199999955], [106.691704, -6.136499899999933], [106.69167350000004, -6.136760699999968], [106.691559, -6.137053], [106.69133780000004, -6.137353899999937], [106.69126910000006, -6.137454499999933], [106.69123860000008, -6.13757709999993], [106.69126770000008, -6.137657899999965], [106.69126150000005, -6.137696299999959], [106.69096390000004, -6.13810159999997], [106.69062060000005, -6.138571299999967], [106.68956780000008, -6.140026599999942], [106.68891930000007, -6.140861], [106.68836230000005, -6.14164489999996], [106.68729420000005, -6.142696399999977], [106.68621080000008, -6.14306449999998], [106.68621160000004, -6.143086399999959], [106.686216, -6.143222299999934], [106.68623370000006, -6.143760199999974], [106.68628710000007, -6.144160699999929], [106.68629940000005, -6.144246099999975], [106.68630260000003, -6.144268799999963], [106.68633060000008, -6.144318699999928], [106.68641420000006, -6.144518199999936], [106.686456, -6.144726099999957], [106.68652290000006, -6.145067], [106.68664, -6.145582499999932], [106.68675710000008, -6.146339099999977], [106.68688250000008, -6.147062399999925], [106.68702470000005, -6.147453199999973], [106.68740930000007, -6.14756959999994], [106.68741770000008, -6.147577899999931], [106.68746790000006, -6.147636099999943], [106.68747740000003, -6.147658199999967], [106.68744990000005, -6.147676899999965], [106.68746210000006, -6.147720799999945], [106.68746970000007, -6.14789339999993], [106.68748850000009, -6.148293199999955], [106.687518, -6.148367699999937], [106.68758490000005, -6.149174199999948], [106.68763510000008, -6.149989], [106.68765180000008, -6.150180199999966], [106.68758230000009, -6.150226299999929], [106.68759180000006, -6.150406399999952], [106.687607, -6.150728699999945], [106.68761460000007, -6.150865099999976], [106.68767570000006, -6.152526399999942], [106.68770620000004, -6.152917399999978], [106.68770620000004, -6.153254], [106.68753830000009, -6.15382429999994], [106.68743490000008, -6.154094599999951], [106.68745110000003, -6.15411279999995], [106.68757660000006, -6.154171], [106.68792780000007, -6.154345599999942], [106.68791970000007, -6.154487], [106.68791110000006, -6.154636599999947], [106.68792780000007, -6.154852799999958], [106.68785580000008, -6.154848699999945], [106.68787760000004, -6.154852799999958], [106.687978, -6.155842099999973], [106.688003, -6.156848099999934], [106.68803650000007, -6.157804299999952], [106.68804490000008, -6.158286499999974], [106.68807830000009, -6.158760399999949], [106.68801660000008, -6.158755299999939], [106.68807830000009, -6.158893399999954], [106.68808670000004, -6.15941719999995], [106.68811180000006, -6.15984949999995], [106.68810270000006, -6.159980499999961], [106.688222, -6.159971199999973], [106.68830130000003, -6.159965], [106.68852260000006, -6.159948399999962], [106.68865230000006, -6.159953099999939], [106.68875910000008, -6.159947399999965], [106.68894220000004, -6.159936], [106.68908710000005, -6.159946399999967], [106.68936940000003, -6.159977399999946], [106.68962120000003, -6.16000889999998], [106.68968390000003, -6.160018499999978], [106.68975850000004, -6.160029899999927], [106.68990350000007, -6.160040399999957], [106.68997210000003, -6.16003319999993], [106.68997210000003, -6.160063199999968], [106.68997210000003, -6.16009669999994], [106.68995690000008, -6.160272099999929], [106.68995690000008, -6.16031739999994], [106.68974330000009, -6.160963099999947], [106.68959060000009, -6.161262], [106.68946090000009, -6.161430399999972], [106.68934650000006, -6.161588199999926], [106.68924730000003, -6.161735499999963], [106.68905660000007, -6.163116], [106.68901850000009, -6.163363499999946], [106.68901850000009, -6.163652399999933], [106.68908710000005, -6.164047699999969], [106.68915580000004, -6.164316699999972], [106.68917870000007, -6.164542199999971], [106.68917870000007, -6.164590799999928], [106.68914260000008, -6.164646399999981], [106.68900320000006, -6.164860699999963], [106.68897270000008, -6.164912199999947], [106.68897270000008, -6.165237899999966], [106.68909480000008, -6.165782899999954], [106.68914760000007, -6.165898699999957], [106.68917060000007, -6.165949199999943], [106.689377, -6.166401899999926], [106.68944570000008, -6.166637399999956], [106.68942280000005, -6.167057], [106.68930080000007, -6.167533399999968], [106.68907950000005, -6.168129399999941], [106.688965, -6.168548099999953], [106.68879720000007, -6.169086], [106.68876670000009, -6.169720199999972], [106.68874380000005, -6.170447399999944], [106.68873620000005, -6.171248], [106.68882770000005, -6.172126799999944], [106.68931890000005, -6.172928799999966], [106.68944570000008, -6.173135799999955], [106.68965930000007, -6.17319109999994], [106.69020860000006, -6.173311699999942], [106.69042780000007, -6.173346599999945], [106.69047260000008, -6.173353799999973], [106.69052910000005, -6.17336279999995], [106.69084950000007, -6.173426599999971], [106.69089530000008, -6.173430499999938], [106.69091050000009, -6.173467199999948], [106.69098680000008, -6.173499099999958], [106.69113180000005, -6.17350289999996], [106.69131490000007, -6.173514399999931], [106.69155140000004, -6.173600199999953], [106.691765, -6.173685599999942], [106.69194810000005, -6.17375519999996], [106.69212360000006, -6.173732299999926], [106.69216940000007, -6.173734699999955], [106.69224570000006, -6.173738], [106.69268060000007, -6.173770399999967], [106.69271110000005, -6.173749899999962], [106.692795, -6.173686499999974], [106.69287890000004, -6.173653599999966], [106.69315980000005, -6.173674499999947], [106.69351220000004, -6.173670299999969], [106.69366480000008, -6.173729399999957], [106.69389360000008, -6.173816699999975], [106.69421410000007, -6.17393919999995], [106.69431330000003, -6.173985], [106.694359, -6.174085599999955], [106.69438950000006, -6.174164799999971], [106.69455740000006, -6.174446599999953], [106.69464130000006, -6.17453809999995], [106.69470240000004, -6.174607699999967], [106.69475950000009, -6.174675199999967], [106.69481680000007, -6.174745099999939], [106.69484730000005, -6.174754599999972], [106.69490460000009, -6.174765099999945], [106.69493890000007, -6.174771299999975], [106.69509150000005, -6.174798], [106.69515250000006, -6.174811399999953], [106.69519110000005, -6.174813499999971], [106.69545770000008, -6.174828099999957], [106.69548520000006, -6.174836199999959], [106.69572470000008, -6.17490719999995], [106.69599630000005, -6.175001], [106.69636560000004, -6.175128499999971], [106.69637980000005, -6.175133399999936], [106.69661730000007, -6.175215699999967], [106.69671650000004, -6.175195699999961], [106.69687670000008, -6.175205199999937], [106.69692370000007, -6.175212599999952], [106.69699880000007, -6.175224299999968], [106.69710560000004, -6.175252], [106.69729640000008, -6.175300099999959], [106.69729080000008, -6.175312799999972], [106.69712850000008, -6.175681099999963], [106.69702170000005, -6.17593], [106.69693010000009, -6.176149399999929], [106.69701410000005, -6.176219499999945], [106.69750230000005, -6.176332], [106.69785330000008, -6.176446899999974], [106.69868490000005, -6.176607099999956], [106.69924190000006, -6.176788299999942], [106.70021310000004, -6.17706979999997], [106.70024890000008, -6.177080199999978], [106.70042010000009, -6.177169], [106.70096610000007, -6.177458799999954], [106.70135520000008, -6.177548399999978], [106.70252250000004, -6.177996599999972], [106.70343040000006, -6.178420099999926], [106.70488760000006, -6.179064299999936], [106.70515460000007, -6.179230699999948], [106.70560470000004, -6.179436199999941], [106.70601670000008, -6.179685599999971], [106.70636770000004, -6.179903499999966], [106.70653080000005, -6.18001739999994], [106.70654190000005, -6.180025099999966], [106.70655080000006, -6.180031299999939], [106.70682550000004, -6.180213], [106.70724510000008, -6.180376099999933], [106.70755790000004, -6.180539599999975], [106.70803090000004, -6.180812399999979], [106.70854970000005, -6.181121399999938], [106.70888540000004, -6.181275399999947], [106.70916580000005, -6.181387099999938], [106.71009090000007, -6.181756], [106.71086910000008, -6.182339699999943], [106.71145650000005, -6.182837499999948], [106.71212030000004, -6.183382], [106.71274590000007, -6.18385029999996], [106.71331040000007, -6.184294199999954], [106.71418780000005, -6.184969], [106.71495840000006, -6.185517799999957], [106.71706410000007, -6.186707], [106.717087, -6.187035099999946], [106.71715570000003, -6.187099], [106.71724720000009, -6.187182499999949], [106.71726250000006, -6.187397], [106.71730060000004, -6.187665], [106.71733880000005, -6.187977799999942], [106.71732190000006, -6.188088499999935], [106.71730820000005, -6.188178599999958], [106.71723960000008, -6.188386499999979], [106.717148, -6.188445099999967], [106.71703360000004, -6.188551399999938], [106.71696490000005, -6.18869019999994], [106.71696490000005, -6.188848], [106.71693440000007, -6.189027299999964], [106.71687470000006, -6.189082699999972], [106.71683580000007, -6.189114599999925], [106.71674260000009, -6.189146799999946], [106.71665210000003, -6.189178], [106.716675, -6.189446], [106.71648370000008, -6.189828899999952], [106.71641560000006, -6.18995289999998], [106.71637750000008, -6.190136], [106.71636980000005, -6.190574699999956], [106.716408, -6.191041499999926], [106.71644370000007, -6.191349699999932], [106.71650720000008, -6.191897399999959], [106.71655370000008, -6.192020399999933], [106.71656360000009, -6.192046599999969], [106.716593, -6.192124199999967], [106.71670550000005, -6.192421499999966], [106.71682730000003, -6.192835799999955], [106.71688330000006, -6.193026199999963], [106.71690290000004, -6.193093199999964], [106.71691150000004, -6.193122399999936], [106.71729760000005, -6.193077799999969], [106.71756160000007, -6.192929399999969], [106.71764760000008, -6.193028399999946], [106.71791410000009, -6.192908799999941], [106.71791880000006, -6.19288], [106.71793480000008, -6.192871099999934], [106.71920380000006, -6.192166199999974], [106.71962870000004, -6.191990199999964], [106.72071810000006, -6.191544499999964], [106.72074840000005, -6.191631699999959], [106.72111910000007, -6.191570499999955], [106.72145160000008, -6.19145919999994], [106.72148140000007, -6.191449199999965], [106.72178660000009, -6.191344499999957], [106.72211930000009, -6.191343399999937], [106.72234870000005, -6.191440899999975], [106.72278, -6.191559599999948], [106.72279030000004, -6.191693399999963], [106.72283960000004, -6.191709499999945], [106.72290060000006, -6.191729099999975], [106.72309160000003, -6.191807099999949], [106.72311880000007, -6.191755], [106.72324960000009, -6.191732799999954], [106.72339690000007, -6.191721399999949], [106.72339650000004, -6.191623099999958], [106.72405090000007, -6.191571899999929], [106.72405390000006, -6.191583699999967], [106.72417190000004, -6.192049499999939], [106.724192, -6.192129], [106.724319, -6.192668199999957], [106.72445140000008, -6.193137299999933], [106.72459860000004, -6.193939199999932], [106.72442650000005, -6.194704], [106.72427, -6.195206699999972], [106.72408150000007, -6.195567799999935], [106.72384170000004, -6.196026899999936], [106.72394260000004, -6.196159099999932], [106.72393050000005, -6.196175599999947], [106.72394420000006, -6.196197099999949], [106.72377690000008, -6.196413299999961], [106.72364320000008, -6.196629399999949], [106.72342570000006, -6.196962], [106.72332540000008, -6.197128199999952], [106.72327520000005, -6.197194699999955], [106.723409, -6.197327799999925], [106.72357630000005, -6.197427499999947], [106.72377690000008, -6.197527299999933], [106.72370190000004, -6.197629099999972], [106.72375460000006, -6.19765069999994], [106.72370170000005, -6.197740099999976], [106.72353380000004, -6.197946099999967], [106.72351090000006, -6.197972799999945], [106.72353380000004, -6.197995699999979], [106.723821, -6.198200899999961], [106.72395340000008, -6.198295599999938], [106.72391530000004, -6.198352799999952], [106.72365590000004, -6.198726699999952], [106.723572, -6.198842499999955], [106.72338120000006, -6.199129099999936], [106.72340410000004, -6.199477699999932], [106.72344230000004, -6.199775199999976], [106.72344990000005, -6.199849599999936], [106.72342830000008, -6.199991299999965], [106.72341940000007, -6.200049899999954], [106.72344990000005, -6.200074699999959], [106.72349780000008, -6.200139599999943], [106.72352620000004, -6.200178199999925], [106.72358720000005, -6.200321699999961], [106.723633, -6.201427499999966], [106.72382370000008, -6.202402099999972], [106.72396870000006, -6.20316459999998], [106.72402930000004, -6.203440099999966], [106.72415940000008, -6.204025299999955], [106.72418080000006, -6.204129799999976], [106.72419550000006, -6.20420189999993], [106.72420040000009, -6.204225899999926], [106.72422070000005, -6.204325599999947], [106.724172, -6.204611099999966], [106.72437070000007, -6.20469339999994], [106.72448770000005, -6.204751599999952], [106.72446270000006, -6.205607899999961], [106.72445430000005, -6.206464099999948], [106.72441250000008, -6.206663699999979], [106.72443760000004, -6.207037799999966], [106.72442080000008, -6.20738689999996], [106.72439580000008, -6.207603099999972], [106.72422010000008, -6.207619699999952], [106.72398190000007, -6.207596], [106.72396930000008, -6.207594699999959], [106.72381880000006, -6.207603099999972], [106.72376020000007, -6.207844099999932], [106.72373510000006, -6.208018699999968], [106.72374, -6.208052799999962], [106.72367880000007, -6.208097], [106.72333550000008, -6.208270099999936], [106.72309430000007, -6.208369299999958], [106.72288190000006, -6.208456699999942], [106.72251150000005, -6.208609099999933], [106.72196980000007, -6.208849899999962], [106.72122970000004, -6.20911689999997], [106.72064230000007, -6.209387299999946], [106.72016930000007, -6.209604299999967], [106.72009360000004, -6.210127799999952], [106.72008530000005, -6.210185099999933], [106.72010820000008, -6.210248], [106.720093, -6.21046739999997], [106.72003960000006, -6.210610899999949], [106.71996330000007, -6.210708199999942], [106.72000140000006, -6.210795899999937], [106.72006240000007, -6.210963299999946], [106.72005480000007, -6.211297], [106.720009, -6.211682799999949], [106.719934, -6.212066199999981], [106.71991750000007, -6.212150099999974], [106.71983360000007, -6.212504899999942], [106.71987170000006, -6.212614599999938], [106.719948, -6.212850599999967], [106.71990220000004, -6.213027], [106.71970390000007, -6.213403699999958], [106.71964290000005, -6.213682199999937], [106.71961230000005, -6.214007399999957], [106.719681, -6.214040299999965], [106.719803, -6.214119499999981], [106.71983360000007, -6.214195299999972], [106.71979540000007, -6.214235299999928], [106.71970390000007, -6.214221499999951], [106.71958940000007, -6.214232], [106.71939870000006, -6.214319299999943], [106.71926140000005, -6.214423199999942], [106.71917740000004, -6.214567199999976], [106.71916220000008, -6.214716399999929], [106.71913170000005, -6.214854699999933], [106.71907060000007, -6.215046399999949], [106.71898670000007, -6.215590499999962], [106.71896570000007, -6.21563059999994], [106.71892140000006, -6.215711], [106.71888750000005, -6.215743499999974], [106.71861290000004, -6.215967699999965], [106.71858240000006, -6.216084499999965], [106.71856710000009, -6.216402599999981], [106.71853660000005, -6.216634799999952], [106.71842980000008, -6.217032899999936], [106.71827560000008, -6.217419899999925], [106.71816270000005, -6.217703299999926], [106.71814310000008, -6.217743899999959], [106.71822440000005, -6.217786699999976], [106.71850870000009, -6.217903099999944], [106.71837490000007, -6.218667899999957], [106.71807390000004, -6.219632199999978], [106.71797350000008, -6.220031199999937], [106.71797350000008, -6.22004789999994], [106.718007, -6.220230799999968], [106.71797350000008, -6.220579899999962], [106.71794010000008, -6.220945699999959], [106.71799020000009, -6.221278199999972], [106.71805710000007, -6.221710499999972], [106.71825780000006, -6.22182689999994], [106.71829130000003, -6.222176], [106.71824120000008, -6.222807], [106.71825780000006, -6.222807799999941], [106.71825780000006, -6.223123699999974], [106.71826620000007, -6.223639099999957], [106.71823270000004, -6.223988199999951], [106.71824110000006, -6.224129599999969], [106.71823040000004, -6.224172299999964], [106.71825040000004, -6.224172099999976], [106.718445, -6.224170199999946], [106.71862050000004, -6.224168799999973], [106.71866630000005, -6.224169699999948], [106.71941390000006, -6.224186399999951], [106.71965810000006, -6.224192099999925], [106.72016930000007, -6.224208799999928], [106.72063470000006, -6.224223599999959], [106.72065910000003, -6.224223599999959], [106.72066970000009, -6.224223599999959], [106.72071860000005, -6.224223599999959], [106.721245, -6.224220299999956], [106.72174090000004, -6.224238899999932], [106.72236660000004, -6.224252199999967], [106.72247340000007, -6.224254599999938], [106.72270990000004, -6.224259899999936], [106.723572, -6.224266099999966], [106.72380850000008, -6.224270299999944], [106.72390770000004, -6.22427609999994], [106.72522750000007, -6.224327099999925], [106.72576160000006, -6.224337099999957], [106.72695930000003, -6.224359199999981], [106.72705010000004, -6.224360899999965], [106.727051, -6.224331899999925], [106.72759270000006, -6.224311899999975], [106.72835560000004, -6.224283699999944], [106.72892780000006, -6.22423219999996], [106.72895830000004, -6.224229799999932], [106.72949240000008, -6.224184], [106.72966020000007, -6.224178299999949], [106.73016380000007, -6.224161099999947], [106.73037740000007, -6.224175499999944], [106.73058340000006, -6.224153499999943], [106.730797, -6.224142099999938], [106.73098770000007, -6.224092], [106.73130050000009, -6.224048599999946], [106.73151420000005, -6.224012899999934], [106.73211690000005, -6.223915099999942], [106.73217790000007, -6.223908], [106.73251360000006, -6.223965699999951], [106.732651, -6.223969499999953], [106.73283410000005, -6.223975199999927], [106.73304770000004, -6.223982299999932], [106.73316210000007, -6.223981399999957], [106.73346730000009, -6.223979], [106.73361230000006, -6.223977599999955], [106.73378010000005, -6.223974699999928], [106.73384120000009, -6.22397849999993], [106.73392980000006, -6.223984099999939], [106.734009, -6.223989], [106.73478720000008, -6.223960899999952], [106.73505420000004, -6.223958], [106.73532890000007, -6.223951399999976], [106.73553490000006, -6.22395419999998], [106.73579430000007, -6.223927], [106.73599260000009, -6.223906499999941], [106.73643510000005, -6.223883199999932], [106.73686240000006, -6.223778699999968], [106.73693870000005, -6.223686199999975], [106.73696920000003, -6.223683799999947], [106.73731550000008, -6.223623099999941], [106.73737220000004, -6.223613199999932], [106.73741030000008, -6.22360649999996], [106.73752130000008, -6.223686499999928], [106.73780050000005, -6.223663099999953], [106.73868660000005, -6.223588599999971], [106.74034380000006, -6.223449399999936], [106.74062820000006, -6.223425499999962], [106.74185050000006, -6.223322799999949], [106.74252320000005, -6.223266199999955], [106.743708, -6.223123499999929], [106.74397010000007, -6.223080099999947], [106.74440540000006, -6.223007899999971], [106.74481350000008, -6.223222399999941], [106.74497030000003, -6.223304799999937], [106.74505220000009, -6.22329469999994], [106.74570870000008, -6.223213299999941], [106.74668290000005, -6.223092599999973], [106.74722580000008, -6.223025299999961], [106.74731240000006, -6.223014599999942], [106.74739190000008, -6.223026], [106.74739270000003, -6.223003399999925], [106.74740790000004, -6.223003399999925], [106.74825480000004, -6.223148299999934], [106.74902920000005, -6.223070099999973], [106.74905070000005, -6.223068399999931], [106.749052, -6.222805], [106.74949460000005, -6.22274589999995], [106.74969290000007, -6.222719199999972], [106.75024310000003, -6.22266419999994], [106.750461, -6.222650699999974], [106.75070110000007, -6.222659199999953], [106.75070080000006, -6.222849499999938], [106.75070080000006, -6.222902199999965], [106.75073430000003, -6.222898499999928], [106.75074580000006, -6.222898499999928], [106.75122640000006, -6.22291759999996], [106.751482, -6.222929], [106.75196270000004, -6.222932799999967], [106.752039, -6.222932799999967], [106.75279650000004, -6.222941099999957], [106.75308140000004, -6.222944199999972], [106.75353430000007, -6.22294809999994], [106.75392850000009, -6.222951599999931], [106.75418280000008, -6.222932799999967], [106.75420570000006, -6.222953799999971], [106.75467330000004, -6.222957599999972], [106.75483890000004, -6.222959499999945], [106.75506780000006, -6.222961399999974], [106.75519750000007, -6.222963299999947], [106.75539210000005, -6.222965199999976], [106.75553320000006, -6.222967099999948], [106.75586890000005, -6.222969099999943], [106.75614190000005, -6.222972199999958], [106.75672640000005, -6.222978699999942], [106.75688030000003, -6.222967599999947], [106.75700520000004, -6.22295859999997], [106.75713660000008, -6.22294729999993], [106.75720020000006, -6.222942399999965], [106.75729180000008, -6.222934699999939], [106.75736090000004, -6.222932899999932], [106.75738540000003, -6.222931099999926], [106.75748230000005, -6.222934199999941], [106.75755120000008, -6.222936599999969], [106.75766160000006, -6.222975099999928], [106.75785260000004, -6.223041499999965], [106.75791390000006, -6.22304239999994], [106.75810660000008, -6.223045299999967], [106.758207, -6.223046799999963], [106.75832690000004, -6.22313719999994], [106.75833720000008, -6.223145], [106.758507, -6.223122299999943], [106.75855860000007, -6.223115099999973], [106.75858120000004, -6.22311209999998], [106.75866510000009, -6.223100699999975], [106.75881370000008, -6.223079699999971], [106.75886730000008, -6.223081599999944], [106.75892250000004, -6.22308529999998], [106.75898690000008, -6.223088599999926], [106.75928960000005, -6.223115399999926], [106.75952170000005, -6.223135], [106.76014080000004, -6.223146399999962], [106.76021, -6.223138799999958], [106.76026340000004, -6.223144499999933], [106.76028630000008, -6.223144499999933], [106.76032830000008, -6.223144499999933], [106.76036260000006, -6.223144499999933], [106.76037790000004, -6.223144499999933], [106.76083, -6.223155899999938], [106.76094080000007, -6.223158399999932], [106.76130590000008, -6.223139199999935], [106.76151290000007, -6.22312839999995], [106.76158930000008, -6.223124399999961], [106.76160390000007, -6.223123599999951], [106.76161450000006, -6.22312409999995], [106.76177190000004, -6.223132], [106.76189230000006, -6.223138099999971], [106.76190290000005, -6.223138699999936], [106.76208510000004, -6.223147899999958], [106.76249710000008, -6.22313639999993], [106.76250760000005, -6.223135799999966], [106.76327530000003, -6.223085], [106.76425190000003, -6.223140299999955], [106.76427990000008, -6.223136699999941], [106.76494720000005, -6.223052299999949], [106.76550050000009, -6.222982399999978], [106.76555, -6.222980799999959], [106.76563280000005, -6.223330099999941], [106.76580070000006, -6.223673799999972], [106.76612870000008, -6.22403769999994], [106.76624320000008, -6.224180699999977], [106.76632710000007, -6.224338499999931], [106.76644150000004, -6.22454879999998], [106.76657120000004, -6.224749599999939], [106.76673150000005, -6.224900299999945], [106.76698910000005, -6.225177799999926], [106.76704, -6.2253], [106.76703, -6.22541], [106.76694, -6.22558], [106.76677, -6.22579], [106.76662, -6.22588], [106.76632, -6.22596], [106.76617, -6.22601], [106.76614, -6.22607], [106.76613, -6.22626], [106.76614930000005, -6.226667299999974], [106.76608990000005, -6.226795599999946], [106.76614990000007, -6.226872299999968], [106.76615890000005, -6.226991899999973], [106.76608010000007, -6.227068599999939], [106.76592250000004, -6.227139299999976], [106.765756, -6.227148599999964], [106.76571540000003, -6.22712839999997], [106.76563310000006, -6.227087599999948], [106.76562040000005, -6.227084099999956], [106.76541370000007, -6.227026899999942], [106.76526420000005, -6.226895799999966], [106.76524850000004, -6.226870599999927], [106.76521140000006, -6.22684339999995], [106.76509730000004, -6.226791099999957], [106.76496560000004, -6.226730099999941], [106.76488690000008, -6.226730399999951], [106.76481, -6.22674], [106.76474780000007, -6.226759099999981], [106.764659, -6.226801299999977], [106.76461220000004, -6.226827899999932], [106.76451, -6.2269], [106.76442, -6.22705], [106.76430820000007, -6.227256], [106.76433090000006, -6.227255399999933], [106.76438530000007, -6.227259699999934], [106.76556540000007, -6.227354399999967], [106.76578990000007, -6.227372399999979], [106.76597510000005, -6.227387199999953], [106.766232, -6.22740779999998], [106.76628140000008, -6.22741179999997], [106.76629870000005, -6.227412399999935], [106.76638160000005, -6.227395699999931], [106.76651360000005, -6.227430399999946], [106.76673660000006, -6.227448199999969], [106.76690160000004, -6.22740959999993], [106.76713080000007, -6.227356], [106.76725240000007, -6.227327599999967], [106.76739320000007, -6.227301099999977], [106.76751850000005, -6.227277499999957], [106.76764290000006, -6.227277099999981], [106.76769040000005, -6.227276899999936], [106.76778860000007, -6.227276599999925], [106.76784040000007, -6.227274299999976], [106.76801790000007, -6.227249299999926], [106.76835240000008, -6.227264899999966], [106.76865550000008, -6.227248399999951], [106.76884510000008, -6.227238], [106.76896060000007, -6.227231699999948], [106.76911010000003, -6.227231199999949], [106.76980190000006, -6.227213399999926], [106.76985680000007, -6.227215799999954], [106.76994010000004, -6.227219499999933], [106.77017740000008, -6.227196499999934], [106.77109290000004, -6.227166599999975], [106.77178730000008, -6.227140199999951], [106.77182530000005, -6.227140399999939], [106.77191450000004, -6.227141], [106.772731, -6.22712439999998], [106.77279490000006, -6.227123099999972], [106.77325070000006, -6.227113799999927], [106.77341050000007, -6.227110499999981], [106.773761, -6.227103399999976], [106.77380490000007, -6.227102499999944], [106.77395120000006, -6.227099499999952], [106.77445690000008, -6.227089199999966], [106.77450510000006, -6.227006599999925], [106.77456090000004, -6.227034299999957], [106.77483240000004, -6.227019399999961], [106.77484350000009, -6.22706409999995], [106.77490170000004, -6.227061699999979], [106.77512720000004, -6.227052799999967], [106.77516090000006, -6.227058199999931], [106.77529950000007, -6.227080399999977], [106.775322, -6.227054899999928], [106.77564360000008, -6.227043499999979], [106.77575930000006, -6.227039399999967], [106.77582640000008, -6.227036599999963], [106.77614030000007, -6.227024], [106.77615710000003, -6.226984399999935], [106.77624880000008, -6.226983099999927], [106.77626920000006, -6.227067699999964], [106.77651910000009, -6.227066899999954], [106.77653290000006, -6.227065899999957], [106.77696470000006, -6.227035099999966], [106.77696940000004, -6.22694649999994], [106.77707470000007, -6.226944199999934], [106.77720160000007, -6.226941599999975], [106.77722090000009, -6.226941199999942], [106.77735880000006, -6.226938899999936], [106.77742970000008, -6.226937699999951], [106.77748340000005, -6.226968599999964], [106.77770850000007, -6.226967799999954], [106.77783620000008, -6.226967399999978], [106.77795430000003, -6.226916099999926], [106.77831270000007, -6.226914699999952], [106.77841620000004, -6.226909], [106.77840930000008, -6.226681499999927], [106.77840540000005, -6.226554], [106.77841150000006, -6.226339099999961], [106.77842970000006, -6.225703599999974], [106.77843660000008, -6.225463399999967], [106.77844430000005, -6.225194199999976], [106.77847060000005, -6.224945099999957], [106.77847220000007, -6.224848099999974], [106.77845030000009, -6.224836], [106.77845780000007, -6.224387199999967], [106.77845780000007, -6.223322], [106.77845780000007, -6.223219899999947], [106.77845780000007, -6.222476499999971], [106.77846550000004, -6.222268099999951], [106.77846550000004, -6.222150399999975], [106.77847310000004, -6.221823699999959], [106.77848070000005, -6.221136599999966], [106.77848070000005, -6.220868199999927], [106.77848070000005, -6.220693099999949], [106.77848060000008, -6.220386599999927], [106.77847310000004, -6.220124699999928], [106.77847310000004, -6.219824799999969], [106.77847310000004, -6.21976849999993], [106.77848840000007, -6.218966499999965], [106.77848070000005, -6.218781], [106.77847310000004, -6.218320399999925], [106.778435, -6.217901299999937], [106.77838150000008, -6.217668099999969], [106.778351, -6.217588499999977], [106.77832810000007, -6.217556499999944], [106.77821370000004, -6.217447299999947], [106.77794670000009, -6.217327199999943], [106.77783220000003, -6.217289499999936], [106.77744310000008, -6.217097299999978], [106.77723710000004, -6.216973799999948], [106.777138, -6.21686509999995], [106.77707690000005, -6.216578499999969], [106.77709980000009, -6.216219399999943], [106.77711440000007, -6.21614], [106.77736680000004, -6.215720199999964], [106.77750420000007, -6.215484199999935], [106.77754990000005, -6.215386899999942], [106.77757860000008, -6.21524409999995], [106.77760750000004, -6.215047699999957], [106.77763330000005, -6.214716899999928], [106.77762620000004, -6.214249699999925], [106.77762620000004, -6.214109], [106.77762620000004, -6.214077499999973], [106.77766440000005, -6.213722299999972], [106.77767960000006, -6.213680299999965], [106.77774830000004, -6.213585899999941], [106.77783990000006, -6.213533899999959], [106.77809160000004, -6.213503399999979], [106.778763, -6.213471899999945], [106.77938860000006, -6.21344229999994], [106.77998660000009, -6.213416799999948], [106.78018210000005, -6.213408499999957], [106.78058750000008, -6.213373], [106.780703, -6.213364599999977], [106.78100120000005, -6.213358199999959], [106.78104690000004, -6.213360699999953], [106.78167740000004, -6.213333199999965], [106.78231830000004, -6.213301699999931], [106.78252430000003, -6.213286399999959], [106.78278370000004, -6.21321869999997], [106.78294390000008, -6.213102399999968], [106.78305840000007, -6.213005099999975], [106.78310140000008, -6.212984199999937], [106.78314990000007, -6.212960799999962], [106.78317280000005, -6.212946899999963], [106.78334830000006, -6.21269609999996], [106.78348560000006, -6.212414299999978], [106.78355430000005, -6.212162499999977], [106.783539, -6.211348099999952], [106.78351480000003, -6.211011099999951], [106.78350850000004, -6.21099], [106.78350090000004, -6.210836899999947], [106.783478, -6.210433499999965], [106.78337880000004, -6.209632399999975], [106.78337880000004, -6.209606199999939], [106.78334070000005, -6.209325799999931], [106.78326440000006, -6.208589599999925], [106.78323380000006, -6.208266299999934], [106.78321090000009, -6.207900099999961], [106.78317280000005, -6.207532899999933], [106.78316520000004, -6.207460899999944], [106.78314230000007, -6.207109], [106.78314230000007, -6.206719899999939], [106.78397390000003, -6.206739499999969], [106.78452320000008, -6.20676519999995], [106.78487420000005, -6.206775199999981], [106.78520980000008, -6.206800499999929], [106.78599570000006, -6.206867699999975], [106.78632370000008, -6.20689729999998], [106.78656030000008, -6.20690639999998], [106.78692650000005, -6.206937799999935], [106.78732320000006, -6.207048499999928], [106.78756730000003, -6.207196799999963], [106.78773520000004, -6.207358899999974], [106.78782670000004, -6.207514299999957], [106.78784960000007, -6.207542], [106.78788010000005, -6.207598699999949], [106.78801750000008, -6.207742199999927], [106.78830740000006, -6.208046499999966], [106.78839130000006, -6.208157599999936], [106.788521, -6.208245799999929], [106.788994, -6.20849329999993], [106.78911610000006, -6.208500399999934], [106.789139, -6.208496899999943], [106.78918480000004, -6.208489899999961], [106.78938310000007, -6.208417399999973], [106.78952050000004, -6.208294899999942], [106.78958560000007, -6.208228599999927], [106.78993240000005, -6.207875299999955], [106.79045120000006, -6.207443799999965], [106.790848, -6.207501899999954], [106.79156510000007, -6.207625399999927], [106.79195420000008, -6.207694599999968], [106.79222130000005, -6.207747], [106.79238910000004, -6.207788], [106.79254170000007, -6.207828099999972], [106.79290790000005, -6.207795699999963], [106.79301470000007, -6.207775199999958], [106.79322070000006, -6.207762299999956], [106.79399890000008, -6.207702199999972], [106.79470080000004, -6.207666], [106.795006, -6.207643099999927], [106.79563160000004, -6.207614499999977], [106.796005, -6.207585299999948], [106.79605880000008, -6.20758109999997], [106.79619620000005, -6.206811], [106.79633350000006, -6.206266], [106.79646320000006, -6.205908799999975], [106.79658530000006, -6.205566899999951], [106.79659290000006, -6.205499199999963], [106.79685230000007, -6.204691399999945], [106.79689050000007, -6.20456889999997], [106.79714220000005, -6.204031], [106.79719560000007, -6.203915599999959], [106.79727960000008, -6.203800199999932], [106.79733290000007, -6.203727299999969], [106.79736350000007, -6.203672], [106.79756180000004, -6.203363], [106.79763050000008, -6.203266699999972], [106.79765340000006, -6.20324329999994], [106.79771440000007, -6.203137], [106.79784410000008, -6.202976699999965], [106.79803490000006, -6.202800299999979], [106.798134, -6.202681599999949], [106.79847740000008, -6.202384499999937], [106.79851550000006, -6.202352099999928], [106.79888170000004, -6.202107499999954], [106.798958, -6.202052099999946], [106.79906480000005, -6.20199539999993], [106.79937, -6.201698799999974], [106.799408, -6.201655599999981], [106.799431, -6.20150469999993], [106.79955310000008, -6.201114699999948], [106.799576, -6.201041699999962], [106.79961420000006, -6.201004099999977], [106.79982010000003, -6.200705599999935], [106.80008720000006, -6.200390399999947], [106.80029320000006, -6.200211099999933], [106.80056020000006, -6.200059], [106.80059830000005, -6.200037], [106.80075090000008, -6.199975499999937], [106.80142230000007, -6.199698], [106.80148330000009, -6.199669399999948], [106.80163590000006, -6.199593599999957], [106.801819, -6.199489599999936], [106.80262010000007, -6.199109599999929], [106.80266590000008, -6.19908339999995], [106.80287190000007, -6.198941699999978], [106.80300920000008, -6.198828299999946], [106.80313890000008, -6.198632299999929], [106.80344410000004, -6.198062399999969], [106.80356620000003, -6.197881299999949], [106.80361960000005, -6.197827399999937], [106.80368820000007, -6.197792099999958], [106.80411550000008, -6.197518899999977], [106.80428330000007, -6.197340499999939], [106.80429420000007, -6.197320099999956], [106.80432150000007, -6.19726849999995], [106.80440540000006, -6.197133099999974], [106.80451990000006, -6.196936599999958], [106.80463430000003, -6.19671539999996], [106.80479450000007, -6.196416399999976], [106.80480730000005, -6.196389599999975], [106.80508440000006, -6.195627299999956], [106.80509210000008, -6.19555239999994], [106.80527520000004, -6.19443659999996], [106.80527810000007, -6.194415699999979], [106.80535910000003, -6.193849099999966], [106.80542010000005, -6.193303599999979], [106.80547350000006, -6.192839599999957], [106.805504, -6.192757699999959], [106.805876, -6.191840099999979], [106.805916, -6.191741499999978], [106.80594660000008, -6.191695699999968], [106.80605340000005, -6.191471599999943], [106.80628220000006, -6.190882299999942], [106.80644250000006, -6.190351499999963], [106.806473, -6.190206599999954], [106.80651870000008, -6.189999099999966], [106.80672440000006, -6.189137199999948], [106.80674760000005, -6.189106], [106.80686210000005, -6.188994899999955], [106.80704520000006, -6.188932499999964], [106.80714440000008, -6.188900499999932], [106.80740370000007, -6.188871], [106.80796830000008, -6.18882039999994], [106.80808340000004, -6.188813399999958], [106.808304, -6.188799899999935], [106.80881520000008, -6.188734599999975], [106.80941030000008, -6.188698299999942], [106.80953240000008, -6.188697899999966], [106.81030290000007, -6.188678799999934], [106.81054710000006, -6.18870979999997], [106.81064920000006, -6.188722499999926], [106.81065670000004, -6.188697599999955], [106.81067680000007, -6.188517599999955], [106.81067680000007, -6.18834929999997], [106.81066150000004, -6.187994499999945], [106.81057760000004, -6.187417099999948], [106.81050130000006, -6.186839099999929], [106.81047080000008, -6.186313699999971], [106.81042480000008, -6.185812], [106.81040210000003, -6.185565], [106.81032580000004, -6.184959399999968], [106.81031060000004, -6.184790199999952], [106.81024190000005, -6.184120699999937], [106.81018090000003, -6.183512299999961], [106.81017640000005, -6.183420099999978], [106.81017350000008, -6.18335959999996], [106.81016690000007, -6.183221099999969], [106.81016560000006, -6.183194199999946], [106.81015870000004, -6.183115799999939], [106.81014230000005, -6.182929099999967], [106.81012670000007, -6.182750899999974], [106.81011980000005, -6.182673], [106.81005880000004, -6.182195699999966], [106.810013, -6.181501], [106.81001140000006, -6.181482], [106.80999770000005, -6.181325], [106.80998910000005, -6.181217], [106.80993670000004, -6.180560199999945], [106.80986040000005, -6.180111899999929], [106.809807, -6.179793399999937], [106.80978750000008, -6.17973429999995], [106.80973070000005, -6.179562099999941], [106.80963150000008, -6.179301799999962], [106.80947130000004, -6.179071], [106.80926530000005, -6.178825399999937], [106.80908990000006, -6.17859459999994], [106.80888390000007, -6.17832], [106.80862450000006, -6.177959], [106.80823540000006, -6.177410599999973], [106.80794540000005, -6.177008199999932], [106.80792840000004, -6.176985099999968], [106.80754870000004, -6.176470799999947], [106.80675520000005, -6.175383099999976], [106.80655690000003, -6.175094599999966], [106.80648060000004, -6.174923899999953], [106.80634330000004, -6.174740799999938], [106.80617540000009, -6.174478599999929], [106.80602850000008, -6.174252199999955], [106.80595420000009, -6.174137599999938], [106.80563370000004, -6.17371849999995], [106.805471, -6.173489299999972], [106.80516840000007, -6.17305], [106.80485550000009, -6.172565], [106.80455040000004, -6.172106299999939], [106.80422230000005, -6.171660499999973], [106.80399340000008, -6.171311399999979], [106.80378740000003, -6.171032899999943], [106.80332970000006, -6.170346299999949], [106.80303210000005, -6.16990809999993], [106.80258960000003, -6.169301099999927], [106.80209370000006, -6.168584899999928], [106.80152910000004, -6.167769], [106.80118580000004, -6.167291199999966], [106.80094930000007, -6.166949799999941], [106.80078140000006, -6.166732799999977], [106.80053730000009, -6.166325099999938], [106.80030840000006, -6.165989499999966], [106.80027030000008, -6.165930299999957], [106.800049, -6.165573199999926], [106.79972860000004, -6.165063399999951], [106.799538, -6.164719199999979], [106.79944630000006, -6.164553699999942], [106.79925560000004, -6.164158399999963], [106.79904960000005, -6.163724499999944], [106.79881310000007, -6.163112199999944], [106.79878910000008, -6.163036499999976], [106.79859940000006, -6.162437499999953], [106.79841630000004, -6.161994499999935], [106.79814930000003, -6.161384599999963], [106.79828660000004, -6.16132639999995], [106.79834770000008, -6.16129879999994], [106.79851550000006, -6.161240099999929], [106.79861470000009, -6.16118629999994], [106.80023980000004, -6.160474399999941], [106.80042040000006, -6.160357499999975], [106.80061360000008, -6.160232599999972], [106.80088060000008, -6.159955099999934], [106.80098740000005, -6.159786299999951], [106.80119340000005, -6.15938239999997], [106.80131550000004, -6.159009], [106.80137650000006, -6.158525499999939], [106.80138420000009, -6.15837769999996], [106.80139940000004, -6.158269], [106.80141470000007, -6.158127799999932], [106.80142990000007, -6.158043], [106.80146050000008, -6.158316699999943], [106.80159020000008, -6.160112399999946], [106.80168940000004, -6.160141], [106.80177330000004, -6.160140099999978], [106.80181670000007, -6.160139799999968], [106.80184960000008, -6.16013959999998], [106.80197160000006, -6.160199199999965], [106.80204790000005, -6.160307399999965], [106.80218530000008, -6.160557299999937], [106.80238360000004, -6.160845299999949], [106.80259720000004, -6.161082799999974], [106.80274220000007, -6.161198199999944], [106.80309320000003, -6.161464199999955], [106.803261, -6.161539599999969], [106.80359670000007, -6.161657399999967], [106.80400870000005, -6.161744599999963], [106.80457180000008, -6.161797199999967], [106.80470290000005, -6.161790899999971], [106.80542010000005, -6.161703099999954], [106.80545820000003, -6.161694599999976], [106.80580920000006, -6.161604], [106.80616780000008, -6.161570599999948], [106.80625760000004, -6.161566299999947], [106.80629750000008, -6.161564399999975], [106.80651870000008, -6.16153909999997], [106.80690780000003, -6.161502899999959], [106.80738090000006, -6.161454299999946], [106.80760980000008, -6.161421399999938], [106.80799890000009, -6.16138129999996], [106.80804350000005, -6.161371699999961], [106.80815910000007, -6.161347], [106.80846420000006, -6.161299799999938], [106.80869310000008, -6.161265399999934], [106.80922720000007, -6.161187699999971], [106.80957050000006, -6.161155699999938], [106.80970020000007, -6.16113809999996], [106.809731, -6.161127699999952], [106.81010460000005, -6.161022699999933], [106.81031060000004, -6.160922099999937], [106.81053940000004, -6.160847699999977], [106.81065390000003, -6.160836299999971], [106.81070020000004, -6.160828399999957], [106.81075310000006, -6.160820099999967], [106.81085220000006, -6.160803899999962], [106.81108880000005, -6.160770499999956], [106.81149310000006, -6.16070179999997], [106.81185930000004, -6.160691299999939], [106.81192990000005, -6.160698399999944], [106.81195850000006, -6.160701299999971], [106.81237050000004, -6.160699399999942], [106.81256120000006, -6.16069989999994], [106.81268330000006, -6.160686], [106.81278250000008, -6.160677499999963], [106.81280720000007, -6.160675799999979], [106.81285880000007, -6.160672199999965], [106.81288930000005, -6.160669799999937], [106.81327080000005, -6.160641699999928], [106.81341570000006, -6.160626899999954], [106.81375140000006, -6.160574], [106.81514, -6.160432399999934], [106.81590290000008, -6.160253099999977], [106.81625390000005, -6.160195899999962], [106.81661240000005, -6.160125299999947], [106.81745930000005, -6.160008499999947], [106.81759660000006, -6.159977], [106.818123, -6.159891199999947], [106.818825, -6.159787699999981], [106.81901570000008, -6.159757199999945], [106.81918350000007, -6.159731399999941], [106.81928270000009, -6.159698499999934], [106.81967940000004, -6.15961029999994], [106.82028220000007, -6.159548299999926], [106.82034320000008, -6.159551199999953], [106.82063310000007, -6.159600799999964], [106.82091540000005, -6.159688499999959], [106.82148, -6.159863499999972], [106.82167070000008, -6.159957499999962], [106.821953, -6.160059499999932], [106.82200640000008, -6.160073299999965], [106.82234210000007, -6.160190599999964], [106.82289140000006, -6.160397599999953], [106.82330340000004, -6.160571599999969], [106.82348650000006, -6.160624499999926], [106.82364670000004, -6.160664099999963], [106.824013, -6.160785199999964], [106.82449360000004, -6.160967899999946], [106.82462330000004, -6.161022699999933], [106.82495140000009, -6.161120499999981], [106.82499710000008, -6.161132399999929], [106.82539390000005, -6.161280699999963], [106.82574480000005, -6.161405099999968], [106.82617210000006, -6.161579599999925], [106.82618760000008, -6.161584499999947], [106.82626360000006, -6.161608299999955], [106.82644670000008, -6.161656899999969], [106.82662980000003, -6.161723699999925], [106.82672990000003, -6.161756899999943], [106.82679770000004, -6.161779399999944], [106.82730120000008, -6.161973499999931], [106.82785050000007, -6.162134199999969], [106.82792680000006, -6.162141399999939], [106.82800310000005, -6.162163299999975], [106.82830830000006, -6.162252899999942], [106.82829120000008, -6.162224199999969], [106.82803370000005, -6.161790899999971], [106.82794210000009, -6.16162879999996], [106.827759, -6.161175799999967], [106.827614, -6.160705199999938], [106.82746910000009, -6.15994459999996], [106.82746140000006, -6.15980959999996], [106.82743090000008, -6.159036199999946], [106.827427, -6.158268699999951], [106.82742330000008, -6.157550399999934], [106.82741570000007, -6.15723], [106.82740190000004, -6.156585899999925], [106.82737960000009, -6.155547099999978], [106.82737750000007, -6.155449499999975], [106.82734850000008, -6.154062099999976], [106.82733940000008, -6.153626499999973], [106.82729360000008, -6.152321399999948], [106.82724780000007, -6.151924199999939], [106.82723190000007, -6.151763599999981], [106.82712980000008, -6.150731199999939], [106.82711050000006, -6.150536099999954], [106.82694260000005, -6.149750799999936], [106.82689690000007, -6.149448899999925], [106.82682820000008, -6.148985899999957], [106.82679770000004, -6.148867199999927], [106.82677480000007, -6.148703599999976], [106.82671970000007, -6.148512399999959], [106.82664510000006, -6.14826249999993], [106.82655350000005, -6.14788539999995], [106.82633230000005, -6.147045699999978], [106.82619480000005, -6.146740399999942], [106.82598130000008, -6.146266499999967], [106.82547780000004, -6.145334799999944], [106.82517260000009, -6.14482309999994], [106.82498950000007, -6.144518399999981], [106.82484450000004, -6.144292399999927], [106.82480660000004, -6.144229499999938], [106.824074, -6.143015399999967], [106.82388320000007, -6.142705499999977], [106.82385270000009, -6.142658799999936], [106.82380690000008, -6.142603], [106.82377480000008, -6.142554099999927], [106.82376120000004, -6.142533399999934], [106.82320420000008, -6.141586299999972], [106.82263970000008, -6.14046529999996], [106.82260920000004, -6.140399499999944], [106.82256340000004, -6.140286], [106.82255350000008, -6.140262099999973], [106.82251760000008, -6.140174899999977], [106.82239550000008, -6.13978579999997], [106.822304, -6.139499199999932], [106.82219720000006, -6.139121599999953], [106.82212090000007, -6.138859799999977], [106.82202930000005, -6.138563199999965], [106.82183860000004, -6.137728699999968], [106.82179280000008, -6.137578499999961], [106.82164780000005, -6.137312899999927], [106.82138840000005, -6.136990599999933], [106.821274, -6.136870899999963], [106.82124430000005, -6.136880099999928], [106.82101850000004, -6.136694199999965], [106.820802, -6.136537699999963], [106.82046780000007, -6.136420899999962], [106.82005520000007, -6.136353499999927], [106.81985540000005, -6.136354199999971], [106.81982930000004, -6.136354299999937], [106.819584, -6.136394399999972], [106.81921110000008, -6.136464499999931], [106.81868130000004, -6.136584199999959], [106.81855080000008, -6.136615399999926], [106.818181, -6.136703799999964], [106.81762170000007, -6.136823699999979], [106.81719, -6.136913599999957], [106.81674550000008, -6.137063599999976], [106.81671920000008, -6.136811799999975], [106.81671550000004, -6.136750499999948], [106.81669640000007, -6.136432199999945], [106.81662770000008, -6.136135199999956], [106.81642930000004, -6.135310199999935], [106.81628, -6.134826099999941], [106.81624620000008, -6.134716599999933], [106.81603260000009, -6.133958399999926], [106.81579610000006, -6.133166799999969], [106.81573630000008, -6.132963], [106.81554430000006, -6.132309], [106.815346, -6.13151739999995], [106.815056, -6.130377799999962], [106.81503310000005, -6.13024189999993], [106.81497840000009, -6.130229899999961], [106.81494160000005, -6.130221899999981], [106.81481950000006, -6.130195699999945], [106.81472040000006, -6.130182299999944], [106.81428550000004, -6.130102199999953], [106.81376670000009, -6.130078399999945], [106.81354540000007, -6.130080799999973], [106.81318690000006, -6.130124199999955], [106.81256890000009, -6.130270499999938], [106.81197380000003, -6.130431699999974], [106.81189750000004, -6.130449299999952], [106.81184410000009, -6.130462199999954], [106.81054710000006, -6.130818899999952], [106.81051660000008, -6.130825099999981], [106.81044030000004, -6.130844199999956], [106.81037920000006, -6.130861299999935], [106.81031820000004, -6.130876599999965], [106.80991380000006, -6.130961899999932], [106.809601, -6.131054], [106.80954, -6.131069699999955], [106.80947890000004, -6.131084499999929], [106.809273, -6.131130299999938], [106.80899830000004, -6.13120269999996], [106.80818190000008, -6.13141829999995], [106.80782340000007, -6.131522699999948], [106.80706040000007, -6.131708699999933], [106.80702990000009, -6.131718199999966], [106.80698410000008, -6.131732499999941], [106.80668660000003, -6.131826], [106.80641190000006, -6.131888899999979], [106.80637380000007, -6.131898899999953], [106.80630510000009, -6.131916599999954], [106.80629490000007, -6.13191889999996], [106.80622120000004, -6.131936099999962], [106.80597710000006, -6.131985699999973], [106.80590080000007, -6.132011], [106.80577870000008, -6.132046799999955], [106.805649, -6.132083499999965], [106.805237, -6.132189799999935], [106.80432150000007, -6.132415799999933], [106.803116, -6.132729599999948], [106.80265060000005, -6.13284729999998], [106.80195090000007, -6.133086799999944], [106.801903, -6.133124899999927], [106.80114, -6.133650799999941], [106.80084250000004, -6.133993199999964], [106.80068220000004, -6.134215899999958], [106.80036180000008, -6.134900099999925], [106.80024740000005, -6.135266799999954], [106.80021690000007, -6.135601599999973], [106.80022450000007, -6.136482799999953], [106.80022450000007, -6.136511399999961], [106.80022450000007, -6.136590599999977], [106.80022450000007, -6.136601499999927], [106.80022450000007, -6.136681599999974], [106.800255, -6.137055], [106.80031610000009, -6.138061099999959], [106.80036180000008, -6.138977599999976], [106.80039240000008, -6.13965989999997], [106.8004, -6.139858799999956], [106.80049920000005, -6.141622599999948], [106.80050680000005, -6.141678899999931], [106.80051440000005, -6.141788499999961], [106.80051440000005, -6.141821899999968], [106.80052210000008, -6.141887199999928], [106.80037710000005, -6.141869099999951], [106.80036080000008, -6.141874199999961], [106.80020160000004, -6.141924399999937], [106.79997270000007, -6.141935899999964], [106.79977440000005, -6.141958299999942], [106.79927840000005, -6.14199739999998], [106.79899620000003, -6.142036499999961], [106.79865280000007, -6.142097], [106.798134, -6.142222899999979], [106.79785170000008, -6.142272499999933], [106.79744740000007, -6.142327799999975], [106.79733260000006, -6.142342599999949], [106.79710410000007, -6.142372199999954], [106.79688280000005, -6.142394599999932], [106.79664630000008, -6.142417], [106.79611990000006, -6.142461799999978], [106.79561640000009, -6.142504699999961], [106.79489920000009, -6.142563899999971], [106.79431940000006, -6.142617799999925], [106.79388450000005, -6.142650199999935], [106.79347250000006, -6.142687899999942], [106.793386, -6.142696099999966], [106.79308340000006, -6.142725], [106.79290790000005, -6.142736], [106.79240440000007, -6.142785099999969], [106.79217550000004, -6.142806599999972], [106.79201530000006, -6.142791799999941], [106.79160330000008, -6.142700699999978], [106.79113030000008, -6.142558599999973], [106.790703, -6.142411299999935], [106.79042490000006, -6.142358099999967], [106.79040950000007, -6.14235519999994], [106.79001070000004, -6.142329899999936], [106.78962550000006, -6.142397699999947], [106.78956140000008, -6.142412], [106.78917030000008, -6.142500499999926], [106.78896350000008, -6.142589599999951], [106.78854450000006, -6.142831699999931], [106.78852860000006, -6.142840899999953], [106.78815480000009, -6.143029299999966], [106.78805850000003, -6.143102399999975], [106.78800980000005, -6.143139399999939], [106.78785730000004, -6.143217599999957], [106.78754790000005, -6.143228099999931], [106.78733850000003, -6.143235299999958], [106.78623220000009, -6.143332499999929], [106.78549980000008, -6.143381599999941], [106.78466050000009, -6.143478399999935], [106.78393570000009, -6.143543299999976], [106.78381290000004, -6.143549], [106.78321860000005, -6.143576699999926], [106.78244040000004, -6.143642], [106.78190630000006, -6.143706399999928], [106.78159350000004, -6.143722599999933], [106.78112810000005, -6.143771199999946], [106.780617, -6.143813199999954], [106.780533, -6.14381979999996], [106.78031530000004, -6.143836], [106.779648, -6.143885699999942], [106.77924370000005, -6.143933799999957], [106.77867230000004, -6.143960799999945], [106.778557, -6.143966199999966], [106.77807640000009, -6.143967699999962], [106.77793220000007, -6.143987099999947], [106.77765680000005, -6.144024399999978], [106.77710740000003, -6.14410879999997], [106.77688620000004, -6.14417839999993], [106.77645130000008, -6.144455499999935], [106.776047, -6.144691], [106.77565020000009, -6.144940399999939], [106.77524530000005, -6.145218099999965], [106.77508560000007, -6.145231699999954], [106.77506620000008, -6.144934], [106.77514490000004, -6.144614399999966], [106.77524080000006, -6.144355799999971], [106.77526340000009, -6.144294699999932], [106.77531550000003, -6.143975299999966], [106.77533910000005, -6.143714099999954], [106.77534370000006, -6.143566799999974], [106.77534820000005, -6.143419799999947], [106.77532530000008, -6.142911], [106.77531730000004, -6.142648299999962], [106.77531040000008, -6.142418799999973], [106.77535910000006, -6.142107799999962], [106.77536250000009, -6.142086], [106.77550440000005, -6.141901099999927], [106.77552810000009, -6.141840499999944], [106.77545950000007, -6.141716499999973], [106.77521430000007, -6.141597599999955], [106.77504750000008, -6.141516699999954], [106.77488730000005, -6.14141369999993], [106.77475, -6.141342699999939], [106.77468120000009, -6.141347399999972], [106.77394260000005, -6.141398299999935], [106.77385730000009, -6.141404199999954], [106.77310960000005, -6.141472799999974], [106.77279680000004, -6.141485199999977], [106.77274340000008, -6.141485699999976], [106.77265190000008, -6.141469], [106.77249170000005, -6.141431399999931], [106.77218650000003, -6.141383699999949], [106.77212540000005, -6.141376499999978], [106.77172110000004, -6.141302099999962], [106.77124040000007, -6.141210099999967], [106.77104970000005, -6.141177699999957], [106.77095810000009, -6.141177199999959], [106.77079030000004, -6.14114], [106.77074450000003, -6.141128599999945], [106.77069110000008, -6.141110899999944], [106.77030960000008, -6.141050899999925], [106.770241, -6.141043199999956], [106.76989770000006, -6.140994099999944], [106.76916520000009, -6.140878699999973], [106.76906610000009, -6.140872], [106.768738, -6.140798099999927], [106.76837940000007, -6.140710399999932], [106.76822680000004, -6.140689899999927], [106.76821260000008, -6.14068409999993], [106.76801320000004, -6.140603599999963], [106.76699850000006, -6.140265], [106.76667810000004, -6.140163], [106.76615160000006, -6.13997459999996], [106.76612110000008, -6.139965099999927], [106.76570910000004, -6.139815399999975], [106.76545730000004, -6.139735299999927], [106.76483170000006, -6.139498699999933], [106.76404590000004, -6.139219299999979], [106.763756, -6.13913249999996], [106.76373310000008, -6.139125399999955], [106.76330590000003, -6.138971399999946], [106.763077, -6.138882699999954], [106.76265740000008, -6.138759199999981], [106.76196310000006, -6.138523099999929], [106.76181050000008, -6.138471599999946], [106.76107050000007, -6.138212199999941], [106.76072710000005, -6.138096399999938], [106.76020070000004, -6.13791139999995], [106.76002520000009, -6.137868399999945], [106.75917840000005, -6.13757709999993], [106.75864430000007, -6.137401099999977], [106.75843070000008, -6.137324399999954], [106.75790430000006, -6.137140799999941], [106.756943, -6.136803699999973], [106.75654620000006, -6.136663], [106.75614950000005, -6.136526599999968], [106.75589770000005, -6.136469399999953], [106.75451680000003, -6.135906699999964], [106.75446340000008, -6.135883799999931], [106.75389880000006, -6.13564109999993], [106.75378440000009, -6.135590599999944], [106.753052, -6.135282099999927], [106.75289170000008, -6.135187199999962], [106.75283830000006, -6.135155199999929], [106.75268210000007, -6.135065399999974], [106.75255240000007, -6.134992899999929], [106.75254080000008, -6.134986399999946], [106.75247980000006, -6.134947299999965], [106.75240580000008, -6.134905899999978], [106.75233430000009, -6.134872499999972], [106.75232010000008, -6.134865899999966], [106.752241, -6.13482659999994], [106.751877, -6.134721299999967], [106.75142690000007, -6.134583499999962], [106.75139740000009, -6.134578499999975], [106.75123620000005, -6.134551099999953], [106.75085470000005, -6.134427099999925], [106.75069010000004, -6.134334], [106.75067550000006, -6.134329499999978], [106.75026760000009, -6.134111399999938], [106.75018090000003, -6.134065], [106.74980970000007, -6.133828599999958], [106.74979810000008, -6.133819099999926], [106.749486, -6.13356349999998], [106.74931010000006, -6.133388599999932], [106.74917160000007, -6.13325089999995], [106.74896260000008, -6.132960799999978], [106.74887870000003, -6.132899799999961], [106.74856590000007, -6.132729599999948], [106.74845170000003, -6.132646699999952], [106.74836750000009, -6.13258559999997], [106.74832920000006, -6.132551199999966], [106.74811480000005, -6.132398899999941], [106.74810220000006, -6.132387699999981], [106.74767670000006, -6.132010699999967], [106.74721020000004, -6.131660499999953], [106.74703240000008, -6.131552199999931], [106.74691790000008, -6.131503099999975], [106.74671190000004, -6.131407299999978], [106.74649830000004, -6.131265199999973], [106.74575060000006, -6.130718199999933], [106.74565140000004, -6.13064479999997], [106.74515550000007, -6.130283399999939], [106.74486560000008, -6.130092599999955], [106.74475880000006, -6.130022099999962], [106.74419420000004, -6.12964489999996], [106.74413320000008, -6.129606199999955], [106.74385090000004, -6.129463699999974], [106.74306510000008, -6.129120799999953], [106.74221890000007, -6.128715399999976], [106.74171470000005, -6.128473799999938], [106.74160390000009, -6.12842749999993], [106.74148740000004, -6.128378299999952], [106.74144, -6.128358399999968], [106.74140950000009, -6.128347899999937], [106.741379, -6.128334499999937], [106.74110430000007, -6.128195299999959], [106.74077630000005, -6.12804559999995], [106.74003620000008, -6.127696499999956], [106.73989620000003, -6.127617499999928], [106.73911420000007, -6.127176099999929], [106.73861720000008, -6.126895499999932], [106.73847220000005, -6.126796299999967], [106.73828830000008, -6.12666889999997], [106.737772, -6.126311399999963], [106.73766110000008, -6.126234499999953], [106.737568, -6.126170099999968], [106.73752610000008, -6.126141099999927], [106.73740470000007, -6.126052499999957], [106.73717520000008, -6.125885], [106.73696920000003, -6.125725299999942], [106.73661820000007, -6.125457799999936], [106.73632830000008, -6.125252299999943], [106.73628250000007, -6.125215499999968], [106.73604990000007, -6.125034], [106.73585960000008, -6.124911099999963], [106.73562090000007, -6.124729099999968], [106.735574, -6.124693399999956], [106.73508850000007, -6.124314699999957], [106.73457440000004, -6.123917199999937], [106.73445260000005, -6.123828], [106.73439360000003, -6.123784699999931], [106.73401270000005, -6.123472299999946], [106.73379390000008, -6.123349499999961], [106.73355630000003, -6.123293199999978], [106.733252, -6.123161099999948], [106.733033, -6.122971699999937], [106.73288030000003, -6.122744099999977], [106.73268980000006, -6.122564099999977], [106.73245160000005, -6.122317799999962], [106.73222310000006, -6.122109399999943], [106.73209920000005, -6.121986199999981], [106.731949, -6.121855299999936], [106.73188040000008, -6.121795199999951], [106.73158840000008, -6.121552099999974], [106.73130820000006, -6.121314499999926], [106.73121660000004, -6.12118769999995], [106.73114040000007, -6.121118599999932], [106.73091370000009, -6.120904799999948], [106.73056050000008, -6.120571599999948], [106.73027820000004, -6.120305599999938], [106.73001880000004, -6.120021799999961], [106.73000360000009, -6.120006099999955], [106.72983570000008, -6.119832499999973], [106.72978230000007, -6.11977909999996], [106.72941610000004, -6.119494499999973], [106.72925590000006, -6.119331799999941], [106.72900410000005, -6.11907059999993], [106.72880570000007, -6.118898399999978], [106.72854640000008, -6.118677599999955], [106.72741720000005, -6.11758089999995], [106.72695180000005, -6.116987299999948], [106.72678480000008, -6.116775699999948], [106.72657030000005, -6.116504199999952], [106.72652450000004, -6.116437899999937], [106.72629570000004, -6.116089299999942], [106.72606680000007, -6.115789899999925], [106.72547930000007, -6.115042699999947], [106.72545640000004, -6.115007399999968], [106.725342, -6.11482529999995], [106.72512070000005, -6.114578699999981], [106.72508260000006, -6.114539199999967], [106.72463250000004, -6.114071899999942], [106.72443410000005, -6.113847299999975], [106.72412890000004, -6.113483499999973], [106.72332780000005, -6.112401], [106.72305320000004, -6.112073], [106.72276330000005, -6.111728699999958], [106.72267970000007, -6.111620099999925], [106.72251150000005, -6.111401599999965], [106.72246570000004, -6.111347199999955], [106.721802, -6.110508], [106.72164170000008, -6.110334399999942], [106.721451, -6.110077399999966], [106.72040580000004, -6.108625899999936], [106.72036, -6.108564399999977], [106.71994040000004, -6.108087099999977], [106.71975730000008, -6.107834799999978], [106.719681, -6.107726099999979], [106.71949030000007, -6.107380899999953], [106.719475, -6.107354599999951], [106.71946070000007, -6.107333], [106.71917740000004, -6.106905899999958], [106.71895620000004, -6.106657499999926], [106.71874260000004, -6.106379499999946], [106.71840690000005, -6.105940799999928], [106.71810930000004, -6.105551799999944], [106.71804070000007, -6.105488299999934], [106.71789570000004, -6.105344799999955], [106.717766, -6.105269], [106.71756770000007, -6.105076299999951], [106.71741510000004, -6.104897499999936], [106.71730060000004, -6.104754899999932], [106.71717090000004, -6.104602799999952], [106.71695160000007, -6.104213899999934], [106.71652240000009, -6.103452699999934], [106.71630120000003, -6.103019199999949], [106.71600360000008, -6.102463299999954], [106.71584340000004, -6.102161899999942], [106.71568320000006, -6.101828099999977], [106.71543140000006, -6.10134979999998], [106.71514150000007, -6.100809099999935], [106.71508810000006, -6.10070369999994], [106.71494310000008, -6.100420499999927], [106.71491260000005, -6.100433899999928], [106.71488210000007, -6.100390399999981], [106.71454640000007, -6.099557], [106.71452350000004, -6.099493], [106.71448540000006, -6.099284199999943], [106.71445490000008, -6.099116799999933], [106.71424120000006, -6.098865499999931], [106.71413440000003, -6.098791099999971], [106.71407340000007, -6.098742499999958], [106.71383690000005, -6.098534599999937], [106.71364610000006, -6.098324299999945], [106.71332570000004, -6.097951], [106.71309680000007, -6.097601], [106.71293660000003, -6.097409699999957], [106.71271540000004, -6.097120299999972], [106.71264670000005, -6.097047799999928], [106.71234910000004, -6.096744499999943], [106.71205790000005, -6.096508699999958], [106.71186850000004, -6.096355499999959], [106.71174150000007, -6.096250299999951], [106.71163550000006, -6.096162399999969], [106.71137910000004, -6.09595]]]}}, {"type": "Feature", "properties": {"shapeName": "Kota Jakarta Pusat", "shapeISO": "", "shapeID": "22746128B21128962092426", "shapeGroup": "IDN", "shapeType": "ADM2"}, "geometry": {"type": "Polygon", "coordinates": [[[106.79238910000004, -6.207788], [106.79238150000003, -6.207810399999971], [106.79227470000006, -6.208015499999931], [106.79212510000008, -6.208176099999946], [106.79198050000008, -6.208329899999967], [106.79187650000006, -6.208561499999973], [106.79179920000007, -6.208758099999955], [106.79183450000005, -6.208852099999945], [106.79190750000004, -6.208986299999935], [106.79204750000008, -6.209077199999967], [106.79235650000004, -6.20916909999994], [106.79249590000006, -6.209257199999968], [106.79259510000009, -6.209391599999947], [106.792679, -6.209608599999967], [106.79271720000008, -6.209820799999932], [106.79270190000005, -6.21020939999994], [106.79277820000004, -6.210293299999933], [106.79281770000006, -6.210360099999946], [106.79295780000007, -6.21045369999996], [106.79307340000008, -6.210491], [106.793236, -6.210580399999969], [106.79360220000007, -6.21084929999995], [106.79368610000006, -6.210973299999978], [106.79371, -6.211198799999977], [106.79371660000004, -6.211427199999946], [106.79364030000005, -6.211490699999956], [106.79343190000009, -6.211605799999973], [106.79341070000004, -6.211673099999928], [106.79342310000004, -6.211711799999932], [106.79342970000005, -6.211732199999972], [106.79350230000006, -6.211745399999927], [106.79366070000003, -6.211699199999941], [106.79381380000007, -6.211687899999959], [106.79393030000006, -6.211711], [106.79399160000008, -6.211824399999955], [106.79401350000006, -6.21194], [106.79415910000006, -6.211982299999931], [106.794327, -6.211936499999979], [106.79443260000005, -6.211909], [106.79458640000007, -6.211844499999927], [106.79470130000004, -6.211910799999941], [106.79480870000003, -6.212002899999959], [106.79481990000005, -6.21201259999998], [106.794995, -6.212127599999974], [106.79512040000009, -6.212185399999953], [106.79515860000004, -6.212206899999956], [106.79539050000005, -6.212287599999968], [106.79557620000008, -6.212356899999975], [106.79561820000004, -6.212369699999954], [106.79576130000004, -6.212493], [106.79573840000006, -6.212610799999936], [106.79566210000007, -6.212708], [106.795454, -6.212768799999935], [106.795418, -6.212863499999969], [106.79541030000007, -6.212909699999955], [106.79539510000006, -6.212959799999965], [106.79535690000006, -6.213567299999966], [106.79538260000004, -6.21389309999995], [106.79546350000004, -6.213989699999956], [106.79554180000008, -6.214080199999955], [106.79556290000005, -6.21410469999995], [106.79563920000004, -6.214266299999963], [106.79566210000007, -6.214315899999974], [106.79582230000005, -6.214636399999961], [106.79607410000006, -6.215168], [106.79620250000005, -6.215573799999959], [106.79625170000008, -6.215815699999951], [106.79627350000004, -6.215912399999979], [106.79622560000007, -6.21604439999993], [106.79614540000006, -6.216163], [106.79607360000006, -6.216399899999942], [106.79613510000007, -6.216625199999953], [106.79628770000005, -6.216901299999961], [106.79645560000006, -6.217259899999931], [106.79662340000004, -6.217614199999957], [106.79679130000005, -6.218004299999961], [106.79684470000007, -6.218168299999945], [106.79686760000004, -6.21845959999996], [106.79685990000007, -6.218667099999948], [106.79685750000004, -6.218701899999928], [106.79685230000007, -6.218779099999949], [106.79681420000009, -6.219173], [106.79663870000007, -6.220069], [106.79652420000008, -6.220694099999946], [106.79629540000008, -6.221954399999959], [106.79608940000008, -6.223238499999979], [106.79604360000008, -6.223882199999935], [106.796303, -6.225144899999975], [106.796364, -6.226538699999935], [106.79629540000008, -6.226851], [106.796158, -6.227194299999951], [106.79588340000004, -6.22781329999998], [106.79561630000006, -6.22841509999995], [106.79566210000007, -6.228541399999926], [106.79581470000005, -6.228755499999977], [106.79577660000007, -6.228858499999944], [106.79572320000005, -6.229055899999935], [106.79575370000003, -6.229157499999928], [106.79579180000007, -6.229268599999955], [106.79602830000005, -6.229279099999928], [106.79633350000006, -6.229285299999958], [106.796364, -6.229285299999958], [106.79700490000005, -6.229274799999928], [106.79731770000006, -6.22929629999993], [106.79734820000004, -6.229300099999932], [106.79737870000008, -6.229300099999932], [106.79752370000006, -6.229304799999966], [106.79761530000007, -6.22926949999993], [106.79769150000004, -6.22924], [106.79773730000005, -6.229210399999943], [106.79824090000005, -6.228891899999951], [106.79833240000005, -6.228853299999969], [106.79846970000006, -6.228835099999969], [106.79866810000004, -6.228861399999971], [106.79914110000004, -6.228987299999972], [106.79923940000003, -6.229073199999959], [106.79930130000008, -6.229005399999949], [106.79946920000003, -6.228975299999945], [106.79959130000009, -6.228997299999946], [106.79962180000007, -6.22895909999994], [106.79989640000008, -6.228692099999932], [106.80074330000008, -6.227996399999938], [106.800873, -6.227902], [106.80103320000006, -6.227798499999949], [106.80118580000004, -6.227683099999979], [106.80137650000006, -6.227535799999941], [106.80162830000006, -6.227352199999928], [106.80178090000004, -6.22724009999996], [106.80296050000004, -6.22634249999993], [106.802994, -6.226317], [106.80302450000005, -6.226292699999931], [106.80307030000006, -6.226250199999981], [106.803322, -6.22603179999993], [106.80381030000007, -6.22566269999993], [106.80426810000006, -6.225348], [106.80455040000004, -6.225142], [106.804764, -6.22493129999998], [106.80491660000007, -6.224839699999961], [106.80502580000007, -6.224769], [106.80520650000005, -6.224651899999969], [106.80535910000003, -6.224525], [106.80559560000006, -6.224336199999925], [106.80598470000007, -6.224097799999981], [106.80639670000005, -6.223799299999939], [106.806473, -6.223744899999929], [106.807007, -6.223427799999968], [106.80743430000007, -6.22318219999994], [106.80771660000005, -6.22300249999995], [106.80828110000004, -6.22260719999997], [106.80863210000007, -6.222314399999959], [106.80884570000006, -6.222159399999953], [106.80894490000009, -6.222089299999936], [106.809067, -6.221994499999937], [106.80925010000004, -6.221842799999934], [106.80942560000005, -6.221709299999929], [106.809601, -6.221597699999961], [106.80978410000006, -6.221473699999933], [106.80982990000007, -6.221447499999954], [106.80990620000006, -6.22139459999994], [106.809952, -6.221353599999929], [106.80998250000005, -6.221325399999955], [106.81008170000007, -6.22124679999996], [106.810158, -6.221179], [106.81095910000005, -6.220537199999967], [106.81153120000005, -6.22007659999997], [106.81166860000008, -6.219988399999977], [106.81169910000006, -6.219974099999945], [106.81174490000006, -6.219936899999936], [106.81183640000006, -6.21986389999995], [106.81187460000007, -6.219827699999939], [106.81191270000005, -6.219799099999932], [106.81196610000006, -6.219753799999978], [106.81199670000007, -6.219729399999949], [106.81204240000005, -6.219683699999962], [106.812195, -6.219540699999925], [106.81233850000007, -6.219407799999942], [106.81235520000007, -6.219392299999981], [106.81252310000008, -6.219261199999949], [106.812546, -6.219245899999976], [106.81259170000004, -6.219214], [106.81262230000004, -6.219197299999962], [106.81271380000004, -6.219137699999976], [106.81277530000006, -6.219089699999927], [106.81279010000009, -6.219075199999963], [106.81284350000004, -6.219032799999979], [106.81288170000005, -6.219003699999973], [106.81306620000004, -6.218862099999967], [106.81407330000008, -6.218074299999955], [106.81490860000008, -6.217420799999957], [106.81497970000004, -6.217359599999952], [106.81524680000007, -6.217119699999955], [106.81536890000007, -6.217020499999933], [106.81539940000005, -6.217002899999954], [106.81565110000008, -6.216828799999973], [106.81579610000006, -6.216713899999945], [106.81621230000007, -6.216388799999947], [106.81640420000008, -6.216222199999947], [106.816437, -6.216191399999957], [106.81672690000005, -6.215932899999927], [106.81687950000008, -6.215809399999955], [106.81807490000006, -6.214772], [106.81833630000006, -6.21459219999997], [106.81835030000008, -6.21458], [106.81851980000005, -6.214433199999974], [106.81859610000004, -6.214367899999957], [106.81878680000005, -6.214151899999933], [106.81900040000005, -6.213895799999932], [106.81912280000006, -6.213741599999935], [106.81913010000005, -6.213732299999947], [106.81920640000004, -6.213644599999952], [106.81924460000005, -6.213602599999945], [106.81947350000007, -6.213278799999955], [106.81978630000003, -6.212815299999932], [106.81979410000008, -6.212800499999958], [106.81985950000006, -6.212709599999926], [106.81999820000004, -6.212456499999973], [106.82006850000005, -6.212355199999934], [106.82021350000008, -6.21206959999995], [106.820225, -6.21204309999996], [106.82039010000005, -6.211736499999972], [106.82072840000006, -6.211124899999959], [106.82092210000008, -6.210772299999974], [106.82098230000008, -6.210662799999966], [106.82112840000008, -6.210225799999932], [106.82119770000008, -6.210076799999968], [106.82150290000004, -6.209450299999958], [106.82159330000007, -6.209231899999963], [106.82175460000008, -6.208766499999967], [106.822014, -6.207753699999955], [106.82202170000005, -6.207713199999944], [106.82205980000003, -6.207375099999979], [106.82206750000006, -6.207089499999938], [106.82205980000003, -6.206918799999926], [106.82212850000008, -6.206228299999964], [106.82222770000004, -6.205423399999972], [106.82225050000005, -6.205352799999957], [106.82226510000004, -6.205211599999927], [106.82229630000006, -6.204909399999963], [106.82229630000006, -6.20488359999996], [106.82238020000005, -6.204239399999949], [106.82251, -6.203680599999927], [106.82255570000007, -6.203461199999936], [106.82257860000004, -6.203350099999966], [106.82267020000006, -6.202908099999945], [106.82267780000006, -6.202846099999931], [106.82269310000004, -6.202784599999973], [106.82270830000004, -6.202698699999928], [106.82274530000007, -6.202706399999954], [106.82320420000008, -6.202801699999952], [106.82352050000009, -6.202848399999937], [106.82481890000008, -6.203145799999959], [106.82540150000005, -6.203294799999981], [106.82587240000004, -6.203386399999943], [106.826325, -6.203489499999932], [106.82654590000004, -6.203541299999927], [106.82692670000006, -6.203626499999928], [106.82722060000003, -6.203693499999929], [106.82747620000004, -6.20375219999994], [106.82772580000005, -6.203807899999958], [106.82817860000006, -6.203916599999957], [106.828789, -6.204056299999934], [106.82910030000005, -6.204114699999934], [106.82932440000008, -6.204164699999978], [106.82953070000008, -6.20421349999998], [106.82991780000003, -6.204282699999965], [106.83017750000005, -6.204345299999943], [106.830414, -6.204398699999956], [106.83071920000003, -6.204452599999968], [106.83119220000003, -6.204529799999932], [106.83192460000004, -6.204627599999981], [106.83242480000007, -6.204680699999926], [106.83399390000005, -6.204927299999952], [106.83461770000008, -6.205003499999975], [106.83467120000006, -6.20501239999993], [106.83500690000005, -6.205061499999942], [106.83541130000003, -6.205117299999927], [106.83549520000008, -6.205131499999936], [106.835808, -6.205184499999973], [106.83617420000007, -6.205230299999926], [106.836548, -6.205275599999936], [106.83690660000008, -6.20534], [106.837166, -6.205395299999964], [106.83744830000006, -6.205478699999958], [106.83773970000004, -6.205570099999932], [106.83794810000006, -6.205645899999979], [106.83836330000008, -6.205797899999936], [106.83856980000007, -6.205877799999939], [106.83862960000005, -6.205923199999972], [106.83882220000004, -6.205982199999937], [106.83884450000005, -6.205988899999966], [106.83920310000008, -6.206119099999967], [106.83939930000008, -6.206177099999934], [106.84050320000006, -6.20658119999996], [106.84078180000006, -6.206681899999978], [106.84156020000006, -6.206967599999928], [106.84196780000008, -6.207118899999955], [106.84231150000005, -6.207243399999925], [106.84252540000006, -6.207321199999967], [106.84285970000008, -6.207442899999933], [106.84306510000005, -6.20751869999998], [106.84321080000007, -6.207572499999969], [106.84332630000006, -6.207615199999964], [106.84332330000007, -6.20762579999996], [106.84333550000008, -6.207619899999941], [106.84395170000005, -6.207834599999956], [106.844823, -6.208127599999955], [106.84501980000005, -6.208193899999969], [106.84541930000006, -6.208328299999948], [106.84573380000006, -6.208434099999977], [106.84609010000008, -6.208558399999959], [106.84628410000005, -6.208567799999969], [106.84655780000008, -6.208618699999931], [106.84680190000006, -6.208627799999931], [106.84703080000008, -6.208606799999927], [106.84704050000005, -6.208604099999945], [106.84714960000008, -6.208609299999978], [106.84734470000006, -6.208519299999978], [106.847397, -6.208504699999935], [106.84765640000006, -6.208382699999959], [106.84767940000006, -6.208364899999935], [106.84771370000004, -6.20833829999998], [106.84793110000004, -6.20817], [106.84811420000005, -6.208048399999939], [106.84818880000006, -6.207968499999936], [106.84819350000004, -6.207958699999949], [106.84823340000008, -6.20793279999998], [106.84825150000006, -6.207916799999964], [106.84831270000006, -6.207881399999962], [106.84854380000007, -6.207731599999931], [106.84885990000004, -6.207569099999944], [106.84895470000004, -6.207520399999964], [106.84904730000005, -6.207551299999977], [106.84909080000006, -6.207429], [106.84914420000007, -6.207101399999942], [106.84922810000006, -6.206722299999967], [106.84930440000005, -6.206369], [106.84935780000006, -6.206145299999946], [106.84943410000005, -6.206007099999965], [106.84954850000008, -6.20585159999996], [106.84974690000007, -6.205696199999977], [106.84993, -6.205592199999955], [106.85012070000005, -6.205548299999975], [106.85031150000003, -6.205522099999939], [106.85043350000007, -6.205547399999944], [106.85061330000008, -6.205632799999933], [106.85068530000007, -6.205667099999971], [106.85092940000004, -6.205795299999977], [106.85115070000006, -6.205872099999965], [106.85137960000009, -6.205931699999951], [106.85161610000006, -6.205956499999957], [106.85200520000006, -6.20592929999998], [106.85226460000007, -6.205902599999945], [106.85244770000008, -6.205893599999968], [106.852585, -6.205893099999969], [106.85269180000006, -6.205927], [106.85282150000006, -6.205995099999939], [106.85294360000006, -6.206089599999927], [106.85308860000004, -6.206218299999932], [106.85321070000003, -6.206338499999958], [106.85331750000006, -6.206415199999981], [106.85350820000008, -6.206509599999947], [106.85364550000008, -6.206569299999956], [106.85378280000003, -6.206577399999958], [106.85392780000006, -6.206576899999959], [106.85408040000004, -6.206533499999978], [106.85436270000008, -6.206334199999958], [106.85462970000003, -6.206143899999972], [106.854767, -6.206039899999951], [106.85508750000008, -6.205792499999973], [106.85528580000005, -6.205461499999956], [106.85553760000005, -6.205008599999928], [106.85568260000008, -6.204665699999964], [106.85569780000009, -6.20444539999994], [106.85571840000006, -6.204236799999933], [106.85574360000004, -6.203981], [106.85569020000008, -6.203601899999967], [106.855591, -6.203186599999981], [106.85549180000004, -6.202881399999967], [106.85542310000005, -6.202722599999959], [106.85528580000005, -6.202552399999945], [106.85511040000006, -6.202430299999946], [106.85498070000006, -6.202394499999969], [106.854706, -6.20237069999996], [106.85430930000007, -6.202335399999981], [106.85397360000007, -6.20227529999994], [106.85338610000008, -6.202094099999954], [106.85292070000008, -6.201936799999942], [106.85271470000004, -6.201901], [106.85260790000007, -6.201913399999967], [106.85247060000006, -6.201938699999971], [106.85212730000006, -6.202171899999939], [106.851845, -6.202344], [106.85159320000008, -6.202442699999949], [106.85145590000008, -6.202443199999948], [106.85138580000006, -6.202380199999936], [106.85124990000008, -6.202138499999933], [106.85106280000008, -6.201705799999957], [106.85102860000006, -6.201626799999929], [106.85111260000008, -6.201583899999946], [106.85117360000004, -6.201550099999963], [106.851494, -6.201377899999954], [106.851555, -6.201336], [106.85168480000004, -6.201237699999979], [106.852051, -6.200889199999949], [106.85228750000005, -6.200694599999963], [106.85247060000006, -6.200546799999927], [106.85370420000004, -6.199562499999956], [106.85378280000003, -6.199512499999969], [106.85381340000004, -6.199482499999931], [106.85439320000006, -6.199079099999949], [106.85478230000007, -6.198740499999928], [106.85495010000005, -6.198626099999956], [106.85556050000008, -6.19814539999993], [106.85563680000007, -6.198109699999975], [106.85578170000008, -6.198022899999955], [106.85609450000004, -6.197808299999963], [106.85630050000009, -6.197646199999951], [106.85633870000004, -6.197603799999968], [106.85645310000007, -6.197456], [106.85649130000007, -6.197416799999928], [106.85663620000008, -6.197323899999958], [106.85677360000005, -6.19724709999997], [106.856827, -6.197221299999967], [106.85707870000005, -6.197053499999981], [106.85714740000009, -6.197009099999946], [106.85717790000007, -6.196988599999941], [106.85749830000009, -6.19671829999993], [106.85759830000006, -6.196647299999938], [106.85765090000007, -6.196608599999934], [106.85816210000007, -6.196270499999969], [106.85829860000007, -6.19615779999998], [106.858391, -6.196099799999956], [106.85914630000008, -6.195633], [106.85942860000006, -6.195444599999973], [106.86009230000008, -6.194986899999947], [106.86034410000008, -6.194801899999959], [106.86054250000007, -6.194696499999964], [106.86058060000005, -6.194686499999932], [106.86063980000006, -6.194649], [106.86100460000006, -6.194361599999979], [106.86120620000008, -6.19420249999996], [106.86123680000009, -6.194176199999958], [106.86127490000007, -6.19415719999995], [106.861725, -6.193864399999939], [106.86174290000008, -6.193855399999961], [106.86208360000006, -6.193683199999953], [106.86220570000006, -6.193626399999971], [106.86251090000007, -6.193479099999934], [106.863167, -6.193153], [106.86425350000007, -6.192795599999954], [106.86438770000007, -6.192751499999929], [106.86515060000005, -6.19259169999998], [106.86584490000007, -6.192487299999925], [106.86587540000005, -6.192486799999926], [106.86611960000005, -6.192455399999972], [106.86640950000009, -6.19243339999997], [106.86653160000009, -6.192437199999972], [106.86669940000007, -6.192413399999964], [106.86703510000007, -6.192375699999957], [106.86708810000005, -6.192372899999953], [106.86720290000005, -6.192366599999957], [106.86810320000006, -6.192271799999958], [106.86833440000004, -6.192246], [106.86842360000009, -6.192236], [106.86972830000008, -6.192129199999954], [106.87004110000004, -6.192087199999946], [106.87019370000007, -6.192047199999934], [106.87155930000006, -6.19200189999998], [106.87199420000007, -6.191989899999953], [106.87234510000008, -6.192001399999981], [106.872864, -6.19204579999996], [106.87326830000006, -6.192081], [106.87345140000008, -6.192096799999945], [106.87361930000009, -6.19212159999995], [106.87385580000006, -6.192156899999929], [106.87427540000004, -6.192218799999978], [106.87484760000007, -6.192304699999966], [106.87489340000008, -6.192313299999967], [106.87499990000003, -6.192330899999945], [106.87502310000008, -6.192334699999947], [106.87506120000006, -6.192096799999945], [106.87509170000004, -6.191900299999929], [106.87524430000008, -6.190635799999939], [106.87526720000005, -6.190263799999968], [106.87533590000004, -6.189473699999951], [106.87534350000004, -6.189180399999941], [106.87533590000004, -6.188743199999976], [106.87535110000005, -6.188327899999933], [106.87536640000008, -6.188167599999929], [106.87540450000006, -6.187933499999929], [106.87538930000005, -6.187889199999972], [106.87541220000008, -6.187404199999946], [106.87548850000007, -6.18561509999995], [106.87551140000005, -6.184851699999967], [106.87559530000004, -6.18306309999997], [106.87568270000008, -6.181769699999961], [106.87571730000008, -6.181256399999938], [106.87575550000008, -6.180003699999929], [106.87580130000003, -6.179309899999964], [106.87591570000006, -6.178035799999975], [106.87597670000008, -6.177263299999936], [106.87598340000005, -6.177063499999974], [106.87599960000006, -6.176573299999973], [106.87603010000004, -6.176338299999941], [106.87608360000007, -6.175885799999946], [106.87611410000005, -6.175679699999932], [106.876198, -6.175324499999931], [106.87659470000006, -6.173559299999965], [106.87705250000005, -6.171816399999955], [106.87754840000008, -6.170085499999971], [106.87773150000004, -6.169324], [106.87785360000004, -6.168862899999965], [106.87813590000007, -6.167920599999945], [106.87832660000004, -6.167458599999975], [106.878731, -6.166596], [106.87880730000006, -6.166463399999941], [106.87866990000003, -6.166451], [106.87867270000004, -6.166440199999954], [106.87890040000008, -6.166270299999951], [106.87904130000004, -6.166149599999926], [106.87906550000008, -6.166128899999933], [106.87924310000005, -6.165914199999975], [106.87944610000005, -6.16558], [106.87956340000005, -6.165321399999925], [106.87972390000004, -6.165116499999954], [106.87990590000004, -6.164900699999976], [106.88057470000007, -6.16390569999993], [106.88085920000009, -6.163397699999962], [106.88104910000004, -6.163013399999954], [106.88111470000007, -6.162880599999937], [106.88118030000004, -6.162794599999927], [106.88128970000008, -6.162684299999967], [106.881432, -6.16247889999994], [106.88132750000005, -6.162500199999954], [106.88119950000004, -6.162548799999968], [106.88105370000005, -6.162598], [106.88090840000007, -6.162619499999948], [106.88087340000004, -6.162630599999943], [106.88073890000004, -6.162673199999972], [106.88058980000005, -6.162702499999966], [106.88051620000005, -6.162717], [106.88027530000005, -6.162774499999955], [106.880205, -6.162791399999946], [106.880169, -6.1628], [106.87998980000003, -6.162842799999964], [106.87986310000008, -6.162873099999956], [106.87946340000008, -6.162968699999965], [106.87888360000005, -6.163133799999969], [106.87851730000006, -6.163231899999971], [106.878258, -6.163305399999956], [106.87750260000007, -6.16347079999997], [106.87700670000004, -6.163537099999928], [106.876877, -6.163494199999946], [106.87638870000006, -6.163163699999927], [106.87602250000003, -6.162920099999951], [106.87569290000005, -6.162707], [106.87536150000005, -6.162492699999973], [106.87529010000009, -6.162446599999953], [106.87509170000004, -6.162289199999975], [106.87500020000004, -6.162233899999933], [106.87426780000004, -6.16178709999997], [106.87310040000006, -6.161084699999947], [106.87275710000006, -6.16087779999998], [106.87243670000004, -6.160677], [106.870888, -6.15979109999995], [106.87064380000004, -6.159660899999949], [106.87044540000005, -6.159559299999955], [106.87020890000008, -6.159425799999951], [106.87011770000004, -6.159370699999954], [106.869858, -6.159214099999929], [106.86953750000004, -6.159045299999946], [106.86920180000004, -6.158876499999963], [106.86887720000004, -6.158689799999934], [106.86885850000004, -6.158679099999972], [106.86832450000009, -6.158337199999949], [106.86806510000008, -6.158173599999941], [106.86782290000008, -6.158050299999957], [106.86780560000005, -6.158041599999933], [106.86685960000005, -6.157547499999964], [106.86653850000005, -6.157332799999949], [106.86637030000009, -6.157241499999941], [106.86602040000008, -6.157051599999932], [106.86579910000006, -6.156919099999925], [106.865349, -6.156682099999955], [106.86529560000008, -6.156654399999979], [106.86489890000007, -6.156449899999927], [106.86419480000006, -6.156067699999937], [106.86376210000009, -6.155832799999928], [106.863228, -6.155531], [106.86235060000007, -6.155041299999937], [106.86214460000008, -6.154965499999946], [106.86209890000003, -6.154949299999942], [106.86201060000008, -6.154898499999945], [106.86138410000007, -6.154538099999968], [106.86017630000003, -6.153843499999937], [106.86029830000007, -6.153754799999945], [106.86044330000004, -6.153577399999961], [106.86061880000005, -6.153267899999946], [106.86076370000006, -6.15294369999998], [106.86087820000006, -6.152649], [106.860985, -6.152331899999979], [106.86108420000005, -6.151967099999979], [106.86116050000004, -6.151586099999975], [106.86119860000008, -6.151221799999973], [106.86116030000005, -6.150890899999979], [106.86095020000005, -6.150934699999937], [106.86091810000005, -6.151795899999968], [106.860481, -6.152394], [106.859823, -6.152616099999932], [106.85921680000007, -6.152691399999981], [106.858521, -6.152804899999978], [106.85849570000005, -6.152809099999956], [106.85749790000006, -6.152267399999971], [106.85668120000008, -6.151824099999942], [106.85653710000008, -6.15185409999998], [106.85627, -6.151831199999947], [106.85525820000004, -6.15196149999997], [106.85510030000006, -6.15198179999993], [106.85488150000003, -6.15201], [106.85447710000005, -6.152095399999951], [106.85427110000006, -6.15216259999994], [106.85356920000004, -6.152241299999957], [106.85340140000005, -6.152259899999933], [106.85311150000007, -6.152310899999975], [106.85260030000006, -6.152377699999931], [106.852463, -6.152387199999964], [106.85179920000007, -6.152552199999946], [106.85176870000004, -6.152555099999972], [106.85104390000004, -6.152670899999976], [106.85082260000007, -6.152711], [106.85064720000008, -6.152732], [106.85038620000006, -6.152767199999971], [106.85035730000004, -6.152771099999939], [106.85011310000004, -6.152807299999949], [106.84988420000008, -6.15285549999993], [106.84971640000003, -6.152875], [106.84889240000007, -6.15301519999997], [106.84886190000009, -6.153017099999943], [106.84762590000008, -6.15319919999996], [106.84713770000008, -6.153265099999942], [106.847069, -6.153273199999944], [106.84661880000004, -6.153350899999964], [106.84605430000005, -6.153447699999958], [106.84569570000008, -6.153520599999979], [106.84504720000007, -6.153770499999951], [106.84487930000006, -6.153861599999971], [106.84465810000006, -6.154035599999929], [106.84356520000006, -6.153651], [106.84347550000007, -6.153571199999931], [106.84281180000005, -6.153092], [106.84259050000009, -6.152931299999977], [106.84206410000007, -6.152623199999937], [106.84133930000007, -6.152095399999951], [106.84130120000003, -6.151922799999966], [106.84124770000005, -6.151435], [106.84123150000005, -6.151323899999966], [106.84119440000006, -6.151069699999937], [106.84133170000007, -6.150685399999929], [106.84154530000006, -6.150338199999965], [106.84178940000004, -6.14991619999995], [106.84197250000005, -6.149468499999955], [106.84226540000009, -6.148673899999949], [106.84227010000006, -6.148661199999935], [106.84236170000008, -6.148447099999942], [106.84287280000007, -6.147896799999955], [106.84339160000007, -6.147287399999925], [106.84345260000003, -6.147187299999928], [106.84334580000007, -6.14697179999996], [106.84319320000009, -6.146779599999945], [106.84312460000007, -6.146686599999953], [106.84310930000004, -6.14652209999997], [106.84314750000004, -6.146342799999957], [106.84328480000005, -6.146060099999943], [106.84355180000006, -6.145694799999944], [106.84405530000004, -6.14498569999995], [106.84402280000006, -6.144964399999935], [106.84392570000006, -6.144900899999925], [106.84388750000005, -6.144876499999953], [106.843384, -6.144595199999969], [106.84312010000008, -6.144441599999936], [106.84309410000009, -6.144426399999929], [106.84211970000007, -6.143847899999969], [106.84206810000006, -6.143817299999967], [106.84205650000007, -6.143810299999927], [106.841942, -6.143744099999935], [106.84146330000004, -6.143485399999975], [106.84111180000008, -6.143295499999965], [106.84035510000007, -6.142886699999963], [106.83992780000005, -6.14264019999996], [106.83988210000007, -6.142617299999927], [106.83882920000008, -6.142041699999936], [106.83863210000004, -6.141933799999947], [106.83850880000006, -6.141866299999947], [106.83839270000004, -6.141804199999967], [106.83835620000008, -6.14178469999996], [106.83834860000007, -6.141809499999965], [106.83831810000004, -6.141863399999977], [106.83828750000004, -6.141914899999961], [106.83818840000004, -6.142186199999969], [106.83805870000003, -6.142496599999959], [106.83770770000007, -6.143326299999956], [106.83742020000005, -6.144097699999975], [106.83727280000005, -6.144493199999943], [106.83711260000007, -6.145053899999937], [106.83708970000004, -6.14533], [106.83710770000005, -6.145941499999935], [106.83711160000007, -6.14607639999997], [106.83711260000007, -6.146111099999928], [106.837044, -6.145890299999962], [106.83691430000005, -6.145417799999962], [106.83676170000007, -6.144942299999968], [106.83634970000008, -6.144093099999964], [106.83590720000007, -6.14346269999993], [106.83567070000004, -6.143171799999948], [106.83520530000004, -6.142758399999934], [106.83482380000004, -6.142444699999942], [106.83426690000005, -6.142102299999976], [106.83396930000004, -6.141961599999945], [106.83348870000003, -6.141717], [106.83338180000004, -6.141671699999961], [106.83323690000009, -6.141636399999925], [106.83317590000007, -6.141615899999977], [106.83304620000007, -6.141573], [106.83290880000004, -6.141527699999926], [106.83287830000006, -6.141517199999953], [106.83281730000004, -6.141517699999952], [106.83246630000008, -6.141377], [106.83213060000008, -6.141234], [106.83167370000007, -6.14091], [106.83164440000007, -6.140889199999947], [106.83148980000004, -6.140779599999973], [106.83117690000006, -6.140411], [106.83080310000008, -6.13974], [106.83072680000004, -6.139566499999944], [106.83072680000004, -6.139540199999942], [106.83065050000005, -6.139001399999927], [106.83064290000004, -6.138098799999966], [106.83065050000005, -6.137748299999942], [106.83067340000008, -6.135967299999947], [106.83067340000008, -6.135427499999935], [106.83066970000004, -6.13537539999993], [106.83066580000008, -6.135321199999964], [106.83057420000006, -6.135343599999942], [106.83013170000004, -6.135449499999936], [106.83005540000005, -6.13547], [106.82947560000008, -6.135562499999935], [106.82922380000008, -6.135590599999944], [106.828972, -6.135617799999977], [106.82876610000005, -6.13565449999993], [106.82872790000005, -6.135668799999962], [106.82862870000008, -6.13569549999994], [106.82843040000006, -6.135748399999954], [106.82807180000003, -6.135840499999972], [106.828026, -6.135845699999948], [106.82726310000004, -6.135967299999947], [106.82721730000009, -6.135974899999951], [106.82671380000005, -6.136077899999975], [106.82626360000006, -6.136146599999961], [106.82616440000004, -6.136156099999937], [106.82598350000006, -6.136186499999951], [106.82579820000007, -6.136217599999952], [106.82559950000007, -6.136237899999969], [106.82553120000006, -6.136243899999954], [106.82514210000005, -6.136321099999975], [106.82491320000008, -6.136346899999978], [106.82336450000008, -6.136566199999947], [106.82308980000005, -6.136592399999927], [106.822838, -6.136621099999957], [106.82237260000005, -6.13669109999995], [106.82141130000008, -6.136842299999955], [106.821274, -6.136870899999963], [106.82138840000005, -6.136990599999933], [106.82164780000005, -6.137312899999927], [106.82179280000008, -6.137578499999961], [106.82183860000004, -6.137728699999968], [106.82202930000005, -6.138563199999965], [106.82212090000007, -6.138859799999977], [106.82219720000006, -6.139121599999953], [106.822304, -6.139499199999932], [106.82239550000008, -6.13978579999997], [106.82251760000008, -6.140174899999977], [106.82255350000008, -6.140262099999973], [106.82256340000004, -6.140286], [106.82260920000004, -6.140399499999944], [106.82263970000008, -6.14046529999996], [106.82320420000008, -6.141586299999972], [106.82376120000004, -6.142533399999934], [106.82377480000008, -6.142554099999927], [106.82380690000008, -6.142603], [106.82385270000009, -6.142658799999936], [106.82388320000007, -6.142705499999977], [106.824074, -6.143015399999967], [106.82480660000004, -6.144229499999938], [106.82484450000004, -6.144292399999927], [106.82498950000007, -6.144518399999981], [106.82517260000009, -6.14482309999994], [106.82547780000004, -6.145334799999944], [106.82598130000008, -6.146266499999967], [106.82619480000005, -6.146740399999942], [106.82633230000005, -6.147045699999978], [106.82655350000005, -6.14788539999995], [106.82664510000006, -6.14826249999993], [106.82671970000007, -6.148512399999959], [106.82677480000007, -6.148703599999976], [106.82679770000004, -6.148867199999927], [106.82682820000008, -6.148985899999957], [106.82689690000007, -6.149448899999925], [106.82694260000005, -6.149750799999936], [106.82711050000006, -6.150536099999954], [106.82712980000008, -6.150731199999939], [106.82723190000007, -6.151763599999981], [106.82724780000007, -6.151924199999939], [106.82729360000008, -6.152321399999948], [106.82733940000008, -6.153626499999973], [106.82734850000008, -6.154062099999976], [106.82737750000007, -6.155449499999975], [106.82737960000009, -6.155547099999978], [106.82740190000004, -6.156585899999925], [106.82741570000007, -6.15723], [106.82742330000008, -6.157550399999934], [106.827427, -6.158268699999951], [106.82743090000008, -6.159036199999946], [106.82746140000006, -6.15980959999996], [106.82746910000009, -6.15994459999996], [106.827614, -6.160705199999938], [106.827759, -6.161175799999967], [106.82794210000009, -6.16162879999996], [106.82803370000005, -6.161790899999971], [106.82829120000008, -6.162224199999969], [106.82830830000006, -6.162252899999942], [106.82800310000005, -6.162163299999975], [106.82792680000006, -6.162141399999939], [106.82785050000007, -6.162134199999969], [106.82730120000008, -6.161973499999931], [106.82679770000004, -6.161779399999944], [106.82672990000003, -6.161756899999943], [106.82662980000003, -6.161723699999925], [106.82644670000008, -6.161656899999969], [106.82626360000006, -6.161608299999955], [106.82618760000008, -6.161584499999947], [106.82617210000006, -6.161579599999925], [106.82574480000005, -6.161405099999968], [106.82539390000005, -6.161280699999963], [106.82499710000008, -6.161132399999929], [106.82495140000009, -6.161120499999981], [106.82462330000004, -6.161022699999933], [106.82449360000004, -6.160967899999946], [106.824013, -6.160785199999964], [106.82364670000004, -6.160664099999963], [106.82348650000006, -6.160624499999926], [106.82330340000004, -6.160571599999969], [106.82289140000006, -6.160397599999953], [106.82234210000007, -6.160190599999964], [106.82200640000008, -6.160073299999965], [106.821953, -6.160059499999932], [106.82167070000008, -6.159957499999962], [106.82148, -6.159863499999972], [106.82091540000005, -6.159688499999959], [106.82063310000007, -6.159600799999964], [106.82034320000008, -6.159551199999953], [106.82028220000007, -6.159548299999926], [106.81967940000004, -6.15961029999994], [106.81928270000009, -6.159698499999934], [106.81918350000007, -6.159731399999941], [106.81901570000008, -6.159757199999945], [106.818825, -6.159787699999981], [106.818123, -6.159891199999947], [106.81759660000006, -6.159977], [106.81745930000005, -6.160008499999947], [106.81661240000005, -6.160125299999947], [106.81625390000005, -6.160195899999962], [106.81590290000008, -6.160253099999977], [106.81514, -6.160432399999934], [106.81375140000006, -6.160574], [106.81341570000006, -6.160626899999954], [106.81327080000005, -6.160641699999928], [106.81288930000005, -6.160669799999937], [106.81285880000007, -6.160672199999965], [106.81280720000007, -6.160675799999979], [106.81278250000008, -6.160677499999963], [106.81268330000006, -6.160686], [106.81256120000006, -6.16069989999994], [106.81237050000004, -6.160699399999942], [106.81195850000006, -6.160701299999971], [106.81192990000005, -6.160698399999944], [106.81185930000004, -6.160691299999939], [106.81149310000006, -6.16070179999997], [106.81108880000005, -6.160770499999956], [106.81085220000006, -6.160803899999962], [106.81075310000006, -6.160820099999967], [106.81070020000004, -6.160828399999957], [106.81065390000003, -6.160836299999971], [106.81053940000004, -6.160847699999977], [106.81031060000004, -6.160922099999937], [106.81010460000005, -6.161022699999933], [106.809731, -6.161127699999952], [106.80970020000007, -6.16113809999996], [106.80957050000006, -6.161155699999938], [106.80922720000007, -6.161187699999971], [106.80869310000008, -6.161265399999934], [106.80846420000006, -6.161299799999938], [106.80815910000007, -6.161347], [106.80804350000005, -6.161371699999961], [106.80799890000009, -6.16138129999996], [106.80760980000008, -6.161421399999938], [106.80738090000006, -6.161454299999946], [106.80690780000003, -6.161502899999959], [106.80651870000008, -6.16153909999997], [106.80629750000008, -6.161564399999975], [106.80625760000004, -6.161566299999947], [106.80616780000008, -6.161570599999948], [106.80580920000006, -6.161604], [106.80545820000003, -6.161694599999976], [106.80542010000005, -6.161703099999954], [106.80470290000005, -6.161790899999971], [106.80457180000008, -6.161797199999967], [106.80400870000005, -6.161744599999963], [106.80359670000007, -6.161657399999967], [106.803261, -6.161539599999969], [106.80309320000003, -6.161464199999955], [106.80274220000007, -6.161198199999944], [106.80259720000004, -6.161082799999974], [106.80238360000004, -6.160845299999949], [106.80218530000008, -6.160557299999937], [106.80204790000005, -6.160307399999965], [106.80197160000006, -6.160199199999965], [106.80184960000008, -6.16013959999998], [106.80181670000007, -6.160139799999968], [106.80177330000004, -6.160140099999978], [106.80168940000004, -6.160141], [106.80159020000008, -6.160112399999946], [106.80146050000008, -6.158316699999943], [106.80142990000007, -6.158043], [106.80141470000007, -6.158127799999932], [106.80139940000004, -6.158269], [106.80138420000009, -6.15837769999996], [106.80137650000006, -6.158525499999939], [106.80131550000004, -6.159009], [106.80119340000005, -6.15938239999997], [106.80098740000005, -6.159786299999951], [106.80088060000008, -6.159955099999934], [106.80061360000008, -6.160232599999972], [106.80042040000006, -6.160357499999975], [106.80023980000004, -6.160474399999941], [106.79861470000009, -6.16118629999994], [106.79851550000006, -6.161240099999929], [106.79834770000008, -6.16129879999994], [106.79828660000004, -6.16132639999995], [106.79814930000003, -6.161384599999963], [106.79841630000004, -6.161994499999935], [106.79859940000006, -6.162437499999953], [106.79878910000008, -6.163036499999976], [106.79881310000007, -6.163112199999944], [106.79904960000005, -6.163724499999944], [106.79925560000004, -6.164158399999963], [106.79944630000006, -6.164553699999942], [106.799538, -6.164719199999979], [106.79972860000004, -6.165063399999951], [106.800049, -6.165573199999926], [106.80027030000008, -6.165930299999957], [106.80030840000006, -6.165989499999966], [106.80053730000009, -6.166325099999938], [106.80078140000006, -6.166732799999977], [106.80094930000007, -6.166949799999941], [106.80118580000004, -6.167291199999966], [106.80152910000004, -6.167769], [106.80209370000006, -6.168584899999928], [106.80258960000003, -6.169301099999927], [106.80303210000005, -6.16990809999993], [106.80332970000006, -6.170346299999949], [106.80378740000003, -6.171032899999943], [106.80399340000008, -6.171311399999979], [106.80422230000005, -6.171660499999973], [106.80455040000004, -6.172106299999939], [106.80485550000009, -6.172565], [106.80516840000007, -6.17305], [106.805471, -6.173489299999972], [106.80563370000004, -6.17371849999995], [106.80595420000009, -6.174137599999938], [106.80602850000008, -6.174252199999955], [106.80617540000009, -6.174478599999929], [106.80634330000004, -6.174740799999938], [106.80648060000004, -6.174923899999953], [106.80655690000003, -6.175094599999966], [106.80675520000005, -6.175383099999976], [106.80754870000004, -6.176470799999947], [106.80792840000004, -6.176985099999968], [106.80794540000005, -6.177008199999932], [106.80823540000006, -6.177410599999973], [106.80862450000006, -6.177959], [106.80888390000007, -6.17832], [106.80908990000006, -6.17859459999994], [106.80926530000005, -6.178825399999937], [106.80947130000004, -6.179071], [106.80963150000008, -6.179301799999962], [106.80973070000005, -6.179562099999941], [106.80978750000008, -6.17973429999995], [106.809807, -6.179793399999937], [106.80986040000005, -6.180111899999929], [106.80993670000004, -6.180560199999945], [106.80998910000005, -6.181217], [106.80999770000005, -6.181325], [106.81001140000006, -6.181482], [106.810013, -6.181501], [106.81005880000004, -6.182195699999966], [106.81011980000005, -6.182673], [106.81012670000007, -6.182750899999974], [106.81014230000005, -6.182929099999967], [106.81015870000004, -6.183115799999939], [106.81016560000006, -6.183194199999946], [106.81016690000007, -6.183221099999969], [106.81017350000008, -6.18335959999996], [106.81017640000005, -6.183420099999978], [106.81018090000003, -6.183512299999961], [106.81024190000005, -6.184120699999937], [106.81031060000004, -6.184790199999952], [106.81032580000004, -6.184959399999968], [106.81040210000003, -6.185565], [106.81042480000008, -6.185812], [106.81047080000008, -6.186313699999971], [106.81050130000006, -6.186839099999929], [106.81057760000004, -6.187417099999948], [106.81066150000004, -6.187994499999945], [106.81067680000007, -6.18834929999997], [106.81067680000007, -6.188517599999955], [106.81065670000004, -6.188697599999955], [106.81064920000006, -6.188722499999926], [106.81054710000006, -6.18870979999997], [106.81030290000007, -6.188678799999934], [106.80953240000008, -6.188697899999966], [106.80941030000008, -6.188698299999942], [106.80881520000008, -6.188734599999975], [106.808304, -6.188799899999935], [106.80808340000004, -6.188813399999958], [106.80796830000008, -6.18882039999994], [106.80740370000007, -6.188871], [106.80714440000008, -6.188900499999932], [106.80704520000006, -6.188932499999964], [106.80686210000005, -6.188994899999955], [106.80674760000005, -6.189106], [106.80672440000006, -6.189137199999948], [106.80651870000008, -6.189999099999966], [106.806473, -6.190206599999954], [106.80644250000006, -6.190351499999963], [106.80628220000006, -6.190882299999942], [106.80605340000005, -6.191471599999943], [106.80594660000008, -6.191695699999968], [106.805916, -6.191741499999978], [106.805876, -6.191840099999979], [106.805504, -6.192757699999959], [106.80547350000006, -6.192839599999957], [106.80542010000005, -6.193303599999979], [106.80535910000003, -6.193849099999966], [106.80527810000007, -6.194415699999979], [106.80527520000004, -6.19443659999996], [106.80509210000008, -6.19555239999994], [106.80508440000006, -6.195627299999956], [106.80480730000005, -6.196389599999975], [106.80479450000007, -6.196416399999976], [106.80463430000003, -6.19671539999996], [106.80451990000006, -6.196936599999958], [106.80440540000006, -6.197133099999974], [106.80432150000007, -6.19726849999995], [106.80429420000007, -6.197320099999956], [106.80428330000007, -6.197340499999939], [106.80411550000008, -6.197518899999977], [106.80368820000007, -6.197792099999958], [106.80361960000005, -6.197827399999937], [106.80356620000003, -6.197881299999949], [106.80344410000004, -6.198062399999969], [106.80313890000008, -6.198632299999929], [106.80300920000008, -6.198828299999946], [106.80287190000007, -6.198941699999978], [106.80266590000008, -6.19908339999995], [106.80262010000007, -6.199109599999929], [106.801819, -6.199489599999936], [106.80163590000006, -6.199593599999957], [106.80148330000009, -6.199669399999948], [106.80142230000007, -6.199698], [106.80075090000008, -6.199975499999937], [106.80059830000005, -6.200037], [106.80056020000006, -6.200059], [106.80029320000006, -6.200211099999933], [106.80008720000006, -6.200390399999947], [106.79982010000003, -6.200705599999935], [106.79961420000006, -6.201004099999977], [106.799576, -6.201041699999962], [106.79955310000008, -6.201114699999948], [106.799431, -6.20150469999993], [106.799408, -6.201655599999981], [106.79937, -6.201698799999974], [106.79906480000005, -6.20199539999993], [106.798958, -6.202052099999946], [106.79888170000004, -6.202107499999954], [106.79851550000006, -6.202352099999928], [106.79847740000008, -6.202384499999937], [106.798134, -6.202681599999949], [106.79803490000006, -6.202800299999979], [106.79784410000008, -6.202976699999965], [106.79771440000007, -6.203137], [106.79765340000006, -6.20324329999994], [106.79763050000008, -6.203266699999972], [106.79756180000004, -6.203363], [106.79736350000007, -6.203672], [106.79733290000007, -6.203727299999969], [106.79727960000008, -6.203800199999932], [106.79719560000007, -6.203915599999959], [106.79714220000005, -6.204031], [106.79689050000007, -6.20456889999997], [106.79685230000007, -6.204691399999945], [106.79659290000006, -6.205499199999963], [106.79658530000006, -6.205566899999951], [106.79646320000006, -6.205908799999975], [106.79633350000006, -6.206266], [106.79619620000005, -6.206811], [106.79605880000008, -6.20758109999997], [106.796005, -6.207585299999948], [106.79563160000004, -6.207614499999977], [106.795006, -6.207643099999927], [106.79470080000004, -6.207666], [106.79399890000008, -6.207702199999972], [106.79322070000006, -6.207762299999956], [106.79301470000007, -6.207775199999958], [106.79290790000005, -6.207795699999963], [106.79254170000007, -6.207828099999972], [106.79238910000004, -6.207788]]]}}, {"type": "Feature", "properties": {"shapeName": "Kota Jakarta Selatan", "shapeISO": "", "shapeID": "22746128B93686700937380", "shapeGroup": "IDN", "shapeType": "ADM2"}, "geometry": {"type": "Polygon", "coordinates": [[[106.84094050000004, -6.341977099999951], [106.84095780000007, -6.341796], [106.84087390000008, -6.341365899999971], [106.84081680000008, -6.341271499999948], [106.84065270000008, -6.341000099999974], [106.84047720000007, -6.34085749999997], [106.840233, -6.340810799999929], [106.83993550000008, -6.340843699999937], [106.83991940000004, -6.340843799999959], [106.83977530000004, -6.340844199999935], [106.83956930000005, -6.340828899999963], [106.83943960000005, -6.340797499999951], [106.83930990000005, -6.340654399999949], [106.83928590000005, -6.340592299999969], [106.83927930000004, -6.340575199999932], [106.83923360000006, -6.340447899999958], [106.83924890000009, -6.340352099999961], [106.83927930000004, -6.340256199999942], [106.83929460000007, -6.340160899999944], [106.83938620000004, -6.340016899999966], [106.83960740000003, -6.339713599999925], [106.83986680000004, -6.33942559999997], [106.84019490000009, -6.338883], [106.84030930000006, -6.338532], [106.84035510000007, -6.338388499999951], [106.84037040000004, -6.338213], [106.84035510000007, -6.337926399999958], [106.84030170000005, -6.337623599999972], [106.84025590000005, -6.337202099999956], [106.84027450000008, -6.337000899999964], [106.84028650000005, -6.336871199999962], [106.84033990000006, -6.336765599999978], [106.84037520000004, -6.336462], [106.84019070000005, -6.335966299999939], [106.84017960000006, -6.335954199999946], [106.84008810000006, -6.335879399999953], [106.83999650000004, -6.335774499999957], [106.83987450000006, -6.335639499999957], [106.83978290000005, -6.335459299999968], [106.83973710000004, -6.335324299999968], [106.83972190000009, -6.335204199999964], [106.83970660000006, -6.334888], [106.83973970000005, -6.334387799999945], [106.83975240000007, -6.334196099999929], [106.83976770000004, -6.334030699999971], [106.83976770000004, -6.333820399999979], [106.83976, -6.333564799999976], [106.83985160000009, -6.332842399999947], [106.83997360000006, -6.332390799999928], [106.84011860000004, -6.332224899999972], [106.84019490000009, -6.332179599999961], [106.84042380000005, -6.332163899999955], [106.840645, -6.332162899999958], [106.840996, -6.332222], [106.84178940000004, -6.332264], [106.84245320000008, -6.332126699999947], [106.84308640000006, -6.331988899999942], [106.84332290000003, -6.331807599999934], [106.84339920000008, -6.331747099999973], [106.84339920000008, -6.331596899999965], [106.84329880000007, -6.331410199999937], [106.84315510000005, -6.331271699999945], [106.84279650000008, -6.331133399999942], [106.84243030000005, -6.331058599999949], [106.84207170000008, -6.330996099999936], [106.84182, -6.330844399999933], [106.84140310000004, -6.330493699999977], [106.84130880000004, -6.330414399999938], [106.84041620000005, -6.329654699999935], [106.84024070000004, -6.329413899999963], [106.84022540000007, -6.329299499999934], [106.840233, -6.329210299999943], [106.84024830000004, -6.329121199999975], [106.84030170000005, -6.329006699999979], [106.840523, -6.328561299999933], [106.84075180000008, -6.327924799999948], [106.84114170000004, -6.326918299999932], [106.84115620000006, -6.326881], [106.84130880000004, -6.32668979999994], [106.84146140000007, -6.32667639999994], [106.84157580000004, -6.326739799999928], [106.84163680000006, -6.326828499999976], [106.84170550000005, -6.327044499999943], [106.84185810000008, -6.327577599999927], [106.84203360000004, -6.327704], [106.842087, -6.327716899999928], [106.84217850000005, -6.327716399999929], [106.842354, -6.327639599999941], [106.84254470000008, -6.327537099999972], [106.84275070000007, -6.327358299999958], [106.842911, -6.327141799999936], [106.84305590000008, -6.326891899999964], [106.84309410000009, -6.326724099999979], [106.84310930000004, -6.326263499999925], [106.84290330000005, -6.325573], [106.84254470000008, -6.324967], [106.84193440000007, -6.324173], [106.84170010000008, -6.323858299999927], [106.84153, -6.323629899999958], [106.84124010000005, -6.323379599999953], [106.84029410000005, -6.322963699999946], [106.84004230000005, -6.322776399999952], [106.83999650000004, -6.322671899999932], [106.83995840000006, -6.322546099999954], [106.84005750000006, -6.322168899999951], [106.84011860000004, -6.322064], [106.84081290000006, -6.32183079999993], [106.84095780000007, -6.321683899999925], [106.84095780000007, -6.321558], [106.840935, -6.321495599999935], [106.84087390000008, -6.321370199999933], [106.840584, -6.321308199999976], [106.83988970000007, -6.321540899999945], [106.83921830000008, -6.321711099999959], [106.83884450000005, -6.321649599999944], [106.83850880000006, -6.321441199999981], [106.83829520000006, -6.321086], [106.83827230000009, -6.320981099999926], [106.83829520000006, -6.320834699999978], [106.83829520000006, -6.320731099999932], [106.83835620000008, -6.320624899999927], [106.838463, -6.320457], [106.83856220000007, -6.32026819999993], [106.83873, -6.320078899999942], [106.83921070000008, -6.319396099999949], [106.83956930000005, -6.318939199999932], [106.83999650000004, -6.318625499999939], [106.84028650000005, -6.318480499999964], [106.84075180000008, -6.318358899999964], [106.84165970000004, -6.318128199999933], [106.84246850000005, -6.318017], [106.842705, -6.318088599999953], [106.84289570000004, -6.318171499999949], [106.84329240000005, -6.318386099999941], [106.84352130000008, -6.31850529999997], [106.84360520000007, -6.318529199999944], [106.84383410000004, -6.318456199999957], [106.84395620000004, -6.318311699999981], [106.844002, -6.318155799999943], [106.84410880000007, -6.317579799999976], [106.84416980000009, -6.317267499999957], [106.84415450000006, -6.317003799999952], [106.84416980000009, -6.316835899999944], [106.84420890000007, -6.316712699999925], [106.84421910000003, -6.316718499999979], [106.84427240000008, -6.316648699999973], [106.84433560000008, -6.316618099999971], [106.84436050000005, -6.316607], [106.844475, -6.316570799999965], [106.84455130000003, -6.316558399999963], [106.84471910000008, -6.316581799999938], [106.84484120000008, -6.316605599999946], [106.84491770000005, -6.316621299999952], [106.84496650000006, -6.316633799999977], [106.84500670000006, -6.316651499999978], [106.84513180000005, -6.31671179999995], [106.84530810000007, -6.31679239999994], [106.84547970000006, -6.316864099999975], [106.84557680000006, -6.316899399999954], [106.84569410000006, -6.316948399999944], [106.84580060000008, -6.317002799999955], [106.84597210000004, -6.317033799999933], [106.84615710000008, -6.317046699999935], [106.84633720000005, -6.316937699999926], [106.84637630000009, -6.316852199999971], [106.84642050000008, -6.316766299999927], [106.84656530000007, -6.316564399999947], [106.84661540000008, -6.316503399999931], [106.84666920000006, -6.316422], [106.84673170000008, -6.316241199999979], [106.84674660000007, -6.316198099999951], [106.84681480000006, -6.316029299999968], [106.84682860000004, -6.31600839999993], [106.84695870000007, -6.315838], [106.84703220000006, -6.315752599999939], [106.84708350000005, -6.315692399999932], [106.84726930000005, -6.315522899999962], [106.84728850000005, -6.315508], [106.84733960000005, -6.315458799999931], [106.847397, -6.315406399999972], [106.84777270000006, -6.315254599999946], [106.84791450000006, -6.315203299999951], [106.84802220000006, -6.315172599999926], [106.84835070000008, -6.31511409999996], [106.84848950000008, -6.315195699999947], [106.84851650000007, -6.315220199999942], [106.84865380000008, -6.315299599999946], [106.848839, -6.315455499999928], [106.84888820000003, -6.315630499999941], [106.84891340000007, -6.315745199999981], [106.84889220000008, -6.315946099999962], [106.84882640000006, -6.316236099999969], [106.84881020000006, -6.316297], [106.84874540000004, -6.316526799999963], [106.84852230000007, -6.31704469999994], [106.84847680000007, -6.317138799999952], [106.84832580000005, -6.317357699999945], [106.84819350000004, -6.317444499999965], [106.84795040000006, -6.31753759999998], [106.84770250000008, -6.317594699999972], [106.84745590000006, -6.317630799999961], [106.84701450000006, -6.31766719999996], [106.84685230000008, -6.317819], [106.84679480000005, -6.317993599999966], [106.84687670000005, -6.318156099999953], [106.84710950000004, -6.31825989999993], [106.84748150000007, -6.318293499999925], [106.84786510000004, -6.31831539999996], [106.84789810000007, -6.318316299999935], [106.848221, -6.318350799999962], [106.848285, -6.318390699999952], [106.84835370000008, -6.318453099999942], [106.84867980000007, -6.318672899999967], [106.84892460000003, -6.31888129999993], [106.84903060000005, -6.318851699999925], [106.84905020000008, -6.318854099999953], [106.84912730000008, -6.318824599999971], [106.84926130000008, -6.318787099999952], [106.84937690000004, -6.318605], [106.84939590000005, -6.318328899999926], [106.84937550000006, -6.318212499999959], [106.84937510000009, -6.318112299999939], [106.84935780000006, -6.317934399999956], [106.84935780000006, -6.317714299999977], [106.84946460000003, -6.317478699999981], [106.84950490000006, -6.317443799999978], [106.84972080000006, -6.317285599999934], [106.85031240000006, -6.316969499999971], [106.85132180000005, -6.316524099999981], [106.85157680000003, -6.316325499999948], [106.85172660000006, -6.315987799999959], [106.85172610000006, -6.315836599999955], [106.85170250000004, -6.315791299999944], [106.8517, -6.315771199999972], [106.85162280000009, -6.315637699999968], [106.85152720000008, -6.315453599999955], [106.85149780000006, -6.315422699999942], [106.85128860000003, -6.315119399999958], [106.85117840000004, -6.314776], [106.851177, -6.314763099999936], [106.85123290000007, -6.314385], [106.85123940000005, -6.314369099999965], [106.85146330000003, -6.313826], [106.85168220000008, -6.313302], [106.85190220000004, -6.31305709999998], [106.85211030000005, -6.312754], [106.85217870000008, -6.312381699999946], [106.85217860000006, -6.312364099999968], [106.85218830000008, -6.312322699999925], [106.85217870000008, -6.312077599999952], [106.852178, -6.312058499999978], [106.85217720000009, -6.312038399999949], [106.85216540000005, -6.311738], [106.85224930000004, -6.311261199999933], [106.852346, -6.311096099999929], [106.85236380000003, -6.311065699999972], [106.85262320000004, -6.310978499999976], [106.85270710000009, -6.310934599999939], [106.85292070000008, -6.31104229999994], [106.85322590000004, -6.311344199999951], [106.85357680000004, -6.311559699999975], [106.85389490000006, -6.311788399999955], [106.85444660000007, -6.312184799999955], [106.85462210000009, -6.312400899999943], [106.854706, -6.312682199999927], [106.854706, -6.312877199999946], [106.854645, -6.313202399999966], [106.854706, -6.313592], [106.85479750000007, -6.313699799999938], [106.85488150000003, -6.31382949999994], [106.85514090000004, -6.313828499999943], [106.85559860000006, -6.313762299999951], [106.85592670000005, -6.313479499999971], [106.85635390000004, -6.313044599999955], [106.85687270000005, -6.312631199999942], [106.85754690000005, -6.312027299999954], [106.85767380000004, -6.311913499999946], [106.85825360000007, -6.311283199999934], [106.85828730000009, -6.31117949999998], [106.85829940000008, -6.311142], [106.85832230000005, -6.311088099999949], [106.85832230000005, -6.310914599999933], [106.85816970000008, -6.310741899999925], [106.85792560000004, -6.310634199999981], [106.85766620000004, -6.310613699999976], [106.85721610000007, -6.310680399999967], [106.85704060000006, -6.310594099999946], [106.85697190000008, -6.310486399999945], [106.85686510000005, -6.31037809999998], [106.85677360000005, -6.309880299999975], [106.85683050000006, -6.309661299999959], [106.85685240000004, -6.309577199999978], [106.85690330000006, -6.309381499999972], [106.85707870000005, -6.308882799999935], [106.85715030000006, -6.308711499999959], [106.85715720000007, -6.308694899999978], [106.85722370000008, -6.308535599999971], [106.85746780000005, -6.308339699999976], [106.85761280000008, -6.308014399999934], [106.85768150000007, -6.307797499999936], [106.85768150000007, -6.307689299999936], [106.85765860000004, -6.30751609999993], [106.85743730000007, -6.306737], [106.85739920000009, -6.306423299999949], [106.85741440000004, -6.306259199999943], [106.85761280000008, -6.306167199999948], [106.85787220000009, -6.30609329999993], [106.85833, -6.305908699999975], [106.858452, -6.305780499999969], [106.85849020000006, -6.30572559999996], [106.85849020000006, -6.305637399999966], [106.85849020000006, -6.305624199999954], [106.85849020000006, -6.305506299999934], [106.858452, -6.305379], [106.85813920000004, -6.305069499999945], [106.85742970000007, -6.30472519999995], [106.856827, -6.304508299999952], [106.85557570000009, -6.303891699999951], [106.85486850000007, -6.303488799999968], [106.85484330000008, -6.303474499999936], [106.85473650000006, -6.303328599999929], [106.85445470000008, -6.302605699999958], [106.85442370000004, -6.302526], [106.854439, -6.302343399999927], [106.85460680000006, -6.302142199999935], [106.85482040000005, -6.301776], [106.85496540000008, -6.301355399999977], [106.85498430000007, -6.301083699999936], [106.85500350000007, -6.300807499999962], [106.85488910000004, -6.299894799999947], [106.85481280000005, -6.299657899999943], [106.85462970000003, -6.299457599999926], [106.85446950000005, -6.299458099999981], [106.85398880000008, -6.29960589999996], [106.853554, -6.299808599999949], [106.85317250000008, -6.29975509999997], [106.85311180000008, -6.299767499999973], [106.85282580000006, -6.29982549999994], [106.85280630000005, -6.29982949999993], [106.85247820000006, -6.299922], [106.85231040000008, -6.30006839999993], [106.85215020000004, -6.300507599999946], [106.85195180000005, -6.30091], [106.85182750000007, -6.301031899999941], [106.851784, -6.301074599999936], [106.85165860000006, -6.301089499999932], [106.85162370000006, -6.301093599999945], [106.851494, -6.301039299999957], [106.85121940000005, -6.300875699999949], [106.85057850000004, -6.300446099999931], [106.85032670000004, -6.300257299999942], [106.85009780000007, -6.300068], [106.84989180000008, -6.299917299999947], [106.84977740000005, -6.299765699999966], [106.849755, -6.299676499999975], [106.84962480000007, -6.29915909999994], [106.84960190000004, -6.299045099999944], [106.84967820000008, -6.298873899999933], [106.849869, -6.298816699999975], [106.85035730000004, -6.298795699999971], [106.85091420000003, -6.298945499999945], [106.85110490000005, -6.299078], [106.85148640000006, -6.299379899999963], [106.85169240000005, -6.299360299999933], [106.85180680000008, -6.299284], [106.85195940000006, -6.299226799999929], [106.85203570000004, -6.299131399999965], [106.85214250000007, -6.298979299999928], [106.85212730000006, -6.298258299999929], [106.85214250000007, -6.298030399999959], [106.85195940000006, -6.297737199999972], [106.85191370000007, -6.297670899999957], [106.85145590000008, -6.297444399999961], [106.85063950000006, -6.296916099999976], [106.85031150000003, -6.29646159999993], [106.85037250000005, -6.296233699999959], [106.85040770000006, -6.296163599999943], [106.850487, -6.296005799999932], [106.85065480000009, -6.295853199999954], [106.85085340000006, -6.295800499999928], [106.85108970000005, -6.295737799999927], [106.85152450000004, -6.29566049999994], [106.85194250000006, -6.295680899999979], [106.85224930000004, -6.295695799999976], [106.85313620000005, -6.295932199999925], [106.85323350000004, -6.29595809999995], [106.85376760000008, -6.296165], [106.85394310000004, -6.296202199999925], [106.85405870000005, -6.296161599999948], [106.85411920000007, -6.296140399999956], [106.85420250000004, -6.296011499999963], [106.85424060000008, -6.295954299999948], [106.85426350000006, -6.295897499999967], [106.854294, -6.295176099999935], [106.854294, -6.2943], [106.854294, -6.29426529999995], [106.85414140000006, -6.294019299999945], [106.85396590000005, -6.29379229999995], [106.85370650000004, -6.293717], [106.85347760000008, -6.293793699999981], [106.85315720000006, -6.293984899999941], [106.85294110000007, -6.294214899999929], [106.85284220000005, -6.294316399999957], [106.852691, -6.294471299999941], [106.85264710000007, -6.294523499999968], [106.85261650000007, -6.294559699999979], [106.85249350000004, -6.294727399999942], [106.85243250000008, -6.294784099999958], [106.85234090000006, -6.294784599999957], [106.85230270000005, -6.294652], [106.85227980000008, -6.294538099999954], [106.85230270000005, -6.294386399999951], [106.852318, -6.294272499999977], [106.85235610000007, -6.29415849999998], [106.85236420000007, -6.294111399999963], [106.852379, -6.294025499999975], [106.85250870000004, -6.293835199999933], [106.85294360000006, -6.293241099999932], [106.85318130000007, -6.292942399999959], [106.85339370000008, -6.292675599999939], [106.85345810000007, -6.292602799999941], [106.85384390000007, -6.292166299999963], [106.85437030000008, -6.29114919999995], [106.854439, -6.290829199999962], [106.85436270000008, -6.290454], [106.85425670000006, -6.290346599999964], [106.85422180000006, -6.290311299999928], [106.854063, -6.290293299999973], [106.85394330000008, -6.290279699999928], [106.85383630000007, -6.29026749999997], [106.853348, -6.290495], [106.85301730000003, -6.290730799999949], [106.85284440000004, -6.290854], [106.85262830000005, -6.290910699999927], [106.85250480000008, -6.29096839999994], [106.85241240000005, -6.291011599999933], [106.85206910000005, -6.291039299999966], [106.85192030000007, -6.291053599999941], [106.85180680000008, -6.291102], [106.851755, -6.291155799999956], [106.85166190000007, -6.291252699999973], [106.85160850000005, -6.291591199999971], [106.85153220000007, -6.292212099999972], [106.85141770000007, -6.292588299999977], [106.85134560000006, -6.292692099999954], [106.85131930000006, -6.29273], [106.85123460000005, -6.292852], [106.85102860000006, -6.292928299999971], [106.85070820000004, -6.292910599999971], [106.85036490000005, -6.292686], [106.85032670000004, -6.292611199999953], [106.85021990000007, -6.292498599999931], [106.84996820000003, -6.292104799999947], [106.84996350000006, -6.292095399999937], [106.84967060000008, -6.291504399999951], [106.84944170000006, -6.291053799999929], [106.84941770000006, -6.290975], [106.84930440000005, -6.290603199999964], [106.84928910000008, -6.290471599999933], [106.84934250000003, -6.290320899999926], [106.84938020000004, -6.290300199999933], [106.84953420000005, -6.290215299999943], [106.84954850000008, -6.290207399999929], [106.84998340000004, -6.29007439999998], [106.85030380000006, -6.289979499999959], [106.85060140000007, -6.28984689999993], [106.850754, -6.289677199999971], [106.85081930000007, -6.289587599999948], [106.85096, -6.289394399999935], [106.85106240000005, -6.289020599999958], [106.85108410000004, -6.288919199999953], [106.85108890000004, -6.288888899999961], [106.85115830000007, -6.288453599999968], [106.85104670000004, -6.288302499999929], [106.85103540000006, -6.288294699999938], [106.85059380000007, -6.287985799999944], [106.85034960000007, -6.287892899999974], [106.85019350000005, -6.287925399999949], [106.85016650000006, -6.287931], [106.85012830000005, -6.287987299999941], [106.85005210000008, -6.288119399999971], [106.84995570000007, -6.28824549999996], [106.84992240000008, -6.288289099999929], [106.849785, -6.288458399999968], [106.84947220000004, -6.288516099999981], [106.84912890000004, -6.288479799999948], [106.848488, -6.288068399999929], [106.84799980000008, -6.287600099999963], [106.84776590000007, -6.287168899999926], [106.84775560000008, -6.28715], [106.84752670000006, -6.286699799999951], [106.84750380000008, -6.286492899999928], [106.84750380000008, -6.286342699999977], [106.84745040000007, -6.286173399999939], [106.84735890000007, -6.285892499999932], [106.847336, -6.285711799999945], [106.84734150000008, -6.285628799999927], [106.84735890000007, -6.285368], [106.84758780000004, -6.284951299999932], [106.84786240000005, -6.284625099999971], [106.84824860000003, -6.28435369999994], [106.84832780000005, -6.284298], [106.848633, -6.28389889999994], [106.84871180000005, -6.283766699999944], [106.84876270000007, -6.283681399999978], [106.84873980000003, -6.283573199999978], [106.84864830000004, -6.283465], [106.84856430000008, -6.283429199999944], [106.84818290000004, -6.283520799999962], [106.84809110000003, -6.283514799999978], [106.84804950000006, -6.283512099999939], [106.84800630000007, -6.283509199999969], [106.84791680000006, -6.283520199999941], [106.84790120000008, -6.283516399999939], [106.84782190000004, -6.283497199999942], [106.84765640000006, -6.283486399999958], [106.84754960000004, -6.28341439999997], [106.84752270000007, -6.283371899999963], [106.84743520000006, -6.283234199999981], [106.84745930000008, -6.283144], [106.84746160000009, -6.283037199999967], [106.84752670000006, -6.282926599999939], [106.84768250000008, -6.282727], [106.84770480000009, -6.282698499999981], [106.84772510000005, -6.282672499999933], [106.84810660000005, -6.282183199999963], [106.84836510000008, -6.281821499999978], [106.84868250000005, -6.281377299999974], [106.84879370000004, -6.281221699999946], [106.84900680000004, -6.280950099999927], [106.84935030000008, -6.280628399999955], [106.84942040000004, -6.280562799999927], [106.84949280000006, -6.280495], [106.84962730000007, -6.280354699999975], [106.85002, -6.280143199999941], [106.85031470000007, -6.279852099999971], [106.85034990000008, -6.27975129999993], [106.85034380000008, -6.279704], [106.85031750000007, -6.279672499999947], [106.85022790000005, -6.279565299999945], [106.85000970000004, -6.279554399999938], [106.84976220000004, -6.27960969999998], [106.84940410000007, -6.279648799999961], [106.849251, -6.279665499999965], [106.84889240000007, -6.279721299999949], [106.84850840000007, -6.279850099999976], [106.84845750000005, -6.279867199999956], [106.84782430000007, -6.280050299999971], [106.847642, -6.28004], [106.84761610000004, -6.280038499999932], [106.84746570000004, -6.279924899999969], [106.84706130000006, -6.279727499999979], [106.84681540000008, -6.279580899999928], [106.84678120000007, -6.279548699999964], [106.84664310000005, -6.279418499999963], [106.84661620000008, -6.279282099999932], [106.84660980000007, -6.279163099999948], [106.84658830000006, -6.279078499999969], [106.84659260000006, -6.279068299999949], [106.84661120000004, -6.279024199999981], [106.84665840000008, -6.278991599999927], [106.84672410000007, -6.278872299999932], [106.84677290000008, -6.278783699999963], [106.84713320000009, -6.278566499999954], [106.847255, -6.278496699999948], [106.84773270000005, -6.278222599999935], [106.84776030000006, -6.278199599999937], [106.84828660000005, -6.277760299999954], [106.84839650000004, -6.277668499999947], [106.84861010000009, -6.277371], [106.84876860000008, -6.277137699999969], [106.84879320000005, -6.27710159999998], [106.84899160000003, -6.276733], [106.84921280000003, -6.276590899999974], [106.84949510000007, -6.276561299999969], [106.849724, -6.276603299999977], [106.84977240000006, -6.276619599999947], [106.85018180000009, -6.276757299999929], [106.85050220000005, -6.276755899999955], [106.85060680000004, -6.276736599999936], [106.850815, -6.276698199999942], [106.85121170000008, -6.276513099999931], [106.85150930000009, -6.2763], [106.85164660000004, -6.276172199999962], [106.85186020000003, -6.27571869999997], [106.85192890000008, -6.275223299999936], [106.85194420000005, -6.275039699999979], [106.85166950000007, -6.274686899999949], [106.85141670000007, -6.274273], [106.85140250000006, -6.274249599999962], [106.85127280000006, -6.273788], [106.85130330000004, -6.273455199999944], [106.85136880000005, -6.273413399999981], [106.85153980000007, -6.273304499999938], [106.85186790000006, -6.273203399999943], [106.852139, -6.273251], [106.85242480000005, -6.273301199999935], [106.85289020000005, -6.273382699999956], [106.85313430000008, -6.273365499999954], [106.85334030000007, -6.273264899999958], [106.85347, -6.273031299999957], [106.85347, -6.272798099999932], [106.85340140000005, -6.272448599999962], [106.85341630000005, -6.272138599999948], [106.85358450000007, -6.271981799999935], [106.85382860000004, -6.27191449999998], [106.85416430000004, -6.271963199999959], [106.85441610000004, -6.272079], [106.85454040000008, -6.272170699999947], [106.85479750000007, -6.272360399999968], [106.85510270000009, -6.272542499999929], [106.85536980000006, -6.272591599999942], [106.85556770000005, -6.272626899999977], [106.85591910000005, -6.272689399999933], [106.85655230000003, -6.272720399999969], [106.85672010000008, -6.272686499999963], [106.85678120000006, -6.272436699999957], [106.85675070000008, -6.272137199999975], [106.85658280000007, -6.271854899999937], [106.856331, -6.271606], [106.85600250000005, -6.271404199999949], [106.85598010000007, -6.271390499999939], [106.85539270000004, -6.27101], [106.85499590000006, -6.270728199999951], [106.854904, -6.270538], [106.85484330000008, -6.270412499999964], [106.85485780000005, -6.26990619999998], [106.85485860000006, -6.269879399999979], [106.85498830000006, -6.269662399999959], [106.85517140000007, -6.269628599999976], [106.85525530000007, -6.269645299999979], [106.85539270000004, -6.269827899999939], [106.85549180000004, -6.270060599999965], [106.85570540000003, -6.270359599999949], [106.85587330000004, -6.270458799999972], [106.85602590000008, -6.270524599999931], [106.856209, -6.270540799999935], [106.85630820000006, -6.270523599999933], [106.85639210000005, -6.27050689999993], [106.85644550000006, -6.270440099999973], [106.856476, -6.27034], [106.85650650000008, -6.270156899999961], [106.85635390000004, -6.269724399999973], [106.85605640000006, -6.269126], [106.85591910000005, -6.268860399999937], [106.85580460000006, -6.268444599999953], [106.85562560000005, -6.267735899999934], [106.85559860000006, -6.267629199999931], [106.85557720000008, -6.267537], [106.85557450000005, -6.267524599999945], [106.85557230000006, -6.267513399999928], [106.85545370000006, -6.266900599999929], [106.85543980000006, -6.266770699999938], [106.85540790000005, -6.266471399999944], [106.85535450000003, -6.266217799999936], [106.85523240000003, -6.266101399999968], [106.85462970000003, -6.26581049999993], [106.85423010000005, -6.265513], [106.85401970000004, -6.265278799999976], [106.85397340000009, -6.265087599999958], [106.85399650000005, -6.264935099999946], [106.85404220000004, -6.264875899999936], [106.85408040000004, -6.264817299999947], [106.85417190000004, -6.264778199999967], [106.85446950000005, -6.264679499999943], [106.85501120000004, -6.26454119999994], [106.856148, -6.264400499999965], [106.85651420000005, -6.26436], [106.856827, -6.264300399999968], [106.85703060000009, -6.264165399999968], [106.85711220000007, -6.264064799999971], [106.85712990000007, -6.263918899999965], [106.85712030000008, -6.263782299999946], [106.85696430000007, -6.263694799999939], [106.85630050000009, -6.263502199999948], [106.85553760000005, -6.26317309999996], [106.85461450000008, -6.262766399999975], [106.85433980000005, -6.262513699999943], [106.85428640000003, -6.26241639999995], [106.85429930000004, -6.262317099999962], [106.85430160000004, -6.262299599999949], [106.85432450000008, -6.262162699999976], [106.85461450000008, -6.261966699999959], [106.85516380000007, -6.261828], [106.85543080000008, -6.261807499999975], [106.85551470000007, -6.261943899999949], [106.85563730000007, -6.262068799999952], [106.85574360000004, -6.262177], [106.85601830000007, -6.262508], [106.85655230000003, -6.262759699999947], [106.857094, -6.262836], [106.85774250000009, -6.262872699999946], [106.85810870000006, -6.262910399999953], [106.85845970000008, -6.263006699999949], [106.85877250000004, -6.263025299999981], [106.85898470000006, -6.262991799999952], [106.85920280000005, -6.262845199999958], [106.85931110000007, -6.262580499999956], [106.85944640000008, -6.262188099999946], [106.85960830000005, -6.26162249999993], [106.85979650000007, -6.260746899999958], [106.85987650000004, -6.260181499999931], [106.86000130000008, -6.259664399999963], [106.86009230000008, -6.259287399999948], [106.86022970000005, -6.258719499999927], [106.86037460000006, -6.258292299999937], [106.86038820000005, -6.258194399999979], [106.86038990000009, -6.258182099999942], [106.86050430000006, -6.257686199999966], [106.86050420000004, -6.257390399999963], [106.86047630000007, -6.257235499999979], [106.86040310000004, -6.257144599999947], [106.86025720000004, -6.257090499999947], [106.859829, -6.257073699999978], [106.85946670000004, -6.257067199999938], [106.85934590000005, -6.256947899999943], [106.85931410000006, -6.256818799999962], [106.85937220000005, -6.256665199999929], [106.85942640000007, -6.256546599999979], [106.85958120000004, -6.256453599999929], [106.85994740000007, -6.256222799999932], [106.86034420000004, -6.255950899999959], [106.86059830000005, -6.255667399999936], [106.86065230000008, -6.255554299999972], [106.860658, -6.255542599999956], [106.86072480000007, -6.255402699999934], [106.86071030000005, -6.255185599999947], [106.86048140000008, -6.254745499999956], [106.86023910000006, -6.254556799999932], [106.85971020000005, -6.254385499999955], [106.85946430000007, -6.254377199999965], [106.85920970000006, -6.254505699999925], [106.85883350000006, -6.25477079999996], [106.85820030000008, -6.255156099999965], [106.85778090000008, -6.255272399999967], [106.857682, -6.255185599999947], [106.85763610000004, -6.25509459999995], [106.85757160000009, -6.254894299999933], [106.85756980000008, -6.254851499999972], [106.85755180000007, -6.25443869999998], [106.85758640000006, -6.25391], [106.85773490000008, -6.253223], [106.85794630000004, -6.252669199999957], [106.85816370000003, -6.252340299999958], [106.85908530000006, -6.251398599999959], [106.85948960000007, -6.251167299999963], [106.85990860000004, -6.251050699999951], [106.85990780000009, -6.251012599999967], [106.86018020000006, -6.250985199999946], [106.86040770000005, -6.251024499999971], [106.86052880000005, -6.251238199999932], [106.86066440000008, -6.251746399999945], [106.86067670000006, -6.251797299999964], [106.86075610000006, -6.252024699999936], [106.86079820000003, -6.252297799999951], [106.86081370000005, -6.25236149999995], [106.86090920000004, -6.252896599999929], [106.86096420000007, -6.25331129999995], [106.86104620000003, -6.253819599999929], [106.86116730000003, -6.254006599999968], [106.86127270000009, -6.254051299999958], [106.86153010000004, -6.254015399999957], [106.86155520000005, -6.254005199999938], [106.86182880000007, -6.253954399999941], [106.86186780000008, -6.253944], [106.86226340000007, -6.253801899999928], [106.86249620000007, -6.25368949999995], [106.862668, -6.253522499999974], [106.86268510000008, -6.253499599999941], [106.86284660000007, -6.253185799999926], [106.86284660000007, -6.253032699999949], [106.86270920000004, -6.25249679999996], [106.86245750000006, -6.251846399999977], [106.86225950000005, -6.251335599999948], [106.86221420000004, -6.251245599999947], [106.86220870000005, -6.251204299999927], [106.86219040000009, -6.251157299999932], [106.86215230000005, -6.250851199999943], [106.86215230000005, -6.250659499999927], [106.86219040000009, -6.250467799999967], [106.86220880000008, -6.250449299999957], [106.86221130000007, -6.250415799999928], [106.86227360000004, -6.250384], [106.86230490000008, -6.25035239999994], [106.86242390000007, -6.250307199999952], [106.86337280000004, -6.249822799999947], [106.86351890000009, -6.249779399999966], [106.86388420000009, -6.249625299999934], [106.86402150000004, -6.249518], [106.864052, -6.249419299999943], [106.86403680000006, -6.249337299999979], [106.86396810000008, -6.249255199999936], [106.86386890000006, -6.249140799999964], [106.86367050000007, -6.248936199999946], [106.86351030000009, -6.24876409999996], [106.86328910000009, -6.24848609999998], [106.86303730000009, -6.248174699999936], [106.86283130000004, -6.247847099999944], [106.86270920000004, -6.247617799999944], [106.86254140000005, -6.247421299999928], [106.862404, -6.247224399999936], [106.86227470000006, -6.246960599999966], [106.86208960000005, -6.246712299999956], [106.86216030000008, -6.246705899999938], [106.86210510000006, -6.246492899999964], [106.86209130000009, -6.246448099999952], [106.86198450000006, -6.246113799999932], [106.86198450000006, -6.245904499999938], [106.86199210000007, -6.245642699999962], [106.86203780000005, -6.245391899999959], [106.862137, -6.245119199999976], [106.86224380000004, -6.244784399999958], [106.86238880000008, -6.244407199999955], [106.86245750000006, -6.244155899999953], [106.862488, -6.244040499999926], [106.86250320000005, -6.243831199999931], [106.86250320000005, -6.243622399999936], [106.86249560000005, -6.243318599999952], [106.86249560000005, -6.243133099999966], [106.86249560000005, -6.243113799999946], [106.86249560000005, -6.243099299999926], [106.862488, -6.242858499999954], [106.862488, -6.242534199999966], [106.86247270000007, -6.242185599999971], [106.86248030000007, -6.241978199999949], [106.86246510000007, -6.241664], [106.862488, -6.241269199999977], [106.86250320000005, -6.24100169999997], [106.862549, -6.24074029999997], [106.86261010000004, -6.240466199999958], [106.86267870000006, -6.240144799999939], [106.86270370000005, -6.24006], [106.86278550000009, -6.239782899999966], [106.86283130000004, -6.239574499999947], [106.86290760000009, -6.239321299999972], [106.86301440000005, -6.238899299999957], [106.86314410000006, -6.238489199999947], [106.86328240000006, -6.238118799999938], [106.86331960000007, -6.238019], [106.86345690000007, -6.237693399999955], [106.86362480000008, -6.237452099999928], [106.86379260000007, -6.237259], [106.86404440000007, -6.237077299999953], [106.86442580000005, -6.236859399999958], [106.864731, -6.236797799999977], [106.86495990000009, -6.236796899999945], [106.86518880000006, -6.236820299999977], [106.86527270000005, -6.236868399999935], [106.86544060000006, -6.237240799999938], [106.86562360000005, -6.237733899999967], [106.86579150000006, -6.238275099999953], [106.86597460000007, -6.238672299999962], [106.86613480000005, -6.238888299999928], [106.86640950000009, -6.239128199999925], [106.86651630000006, -6.239187799999968], [106.86666130000003, -6.239175399999965], [106.86676050000005, -6.239114799999925], [106.86682150000007, -6.239030399999933], [106.86684440000005, -6.238765299999955], [106.86681380000005, -6.238356199999942], [106.86674520000008, -6.238067199999932], [106.86662310000008, -6.23758609999993], [106.86644, -6.237080599999956], [106.86634080000005, -6.236780199999941], [106.86621880000007, -6.236563699999977], [106.86608910000007, -6.236383499999931], [106.86589070000008, -6.236167499999965], [106.86577590000007, -6.236058399999933], [106.86560080000004, -6.235891899999956], [106.86541, -6.235627199999954], [106.865288, -6.235459399999968], [106.865204, -6.235170399999959], [106.865204, -6.234965899999963], [106.86524220000007, -6.234881499999972], [106.86531090000005, -6.234845199999938], [106.86550160000007, -6.234832399999959], [106.86582960000004, -6.234903399999951], [106.86608140000004, -6.234866199999942], [106.86624160000008, -6.234793699999955], [106.86633320000004, -6.234672599999953], [106.86636370000008, -6.234551], [106.86635610000008, -6.234416099999976], [106.86632710000003, -6.234276299999976], [106.86630270000006, -6.234158099999945], [106.86612720000005, -6.233753299999933], [106.865967, -6.233446699999945], [106.865807, -6.233242899999937], [106.86570760000006, -6.233116199999927], [106.86530320000008, -6.232589299999972], [106.86510480000004, -6.23233179999994], [106.86489120000005, -6.232184899999936], [106.86463950000007, -6.232014199999981], [106.86434190000006, -6.231818699999963], [106.86399860000006, -6.231610799999942], [106.863926, -6.231566399999963], [106.86373920000005, -6.231452099999956], [106.86350270000008, -6.231305599999928], [106.86336540000008, -6.231158799999946], [106.86328140000006, -6.231023799999946], [106.86322040000005, -6.230864099999962], [106.86324330000008, -6.230716699999959], [106.86332720000007, -6.230532199999971], [106.86346450000008, -6.230322899999976], [106.86362480000008, -6.230150299999934], [106.86376970000003, -6.229990099999952], [106.86397570000008, -6.229841799999974], [106.86421980000006, -6.22965679999993], [106.86443350000008, -6.229471799999942], [106.86460130000006, -6.229311499999937], [106.86468530000008, -6.229188], [106.86478440000008, -6.229003499999976], [106.86483780000003, -6.22888039999998], [106.86483780000003, -6.228671099999929], [106.86483020000009, -6.228469399999938], [106.86479970000005, -6.228191], [106.86479520000006, -6.22806259999993], [106.86478440000008, -6.227748899999938], [106.86476920000007, -6.227191499999947], [106.86474630000004, -6.226932099999942], [106.86466240000004, -6.226711299999977], [106.86453270000004, -6.226481499999977], [106.86430380000007, -6.226136299999951], [106.86408250000005, -6.225829699999963], [106.86386890000006, -6.225494], [106.86369340000005, -6.225216], [106.86359360000006, -6.225079699999981], [106.86354850000004, -6.225014699999974], [106.86352560000006, -6.224867399999937], [106.86352560000006, -6.22475819999994], [106.86353320000006, -6.224649499999941], [106.86363240000009, -6.224552199999948], [106.86373160000005, -6.224491199999932], [106.863846, -6.224466799999959], [106.864052, -6.22447829999993], [106.86429610000005, -6.224501699999962], [106.86433780000004, -6.224512799999957], [106.86456320000008, -6.224573199999952], [106.86476920000007, -6.224572199999955], [106.86503620000008, -6.224523099999942], [106.86524980000007, -6.224425399999973], [106.86536430000007, -6.224267499999939], [106.86539440000007, -6.224137599999949], [106.86541770000008, -6.22403769999994], [106.86543290000009, -6.223819799999944], [106.86537190000007, -6.223553699999968], [106.86529560000008, -6.223348199999975], [106.86516590000008, -6.223155099999929], [106.86499040000007, -6.222973899999943], [106.86482260000008, -6.222768799999926], [106.86455550000005, -6.222527599999978], [106.86434950000006, -6.222261899999978], [106.86414360000003, -6.22198439999994], [106.86397570000008, -6.221743099999969], [106.86375450000008, -6.221501899999964], [106.86361710000006, -6.221356899999932], [106.86353320000006, -6.221212], [106.86342640000004, -6.22095829999995], [106.86328910000009, -6.220656], [106.86318990000007, -6.220390399999928], [106.86306780000007, -6.219955], [106.862961, -6.21976189999998], [106.86287710000005, -6.21970129999994], [106.86267870000006, -6.219666099999927], [106.86244980000004, -6.219679], [106.86189290000004, -6.219753299999979], [106.86174030000006, -6.219802399999935], [106.86155720000005, -6.219972699999971], [106.86142750000005, -6.220190599999967], [106.86141220000007, -6.220311699999968], [106.86145040000008, -6.220408499999962], [106.86152670000007, -6.220577799999944], [106.86167160000008, -6.220855799999981], [106.86177080000004, -6.221073199999978], [106.86177080000004, -6.221230599999956], [106.86173270000006, -6.221424199999944], [106.86164870000005, -6.221593899999959], [106.86159330000004, -6.221635799999945], [106.86157920000005, -6.221646499999963], [106.86150380000004, -6.221703599999955], [106.86145760000005, -6.221730799999932], [106.86133480000007, -6.221832099999972], [106.86124930000005, -6.221837499999936], [106.86115280000007, -6.221861899999965], [106.861012, -6.221852299999966], [106.86100040000008, -6.221853], [106.860985, -6.221850399999937], [106.86090920000004, -6.221829499999956], [106.86054740000009, -6.221736499999963], [106.86049750000006, -6.221705099999951], [106.86046620000008, -6.221695], [106.86026780000009, -6.221586799999955], [106.86016870000009, -6.221502399999963], [106.86008470000007, -6.221345499999927], [106.86006180000004, -6.221212499999979], [106.86007320000004, -6.221165299999939], [106.86007310000008, -6.221127699999954], [106.86009540000003, -6.221073699999977], [106.8601, -6.221054599999945], [106.86013050000008, -6.220945899999947], [106.86018080000008, -6.220873099999949], [106.86042480000003, -6.22043739999998], [106.86048950000009, -6.220362799999975], [106.86055780000004, -6.220254499999953], [106.860718, -6.219953099999941], [106.86087820000006, -6.219667], [106.86112230000003, -6.219254099999944], [106.86125960000004, -6.219042299999956], [106.86133770000004, -6.218934099999956], [106.86138340000008, -6.218858799999964], [106.86148450000007, -6.218751199999929], [106.86154190000008, -6.218682399999977], [106.86183950000009, -6.218342899999925], [106.86203230000007, -6.218084099999942], [106.86218630000008, -6.217792699999961], [106.862311, -6.217667], [106.86235830000004, -6.217601399999978], [106.86242690000006, -6.21752749999996], [106.86259480000007, -6.217368199999953], [106.86277030000008, -6.217219399999976], [106.863022, -6.217007199999955], [106.86321280000004, -6.21683749999994], [106.86342270000006, -6.216602599999931], [106.86345740000007, -6.216556799999978], [106.863539, -6.216396199999963], [106.86353880000007, -6.216359599999976], [106.86353410000004, -6.216280299999937], [106.86352590000007, -6.216260099999943], [106.86342510000009, -6.216182099999969], [106.863243, -6.216154699999947], [106.86299560000003, -6.216141099999959], [106.86286980000006, -6.21615], [106.86257440000009, -6.216255599999954], [106.86198890000009, -6.216530599999942], [106.86183190000008, -6.216620499999976], [106.86116810000004, -6.21699289999998], [106.86096260000005, -6.217108499999938], [106.86080950000007, -6.217194599999971], [106.86061880000005, -6.217269499999929], [106.86053130000005, -6.217292899999961], [106.86045320000005, -6.217326299999968], [106.86032780000005, -6.217318899999952], [106.86023730000005, -6.217323399999941], [106.86015910000003, -6.217308899999978], [106.86013840000004, -6.217307699999935], [106.86011740000004, -6.217301199999952], [106.86006950000007, -6.217292399999963], [106.85993980000006, -6.217250899999954], [106.85992490000007, -6.217241799999954], [106.85982320000005, -6.217210399999942], [106.85974280000005, -6.217103899999927], [106.85964220000005, -6.216998099999955], [106.859421, -6.216766399999926], [106.85922340000008, -6.216570399999966], [106.85916930000008, -6.216518599999972], [106.85903570000005, -6.216418699999963], [106.858828, -6.216322599999955], [106.85876420000005, -6.216311599999926], [106.85866840000006, -6.216321499999935], [106.85862750000007, -6.216335799999968], [106.85855110000006, -6.216374], [106.85836490000008, -6.216546], [106.85811050000007, -6.216921], [106.85794170000008, -6.217300399999942], [106.85788750000006, -6.217405799999938], [106.85780350000005, -6.217554199999938], [106.85770430000008, -6.217639], [106.85751360000006, -6.217661], [106.85734580000008, -6.21762949999993], [106.85722370000008, -6.217577], [106.85706350000004, -6.217461599999979], [106.85694140000004, -6.217324799999972], [106.85672010000008, -6.217050599999936], [106.85649130000007, -6.21679789999996], [106.85635390000004, -6.21658709999997], [106.85630820000006, -6.216395399999953], [106.85628530000008, -6.216281], [106.85628530000008, -6.216156499999954], [106.85635390000004, -6.215896199999975], [106.85646840000004, -6.215521399999943], [106.85654950000009, -6.215248899999949], [106.85656760000006, -6.215188099999978], [106.85669730000006, -6.214896299999964], [106.856827, -6.214656899999966], [106.85696940000008, -6.214448699999934], [106.85704250000003, -6.21432649999997], [106.85730670000004, -6.213931199999934], [106.85758790000006, -6.213759699999969], [106.85772380000009, -6.21381619999994], [106.857918, -6.21377949999993], [106.85810870000006, -6.213737099999946], [106.858185, -6.213674599999933], [106.85823080000006, -6.213580699999966], [106.85823840000006, -6.213445299999933], [106.858185, -6.213279299999954], [106.85806080000003, -6.213129699999968], [106.85811150000006, -6.213108499999976], [106.85783610000004, -6.212668199999939], [106.85783040000007, -6.212659199999962], [106.85769210000007, -6.212445799999955], [106.85752820000005, -6.212212499999964], [106.85718770000005, -6.211945499999956], [106.85682960000008, -6.21175], [106.85648570000006, -6.211672399999941], [106.85640030000008, -6.211653099999978], [106.85561330000007, -6.211459199999979], [106.85515290000006, -6.211332899999945], [106.85496930000005, -6.211282599999947], [106.85449520000009, -6.211132199999952], [106.85436430000004, -6.210975599999927], [106.85434050000003, -6.210947], [106.85430270000006, -6.210857199999964], [106.85420480000005, -6.210677799999928], [106.85374590000004, -6.210288299999945], [106.85348420000008, -6.210066099999949], [106.85304570000005, -6.209780699999953], [106.85259150000007, -6.209485099999938], [106.85241160000004, -6.209410799999944], [106.85229790000005, -6.209384], [106.851792, -6.209265], [106.85154440000008, -6.209206699999925], [106.85144820000005, -6.209174699999949], [106.85125960000005, -6.209079799999927], [106.85113670000004, -6.209001199999932], [106.85096390000007, -6.208890599999961], [106.85094070000008, -6.20887579999993], [106.85060570000007, -6.208661499999948], [106.85052270000006, -6.208608499999968], [106.85034860000007, -6.208400299999937], [106.85022440000006, -6.208251899999937], [106.85000420000006, -6.207988599999965], [106.84989410000009, -6.207913299999973], [106.84966660000003, -6.207757599999979], [106.84959850000007, -6.207734899999934], [106.84917690000009, -6.207594399999948], [106.84904730000005, -6.207551299999977], [106.84895470000004, -6.207520399999964], [106.84885990000004, -6.207569099999944], [106.84854380000007, -6.207731599999931], [106.84831270000006, -6.207881399999962], [106.84825150000006, -6.207916799999964], [106.84823340000008, -6.20793279999998], [106.84819350000004, -6.207958699999949], [106.84818880000006, -6.207968499999936], [106.84811420000005, -6.208048399999939], [106.84793110000004, -6.20817], [106.84771370000004, -6.20833829999998], [106.84767940000006, -6.208364899999935], [106.84765640000006, -6.208382699999959], [106.847397, -6.208504699999935], [106.84734470000006, -6.208519299999978], [106.84714960000008, -6.208609299999978], [106.84704050000005, -6.208604099999945], [106.84703080000008, -6.208606799999927], [106.84680190000006, -6.208627799999931], [106.84655780000008, -6.208618699999931], [106.84628410000005, -6.208567799999969], [106.84609010000008, -6.208558399999959], [106.84573380000006, -6.208434099999977], [106.84541930000006, -6.208328299999948], [106.84501980000005, -6.208193899999969], [106.844823, -6.208127599999955], [106.84395170000005, -6.207834599999956], [106.84333550000008, -6.207619899999941], [106.84332330000007, -6.20762579999996], [106.84332630000006, -6.207615199999964], [106.84321080000007, -6.207572499999969], [106.84306510000005, -6.20751869999998], [106.84285970000008, -6.207442899999933], [106.84252540000006, -6.207321199999967], [106.84231150000005, -6.207243399999925], [106.84196780000008, -6.207118899999955], [106.84156020000006, -6.206967599999928], [106.84078180000006, -6.206681899999978], [106.84050320000006, -6.20658119999996], [106.83939930000008, -6.206177099999934], [106.83920310000008, -6.206119099999967], [106.83884450000005, -6.205988899999966], [106.83882220000004, -6.205982199999937], [106.83862960000005, -6.205923199999972], [106.83856980000007, -6.205877799999939], [106.83836330000008, -6.205797899999936], [106.83794810000006, -6.205645899999979], [106.83773970000004, -6.205570099999932], [106.83744830000006, -6.205478699999958], [106.837166, -6.205395299999964], [106.83690660000008, -6.20534], [106.836548, -6.205275599999936], [106.83617420000007, -6.205230299999926], [106.835808, -6.205184499999973], [106.83549520000008, -6.205131499999936], [106.83541130000003, -6.205117299999927], [106.83500690000005, -6.205061499999942], [106.83467120000006, -6.20501239999993], [106.83461770000008, -6.205003499999975], [106.83399390000005, -6.204927299999952], [106.83242480000007, -6.204680699999926], [106.83192460000004, -6.204627599999981], [106.83119220000003, -6.204529799999932], [106.83071920000003, -6.204452599999968], [106.830414, -6.204398699999956], [106.83017750000005, -6.204345299999943], [106.82991780000003, -6.204282699999965], [106.82953070000008, -6.20421349999998], [106.82932440000008, -6.204164699999978], [106.82910030000005, -6.204114699999934], [106.828789, -6.204056299999934], [106.82817860000006, -6.203916599999957], [106.82772580000005, -6.203807899999958], [106.82747620000004, -6.20375219999994], [106.82722060000003, -6.203693499999929], [106.82692670000006, -6.203626499999928], [106.82654590000004, -6.203541299999927], [106.826325, -6.203489499999932], [106.82587240000004, -6.203386399999943], [106.82540150000005, -6.203294799999981], [106.82481890000008, -6.203145799999959], [106.82352050000009, -6.202848399999937], [106.82320420000008, -6.202801699999952], [106.82274530000007, -6.202706399999954], [106.82270830000004, -6.202698699999928], [106.82269310000004, -6.202784599999973], [106.82267780000006, -6.202846099999931], [106.82267020000006, -6.202908099999945], [106.82257860000004, -6.203350099999966], [106.82255570000007, -6.203461199999936], [106.82251, -6.203680599999927], [106.82238020000005, -6.204239399999949], [106.82229630000006, -6.20488359999996], [106.82229630000006, -6.204909399999963], [106.82226510000004, -6.205211599999927], [106.82225050000005, -6.205352799999957], [106.82222770000004, -6.205423399999972], [106.82212850000008, -6.206228299999964], [106.82205980000003, -6.206918799999926], [106.82206750000006, -6.207089499999938], [106.82205980000003, -6.207375099999979], [106.82202170000005, -6.207713199999944], [106.822014, -6.207753699999955], [106.82175460000008, -6.208766499999967], [106.82159330000007, -6.209231899999963], [106.82150290000004, -6.209450299999958], [106.82119770000008, -6.210076799999968], [106.82112840000008, -6.210225799999932], [106.82098230000008, -6.210662799999966], [106.82092210000008, -6.210772299999974], [106.82072840000006, -6.211124899999959], [106.82039010000005, -6.211736499999972], [106.820225, -6.21204309999996], [106.82021350000008, -6.21206959999995], [106.82006850000005, -6.212355199999934], [106.81999820000004, -6.212456499999973], [106.81985950000006, -6.212709599999926], [106.81979410000008, -6.212800499999958], [106.81978630000003, -6.212815299999932], [106.81947350000007, -6.213278799999955], [106.81924460000005, -6.213602599999945], [106.81920640000004, -6.213644599999952], [106.81913010000005, -6.213732299999947], [106.81912280000006, -6.213741599999935], [106.81900040000005, -6.213895799999932], [106.81878680000005, -6.214151899999933], [106.81859610000004, -6.214367899999957], [106.81851980000005, -6.214433199999974], [106.81835030000008, -6.21458], [106.81833630000006, -6.21459219999997], [106.81807490000006, -6.214772], [106.81687950000008, -6.215809399999955], [106.81672690000005, -6.215932899999927], [106.816437, -6.216191399999957], [106.81640420000008, -6.216222199999947], [106.81621230000007, -6.216388799999947], [106.81579610000006, -6.216713899999945], [106.81565110000008, -6.216828799999973], [106.81539940000005, -6.217002899999954], [106.81536890000007, -6.217020499999933], [106.81524680000007, -6.217119699999955], [106.81497970000004, -6.217359599999952], [106.81490860000008, -6.217420799999957], [106.81407330000008, -6.218074299999955], [106.81306620000004, -6.218862099999967], [106.81288170000005, -6.219003699999973], [106.81284350000004, -6.219032799999979], [106.81279010000009, -6.219075199999963], [106.81277530000006, -6.219089699999927], [106.81271380000004, -6.219137699999976], [106.81262230000004, -6.219197299999962], [106.81259170000004, -6.219214], [106.812546, -6.219245899999976], [106.81252310000008, -6.219261199999949], [106.81235520000007, -6.219392299999981], [106.81233850000007, -6.219407799999942], [106.812195, -6.219540699999925], [106.81204240000005, -6.219683699999962], [106.81199670000007, -6.219729399999949], [106.81196610000006, -6.219753799999978], [106.81191270000005, -6.219799099999932], [106.81187460000007, -6.219827699999939], [106.81183640000006, -6.21986389999995], [106.81174490000006, -6.219936899999936], [106.81169910000006, -6.219974099999945], [106.81166860000008, -6.219988399999977], [106.81153120000005, -6.22007659999997], [106.81095910000005, -6.220537199999967], [106.810158, -6.221179], [106.81008170000007, -6.22124679999996], [106.80998250000005, -6.221325399999955], [106.809952, -6.221353599999929], [106.80990620000006, -6.22139459999994], [106.80982990000007, -6.221447499999954], [106.80978410000006, -6.221473699999933], [106.809601, -6.221597699999961], [106.80942560000005, -6.221709299999929], [106.80925010000004, -6.221842799999934], [106.809067, -6.221994499999937], [106.80894490000009, -6.222089299999936], [106.80884570000006, -6.222159399999953], [106.80863210000007, -6.222314399999959], [106.80828110000004, -6.22260719999997], [106.80771660000005, -6.22300249999995], [106.80743430000007, -6.22318219999994], [106.807007, -6.223427799999968], [106.806473, -6.223744899999929], [106.80639670000005, -6.223799299999939], [106.80598470000007, -6.224097799999981], [106.80559560000006, -6.224336199999925], [106.80535910000003, -6.224525], [106.80520650000005, -6.224651899999969], [106.80502580000007, -6.224769], [106.80491660000007, -6.224839699999961], [106.804764, -6.22493129999998], [106.80455040000004, -6.225142], [106.80426810000006, -6.225348], [106.80381030000007, -6.22566269999993], [106.803322, -6.22603179999993], [106.80307030000006, -6.226250199999981], [106.80302450000005, -6.226292699999931], [106.802994, -6.226317], [106.80296050000004, -6.22634249999993], [106.80178090000004, -6.22724009999996], [106.80162830000006, -6.227352199999928], [106.80137650000006, -6.227535799999941], [106.80118580000004, -6.227683099999979], [106.80103320000006, -6.227798499999949], [106.800873, -6.227902], [106.80074330000008, -6.227996399999938], [106.79989640000008, -6.228692099999932], [106.79962180000007, -6.22895909999994], [106.79959130000009, -6.228997299999946], [106.79946920000003, -6.228975299999945], [106.79930130000008, -6.229005399999949], [106.79923940000003, -6.229073199999959], [106.79914110000004, -6.228987299999972], [106.79866810000004, -6.228861399999971], [106.79846970000006, -6.228835099999969], [106.79833240000005, -6.228853299999969], [106.79824090000005, -6.228891899999951], [106.79773730000005, -6.229210399999943], [106.79769150000004, -6.22924], [106.79761530000007, -6.22926949999993], [106.79752370000006, -6.229304799999966], [106.79737870000008, -6.229300099999932], [106.79734820000004, -6.229300099999932], [106.79731770000006, -6.22929629999993], [106.79700490000005, -6.229274799999928], [106.796364, -6.229285299999958], [106.79633350000006, -6.229285299999958], [106.79602830000005, -6.229279099999928], [106.79579180000007, -6.229268599999955], [106.79575370000003, -6.229157499999928], [106.79572320000005, -6.229055899999935], [106.79577660000007, -6.228858499999944], [106.79581470000005, -6.228755499999977], [106.79566210000007, -6.228541399999926], [106.79561630000006, -6.22841509999995], [106.79588340000004, -6.22781329999998], [106.796158, -6.227194299999951], [106.79629540000008, -6.226851], [106.796364, -6.226538699999935], [106.796303, -6.225144899999975], [106.79604360000008, -6.223882199999935], [106.79608940000008, -6.223238499999979], [106.79629540000008, -6.221954399999959], [106.79652420000008, -6.220694099999946], [106.79663870000007, -6.220069], [106.79681420000009, -6.219173], [106.79685230000007, -6.218779099999949], [106.79685750000004, -6.218701899999928], [106.79685990000007, -6.218667099999948], [106.79686760000004, -6.21845959999996], [106.79684470000007, -6.218168299999945], [106.79679130000005, -6.218004299999961], [106.79662340000004, -6.217614199999957], [106.79645560000006, -6.217259899999931], [106.79628770000005, -6.216901299999961], [106.79613510000007, -6.216625199999953], [106.79607360000006, -6.216399899999942], [106.79614540000006, -6.216163], [106.79622560000007, -6.21604439999993], [106.79627350000004, -6.215912399999979], [106.79625170000008, -6.215815699999951], [106.79620250000005, -6.215573799999959], [106.79607410000006, -6.215168], [106.79582230000005, -6.214636399999961], [106.79566210000007, -6.214315899999974], [106.79563920000004, -6.214266299999963], [106.79556290000005, -6.21410469999995], [106.79554180000008, -6.214080199999955], [106.79546350000004, -6.213989699999956], [106.79538260000004, -6.21389309999995], [106.79535690000006, -6.213567299999966], [106.79539510000006, -6.212959799999965], [106.79541030000007, -6.212909699999955], [106.795418, -6.212863499999969], [106.795454, -6.212768799999935], [106.79566210000007, -6.212708], [106.79573840000006, -6.212610799999936], [106.79576130000004, -6.212493], [106.79561820000004, -6.212369699999954], [106.79557620000008, -6.212356899999975], [106.79539050000005, -6.212287599999968], [106.79515860000004, -6.212206899999956], [106.79512040000009, -6.212185399999953], [106.794995, -6.212127599999974], [106.79481990000005, -6.21201259999998], [106.79480870000003, -6.212002899999959], [106.79470130000004, -6.211910799999941], [106.79458640000007, -6.211844499999927], [106.79443260000005, -6.211909], [106.794327, -6.211936499999979], [106.79415910000006, -6.211982299999931], [106.79401350000006, -6.21194], [106.79399160000008, -6.211824399999955], [106.79393030000006, -6.211711], [106.79381380000007, -6.211687899999959], [106.79366070000003, -6.211699199999941], [106.79350230000006, -6.211745399999927], [106.79342970000005, -6.211732199999972], [106.79342310000004, -6.211711799999932], [106.79341070000004, -6.211673099999928], [106.79343190000009, -6.211605799999973], [106.79364030000005, -6.211490699999956], [106.79371660000004, -6.211427199999946], [106.79371, -6.211198799999977], [106.79368610000006, -6.210973299999978], [106.79360220000007, -6.21084929999995], [106.793236, -6.210580399999969], [106.79307340000008, -6.210491], [106.79295780000007, -6.21045369999996], [106.79281770000006, -6.210360099999946], [106.79277820000004, -6.210293299999933], [106.79270190000005, -6.21020939999994], [106.79271720000008, -6.209820799999932], [106.792679, -6.209608599999967], [106.79259510000009, -6.209391599999947], [106.79249590000006, -6.209257199999968], [106.79235650000004, -6.20916909999994], [106.79204750000008, -6.209077199999967], [106.79190750000004, -6.208986299999935], [106.79183450000005, -6.208852099999945], [106.79179920000007, -6.208758099999955], [106.79187650000006, -6.208561499999973], [106.79198050000008, -6.208329899999967], [106.79212510000008, -6.208176099999946], [106.79227470000006, -6.208015499999931], [106.79238150000003, -6.207810399999971], [106.79238910000004, -6.207788], [106.79222130000005, -6.207747], [106.79195420000008, -6.207694599999968], [106.79156510000007, -6.207625399999927], [106.790848, -6.207501899999954], [106.79045120000006, -6.207443799999965], [106.78993240000005, -6.207875299999955], [106.78958560000007, -6.208228599999927], [106.78952050000004, -6.208294899999942], [106.78938310000007, -6.208417399999973], [106.78918480000004, -6.208489899999961], [106.789139, -6.208496899999943], [106.78911610000006, -6.208500399999934], [106.788994, -6.20849329999993], [106.788521, -6.208245799999929], [106.78839130000006, -6.208157599999936], [106.78830740000006, -6.208046499999966], [106.78801750000008, -6.207742199999927], [106.78788010000005, -6.207598699999949], [106.78784960000007, -6.207542], [106.78782670000004, -6.207514299999957], [106.78773520000004, -6.207358899999974], [106.78756730000003, -6.207196799999963], [106.78732320000006, -6.207048499999928], [106.78692650000005, -6.206937799999935], [106.78656030000008, -6.20690639999998], [106.78632370000008, -6.20689729999998], [106.78599570000006, -6.206867699999975], [106.78520980000008, -6.206800499999929], [106.78487420000005, -6.206775199999981], [106.78452320000008, -6.20676519999995], [106.78397390000003, -6.206739499999969], [106.78314230000007, -6.206719899999939], [106.78314230000007, -6.207109], [106.78316520000004, -6.207460899999944], [106.78317280000005, -6.207532899999933], [106.78321090000009, -6.207900099999961], [106.78323380000006, -6.208266299999934], [106.78326440000006, -6.208589599999925], [106.78334070000005, -6.209325799999931], [106.78337880000004, -6.209606199999939], [106.78337880000004, -6.209632399999975], [106.783478, -6.210433499999965], [106.78350090000004, -6.210836899999947], [106.78350850000004, -6.21099], [106.78351480000003, -6.211011099999951], [106.783539, -6.211348099999952], [106.78355430000005, -6.212162499999977], [106.78348560000006, -6.212414299999978], [106.78334830000006, -6.21269609999996], [106.78317280000005, -6.212946899999963], [106.78314990000007, -6.212960799999962], [106.78310140000008, -6.212984199999937], [106.78305840000007, -6.213005099999975], [106.78294390000008, -6.213102399999968], [106.78278370000004, -6.21321869999997], [106.78252430000003, -6.213286399999959], [106.78231830000004, -6.213301699999931], [106.78167740000004, -6.213333199999965], [106.78104690000004, -6.213360699999953], [106.78100120000005, -6.213358199999959], [106.780703, -6.213364599999977], [106.78058750000008, -6.213373], [106.78018210000005, -6.213408499999957], [106.77998660000009, -6.213416799999948], [106.77938860000006, -6.21344229999994], [106.778763, -6.213471899999945], [106.77809160000004, -6.213503399999979], [106.77783990000006, -6.213533899999959], [106.77774830000004, -6.213585899999941], [106.77767960000006, -6.213680299999965], [106.77766440000005, -6.213722299999972], [106.77762620000004, -6.214077499999973], [106.77762620000004, -6.214109], [106.77762620000004, -6.214249699999925], [106.77763330000005, -6.214716899999928], [106.77760750000004, -6.215047699999957], [106.77757860000008, -6.21524409999995], [106.77754990000005, -6.215386899999942], [106.77750420000007, -6.215484199999935], [106.77736680000004, -6.215720199999964], [106.77711440000007, -6.21614], [106.77709980000009, -6.216219399999943], [106.77707690000005, -6.216578499999969], [106.777138, -6.21686509999995], [106.77723710000004, -6.216973799999948], [106.77744310000008, -6.217097299999978], [106.77783220000003, -6.217289499999936], [106.77794670000009, -6.217327199999943], [106.77821370000004, -6.217447299999947], [106.77832810000007, -6.217556499999944], [106.778351, -6.217588499999977], [106.77838150000008, -6.217668099999969], [106.778435, -6.217901299999937], [106.77847310000004, -6.218320399999925], [106.77848070000005, -6.218781], [106.77848840000007, -6.218966499999965], [106.77847310000004, -6.21976849999993], [106.77847310000004, -6.219824799999969], [106.77847310000004, -6.220124699999928], [106.77848060000008, -6.220386599999927], [106.77848070000005, -6.220693099999949], [106.77848070000005, -6.220868199999927], [106.77848070000005, -6.221136599999966], [106.77847310000004, -6.221823699999959], [106.77846550000004, -6.222150399999975], [106.77846550000004, -6.222268099999951], [106.77845780000007, -6.222476499999971], [106.77845780000007, -6.223219899999947], [106.77845780000007, -6.223322], [106.77845780000007, -6.224387199999967], [106.77845030000009, -6.224836], [106.77847220000007, -6.224848099999974], [106.77847060000005, -6.224945099999957], [106.77844430000005, -6.225194199999976], [106.77843660000008, -6.225463399999967], [106.77842970000006, -6.225703599999974], [106.77841150000006, -6.226339099999961], [106.77840540000005, -6.226554], [106.77840930000008, -6.226681499999927], [106.77841620000004, -6.226909], [106.77831270000007, -6.226914699999952], [106.77795430000003, -6.226916099999926], [106.77783620000008, -6.226967399999978], [106.77770850000007, -6.226967799999954], [106.77748340000005, -6.226968599999964], [106.77742970000008, -6.226937699999951], [106.77735880000006, -6.226938899999936], [106.77722090000009, -6.226941199999942], [106.77720160000007, -6.226941599999975], [106.77707470000007, -6.226944199999934], [106.77696940000004, -6.22694649999994], [106.77696470000006, -6.227035099999966], [106.77653290000006, -6.227065899999957], [106.77651910000009, -6.227066899999954], [106.77626920000006, -6.227067699999964], [106.77624880000008, -6.226983099999927], [106.77615710000003, -6.226984399999935], [106.77614030000007, -6.227024], [106.77582640000008, -6.227036599999963], [106.77575930000006, -6.227039399999967], [106.77564360000008, -6.227043499999979], [106.775322, -6.227054899999928], [106.77529950000007, -6.227080399999977], [106.77516090000006, -6.227058199999931], [106.77512720000004, -6.227052799999967], [106.77490170000004, -6.227061699999979], [106.77484350000009, -6.22706409999995], [106.77483240000004, -6.227019399999961], [106.77456090000004, -6.227034299999957], [106.77450510000006, -6.227006599999925], [106.77445690000008, -6.227089199999966], [106.77395120000006, -6.227099499999952], [106.77380490000007, -6.227102499999944], [106.773761, -6.227103399999976], [106.77341050000007, -6.227110499999981], [106.77325070000006, -6.227113799999927], [106.77279490000006, -6.227123099999972], [106.772731, -6.22712439999998], [106.77191450000004, -6.227141], [106.77182530000005, -6.227140399999939], [106.77178730000008, -6.227140199999951], [106.77109290000004, -6.227166599999975], [106.77017740000008, -6.227196499999934], [106.76994010000004, -6.227219499999933], [106.76985680000007, -6.227215799999954], [106.76980190000006, -6.227213399999926], [106.76911010000003, -6.227231199999949], [106.76896060000007, -6.227231699999948], [106.76884510000008, -6.227238], [106.76865550000008, -6.227248399999951], [106.76835240000008, -6.227264899999966], [106.76801790000007, -6.227249299999926], [106.76784040000007, -6.227274299999976], [106.76778860000007, -6.227276599999925], [106.76769040000005, -6.227276899999936], [106.76764290000006, -6.227277099999981], [106.76751850000005, -6.227277499999957], [106.76739320000007, -6.227301099999977], [106.76725240000007, -6.227327599999967], [106.76713080000007, -6.227356], [106.76690160000004, -6.22740959999993], [106.76673660000006, -6.227448199999969], [106.76651360000005, -6.227430399999946], [106.76638160000005, -6.227395699999931], [106.76629870000005, -6.227412399999935], [106.76628140000008, -6.22741179999997], [106.766232, -6.22740779999998], [106.76597510000005, -6.227387199999953], [106.76578990000007, -6.227372399999979], [106.76556540000007, -6.227354399999967], [106.76438530000007, -6.227259699999934], [106.76433090000006, -6.227255399999933], [106.76430820000007, -6.227256], [106.76442, -6.22705], [106.76451, -6.2269], [106.76461220000004, -6.226827899999932], [106.764659, -6.226801299999977], [106.76474780000007, -6.226759099999981], [106.76481, -6.22674], [106.76488690000008, -6.226730399999951], [106.76496560000004, -6.226730099999941], [106.76509730000004, -6.226791099999957], [106.76521140000006, -6.22684339999995], [106.76524850000004, -6.226870599999927], [106.76526420000005, -6.226895799999966], [106.76541370000007, -6.227026899999942], [106.76562040000005, -6.227084099999956], [106.76563310000006, -6.227087599999948], [106.76571540000003, -6.22712839999997], [106.765756, -6.227148599999964], [106.76592250000004, -6.227139299999976], [106.76608010000007, -6.227068599999939], [106.76615890000005, -6.226991899999973], [106.76614990000007, -6.226872299999968], [106.76608990000005, -6.226795599999946], [106.76614930000005, -6.226667299999974], [106.76613, -6.22626], [106.76614, -6.22607], [106.76617, -6.22601], [106.76632, -6.22596], [106.76662, -6.22588], [106.76677, -6.22579], [106.76694, -6.22558], [106.76703, -6.22541], [106.76704, -6.2253], [106.76698910000005, -6.225177799999926], [106.76673150000005, -6.224900299999945], [106.76657120000004, -6.224749599999939], [106.76644150000004, -6.22454879999998], [106.76632710000007, -6.224338499999931], [106.76624320000008, -6.224180699999977], [106.76612870000008, -6.22403769999994], [106.76580070000006, -6.223673799999972], [106.76563280000005, -6.223330099999941], [106.76555, -6.222980799999959], [106.76550050000009, -6.222982399999978], [106.76494720000005, -6.223052299999949], [106.76427990000008, -6.223136699999941], [106.76425190000003, -6.223140299999955], [106.76327530000003, -6.223085], [106.76250760000005, -6.223135799999966], [106.76249710000008, -6.22313639999993], [106.76208510000004, -6.223147899999958], [106.76190290000005, -6.223138699999936], [106.76189230000006, -6.223138099999971], [106.76177190000004, -6.223132], [106.76161450000006, -6.22312409999995], [106.76160390000007, -6.223123599999951], [106.76158930000008, -6.223124399999961], [106.76151290000007, -6.22312839999995], [106.76130590000008, -6.223139199999935], [106.76094080000007, -6.223158399999932], [106.76083, -6.223155899999938], [106.76037790000004, -6.223144499999933], [106.76036260000006, -6.223144499999933], [106.76032830000008, -6.223144499999933], [106.76028630000008, -6.223144499999933], [106.76026340000004, -6.223144499999933], [106.76021, -6.223138799999958], [106.76014080000004, -6.223146399999962], [106.75952170000005, -6.223135], [106.75928960000005, -6.223115399999926], [106.75898690000008, -6.223088599999926], [106.75892250000004, -6.22308529999998], [106.75886730000008, -6.223081599999944], [106.75881370000008, -6.223079699999971], [106.75866510000009, -6.223100699999975], [106.75858120000004, -6.22311209999998], [106.75855860000007, -6.223115099999973], [106.758507, -6.223122299999943], [106.75833720000008, -6.223145], [106.75832690000004, -6.22313719999994], [106.758207, -6.223046799999963], [106.75810660000008, -6.223045299999967], [106.75791390000006, -6.22304239999994], [106.75785260000004, -6.223041499999965], [106.75766160000006, -6.222975099999928], [106.75755120000008, -6.222936599999969], [106.75748230000005, -6.222934199999941], [106.75738540000003, -6.222931099999926], [106.75736090000004, -6.222932899999932], [106.75729180000008, -6.222934699999939], [106.75720020000006, -6.222942399999965], [106.75713660000008, -6.22294729999993], [106.75700520000004, -6.22295859999997], [106.75688030000003, -6.222967599999947], [106.75672640000005, -6.222978699999942], [106.75614190000005, -6.222972199999958], [106.75586890000005, -6.222969099999943], [106.75553320000006, -6.222967099999948], [106.75539210000005, -6.222965199999976], [106.75519750000007, -6.222963299999947], [106.75506780000006, -6.222961399999974], [106.75483890000004, -6.222959499999945], [106.75467330000004, -6.222957599999972], [106.75420570000006, -6.222953799999971], [106.75418280000008, -6.222932799999967], [106.75392850000009, -6.222951599999931], [106.75353430000007, -6.22294809999994], [106.75308140000004, -6.222944199999972], [106.75279650000004, -6.222941099999957], [106.752039, -6.222932799999967], [106.75196270000004, -6.222932799999967], [106.751482, -6.222929], [106.75122640000006, -6.22291759999996], [106.75074580000006, -6.222898499999928], [106.75073430000003, -6.222898499999928], [106.75070080000006, -6.222902199999965], [106.75070080000006, -6.222849499999938], [106.75070110000007, -6.222659199999953], [106.750461, -6.222650699999974], [106.75024310000003, -6.22266419999994], [106.74969290000007, -6.222719199999972], [106.74949460000005, -6.22274589999995], [106.749052, -6.222805], [106.74905070000005, -6.223068399999931], [106.74902920000005, -6.223070099999973], [106.74825480000004, -6.223148299999934], [106.74740790000004, -6.223003399999925], [106.74739270000003, -6.223003399999925], [106.74739190000008, -6.223026], [106.74731240000006, -6.223014599999942], [106.74722580000008, -6.223025299999961], [106.74668290000005, -6.223092599999973], [106.74570870000008, -6.223213299999941], [106.74505220000009, -6.22329469999994], [106.74497030000003, -6.223304799999937], [106.74481350000008, -6.223222399999941], [106.74440540000006, -6.223007899999971], [106.74397010000007, -6.223080099999947], [106.743708, -6.223123499999929], [106.74252320000005, -6.223266199999955], [106.74185050000006, -6.223322799999949], [106.74062820000006, -6.223425499999962], [106.74034380000006, -6.223449399999936], [106.73868660000005, -6.223588599999971], [106.73780050000005, -6.223663099999953], [106.73752130000008, -6.223686499999928], [106.73741030000008, -6.22360649999996], [106.73737220000004, -6.223613199999932], [106.73731550000008, -6.223623099999941], [106.73735610000006, -6.22380789999994], [106.73761120000006, -6.224970199999973], [106.73763890000004, -6.225084799999934], [106.73766750000004, -6.225128499999926], [106.73767890000005, -6.225187799999958], [106.73777880000006, -6.225320299999964], [106.73897270000003, -6.225249899999937], [106.73962760000006, -6.225279], [106.73962280000006, -6.225438499999939], [106.73961350000008, -6.225902499999961], [106.73965620000007, -6.225933199999929], [106.739702, -6.225966099999937], [106.73967210000006, -6.226077499999974], [106.740303, -6.22610409999993], [106.74031510000003, -6.226198199999942], [106.74029970000004, -6.226198299999965], [106.74031290000005, -6.226271399999973], [106.74031330000008, -6.22640789999997], [106.74027680000006, -6.226893799999971], [106.74024050000008, -6.227467099999956], [106.74031770000005, -6.227469599999949], [106.74030740000006, -6.227635599999928], [106.74143560000005, -6.227731499999948], [106.74269430000004, -6.22719619999998], [106.74276890000004, -6.227231399999937], [106.74275990000007, -6.227269199999967], [106.74278280000004, -6.22727539999994], [106.74285150000009, -6.227306899999974], [106.743211, -6.22746589999997], [106.74325730000004, -6.22757729999995], [106.74321530000009, -6.228063199999951], [106.74313770000003, -6.228522], [106.74318440000008, -6.22861469999998], [106.74319810000009, -6.228641899999957], [106.74321380000004, -6.228642499999978], [106.74336310000007, -6.228820499999927], [106.744159, -6.22875149999993], [106.744337, -6.228910799999937], [106.74433520000008, -6.228958199999965], [106.74430180000007, -6.229173199999934], [106.74403860000007, -6.229583499999933], [106.74405050000007, -6.229587599999945], [106.74417020000004, -6.229628699999978], [106.74389930000007, -6.230478499999947], [106.74538780000006, -6.230721699999947], [106.74537640000005, -6.23083459999998], [106.74532870000007, -6.231271399999969], [106.74529410000008, -6.231459799999925], [106.74526440000005, -6.231621], [106.74519910000004, -6.231654], [106.74497040000006, -6.231763899999976], [106.74475270000005, -6.231917499999952], [106.74455640000008, -6.231950899999958], [106.74448470000004, -6.232000699999958], [106.74439860000007, -6.232060599999954], [106.74442930000004, -6.232289699999967], [106.74443890000003, -6.232313], [106.74443620000005, -6.232335699999965], [106.74446460000007, -6.232375099999956], [106.74447880000008, -6.232409699999948], [106.74457780000006, -6.232644099999959], [106.74465530000003, -6.23300409999996], [106.74466270000005, -6.233577199999957], [106.74460640000007, -6.233866699999965], [106.74457590000009, -6.233940899999936], [106.74448730000006, -6.234156399999961], [106.74429770000006, -6.234539199999972], [106.74410980000005, -6.235385099999974], [106.74391940000004, -6.236242299999958], [106.74403330000007, -6.236255699999958], [106.74406150000004, -6.236257799999976], [106.74402350000008, -6.236472399999968], [106.74501390000006, -6.236516299999948], [106.74610790000008, -6.236313499999937], [106.74681910000004, -6.236373], [106.74687110000008, -6.236377399999981], [106.74688510000004, -6.236378699999932], [106.746999, -6.236389599999939], [106.74701710000005, -6.23645259999995], [106.74740620000006, -6.238025199999981], [106.74753590000006, -6.238563099999965], [106.747864, -6.239277399999935], [106.74810810000008, -6.239732299999957], [106.74822250000005, -6.239913499999943], [106.74845910000005, -6.240353599999935], [106.74847430000005, -6.240399899999943], [106.74853530000007, -6.240535299999976], [106.74858880000005, -6.240682599999957], [106.74861160000006, -6.240953899999965], [106.74839640000005, -6.241280399999937], [106.748332, -6.241395399999931], [106.74823740000005, -6.241460699999948], [106.74799340000004, -6.241606199999978], [106.74774970000004, -6.241806699999927], [106.74764030000006, -6.241921899999966], [106.74754590000003, -6.242027099999973], [106.74746070000003, -6.242238599999951], [106.74742710000004, -6.242322], [106.74727310000009, -6.242507199999977], [106.74715920000006, -6.242782199999965], [106.74711540000004, -6.243111799999951], [106.747045, -6.243364699999972], [106.74700190000004, -6.243486599999926], [106.74699270000008, -6.243711299999973], [106.74699850000007, -6.243950899999959], [106.74695, -6.244360399999948], [106.74691790000008, -6.244621799999948], [106.74684930000006, -6.244831099999942], [106.74681870000006, -6.245034699999962], [106.74681390000006, -6.245267699999943], [106.746811, -6.245400299999972], [106.74680350000006, -6.245541599999967], [106.74675010000004, -6.246213399999931], [106.74667320000003, -6.246667699999932], [106.74667940000006, -6.247205199999939], [106.74678090000003, -6.247286799999927], [106.74698920000009, -6.247688099999948], [106.74706270000007, -6.247834], [106.74708780000009, -6.247972299999958], [106.74717250000003, -6.248293399999966], [106.74716840000008, -6.248543099999949], [106.74717960000004, -6.248587199999974], [106.74723590000008, -6.248661899999945], [106.74724790000005, -6.248748], [106.74731390000005, -6.248797199999956], [106.74751380000004, -6.248901299999943], [106.74779860000007, -6.249030199999936], [106.74796870000006, -6.249179399999946], [106.74813410000007, -6.24943339999993], [106.74815340000004, -6.249611899999934], [106.74813860000006, -6.249805499999979], [106.74811370000003, -6.249899099999936], [106.74808610000008, -6.250002699999925], [106.74806650000005, -6.250087599999972], [106.74819120000006, -6.250097199999971], [106.748296, -6.25009689999996], [106.74860030000008, -6.250085899999931], [106.74879480000004, -6.250080199999957], [106.74897440000007, -6.25008459999998], [106.749114, -6.25006419999994], [106.74997210000004, -6.250051299999939], [106.75009680000005, -6.25005589999995], [106.750461, -6.250049699999977], [106.75088520000008, -6.250038699999948], [106.75112440000004, -6.250032499999975], [106.75130380000007, -6.249987], [106.75160320000003, -6.249986], [106.75178730000005, -6.249973599999976], [106.75178620000008, -6.25002539999997], [106.75180370000004, -6.250582799999961], [106.75179290000005, -6.250737599999979], [106.75178120000004, -6.250904799999944], [106.75182970000009, -6.251037699999927], [106.75195260000004, -6.251110899999958], [106.75218540000009, -6.251073299999973], [106.75227190000004, -6.251192099999969], [106.75227230000007, -6.251309], [106.75222760000008, -6.251553699999931], [106.75217630000009, -6.251834799999926], [106.75213560000009, -6.252057799999932], [106.752119, -6.25228409999994], [106.75244560000004, -6.252276499999937], [106.75255370000008, -6.252273899999977], [106.75279740000008, -6.252334], [106.75295470000003, -6.252551], [106.75305960000009, -6.252733399999954], [106.75315570000004, -6.252872299999979], [106.75347640000007, -6.253069], [106.75349080000007, -6.253066699999977], [106.75350270000007, -6.253074899999945], [106.75356390000007, -6.253125599999976], [106.753609, -6.253163], [106.75366430000008, -6.253214899999932], [106.75383740000007, -6.253347799999972], [106.753877, -6.253457599999933], [106.75398020000006, -6.253810599999952], [106.75409860000008, -6.254030099999966], [106.75424010000006, -6.254116], [106.75423790000008, -6.254142399999978], [106.75417970000007, -6.254822899999965], [106.75417320000008, -6.255231199999969], [106.75400880000007, -6.255326], [106.75393060000005, -6.255428299999949], [106.75444880000003, -6.255513], [106.75464510000006, -6.255559399999981], [106.75467690000005, -6.255677099999957], [106.75470870000004, -6.255794799999933], [106.75441840000008, -6.25581139999997], [106.75427980000006, -6.255814799999939], [106.75396340000009, -6.255822399999943], [106.75366520000006, -6.255829699999936], [106.75357150000008, -6.25596349999995], [106.75351680000006, -6.25605], [106.75351690000008, -6.256062499999928], [106.75351740000008, -6.256185099999925], [106.75357550000007, -6.256367], [106.75369370000004, -6.256623599999955], [106.75367680000005, -6.256618599999968], [106.75375350000007, -6.256753899999978], [106.75389640000009, -6.256928199999948], [106.75403750000004, -6.25707639999996], [106.75411250000008, -6.257284299999981], [106.754232, -6.257462399999952], [106.75425380000007, -6.257494899999926], [106.75427440000004, -6.257525599999951], [106.75441130000007, -6.257729499999925], [106.75447750000006, -6.258449799999937], [106.75443360000008, -6.259072699999933], [106.75437390000008, -6.259847], [106.75278010000005, -6.259826299999929], [106.75268780000005, -6.259810499999958], [106.75267760000008, -6.259808699999951], [106.75257230000005, -6.259790599999974], [106.75235950000007, -6.259796499999936], [106.75220890000008, -6.25989919999995], [106.75218340000004, -6.25991659999994], [106.75195580000008, -6.260156299999949], [106.75173970000009, -6.260342599999944], [106.75157180000008, -6.260545299999933], [106.75151450000004, -6.260621599999979], [106.75139640000003, -6.260778899999934], [106.75132770000005, -6.261066899999946], [106.75138880000009, -6.261102199999925], [106.75151080000006, -6.261232899999925], [106.75147270000008, -6.261469799999929], [106.75143450000007, -6.261684399999979], [106.751465, -6.261748799999964], [106.75157950000005, -6.261788899999942], [106.751877, -6.261874199999966], [106.75203720000007, -6.261923299999978], [106.75217460000005, -6.261966299999926], [106.75227380000007, -6.261993399999938], [106.75278490000005, -6.262136], [106.75293310000006, -6.262137499999938], [106.75305260000005, -6.262163], [106.75339550000007, -6.262229399999967], [106.75364470000005, -6.262228599999958], [106.75382090000005, -6.262155299999961], [106.75398160000009, -6.262082], [106.754277, -6.26192], [106.75437570000008, -6.261956], [106.75447960000008, -6.261966099999938], [106.75461980000006, -6.26196559999994], [106.75505580000004, -6.261969299999976], [106.75531530000006, -6.261926899999935], [106.75548640000005, -6.261869199999978], [106.75562120000006, -6.261806399999955], [106.755842, -6.261716199999967], [106.75586480000004, -6.261706899999979], [106.75608760000006, -6.261565899999937], [106.75631050000004, -6.261482], [106.75631280000005, -6.261501], [106.756325, -6.2616], [106.75646970000008, -6.262258499999973], [106.75648520000004, -6.262328699999955], [106.75652330000008, -6.262475], [106.75629450000008, -6.262526], [106.75601980000005, -6.262558899999931], [106.75584430000004, -6.26257709999993], [106.755646, -6.262661], [106.75553920000004, -6.262784], [106.75547050000006, -6.262910399999953], [106.75534080000006, -6.262999499999978], [106.754944, -6.263455], [106.75474880000007, -6.263575299999957], [106.75396460000007, -6.263354299999946], [106.75353450000006, -6.263288099999954], [106.75389520000004, -6.263990299999932], [106.75365890000006, -6.26418289999998], [106.75345630000004, -6.264288399999941], [106.75310540000004, -6.264322799999945], [106.75293750000009, -6.26434949999998], [106.75273920000006, -6.264430499999946], [106.75252550000005, -6.26458219999995], [106.75245750000005, -6.264694599999928], [106.75242630000008, -6.264917799999978], [106.75246450000009, -6.265057099999979], [106.75264760000005, -6.265389899999946], [106.75270860000006, -6.265519], [106.75273950000008, -6.265709099999981], [106.75267510000003, -6.265864299999976], [106.75261080000007, -6.266115499999955], [106.75250450000004, -6.266278], [106.75249810000008, -6.266288299999928], [106.75267190000005, -6.266387499999951], [106.75260590000005, -6.266645099999948], [106.75261490000008, -6.266971299999966], [106.75261050000006, -6.266985599999941], [106.752585, -6.267381199999932], [106.75265580000007, -6.267726799999934], [106.752527, -6.26782929999996], [106.75237250000004, -6.268011699999931], [106.75226630000009, -6.268341299999975], [106.75296810000003, -6.269010199999968], [106.75301320000005, -6.269032599999946], [106.75293250000004, -6.269135199999937], [106.75266630000004, -6.269410599999958], [106.75227040000004, -6.26982019999997], [106.75222030000003, -6.26987029999998], [106.75196860000005, -6.270126299999959], [106.751816, -6.270287499999938], [106.75128960000006, -6.270830199999978], [106.75077840000006, -6.271350899999959], [106.75056, -6.27157], [106.75029880000005, -6.271841199999926], [106.75030240000007, -6.271856399999933], [106.75061910000005, -6.272164299999929], [106.75070220000003, -6.272319099999947], [106.75073420000007, -6.272392799999977], [106.75113570000008, -6.272364099999947], [106.75148590000003, -6.27276779999994], [106.75149380000005, -6.272777399999939], [106.75149560000006, -6.272806199999934], [106.75157180000008, -6.274201399999981], [106.75158710000005, -6.274566199999981], [106.75205250000005, -6.274558099999979], [106.75293750000009, -6.274499399999968], [106.75310540000004, -6.274488899999938], [106.75323510000004, -6.27448279999993], [106.75389880000006, -6.27447849999993], [106.75431080000004, -6.274480799999935], [106.75456260000004, -6.274468399999932], [106.75490590000004, -6.274443199999951], [106.75508140000005, -6.274438399999951], [106.75514240000007, -6.274430299999949], [106.75585960000006, -6.274357299999963], [106.75630970000009, -6.274365], [106.75648520000004, -6.274385], [106.756592, -6.27438589999997], [106.75671410000007, -6.274380199999939], [106.75686620000005, -6.274262199999953], [106.75696380000005, -6.274247399999979], [106.75713760000008, -6.274891099999934], [106.757183, -6.275782], [106.75715660000009, -6.275848399999973], [106.75715660000009, -6.276075399999968], [106.757198, -6.276273899999978], [106.75719040000007, -6.277839799999981], [106.75721810000005, -6.277843], [106.75829240000007, -6.277965], [106.75979520000004, -6.278160299999968], [106.76033810000007, -6.277915199999939], [106.76063830000004, -6.277868199999943], [106.76171120000004, -6.277824599999974], [106.76189610000006, -6.277838799999927], [106.76218760000006, -6.277861], [106.76221250000003, -6.277862899999946], [106.76218040000003, -6.278039099999944], [106.762108, -6.278606899999943], [106.76210040000007, -6.278677499999958], [106.76205250000004, -6.278971599999977], [106.76199360000004, -6.279332699999941], [106.76197830000007, -6.279424199999937], [106.76188680000007, -6.279848099999981], [106.76186780000006, -6.279981199999952], [106.76185630000003, -6.280061699999976], [106.76184860000006, -6.280115599999931], [106.76181050000008, -6.280277299999966], [106.76165040000006, -6.281068299999959], [106.76155320000004, -6.281427599999972], [106.76125780000007, -6.282520099999942], [106.76115260000006, -6.282909299999972], [106.761111, -6.283032], [106.761106, -6.283047699999941], [106.76095150000003, -6.283536899999945], [106.76080810000008, -6.283990899999935], [106.76070830000003, -6.284307099999978], [106.76063690000007, -6.284618599999931], [106.76052520000007, -6.285105699999974], [106.760488, -6.285198699999967], [106.76043820000007, -6.285322899999926], [106.76021220000007, -6.286098299999935], [106.76020850000003, -6.286108599999977], [106.76010290000005, -6.286402599999974], [106.76025150000004, -6.286453199999926], [106.76025460000005, -6.286442799999975], [106.76164110000008, -6.286815599999954], [106.76174310000005, -6.286591], [106.76184790000008, -6.286600499999963], [106.76235660000003, -6.286643799999979], [106.762339, -6.286918699999944], [106.76293350000009, -6.286850799999968], [106.76295090000008, -6.286871899999937], [106.76305240000005, -6.287882799999977], [106.76305880000007, -6.288121399999966], [106.76305430000008, -6.288145799999938], [106.76306860000005, -6.288749399999972], [106.763451, -6.288766899999928], [106.76591060000004, -6.288837099999967], [106.76595760000004, -6.288954099999955], [106.76597530000004, -6.28925229999993], [106.76597980000008, -6.289523899999949], [106.76636240000005, -6.289523899999949], [106.76654210000004, -6.290288399999952], [106.76654630000007, -6.290339399999937], [106.76656360000004, -6.290548299999955], [106.76657790000007, -6.290576099999953], [106.76662460000006, -6.290667099999951], [106.76664340000008, -6.290705], [106.76670860000007, -6.290836299999967], [106.76703660000004, -6.291390399999955], [106.76718160000007, -6.29150629999998], [106.767229, -6.291517799999951], [106.76732650000008, -6.29154159999996], [106.76765280000006, -6.291550699999959], [106.76778990000008, -6.291554499999961], [106.76779750000009, -6.291571799999929], [106.76781090000009, -6.291555099999925], [106.76789110000004, -6.291557299999965], [106.76807420000006, -6.291668399999935], [106.76808950000009, -6.291704699999968], [106.76813530000004, -6.291791899999964], [106.76815050000005, -6.29190449999993], [106.76810470000004, -6.291976], [106.76802990000004, -6.292019499999981], [106.76801610000007, -6.292009099999973], [106.76801830000005, -6.292025399999943], [106.76775370000007, -6.292156499999976], [106.76772330000006, -6.292171499999938], [106.76749440000003, -6.292332699999974], [106.76751730000007, -6.292399], [106.76760120000006, -6.292509099999961], [106.767975, -6.292887699999937], [106.76812, -6.293035], [106.76814290000004, -6.293068399999981], [106.76825730000007, -6.293254399999967], [106.76825730000007, -6.293389299999944], [106.76820390000006, -6.293531], [106.768059, -6.293709299999932], [106.76789110000004, -6.293935799999929], [106.76735710000008, -6.294636299999979], [106.767174, -6.294869], [106.76714350000009, -6.294996799999979], [106.767174, -6.295155499999964], [106.76725790000006, -6.295312399999943], [106.76739520000007, -6.295490799999925], [106.76758590000009, -6.29566669999997], [106.76792930000005, -6.295834599999978], [106.76821160000009, -6.295899899999938], [106.76876090000007, -6.295929399999977], [106.76878380000005, -6.295922799999971], [106.76892110000006, -6.29589029999994], [106.769211, -6.295727299999953], [106.76953140000006, -6.295572799999945], [106.76971460000004, -6.295536499999969], [106.76991290000007, -6.29555229999994], [106.77008080000007, -6.295619], [106.77017990000007, -6.295723899999928], [106.77019520000005, -6.295813599999974], [106.77014180000003, -6.296033899999941], [106.77001210000009, -6.296191199999953], [106.76984430000005, -6.29643729999998], [106.76977560000006, -6.296722], [106.76973750000008, -6.297004299999969], [106.76973750000008, -6.297278399999925], [106.76979850000004, -6.297561199999961], [106.76985950000005, -6.297638899999981], [106.76998160000005, -6.297711399999969], [106.77014940000004, -6.297759099999951], [106.77027910000004, -6.297744799999975], [106.77040880000004, -6.297667499999932], [106.77053090000004, -6.297532599999954], [106.77070640000005, -6.297356599999944], [106.77075980000006, -6.297366599999975], [106.77079030000004, -6.297427199999959], [106.77083610000005, -6.297655599999928], [106.770859, -6.298005099999955], [106.77092, -6.298454799999945], [106.77103440000008, -6.298729399999957], [106.77120230000008, -6.298978299999931], [106.77128620000008, -6.299055599999974], [106.77140060000005, -6.299062299999946], [106.77162190000007, -6.299028399999941], [106.77176690000005, -6.298920199999941], [106.77200340000007, -6.298771899999963], [106.77253740000003, -6.298431899999969], [106.77258320000004, -6.298414199999968], [106.77294180000007, -6.298269299999959], [106.77317070000004, -6.298260199999959], [106.773514, -6.298281699999961], [106.77359030000008, -6.298346099999947], [106.77375050000006, -6.298570699999971], [106.77376060000006, -6.298597399999949], [106.77385730000009, -6.298852499999953], [106.77391830000005, -6.299113299999931], [106.77390310000004, -6.299329799999953], [106.77385730000009, -6.299457099999927], [106.77374290000006, -6.299531499999944], [106.77362080000006, -6.29955149999995], [106.77348350000005, -6.299521], [106.77318590000004, -6.299393699999939], [106.77288840000006, -6.299298799999974], [106.77229330000006, -6.299126699999931], [106.77211020000004, -6.299145199999941], [106.77164480000005, -6.299279699999943], [106.77152270000005, -6.299374099999966], [106.77150750000004, -6.299457599999926], [106.77154560000008, -6.299543399999948], [106.77162950000007, -6.299599699999931], [106.77237720000005, -6.299981599999967], [106.77252980000009, -6.300106599999935], [106.772629, -6.300276799999949], [106.77278920000003, -6.300551399999961], [106.77309440000005, -6.300959099999943], [106.77318590000004, -6.301208], [106.77317830000004, -6.301393499999961], [106.77312490000008, -6.301498], [106.773041, -6.301545199999964], [106.77285020000005, -6.301567099999943], [106.77234670000007, -6.301571399999943], [106.77206440000003, -6.301561399999969], [106.77163720000004, -6.301580899999976], [106.77143880000006, -6.301629599999956], [106.77116410000008, -6.301749299999926], [106.77096580000006, -6.301897599999961], [106.77086660000003, -6.302016799999933], [106.770859, -6.302105399999959], [106.77090470000007, -6.302198899999951], [106.771065, -6.302471699999955], [106.77130910000005, -6.303062], [106.771454, -6.303161599999953], [106.77162950000007, -6.303246099999967], [106.77175160000007, -6.30324319999994], [106.77191950000008, -6.303201199999933], [106.77203390000005, -6.303170699999953], [106.77233910000007, -6.303087299999959], [106.77265950000009, -6.303000899999972], [106.77291130000003, -6.302957099999958], [106.77317830000004, -6.302956599999959], [106.773308, -6.30300189999997], [106.77346820000008, -6.303120199999967], [106.77352160000004, -6.303215499999965], [106.773514, -6.303327599999932], [106.773453, -6.303557399999931], [106.77337670000009, -6.303691399999934], [106.77335380000005, -6.303732399999944], [106.77319360000007, -6.303949899999964], [106.77288840000006, -6.304411399999935], [106.77288070000009, -6.304505799999959], [106.77292650000004, -6.304636], [106.77302570000006, -6.304730399999926], [106.77315540000006, -6.304795799999965], [106.77332330000007, -6.304795299999967], [106.773453, -6.304753799999958], [106.77359030000008, -6.304656], [106.77368950000005, -6.304525399999932], [106.77375810000007, -6.304363699999953], [106.77384970000008, -6.304159199999958], [106.77395650000005, -6.303884], [106.77411670000004, -6.303605599999969], [106.77432270000008, -6.303376699999944], [106.77446, -6.30329519999998], [106.77462790000004, -6.30328419999995], [106.77490250000005, -6.303309], [106.775078, -6.303426799999954], [106.775284, -6.303613199999972], [106.77552050000008, -6.30391359999993], [106.77559680000007, -6.304074799999967], [106.77561210000005, -6.304230199999949], [106.77558160000007, -6.304358], [106.77551290000008, -6.304408099999932], [106.77526110000008, -6.304510099999959], [106.77485680000007, -6.304646499999933], [106.77479570000008, -6.30472519999995], [106.77478050000008, -6.304846299999951], [106.77481860000006, -6.305104299999925], [106.77494070000006, -6.305299799999943], [106.77507040000006, -6.305466199999955], [106.77520010000006, -6.305636399999969], [106.77532220000006, -6.305832399999929], [106.77536030000005, -6.306010299999969], [106.77533420000009, -6.306121699999949], [106.77532980000007, -6.306140399999947], [106.77526880000005, -6.306186199999956], [106.77515430000005, -6.306194299999959], [106.77456680000006, -6.306189599999925], [106.77408620000006, -6.30636979999997], [106.77396410000006, -6.306469899999968], [106.773926, -6.30656289999996], [106.77391830000005, -6.306700699999965], [106.77395650000005, -6.30686529999997], [106.77410150000009, -6.307125599999949], [106.77432270000008, -6.30737929999998], [106.774666, -6.307756899999958], [106.77491780000008, -6.308085499999947], [106.77497120000004, -6.308243299999958], [106.77496360000004, -6.308388299999933], [106.77490250000005, -6.308504099999936], [106.77471940000004, -6.308708699999954], [106.77408620000006, -6.309068699999955], [106.77387260000006, -6.309118799999965], [106.77352160000004, -6.309210299999961], [106.77334610000008, -6.309319], [106.77325460000009, -6.309426799999926], [106.77323930000006, -6.309534099999951], [106.77327750000006, -6.309679], [106.77335380000005, -6.309791599999926], [106.77349870000006, -6.309906499999954], [106.77371240000008, -6.310009499999978], [106.77391830000005, -6.310060499999963], [106.77457450000009, -6.310167799999931], [106.77472710000006, -6.310210199999972], [106.77506280000006, -6.310301799999934], [106.77525350000008, -6.310417199999961], [106.77533740000007, -6.310543099999961], [106.77532220000006, -6.310637], [106.77525350000008, -6.310712299999977], [106.77505510000009, -6.310831099999973], [106.77481860000006, -6.310990299999958], [106.774605, -6.311199699999975], [106.77452870000008, -6.311277899999936], [106.77446770000006, -6.311390899999935], [106.77445240000009, -6.31152869999994], [106.77448290000007, -6.311739], [106.774605, -6.312028399999974], [106.77471940000004, -6.312135199999943], [106.77481860000006, -6.312161899999978], [106.77494070000006, -6.312134799999967], [106.77506280000006, -6.312057], [106.77523060000004, -6.311873499999933], [106.77539850000005, -6.311729899999932], [106.77560440000008, -6.311652699999968], [106.775902, -6.311608299999932], [106.77612320000009, -6.311615], [106.77630630000004, -6.311684099999979], [106.776436, -6.311787599999946], [106.77653520000007, -6.311933499999952], [106.77654290000004, -6.312068499999953], [106.77645130000008, -6.313069799999937], [106.776436, -6.313285899999926], [106.77646660000005, -6.313526699999954], [106.77665730000007, -6.314238099999955], [106.776726, -6.314969599999927], [106.77677940000007, -6.315229], [106.77684040000008, -6.315314299999955], [106.77696250000008, -6.315356299999962], [106.77717610000008, -6.315398199999947], [106.77780930000006, -6.315455499999928], [106.77823660000007, -6.315473099999963], [106.77842730000003, -6.315518399999974], [106.77941910000004, -6.315878899999973], [106.77962510000003, -6.316035299999953], [106.77977770000007, -6.316200699999968], [106.77986930000009, -6.316346599999974], [106.77991510000004, -6.316502599999978], [106.77989980000007, -6.31654409999993], [106.779999, -6.316603199999975], [106.78024310000006, -6.316562699999963], [106.78031180000005, -6.316552699999932], [106.78084580000007, -6.316446299999939], [106.78116630000005, -6.316284199999927], [106.78125020000004, -6.316214099999968], [106.78138750000005, -6.316106799999943], [106.78151720000005, -6.315991399999973], [106.78164690000006, -6.315945199999931], [106.781769, -6.315929399999959], [106.78233360000007, -6.315889399999946], [106.782496, -6.315908], [106.78258980000004, -6.315972599999952], [106.78291970000004, -6.316609699999958], [106.78294720000008, -6.316603499999928], [106.78295920000005, -6.316624699999977], [106.78299670000007, -6.316612599999928], [106.78321070000004, -6.316544299999975], [106.78337120000003, -6.316527399999927], [106.78391290000008, -6.316433899999936], [106.78428670000005, -6.316429599999935], [106.78433250000006, -6.316417699999931], [106.78886210000007, -6.316264299999943], [106.78951280000007, -6.316242199999976], [106.78955860000008, -6.316112099999941], [106.78970360000005, -6.315654799999947], [106.78984090000006, -6.315262399999938], [106.79000870000004, -6.314889], [106.79010790000007, -6.31474929999996], [106.79039020000005, -6.31457759999995], [106.79054280000008, -6.314525099999969], [106.79057330000006, -6.314519], [106.79066490000008, -6.314597599999956], [106.79067630000009, -6.31460119999997], [106.79104630000006, -6.314774499999942], [106.79108450000007, -6.314796], [106.791466, -6.315162199999975], [106.79169480000007, -6.315388699999971], [106.79191610000004, -6.315544599999953], [106.79194660000007, -6.315557499999954], [106.79204330000005, -6.315588099999957], [106.79234330000008, -6.315682899999956], [106.79241960000007, -6.315701], [106.79271720000008, -6.315703399999961], [106.79286210000004, -6.315699099999961], [106.79301270000008, -6.315653299999951], [106.79303, -6.315648099999976], [106.79306810000008, -6.315635699999973], [106.79459420000006, -6.31555069999996], [106.79575930000004, -6.315485699999954], [106.79599090000005, -6.315472799999952], [106.79683480000006, -6.315425799999957], [106.797337, -6.315397799999971], [106.79764830000005, -6.315380399999981], [106.79863140000003, -6.315327299999979], [106.79874440000003, -6.315318599999955], [106.80069380000003, -6.315314199999932], [106.801015, -6.315313499999945], [106.80147570000008, -6.315312399999925], [106.80160540000008, -6.315291899999977], [106.801784, -6.315288299999963], [106.80237340000008, -6.315276299999937], [106.80247520000006, -6.315274299999942], [106.80340590000009, -6.315252799999939], [106.80369450000006, -6.315254599999946], [106.80386370000008, -6.315249899999969], [106.80401350000005, -6.315264399999933], [106.80408070000004, -6.315289399999926], [106.80427340000006, -6.315280299999927], [106.80435730000005, -6.315296799999942], [106.80444940000007, -6.315288099999975], [106.80476780000004, -6.315270199999929], [106.804932, -6.315269599999965], [106.80509120000005, -6.315230799999938], [106.80534920000008, -6.315203899999972], [106.80591180000005, -6.314979699999981], [106.80641030000004, -6.314538299999981], [106.80643310000005, -6.31451809999993], [106.80650740000004, -6.314532], [106.80665050000005, -6.314433299999962], [106.806718, -6.314440799999943], [106.806901, -6.314453599999979], [106.80716470000004, -6.314414199999931], [106.80892960000006, -6.314516099999935], [106.80892960000006, -6.31455], [106.80893490000005, -6.314559199999962], [106.808983, -6.314643899999965], [106.80915850000008, -6.314913799999943], [106.80917380000005, -6.315057299999978], [106.80913560000005, -6.315188399999954], [106.80909750000006, -6.315324799999928], [106.80905930000006, -6.315885599999945], [106.80899070000004, -6.315960399999938], [106.80889150000007, -6.315998599999944], [106.80872360000006, -6.316028599999981], [106.80847950000003, -6.316144], [106.80845660000006, -6.316250799999978], [106.80845660000006, -6.316679], [106.80839560000004, -6.316800599999965], [106.80829640000007, -6.316875499999981], [106.80815910000007, -6.317007599999954], [106.80802090000009, -6.317154], [106.80799120000006, -6.317185399999971], [106.80795990000007, -6.317218299999979], [106.80772420000005, -6.317472], [106.80764790000006, -6.317709], [106.80765550000007, -6.31793689999995], [106.80770890000008, -6.318241599999965], [106.80780050000004, -6.318472899999961], [106.80789970000006, -6.318604499999935], [106.80796830000008, -6.318663099999981], [106.80809040000008, -6.318765199999973], [106.80805990000005, -6.318847699999935], [106.80797350000006, -6.318914399999926], [106.80785390000005, -6.318933499999957], [106.80768610000007, -6.318970199999967], [106.80758690000005, -6.319055599999956], [106.80747240000005, -6.319208599999968], [106.80733510000005, -6.319535799999926], [106.80733510000005, -6.319643499999927], [106.80739610000006, -6.319824199999971], [106.80742180000004, -6.319896099999937], [106.80747240000005, -6.320037399999933], [106.80745720000004, -6.320136099999957], [106.80738090000006, -6.320285799999965], [106.80730460000007, -6.320477499999981], [106.80728930000004, -6.320623], [106.80728070000004, -6.32088049999993], [106.80724970000006, -6.320959399999936], [106.807181, -6.321021799999926], [106.80715980000008, -6.321101299999953], [106.80714020000005, -6.321194399999968], [106.80713360000004, -6.321263399999964], [106.80712690000007, -6.321339299999977], [106.80712040000009, -6.321429], [106.80710780000004, -6.321552199999928], [106.80709370000005, -6.321698099999935], [106.80706020000008, -6.321981099999959], [106.80701970000007, -6.322236499999974], [106.80697890000005, -6.322381499999949], [106.80691550000006, -6.322483099999943], [106.80679340000006, -6.322597499999972], [106.80666370000006, -6.322651899999926], [106.80648820000005, -6.322684299999935], [106.80601520000005, -6.322717199999943], [106.80597710000006, -6.322772499999928], [106.80584740000006, -6.323061], [106.80587790000004, -6.32323839999998], [106.80596180000003, -6.323382399999957], [106.80608920000009, -6.323551399999928], [106.80621360000004, -6.323716199999978], [106.80623650000007, -6.323815399999944], [106.80622880000004, -6.323955099999978], [106.806122, -6.324241699999959], [106.80599990000007, -6.324395699999968], [106.80588550000004, -6.324460099999953], [106.805794, -6.324450099999979], [106.80565660000008, -6.324382399999934], [106.80519890000005, -6.324133], [106.805031, -6.32408049999998], [106.80491920000009, -6.324106299999926], [106.80485550000009, -6.324121], [106.80469530000005, -6.324213099999952], [106.80458850000008, -6.324332699999957], [106.80452750000006, -6.324475799999959], [106.80451190000008, -6.324633299999959], [106.80448930000006, -6.325010799999973], [106.80441240000005, -6.325074399999949], [106.80415360000006, -6.32520059999996], [106.80413070000009, -6.325217299999963], [106.80405440000004, -6.325284], [106.80400870000005, -6.325402299999951], [106.80402390000006, -6.325502899999947], [106.80404680000004, -6.325619699999947], [106.80412310000008, -6.326364599999977], [106.80412010000003, -6.326438399999972], [106.804118, -6.326491799999928], [106.80410020000005, -6.32693009999997], [106.80399340000008, -6.327048299999944], [106.80384850000007, -6.327156599999967], [106.80357380000004, -6.327398799999969], [106.80341360000006, -6.327587599999958], [106.80335260000004, -6.327726899999959], [106.80333730000007, -6.327893299999971], [106.80334410000006, -6.328469699999971], [106.80334490000007, -6.328540799999928], [106.80335260000004, -6.328652899999952], [106.80335260000004, -6.328877499999976], [106.80336780000005, -6.328984299999945], [106.80337380000009, -6.329137599999967], [106.80339480000004, -6.329673899999932], [106.80339070000008, -6.329963699999951], [106.803322, -6.330077699999947], [106.803218, -6.330189], [106.80321370000007, -6.33017609999996], [106.80290240000005, -6.330510599999968], [106.80267350000008, -6.330641799999967], [106.802603, -6.3307], [106.80245230000008, -6.330824399999926], [106.80204030000004, -6.331235899999967], [106.801903, -6.331298899999979], [106.80171220000005, -6.331345599999963], [106.80144520000005, -6.331371299999944], [106.80132310000005, -6.331503399999974], [106.801285, -6.331615499999941], [106.801299, -6.331737899999951], [106.80135360000008, -6.331929699999932], [106.80145280000005, -6.332066599999962], [106.80154440000007, -6.332133299999953], [106.80156730000004, -6.332153399999925], [106.80176560000007, -6.332293099999958], [106.80179620000007, -6.332372699999951], [106.80186480000003, -6.332821399999943], [106.80188770000007, -6.332939199999942], [106.80183430000005, -6.333110399999953], [106.801697, -6.333417899999972], [106.80154440000007, -6.333510399999966], [106.80123920000005, -6.333640599999967], [106.80111160000007, -6.33363879999996], [106.80102870000007, -6.333639], [106.80074540000004, -6.333586899999943], [106.80030080000006, -6.333510399999966], [106.80028420000008, -6.333504], [106.80020270000006, -6.33347079999993], [106.80006370000007, -6.333414799999957], [106.79985040000008, -6.33333209999995], [106.79979560000004, -6.333316599999932], [106.79965890000005, -6.33328], [106.799621, -6.333309699999973], [106.79961410000004, -6.333417499999939], [106.799576, -6.333473699999956], [106.79946390000003, -6.333481], [106.79934710000003, -6.33348849999993], [106.79927840000005, -6.333593399999927], [106.79911820000007, -6.333960099999956], [106.79912590000004, -6.334068799999955], [106.79918690000005, -6.334399299999973], [106.79914110000004, -6.334613799999943], [106.79907250000008, -6.334756399999947], [106.798958, -6.334971], [106.798897, -6.335272799999927], [106.79887240000005, -6.335521099999937], [106.79887460000003, -6.335589299999981], [106.79883990000008, -6.335874899999965], [106.79882540000006, -6.336109499999964], [106.79871230000003, -6.336531899999954], [106.79871750000007, -6.336591799999951], [106.79875360000005, -6.336708899999962], [106.79880140000006, -6.336834], [106.79884630000004, -6.336936599999945], [106.79885380000007, -6.336950799999954], [106.79885880000006, -6.336965099999929], [106.79886, -6.336998799999947], [106.79886360000006, -6.337098699999956], [106.79886430000005, -6.337118499999974], [106.79886650000009, -6.337179699999979], [106.79883590000009, -6.337510599999973], [106.79883140000004, -6.337527099999932], [106.79883040000004, -6.337537299999951], [106.79872940000007, -6.33790289999996], [106.79867570000005, -6.338166699999931], [106.79871390000005, -6.338368899999978], [106.79879380000006, -6.338474199999951], [106.79894390000004, -6.338666299999943], [106.79905660000009, -6.338849499999981], [106.79911680000004, -6.338927699999942], [106.79955310000008, -6.339388399999962], [106.79959490000005, -6.339468199999942], [106.79968620000005, -6.339632599999959], [106.80001720000007, -6.340271399999949], [106.80004290000005, -6.340342699999951], [106.80002850000005, -6.340412699999945], [106.80001850000008, -6.340469399999961], [106.79992690000006, -6.340660599999978], [106.79984380000008, -6.340813], [106.79975460000009, -6.340991199999962], [106.79966460000009, -6.341144], [106.79962940000007, -6.34124], [106.79959260000004, -6.341327399999955], [106.79957570000005, -6.34137579999998], [106.79957230000008, -6.341474699999935], [106.79956840000006, -6.34159139999997], [106.79959130000009, -6.341746799999953], [106.79971330000006, -6.342101599999978], [106.799637, -6.342283299999963], [106.799515, -6.342437799999971], [106.79935470000004, -6.342652299999941], [106.79935470000004, -6.34279829999997], [106.79940050000005, -6.342930799999976], [106.79941230000009, -6.343018699999959], [106.79941440000005, -6.343034399999965], [106.79941580000008, -6.343044799999973], [106.79939650000006, -6.343088799999975], [106.79937480000007, -6.343154599999934], [106.79936240000006, -6.343166399999973], [106.79934450000007, -6.343178699999953], [106.79927820000006, -6.343231399999979], [106.79914790000004, -6.343252399999926], [106.79911820000007, -6.343258899999967], [106.79903430000007, -6.343285099999946], [106.79894280000008, -6.343394299999943], [106.79891990000004, -6.343514499999969], [106.79890550000005, -6.343779299999937], [106.79890460000007, -6.34379679999995], [106.79890460000007, -6.343906899999979], [106.79883590000009, -6.344014699999946], [106.79872150000006, -6.344105799999966], [106.79868790000006, -6.344121799999925], [106.798485, -6.344218299999966], [106.79832480000005, -6.344311299999958], [106.79820270000005, -6.344451499999934], [106.79816460000006, -6.344581199999936], [106.79816460000006, -6.344644099999925], [106.79799670000006, -6.344667], [106.79761530000007, -6.344729499999971], [106.79749320000008, -6.344765699999925], [106.79740930000008, -6.344858699999975], [106.79738640000005, -6.344946399999969], [106.79734820000004, -6.345059399999968], [106.79736350000007, -6.345366], [106.79737870000008, -6.345483799999954], [106.79731010000006, -6.345694599999945], [106.79710410000007, -6.345937799999945], [106.79694390000009, -6.346139899999969], [106.79686760000004, -6.346252], [106.79680650000006, -6.346336399999927], [106.79667680000006, -6.346479], [106.79655470000006, -6.346551399999953], [106.79633350000006, -6.346586299999956], [106.79616570000007, -6.346565799999951], [106.796036, -6.346508], [106.79583760000008, -6.346257199999968], [106.79571550000009, -6.346078399999953], [106.79560870000006, -6.346002099999964], [106.79548660000006, -6.345969199999956], [106.79534170000005, -6.345989699999961], [106.79515860000004, -6.346094199999925], [106.79478470000004, -6.346402199999943], [106.79460160000008, -6.346517099999971], [106.79441090000006, -6.346544799999947], [106.79412860000008, -6.346798], [106.79389210000005, -6.347004899999945], [106.79358690000004, -6.347200399999963], [106.79334280000006, -6.347459799999967], [106.79322830000007, -6.347555199999931], [106.79274010000006, -6.34789139999998], [106.79259510000009, -6.348018199999956], [106.79248830000006, -6.348241799999926], [106.79243640000004, -6.348418699999968], [106.79269430000005, -6.34883119999995], [106.79280110000008, -6.348988599999927], [106.79284690000009, -6.349249899999961], [106.79287740000007, -6.349395299999969], [106.79331990000009, -6.349699099999953], [106.79342670000005, -6.349784899999975], [106.79354880000005, -6.350085299999932], [106.79362510000004, -6.35038469999995], [106.79384630000004, -6.350636], [106.79393790000006, -6.35075809999995], [106.79399130000007, -6.350950699999942], [106.79399130000007, -6.351090899999974], [106.79390740000008, -6.351231599999949], [106.79377, -6.351368499999978], [106.79357930000003, -6.351467599999978], [106.79337330000004, -6.351528199999962], [106.79316730000005, -6.351580199999944], [106.79264090000004, -6.352197699999977], [106.79259510000009, -6.352284499999939], [106.79259510000009, -6.352384099999938], [106.79265610000004, -6.352467599999954], [106.79274010000006, -6.352563399999951], [106.79293080000008, -6.352916799999946], [106.79315970000005, -6.353105599999935], [106.79325890000007, -6.353204299999959], [106.79331230000008, -6.35332109999996], [106.79332750000003, -6.353468899999939], [106.79327410000008, -6.353618199999971], [106.79321310000006, -6.353743599999973], [106.79321310000006, -6.353832799999964], [106.79325890000007, -6.353929499999936], [106.79353350000008, -6.353935799999931], [106.79362620000006, -6.353959199999963], [106.79380050000009, -6.354116], [106.793846, -6.354179099999953], [106.79389970000005, -6.354253799999981], [106.79396840000004, -6.354417299999966], [106.79396840000004, -6.354495499999928], [106.79389970000005, -6.354569], [106.79353350000008, -6.354706799999974], [106.79332750000003, -6.354782599999965], [106.79307580000005, -6.354973799999925], [106.79293840000008, -6.355105399999957], [106.79291560000007, -6.355150199999969], [106.79286980000006, -6.355240399999957], [106.79301470000007, -6.355980399999964], [106.79308980000008, -6.356184399999961], [106.793152, -6.356355199999939], [106.79318260000008, -6.356466299999965], [106.79320540000003, -6.356657499999926], [106.79320040000005, -6.356740199999933], [106.79319780000009, -6.356781499999954], [106.79309860000006, -6.356949799999938], [106.79298420000003, -6.35708429999994], [106.79296890000006, -6.357195899999965], [106.79293840000008, -6.357410499999958], [106.79296130000006, -6.357608299999981], [106.79296890000006, -6.357713699999977], [106.79291550000005, -6.357822499999941], [106.79280870000008, -6.357876799999929], [106.79260270000009, -6.357904], [106.79253410000007, -6.357953099999975], [106.79249590000006, -6.358368399999961], [106.79246540000008, -6.358728399999961], [106.79246540000008, -6.35917429999995], [106.792473, -6.359365], [106.79250860000008, -6.359527], [106.79251120000004, -6.359538599999951], [106.79260270000009, -6.359707899999933], [106.79270190000005, -6.359820399999933], [106.793297, -6.35989619999998], [106.79337330000004, -6.359909099999925], [106.793442, -6.359992499999976], [106.79349540000004, -6.360193799999934], [106.79348780000004, -6.360315399999934], [106.79338860000007, -6.360510399999953], [106.79332750000003, -6.360638599999959], [106.79334280000006, -6.360758299999929], [106.79345720000003, -6.36098579999998], [106.79348710000005, -6.361066299999948], [106.79351830000007, -6.361150299999963], [106.79352590000008, -6.361760199999935], [106.793564, -6.362005299999964], [106.79360220000007, -6.362250399999937], [106.79360220000007, -6.36242059999995], [106.79345720000003, -6.362514499999975], [106.79327410000008, -6.362636599999973], [106.79320540000003, -6.362719099999936], [106.79327410000008, -6.362945599999932], [106.793297, -6.363041], [106.793274, -6.363084399999934], [106.79314440000007, -6.363328899999942], [106.793091, -6.363450099999966], [106.79309860000006, -6.363530199999957], [106.79322830000007, -6.363627899999926], [106.79344960000009, -6.36376139999993], [106.79359460000006, -6.363895499999956], [106.79362510000004, -6.36394219999994], [106.79374710000008, -6.364163399999939], [106.79383870000004, -6.364293599999939], [106.79393020000003, -6.364355599999953], [106.79427360000005, -6.364207299999975], [106.79434990000004, -6.36418679999997], [106.79447960000005, -6.364305499999944], [106.79456350000004, -6.364509099999964], [106.794594, -6.364588799999979], [106.79463980000008, -6.36482239999998], [106.79468790000004, -6.364917899999966], [106.79482050000007, -6.364930399999935], [106.79530860000006, -6.364977199999942], [106.79568030000007, -6.365001699999937], [106.795689, -6.364909499999953], [106.79573080000006, -6.364911099999972], [106.79578420000007, -6.364913499999943], [106.79618860000005, -6.36493489999998], [106.79634430000004, -6.364929], [106.79661580000004, -6.364918699999976], [106.79668440000006, -6.36491639999997], [106.79675310000005, -6.364913499999943], [106.79687520000004, -6.364917799999944], [106.79695910000004, -6.364912499999946], [106.79715750000008, -6.364899699999967], [106.79746270000004, -6.364895799999942], [106.79761530000007, -6.364911599999971], [106.79771440000007, -6.364922599999943], [106.79797090000005, -6.364948599999934], [106.79816460000006, -6.36496829999993], [106.79826380000009, -6.364992199999961], [106.79851550000006, -6.365088], [106.79855370000007, -6.365105599999936], [106.79908010000008, -6.365321199999926], [106.79933190000008, -6.365402299999971], [106.79937, -6.365408], [106.79958360000006, -6.36546519999996], [106.79983540000006, -6.365513299999975], [106.79986450000007, -6.365513799999974], [106.79994980000004, -6.365387899999973], [106.80001090000007, -6.365284499999973], [106.80120870000007, -6.364398499999936], [106.80133180000007, -6.364331099999958], [106.80185410000007, -6.36404529999993], [106.80296820000007, -6.363435599999946], [106.802994, -6.363421499999959], [106.80307030000006, -6.363446299999964], [106.80327480000005, -6.36354689999996], [106.80329910000006, -6.363558799999964], [106.80341360000006, -6.363583099999971], [106.80355090000006, -6.363563099999965], [106.80358890000008, -6.363559], [106.80366540000006, -6.363550699999962], [106.80371110000004, -6.363536799999963], [106.80396290000004, -6.363497299999949], [106.80412310000008, -6.363489699999946], [106.80429840000005, -6.363481499999978], [106.80460380000005, -6.363467199999945], [106.805031, -6.363459599999942], [106.80522410000003, -6.363461099999938], [106.80527520000004, -6.363461499999971], [106.80553460000004, -6.363435299999935], [106.80572530000006, -6.363434799999936], [106.80581680000006, -6.36341909999993], [106.80625930000008, -6.363406199999929], [106.80640460000006, -6.36342609999997], [106.80668660000003, -6.36346489999994], [106.80708330000004, -6.363506299999926], [106.80711690000004, -6.363508799999977], [106.80719810000005, -6.363537399999927], [106.80772970000004, -6.363724599999955], [106.80854820000008, -6.364012799999955], [106.80931110000006, -6.364154799999937], [106.81058210000003, -6.363991699999929], [106.81050890000006, -6.363707099999942], [106.810486, -6.363602699999944], [106.810486, -6.363378599999976], [106.81053180000004, -6.362955599999964], [106.81062340000005, -6.362795899999981], [106.81107350000008, -6.362384799999973], [106.81124130000006, -6.362391499999944], [106.81152360000004, -6.362394799999947], [106.81168380000008, -6.362310399999956], [106.81180590000008, -6.362174499999981], [106.81187250000005, -6.362106899999958], [106.81201190000007, -6.361965199999929], [106.81218740000008, -6.361785899999973], [106.812446, -6.36157819999994], [106.81256270000006, -6.361396899999932], [106.812632, -6.361257], [106.81255210000006, -6.361098599999934], [106.81252240000003, -6.360976099999959], [106.81263450000006, -6.360790299999962], [106.81304590000008, -6.360292799999968], [106.81327330000005, -6.359935399999927], [106.81331530000006, -6.359893099999965], [106.81340960000006, -6.359798099999978], [106.81345170000009, -6.359787399999959], [106.81348290000005, -6.35969259999996], [106.81359820000006, -6.35957639999998], [106.81372390000007, -6.359418], [106.81388110000006, -6.359238499999947], [106.81390810000005, -6.359129099999961], [106.81430770000009, -6.359227099999941], [106.81435410000006, -6.358985], [106.81443040000005, -6.358923499999946], [106.814461, -6.358869599999935], [106.81449910000003, -6.358716499999957], [106.81459070000005, -6.358303099999944], [106.81461350000006, -6.358190599999944], [106.81466690000008, -6.357908799999962], [106.81468220000005, -6.357850599999949], [106.81473560000006, -6.35761309999998], [106.81485770000006, -6.357321799999966], [106.815056, -6.356829199999936], [106.81522390000003, -6.356480599999941], [106.815262, -6.356432], [106.81536120000004, -6.356453], [106.81562820000005, -6.356582199999934], [106.81570450000004, -6.356522599999948], [106.81588, -6.356210799999928], [106.81591970000005, -6.356030799999928], [106.81607070000007, -6.356079199999954], [106.81631490000007, -6.356152099999974], [106.81642170000003, -6.35617979999995], [106.81665820000006, -6.356241299999965], [106.81668870000004, -6.356242699999939], [106.81678740000007, -6.356249699999978], [106.81754080000007, -6.35630029999993], [106.81777990000006, -6.356366899999955], [106.818461, -6.356518699999981], [106.81888060000006, -6.356062], [106.819624, -6.356474299999945], [106.81977950000004, -6.356185299999936], [106.820852, -6.356659499999978], [106.82100350000007, -6.356399299999964], [106.82101910000006, -6.356152], [106.82110880000005, -6.355879799999968], [106.82121540000009, -6.35575579999994], [106.82133880000004, -6.355705899999975], [106.82165970000005, -6.355614099999968], [106.822251, -6.35584689999996], [106.82239840000005, -6.355923699999948], [106.82257920000006, -6.355957799999942], [106.82301240000004, -6.356087299999956], [106.82382910000007, -6.356422399999929], [106.82391860000007, -6.356125299999974], [106.82424840000004, -6.356168299999979], [106.826288, -6.356434299999933], [106.82637160000007, -6.356484099999932], [106.82667510000005, -6.356610699999976], [106.82734180000006, -6.356854599999963], [106.82907120000004, -6.356348599999933], [106.83021570000005, -6.356118699999968], [106.83044450000006, -6.356041499999947], [106.830475, -6.356010499999968], [106.83068870000005, -6.355857899999933], [106.83096330000006, -6.355754399999967], [106.83135240000007, -6.355697199999952], [106.831505, -6.355674299999976], [106.831741, -6.355640199999925], [106.83201620000006, -6.355603299999927], [106.83206670000004, -6.355596], [106.832123, -6.355590799999959], [106.83237480000008, -6.355561299999977], [106.83280960000008, -6.355491699999959], [106.83291650000007, -6.355475], [106.83298510000009, -6.355466399999955], [106.83301560000007, -6.35546549999998], [106.833359, -6.355413899999974], [106.83422110000004, -6.355284199999971], [106.83428210000005, -6.355268499999966], [106.83433550000007, -6.355255199999931], [106.83496110000004, -6.355117399999926], [106.83513660000006, -6.355052099999966], [106.83524070000004, -6.355002299999967], [106.83531210000007, -6.354968099999951], [106.83536550000008, -6.354926599999942], [106.83570880000008, -6.354696299999944], [106.835808, -6.354629099999954], [106.835869, -6.354591399999947], [106.83587930000004, -6.354584799999941], [106.83588960000009, -6.354578299999957], [106.83596820000008, -6.354528], [106.83579930000008, -6.354099399999939], [106.83583230000005, -6.353002899999979], [106.83577290000005, -6.352882499999964], [106.83573760000007, -6.352811], [106.83541890000004, -6.352451799999926], [106.83532730000007, -6.35200169999996], [106.83577750000006, -6.351824799999974], [106.838402, -6.352065599999946], [106.83909690000007, -6.351908599999945], [106.83913440000003, -6.351900099999966], [106.83929460000007, -6.351261199999954], [106.83898950000008, -6.350523499999952], [106.838524, -6.349969], [106.83844180000006, -6.349881], [106.83815020000009, -6.34956939999995], [106.83807390000004, -6.349319499999979], [106.83807880000006, -6.349102199999948], [106.83809570000005, -6.348352599999942], [106.83810440000008, -6.347966699999972], [106.83764040000005, -6.347327299999961], [106.83754280000005, -6.34713359999995], [106.83760330000007, -6.34693939999994], [106.83781450000004, -6.346640599999944], [106.83857750000004, -6.346675399999981], [106.83861330000008, -6.346650299999965], [106.83913440000003, -6.346285399999942], [106.83931920000003, -6.345893], [106.83968370000008, -6.345119099999977], [106.83979050000005, -6.343941699999959], [106.83910390000005, -6.343342799999959], [106.83807470000005, -6.343331599999942], [106.83756560000006, -6.343588599999975], [106.83664210000006, -6.344928699999969], [106.83633670000006, -6.345072699999946], [106.83593860000008, -6.344992499999933], [106.83563190000007, -6.344799699999953], [106.83544050000006, -6.344568799999934], [106.835345, -6.344453699999974], [106.83532320000006, -6.344055799999978], [106.83556390000007, -6.343718599999931], [106.83682270000008, -6.342074], [106.83738530000005, -6.341674499999954], [106.837609, -6.341515699999945], [106.83802810000009, -6.341218], [106.83847830000008, -6.341254299999946], [106.83851970000006, -6.341331599999933], [106.83885980000008, -6.341966699999944], [106.83932510000005, -6.34235289999998], [106.840027, -6.342600899999979], [106.84036150000009, -6.342568599999936], [106.84069840000006, -6.342536], [106.84094050000004, -6.341977099999951]]]}}, {"type": "Feature", "properties": {"shapeName": "Kota Jakarta Timur", "shapeISO": "", "shapeID": "22746128B5353616278909", "shapeGroup": "IDN", "shapeType": "ADM2"}, "geometry": {"type": "Polygon", "coordinates": [[[106.97189350000008, -6.15461449999998], [106.97099320000007, -6.154324199999962], [106.97090150000008, -6.15433859999996], [106.970833, -6.154349399999944], [106.97061940000003, -6.154328499999963], [106.97022260000006, -6.154297], [106.97008530000005, -6.154300299999932], [106.96983350000005, -6.154448099999968], [106.96978010000004, -6.154479599999945], [106.96945970000007, -6.154529199999956], [106.96943910000005, -6.154528599999935], [106.96907610000005, -6.15451829999995], [106.96879960000007, -6.154510499999958], [106.96863570000005, -6.154505799999981], [106.968525, -6.154539199999931], [106.96810380000005, -6.15466639999994], [106.96715560000007, -6.154952599999945], [106.96706810000006, -6.154981299999974], [106.965439, -6.155515299999934], [106.96528410000008, -6.155561399999954], [106.96507250000008, -6.155624099999955], [106.96449390000004, -6.155830899999955], [106.96420540000008, -6.155868099999964], [106.96399780000007, -6.155894799999942], [106.96395890000008, -6.155940599999951], [106.96394360000005, -6.156025], [106.96394990000005, -6.15606379999997], [106.96395890000008, -6.156119], [106.96392840000004, -6.156199099999981], [106.96391820000008, -6.156201399999929], [106.96391850000003, -6.156266099999925], [106.96379260000003, -6.156266599999981], [106.96363520000006, -6.156267199999945], [106.963524, -6.156293], [106.96296110000009, -6.15633749999995], [106.96292130000006, -6.15634069999993], [106.96261010000006, -6.156226899999979], [106.96194880000007, -6.156040399999938], [106.96124, -6.155840499999954], [106.96078550000004, -6.15571239999997], [106.96074270000008, -6.155700299999978], [106.96065580000004, -6.155695199999968], [106.96044310000008, -6.155682699999943], [106.95974490000003, -6.155641599999967], [106.95973980000008, -6.155679799999973], [106.95972070000005, -6.155821399999979], [106.95968650000003, -6.156075599999951], [106.95964830000008, -6.156666799999925], [106.95959450000004, -6.157312], [106.95959740000006, -6.158086799999978], [106.95865970000006, -6.158090299999969], [106.95859290000004, -6.159534299999962], [106.95808580000005, -6.158958699999971], [106.957561, -6.158746899999926], [106.95613540000005, -6.158171699999968], [106.95511950000008, -6.157850499999938], [106.955094, -6.157842399999936], [106.95433010000005, -6.157600799999955], [106.95428870000006, -6.157626299999947], [106.95397850000006, -6.15781759999993], [106.95370680000008, -6.157985199999928], [106.95358530000004, -6.158060099999943], [106.95315950000008, -6.158322699999928], [106.95303470000005, -6.158399699999961], [106.95272990000007, -6.159248299999945], [106.95247010000008, -6.159971399999961], [106.95288010000007, -6.159988599999963], [106.952821, -6.160464099999956], [106.95315150000005, -6.160521899999935], [106.95313280000005, -6.160618399999976], [106.95305650000006, -6.160699], [106.95301830000005, -6.160802899999965], [106.95301780000005, -6.160849399999961], [106.95301540000008, -6.161068199999931], [106.95244540000004, -6.160977199999934], [106.95244620000005, -6.161196599999926], [106.95272650000004, -6.161268699999937], [106.95267870000004, -6.161500399999966], [106.95261830000004, -6.161772499999927], [106.95259480000004, -6.161878399999978], [106.95237550000007, -6.161818299999936], [106.95233940000008, -6.161940299999969], [106.95227930000004, -6.162159899999949], [106.95230450000008, -6.162391299999967], [106.952305, -6.162525399999936], [106.95226430000008, -6.16269079999995], [106.952257, -6.162720499999978], [106.95215550000006, -6.162715], [106.95188680000007, -6.162700499999971], [106.95162370000008, -6.162686299999962], [106.95160660000005, -6.162943699999971], [106.95157890000007, -6.163361599999973], [106.95157760000006, -6.163381], [106.951282, -6.163357], [106.950859, -6.163322699999981], [106.950563, -6.16328029999994], [106.95045680000004, -6.163274899999976], [106.950425, -6.163273299999958], [106.95026920000004, -6.163265499999966], [106.94986740000007, -6.163245299999971], [106.94956220000006, -6.16323], [106.94940970000005, -6.163225299999965], [106.94920520000005, -6.163218299999926], [106.94906430000009, -6.163199899999938], [106.94872210000005, -6.163155199999949], [106.94872430000004, -6.163180099999977], [106.94818110000006, -6.163163899999972], [106.94702270000005, -6.163129499999968], [106.94632650000005, -6.163108899999941], [106.94602220000007, -6.163087899999937], [106.94560120000006, -6.163061499999969], [106.94478210000005, -6.16301], [106.94465650000006, -6.163002099999972], [106.94439710000006, -6.162994], [106.944401, -6.162956599999973], [106.94450430000006, -6.161944499999947], [106.94451920000006, -6.161798099999942], [106.94455740000006, -6.161273599999959], [106.944613, -6.160751399999981], [106.94461840000008, -6.160700899999938], [106.94465650000006, -6.159858799999938], [106.94465510000003, -6.159682199999963], [106.94464890000006, -6.15891229999994], [106.94464890000006, -6.158246299999973], [106.94464890000006, -6.158184099999971], [106.94464890000006, -6.158086299999979], [106.94464890000006, -6.158054], [106.94466090000009, -6.158018499999969], [106.94467180000004, -6.157986299999948], [106.94468710000007, -6.15793089999994], [106.94446240000008, -6.15710619999993], [106.94441240000003, -6.156922899999927], [106.94438190000005, -6.156857099999968], [106.94438190000005, -6.156825599999934], [106.94432850000004, -6.156220499999961], [106.94430560000006, -6.155846199999928], [106.94428960000005, -6.155426299999931], [106.94428270000009, -6.155244], [106.94423690000008, -6.155086599999947], [106.94421990000006, -6.155076799999961], [106.94419460000006, -6.155062099999952], [106.944153, -6.155038], [106.94397750000007, -6.155036099999961], [106.94330620000005, -6.155060399999968], [106.94293990000006, -6.155085199999974], [106.94194050000004, -6.155137599999932], [106.94132250000007, -6.155175799999938], [106.94120040000007, -6.155183399999942], [106.94113940000005, -6.155159599999934], [106.94099440000008, -6.155234399999927], [106.94036880000004, -6.155259699999931], [106.94030020000008, -6.15526159999996], [106.94015520000005, -6.155268699999965], [106.94010940000004, -6.154923099999962], [106.94007130000006, -6.154488199999946], [106.94001090000006, -6.152638799999977], [106.93997110000004, -6.151422799999978], [106.93979210000003, -6.151564699999938], [106.93963840000004, -6.151642299999935], [106.93949780000008, -6.151771199999928], [106.93939540000008, -6.151835699999936], [106.93924180000005, -6.151939], [106.93911380000009, -6.152029299999981], [106.93893940000004, -6.152228699999966], [106.93892220000004, -6.15224829999994], [106.93870530000004, -6.152570099999934], [106.93838690000007, -6.153200399999946], [106.93830210000004, -6.15333789999994], [106.93824940000007, -6.153423499999974], [106.93794910000008, -6.154064], [106.93769830000008, -6.154460399999948], [106.93755230000005, -6.154772299999934], [106.93739790000006, -6.155084199999976], [106.93731020000007, -6.155261199999927], [106.93713890000004, -6.155543699999953], [106.93683010000007, -6.156175899999937], [106.936567, -6.156643899999949], [106.93627920000006, -6.157263399999977], [106.93621170000006, -6.157377799999949], [106.93604520000008, -6.157659699999954], [106.935803, -6.158085599999936], [106.93569020000007, -6.158287899999948], [106.93555240000006, -6.158545099999969], [106.93539450000009, -6.15848879999993], [106.93538080000008, -6.158484099999953], [106.93506160000004, -6.158373899999958], [106.934753, -6.15834179999996], [106.93429050000009, -6.158314], [106.93402140000006, -6.158319199999937], [106.93367680000006, -6.158345699999927], [106.93369110000003, -6.158787399999937], [106.93370040000008, -6.159044], [106.93348190000006, -6.159061599999973], [106.93327650000003, -6.159078399999942], [106.93319380000008, -6.159085199999936], [106.93284210000007, -6.159113899999966], [106.93255640000007, -6.159137], [106.93214430000006, -6.159182499999929], [106.93201760000005, -6.159111399999972], [106.931754, -6.159161899999958], [106.93142990000007, -6.159218099999975], [106.93105830000007, -6.159280599999931], [106.93102890000006, -6.159285499999953], [106.93122250000005, -6.159636899999953], [106.93133920000008, -6.159988599999963], [106.93146730000007, -6.160455699999943], [106.93098920000006, -6.160485], [106.930555, -6.160481], [106.93011, -6.160548699999936], [106.929561, -6.160726699999941], [106.92942340000008, -6.160666699999979], [106.92899970000008, -6.160536199999967], [106.92861480000005, -6.160499099999981], [106.92853880000007, -6.160383399999944], [106.92818760000006, -6.160495], [106.92722280000004, -6.160678699999949], [106.92674840000006, -6.16073769999997], [106.92611070000004, -6.160871], [106.92548940000006, -6.161020699999938], [106.92468820000005, -6.16118739999996], [106.92229470000007, -6.162138], [106.92198960000007, -6.162259199999937], [106.92189080000009, -6.162368399999934], [106.92176810000007, -6.16259539999993], [106.92170620000007, -6.162912899999981], [106.92159680000009, -6.163584199999946], [106.92152680000004, -6.16411979999998], [106.921304, -6.165098599999965], [106.92130070000007, -6.165122], [106.92122380000006, -6.165665099999956], [106.92111230000006, -6.166139], [106.92094010000005, -6.166870499999959], [106.92097190000004, -6.167127799999946], [106.92100980000004, -6.167359799999929], [106.92101390000005, -6.167385], [106.92099020000006, -6.167640799999958], [106.92086150000006, -6.16789], [106.92073960000005, -6.168114299999957], [106.92069820000006, -6.168190399999958], [106.92068780000005, -6.168209699999977], [106.92069260000005, -6.168343599999957], [106.92061630000006, -6.168631199999936], [106.92036450000006, -6.169804599999964], [106.92037980000003, -6.170090799999969], [106.92039510000006, -6.170461299999943], [106.92041030000007, -6.170686299999943], [106.92045610000008, -6.171230399999956], [106.92052480000007, -6.171934699999952], [106.92058580000008, -6.172373399999969], [106.92067740000005, -6.172990899999945], [106.920746, -6.173246], [106.92084520000009, -6.173334199999942], [106.920952, -6.173441], [106.92097490000003, -6.173468199999945], [106.92097490000003, -6.173576], [106.92099020000006, -6.173829199999943], [106.92108940000008, -6.174384199999963], [106.92131060000008, -6.175608699999941], [106.92131760000007, -6.17567269999995], [106.921364, -6.176096499999971], [106.92144790000003, -6.176896599999964], [106.92188280000005, -6.178235099999938], [106.92190570000008, -6.178321], [106.92189040000005, -6.178466399999934], [106.92176840000008, -6.179064799999935], [106.92186750000008, -6.179359], [106.92194380000007, -6.179617499999949], [106.92193620000006, -6.179818699999942], [106.921898, -6.180035199999963], [106.92182180000009, -6.180208299999947], [106.92163110000007, -6.180580199999952], [106.92166920000005, -6.180690399999946], [106.92169970000003, -6.180767099999969], [106.92186750000008, -6.181133299999942], [106.92191330000009, -6.181485299999963], [106.92196670000004, -6.181503799999973], [106.92202010000005, -6.181523399999946], [106.92207350000007, -6.181567799999925], [106.92212690000008, -6.181857199999968], [106.92216510000009, -6.182072199999936], [106.922455, -6.183112199999925], [106.92231, -6.183105499999954], [106.92097490000003, -6.183016799999962], [106.92079180000007, -6.183004899999958], [106.920601, -6.182993], [106.92048660000006, -6.182984399999953], [106.91947950000008, -6.182895299999927], [106.91870130000007, -6.182825699999967], [106.91854870000009, -6.182815199999936], [106.91793840000008, -6.182774599999959], [106.91724410000006, -6.182728399999974], [106.91675590000006, -6.182698799999969], [106.91608450000007, -6.182658299999957], [106.91496290000003, -6.182562899999937], [106.91474930000004, -6.182537599999932], [106.91429150000005, -6.182484199999976], [106.91407790000005, -6.18247759999997], [106.91403830000007, -6.182476299999962], [106.91398640000006, -6.182474699999943], [106.91326160000006, -6.182501899999977], [106.91286490000005, -6.18262969999995], [106.91259020000007, -6.182714099999941], [106.91214770000005, -6.182766499999957], [106.91205620000005, -6.182777499999929], [106.91184250000003, -6.182706899999971], [106.91177390000007, -6.182679299999961], [106.91151450000007, -6.182568599999968], [106.9114, -6.182520899999929], [106.91122450000006, -6.182442299999934], [106.91114680000004, -6.182404599999927], [106.91103380000004, -6.182349699999975], [106.91091170000004, -6.182317299999966], [106.91066760000007, -6.182279699999981], [106.91054550000007, -6.182289699999956], [106.91029370000007, -6.182311099999936], [106.91014120000006, -6.182428899999934], [106.91007730000007, -6.182482499999935], [106.90911880000004, -6.181909599999926], [106.90888230000007, -6.181779], [106.90875620000008, -6.181707499999959], [106.90755480000007, -6.181027], [106.90661640000008, -6.180636499999935], [106.90654770000003, -6.18060689999993], [106.90571610000006, -6.180253599999958], [106.90522780000003, -6.180046599999969], [106.90515920000007, -6.180019499999958], [106.90446370000006, -6.179729099999975], [106.90436950000009, -6.179691099999957], [106.904149, -6.17960069999998], [106.90385240000006, -6.179495699999961], [106.903684, -6.179426099999944], [106.90362680000004, -6.179402299999936], [106.902955, -6.179157299999929], [106.90247170000004, -6.178970499999934], [106.90200010000007, -6.178760099999977], [106.90177610000006, -6.178678499999933], [106.90161120000005, -6.178631899999971], [106.90136360000008, -6.178538599999968], [106.90133970000005, -6.178534599999978], [106.90024470000009, -6.178354099999979], [106.90000280000004, -6.178356899999926], [106.89956680000006, -6.178362], [106.89938370000004, -6.17834], [106.89928390000006, -6.178328399999941], [106.89923150000004, -6.178321699999969], [106.89918540000008, -6.178316199999927], [106.899113, -6.178286199999945], [106.89897940000009, -6.178230799999938], [106.89878450000003, -6.178182599999957], [106.89868220000005, -6.178172299999972], [106.89787310000008, -6.178091099999961], [106.89751220000005, -6.178088399999979], [106.89749920000008, -6.178088299999956], [106.89740010000008, -6.178089199999931], [106.89717880000006, -6.17809589999996], [106.89707970000006, -6.178099199999963], [106.89700330000005, -6.178102099999933], [106.89663710000008, -6.178068199999927], [106.89643120000005, -6.177996199999939], [106.89614120000005, -6.177817399999981], [106.89568350000008, -6.177444], [106.89546980000006, -6.177252399999929], [106.89508080000007, -6.176913299999967], [106.89434070000004, -6.176222399999972], [106.89428, -6.17616419999996], [106.894272, -6.176156599999956], [106.89376090000007, -6.175684499999932], [106.89346330000006, -6.175410799999952], [106.89323320000005, -6.17520479999996], [106.89312760000007, -6.175116599999967], [106.89244860000008, -6.174508199999934], [106.892327, -6.174399699999981], [106.89214340000007, -6.174235899999928], [106.89165520000006, -6.173734199999956], [106.89149490000005, -6.173570699999971], [106.89130680000005, -6.173394], [106.89123550000005, -6.173327099999938], [106.89095320000007, -6.173162499999933], [106.89064040000005, -6.172982699999977], [106.88991920000007, -6.172518199999956], [106.88951890000004, -6.172260299999948], [106.88919090000007, -6.172084899999959], [106.88868730000007, -6.171821199999954], [106.88858050000005, -6.171751099999938], [106.88794730000006, -6.171333899999979], [106.88760390000004, -6.171135499999934], [106.88729110000008, -6.170957599999952], [106.88724540000004, -6.170929499999943], [106.88720860000006, -6.170904599999972], [106.88719210000005, -6.170893899999953], [106.88578490000003, -6.170020799999975], [106.88572710000005, -6.169984899999974], [106.88552110000006, -6.169853299999943], [106.88529220000004, -6.169706899999937], [106.88490310000009, -6.169447499999933], [106.884514, -6.169209499999965], [106.88403340000008, -6.168911499999979], [106.88378160000008, -6.168769399999974], [106.88333910000006, -6.168519099999969], [106.88307370000007, -6.168352], [106.88233970000005, -6.167889699999932], [106.88227860000006, -6.167853399999956], [106.88133260000006, -6.167292699999962], [106.88113420000008, -6.167177699999968], [106.88111130000004, -6.167143399999929], [106.88083670000009, -6.166982699999949], [106.88066880000008, -6.166886899999952], [106.87964650000004, -6.166538299999957], [106.87924980000008, -6.16648349999997], [106.87880730000006, -6.166463399999941], [106.878731, -6.166596], [106.87832660000004, -6.167458599999975], [106.87813590000007, -6.167920599999945], [106.87785360000004, -6.168862899999965], [106.87773150000004, -6.169324], [106.87754840000008, -6.170085499999971], [106.87705250000005, -6.171816399999955], [106.87659470000006, -6.173559299999965], [106.876198, -6.175324499999931], [106.87611410000005, -6.175679699999932], [106.87608360000007, -6.175885799999946], [106.87603010000004, -6.176338299999941], [106.87599960000006, -6.176573299999973], [106.87598340000005, -6.177063499999974], [106.87597670000008, -6.177263299999936], [106.87591570000006, -6.178035799999975], [106.87580130000003, -6.179309899999964], [106.87575550000008, -6.180003699999929], [106.87571730000008, -6.181256399999938], [106.87568270000008, -6.181769699999961], [106.87559530000004, -6.18306309999997], [106.87551140000005, -6.184851699999967], [106.87548850000007, -6.18561509999995], [106.87541220000008, -6.187404199999946], [106.87538930000005, -6.187889199999972], [106.87540450000006, -6.187933499999929], [106.87536640000008, -6.188167599999929], [106.87535110000005, -6.188327899999933], [106.87533590000004, -6.188743199999976], [106.87534350000004, -6.189180399999941], [106.87533590000004, -6.189473699999951], [106.87526720000005, -6.190263799999968], [106.87524430000008, -6.190635799999939], [106.87509170000004, -6.191900299999929], [106.87506120000006, -6.192096799999945], [106.87502310000008, -6.192334699999947], [106.87499990000003, -6.192330899999945], [106.87489340000008, -6.192313299999967], [106.87484760000007, -6.192304699999966], [106.87427540000004, -6.192218799999978], [106.87385580000006, -6.192156899999929], [106.87361930000009, -6.19212159999995], [106.87345140000008, -6.192096799999945], [106.87326830000006, -6.192081], [106.872864, -6.19204579999996], [106.87234510000008, -6.192001399999981], [106.87199420000007, -6.191989899999953], [106.87155930000006, -6.19200189999998], [106.87019370000007, -6.192047199999934], [106.87004110000004, -6.192087199999946], [106.86972830000008, -6.192129199999954], [106.86842360000009, -6.192236], [106.86833440000004, -6.192246], [106.86810320000006, -6.192271799999958], [106.86720290000005, -6.192366599999957], [106.86708810000005, -6.192372899999953], [106.86703510000007, -6.192375699999957], [106.86669940000007, -6.192413399999964], [106.86653160000009, -6.192437199999972], [106.86640950000009, -6.19243339999997], [106.86611960000005, -6.192455399999972], [106.86587540000005, -6.192486799999926], [106.86584490000007, -6.192487299999925], [106.86515060000005, -6.19259169999998], [106.86438770000007, -6.192751499999929], [106.86425350000007, -6.192795599999954], [106.863167, -6.193153], [106.86251090000007, -6.193479099999934], [106.86220570000006, -6.193626399999971], [106.86208360000006, -6.193683199999953], [106.86174290000008, -6.193855399999961], [106.861725, -6.193864399999939], [106.86127490000007, -6.19415719999995], [106.86123680000009, -6.194176199999958], [106.86120620000008, -6.19420249999996], [106.86100460000006, -6.194361599999979], [106.86063980000006, -6.194649], [106.86058060000005, -6.194686499999932], [106.86054250000007, -6.194696499999964], [106.86034410000008, -6.194801899999959], [106.86009230000008, -6.194986899999947], [106.85942860000006, -6.195444599999973], [106.85914630000008, -6.195633], [106.858391, -6.196099799999956], [106.85829860000007, -6.19615779999998], [106.85816210000007, -6.196270499999969], [106.85765090000007, -6.196608599999934], [106.85759830000006, -6.196647299999938], [106.85749830000009, -6.19671829999993], [106.85717790000007, -6.196988599999941], [106.85714740000009, -6.197009099999946], [106.85707870000005, -6.197053499999981], [106.856827, -6.197221299999967], [106.85677360000005, -6.19724709999997], [106.85663620000008, -6.197323899999958], [106.85649130000007, -6.197416799999928], [106.85645310000007, -6.197456], [106.85633870000004, -6.197603799999968], [106.85630050000009, -6.197646199999951], [106.85609450000004, -6.197808299999963], [106.85578170000008, -6.198022899999955], [106.85563680000007, -6.198109699999975], [106.85556050000008, -6.19814539999993], [106.85495010000005, -6.198626099999956], [106.85478230000007, -6.198740499999928], [106.85439320000006, -6.199079099999949], [106.85381340000004, -6.199482499999931], [106.85378280000003, -6.199512499999969], [106.85370420000004, -6.199562499999956], [106.85247060000006, -6.200546799999927], [106.85228750000005, -6.200694599999963], [106.852051, -6.200889199999949], [106.85168480000004, -6.201237699999979], [106.851555, -6.201336], [106.851494, -6.201377899999954], [106.85117360000004, -6.201550099999963], [106.85111260000008, -6.201583899999946], [106.85102860000006, -6.201626799999929], [106.85106280000008, -6.201705799999957], [106.85124990000008, -6.202138499999933], [106.85138580000006, -6.202380199999936], [106.85145590000008, -6.202443199999948], [106.85159320000008, -6.202442699999949], [106.851845, -6.202344], [106.85212730000006, -6.202171899999939], [106.85247060000006, -6.201938699999971], [106.85260790000007, -6.201913399999967], [106.85271470000004, -6.201901], [106.85292070000008, -6.201936799999942], [106.85338610000008, -6.202094099999954], [106.85397360000007, -6.20227529999994], [106.85430930000007, -6.202335399999981], [106.854706, -6.20237069999996], [106.85498070000006, -6.202394499999969], [106.85511040000006, -6.202430299999946], [106.85528580000005, -6.202552399999945], [106.85542310000005, -6.202722599999959], [106.85549180000004, -6.202881399999967], [106.855591, -6.203186599999981], [106.85569020000008, -6.203601899999967], [106.85574360000004, -6.203981], [106.85571840000006, -6.204236799999933], [106.85569780000009, -6.20444539999994], [106.85568260000008, -6.204665699999964], [106.85553760000005, -6.205008599999928], [106.85528580000005, -6.205461499999956], [106.85508750000008, -6.205792499999973], [106.854767, -6.206039899999951], [106.85462970000003, -6.206143899999972], [106.85436270000008, -6.206334199999958], [106.85408040000004, -6.206533499999978], [106.85392780000006, -6.206576899999959], [106.85378280000003, -6.206577399999958], [106.85364550000008, -6.206569299999956], [106.85350820000008, -6.206509599999947], [106.85331750000006, -6.206415199999981], [106.85321070000003, -6.206338499999958], [106.85308860000004, -6.206218299999932], [106.85294360000006, -6.206089599999927], [106.85282150000006, -6.205995099999939], [106.85269180000006, -6.205927], [106.852585, -6.205893099999969], [106.85244770000008, -6.205893599999968], [106.85226460000007, -6.205902599999945], [106.85200520000006, -6.20592929999998], [106.85161610000006, -6.205956499999957], [106.85137960000009, -6.205931699999951], [106.85115070000006, -6.205872099999965], [106.85092940000004, -6.205795299999977], [106.85068530000007, -6.205667099999971], [106.85061330000008, -6.205632799999933], [106.85043350000007, -6.205547399999944], [106.85031150000003, -6.205522099999939], [106.85012070000005, -6.205548299999975], [106.84993, -6.205592199999955], [106.84974690000007, -6.205696199999977], [106.84954850000008, -6.20585159999996], [106.84943410000005, -6.206007099999965], [106.84935780000006, -6.206145299999946], [106.84930440000005, -6.206369], [106.84922810000006, -6.206722299999967], [106.84914420000007, -6.207101399999942], [106.84909080000006, -6.207429], [106.84904730000005, -6.207551299999977], [106.84917690000009, -6.207594399999948], [106.84959850000007, -6.207734899999934], [106.84966660000003, -6.207757599999979], [106.84989410000009, -6.207913299999973], [106.85000420000006, -6.207988599999965], [106.85022440000006, -6.208251899999937], [106.85034860000007, -6.208400299999937], [106.85052270000006, -6.208608499999968], [106.85060570000007, -6.208661499999948], [106.85094070000008, -6.20887579999993], [106.85096390000007, -6.208890599999961], [106.85113670000004, -6.209001199999932], [106.85125960000005, -6.209079799999927], [106.85144820000005, -6.209174699999949], [106.85154440000008, -6.209206699999925], [106.851792, -6.209265], [106.85229790000005, -6.209384], [106.85241160000004, -6.209410799999944], [106.85259150000007, -6.209485099999938], [106.85304570000005, -6.209780699999953], [106.85348420000008, -6.210066099999949], [106.85374590000004, -6.210288299999945], [106.85420480000005, -6.210677799999928], [106.85430270000006, -6.210857199999964], [106.85434050000003, -6.210947], [106.85436430000004, -6.210975599999927], [106.85449520000009, -6.211132199999952], [106.85496930000005, -6.211282599999947], [106.85515290000006, -6.211332899999945], [106.85561330000007, -6.211459199999979], [106.85640030000008, -6.211653099999978], [106.85648570000006, -6.211672399999941], [106.85682960000008, -6.21175], [106.85718770000005, -6.211945499999956], [106.85752820000005, -6.212212499999964], [106.85769210000007, -6.212445799999955], [106.85783040000007, -6.212659199999962], [106.85783610000004, -6.212668199999939], [106.85811150000006, -6.213108499999976], [106.85806080000003, -6.213129699999968], [106.858185, -6.213279299999954], [106.85823840000006, -6.213445299999933], [106.85823080000006, -6.213580699999966], [106.858185, -6.213674599999933], [106.85810870000006, -6.213737099999946], [106.857918, -6.21377949999993], [106.85772380000009, -6.21381619999994], [106.85758790000006, -6.213759699999969], [106.85730670000004, -6.213931199999934], [106.85704250000003, -6.21432649999997], [106.85696940000008, -6.214448699999934], [106.856827, -6.214656899999966], [106.85669730000006, -6.214896299999964], [106.85656760000006, -6.215188099999978], [106.85654950000009, -6.215248899999949], [106.85646840000004, -6.215521399999943], [106.85635390000004, -6.215896199999975], [106.85628530000008, -6.216156499999954], [106.85628530000008, -6.216281], [106.85630820000006, -6.216395399999953], [106.85635390000004, -6.21658709999997], [106.85649130000007, -6.21679789999996], [106.85672010000008, -6.217050599999936], [106.85694140000004, -6.217324799999972], [106.85706350000004, -6.217461599999979], [106.85722370000008, -6.217577], [106.85734580000008, -6.21762949999993], [106.85751360000006, -6.217661], [106.85770430000008, -6.217639], [106.85780350000005, -6.217554199999938], [106.85788750000006, -6.217405799999938], [106.85794170000008, -6.217300399999942], [106.85811050000007, -6.216921], [106.85836490000008, -6.216546], [106.85855110000006, -6.216374], [106.85862750000007, -6.216335799999968], [106.85866840000006, -6.216321499999935], [106.85876420000005, -6.216311599999926], [106.858828, -6.216322599999955], [106.85903570000005, -6.216418699999963], [106.85916930000008, -6.216518599999972], [106.85922340000008, -6.216570399999966], [106.859421, -6.216766399999926], [106.85964220000005, -6.216998099999955], [106.85974280000005, -6.217103899999927], [106.85982320000005, -6.217210399999942], [106.85992490000007, -6.217241799999954], [106.85993980000006, -6.217250899999954], [106.86006950000007, -6.217292399999963], [106.86011740000004, -6.217301199999952], [106.86013840000004, -6.217307699999935], [106.86015910000003, -6.217308899999978], [106.86023730000005, -6.217323399999941], [106.86032780000005, -6.217318899999952], [106.86045320000005, -6.217326299999968], [106.86053130000005, -6.217292899999961], [106.86061880000005, -6.217269499999929], [106.86080950000007, -6.217194599999971], [106.86096260000005, -6.217108499999938], [106.86116810000004, -6.21699289999998], [106.86183190000008, -6.216620499999976], [106.86198890000009, -6.216530599999942], [106.86257440000009, -6.216255599999954], [106.86286980000006, -6.21615], [106.86299560000003, -6.216141099999959], [106.863243, -6.216154699999947], [106.86342510000009, -6.216182099999969], [106.86352590000007, -6.216260099999943], [106.86353410000004, -6.216280299999937], [106.86353880000007, -6.216359599999976], [106.863539, -6.216396199999963], [106.86345740000007, -6.216556799999978], [106.86342270000006, -6.216602599999931], [106.86321280000004, -6.21683749999994], [106.863022, -6.217007199999955], [106.86277030000008, -6.217219399999976], [106.86259480000007, -6.217368199999953], [106.86242690000006, -6.21752749999996], [106.86235830000004, -6.217601399999978], [106.862311, -6.217667], [106.86218630000008, -6.217792699999961], [106.86203230000007, -6.218084099999942], [106.86183950000009, -6.218342899999925], [106.86154190000008, -6.218682399999977], [106.86148450000007, -6.218751199999929], [106.86138340000008, -6.218858799999964], [106.86133770000004, -6.218934099999956], [106.86125960000004, -6.219042299999956], [106.86112230000003, -6.219254099999944], [106.86087820000006, -6.219667], [106.860718, -6.219953099999941], [106.86055780000004, -6.220254499999953], [106.86048950000009, -6.220362799999975], [106.86042480000003, -6.22043739999998], [106.86018080000008, -6.220873099999949], [106.86013050000008, -6.220945899999947], [106.8601, -6.221054599999945], [106.86009540000003, -6.221073699999977], [106.86007310000008, -6.221127699999954], [106.86007320000004, -6.221165299999939], [106.86006180000004, -6.221212499999979], [106.86008470000007, -6.221345499999927], [106.86016870000009, -6.221502399999963], [106.86026780000009, -6.221586799999955], [106.86046620000008, -6.221695], [106.86049750000006, -6.221705099999951], [106.86054740000009, -6.221736499999963], [106.86090920000004, -6.221829499999956], [106.860985, -6.221850399999937], [106.86100040000008, -6.221853], [106.861012, -6.221852299999966], [106.86115280000007, -6.221861899999965], [106.86124930000005, -6.221837499999936], [106.86133480000007, -6.221832099999972], [106.86145760000005, -6.221730799999932], [106.86150380000004, -6.221703599999955], [106.86157920000005, -6.221646499999963], [106.86159330000004, -6.221635799999945], [106.86164870000005, -6.221593899999959], [106.86173270000006, -6.221424199999944], [106.86177080000004, -6.221230599999956], [106.86177080000004, -6.221073199999978], [106.86167160000008, -6.220855799999981], [106.86152670000007, -6.220577799999944], [106.86145040000008, -6.220408499999962], [106.86141220000007, -6.220311699999968], [106.86142750000005, -6.220190599999967], [106.86155720000005, -6.219972699999971], [106.86174030000006, -6.219802399999935], [106.86189290000004, -6.219753299999979], [106.86244980000004, -6.219679], [106.86267870000006, -6.219666099999927], [106.86287710000005, -6.21970129999994], [106.862961, -6.21976189999998], [106.86306780000007, -6.219955], [106.86318990000007, -6.220390399999928], [106.86328910000009, -6.220656], [106.86342640000004, -6.22095829999995], [106.86353320000006, -6.221212], [106.86361710000006, -6.221356899999932], [106.86375450000008, -6.221501899999964], [106.86397570000008, -6.221743099999969], [106.86414360000003, -6.22198439999994], [106.86434950000006, -6.222261899999978], [106.86455550000005, -6.222527599999978], [106.86482260000008, -6.222768799999926], [106.86499040000007, -6.222973899999943], [106.86516590000008, -6.223155099999929], [106.86529560000008, -6.223348199999975], [106.86537190000007, -6.223553699999968], [106.86543290000009, -6.223819799999944], [106.86541770000008, -6.22403769999994], [106.86539440000007, -6.224137599999949], [106.86536430000007, -6.224267499999939], [106.86524980000007, -6.224425399999973], [106.86503620000008, -6.224523099999942], [106.86476920000007, -6.224572199999955], [106.86456320000008, -6.224573199999952], [106.86433780000004, -6.224512799999957], [106.86429610000005, -6.224501699999962], [106.864052, -6.22447829999993], [106.863846, -6.224466799999959], [106.86373160000005, -6.224491199999932], [106.86363240000009, -6.224552199999948], [106.86353320000006, -6.224649499999941], [106.86352560000006, -6.22475819999994], [106.86352560000006, -6.224867399999937], [106.86354850000004, -6.225014699999974], [106.86359360000006, -6.225079699999981], [106.86369340000005, -6.225216], [106.86386890000006, -6.225494], [106.86408250000005, -6.225829699999963], [106.86430380000007, -6.226136299999951], [106.86453270000004, -6.226481499999977], [106.86466240000004, -6.226711299999977], [106.86474630000004, -6.226932099999942], [106.86476920000007, -6.227191499999947], [106.86478440000008, -6.227748899999938], [106.86479520000006, -6.22806259999993], [106.86479970000005, -6.228191], [106.86483020000009, -6.228469399999938], [106.86483780000003, -6.228671099999929], [106.86483780000003, -6.22888039999998], [106.86478440000008, -6.229003499999976], [106.86468530000008, -6.229188], [106.86460130000006, -6.229311499999937], [106.86443350000008, -6.229471799999942], [106.86421980000006, -6.22965679999993], [106.86397570000008, -6.229841799999974], [106.86376970000003, -6.229990099999952], [106.86362480000008, -6.230150299999934], [106.86346450000008, -6.230322899999976], [106.86332720000007, -6.230532199999971], [106.86324330000008, -6.230716699999959], [106.86322040000005, -6.230864099999962], [106.86328140000006, -6.231023799999946], [106.86336540000008, -6.231158799999946], [106.86350270000008, -6.231305599999928], [106.86373920000005, -6.231452099999956], [106.863926, -6.231566399999963], [106.86399860000006, -6.231610799999942], [106.86434190000006, -6.231818699999963], [106.86463950000007, -6.232014199999981], [106.86489120000005, -6.232184899999936], [106.86510480000004, -6.23233179999994], [106.86530320000008, -6.232589299999972], [106.86570760000006, -6.233116199999927], [106.865807, -6.233242899999937], [106.865967, -6.233446699999945], [106.86612720000005, -6.233753299999933], [106.86630270000006, -6.234158099999945], [106.86632710000003, -6.234276299999976], [106.86635610000008, -6.234416099999976], [106.86636370000008, -6.234551], [106.86633320000004, -6.234672599999953], [106.86624160000008, -6.234793699999955], [106.86608140000004, -6.234866199999942], [106.86582960000004, -6.234903399999951], [106.86550160000007, -6.234832399999959], [106.86531090000005, -6.234845199999938], [106.86524220000007, -6.234881499999972], [106.865204, -6.234965899999963], [106.865204, -6.235170399999959], [106.865288, -6.235459399999968], [106.86541, -6.235627199999954], [106.86560080000004, -6.235891899999956], [106.86577590000007, -6.236058399999933], [106.86589070000008, -6.236167499999965], [106.86608910000007, -6.236383499999931], [106.86621880000007, -6.236563699999977], [106.86634080000005, -6.236780199999941], [106.86644, -6.237080599999956], [106.86662310000008, -6.23758609999993], [106.86674520000008, -6.238067199999932], [106.86681380000005, -6.238356199999942], [106.86684440000005, -6.238765299999955], [106.86682150000007, -6.239030399999933], [106.86676050000005, -6.239114799999925], [106.86666130000003, -6.239175399999965], [106.86651630000006, -6.239187799999968], [106.86640950000009, -6.239128199999925], [106.86613480000005, -6.238888299999928], [106.86597460000007, -6.238672299999962], [106.86579150000006, -6.238275099999953], [106.86562360000005, -6.237733899999967], [106.86544060000006, -6.237240799999938], [106.86527270000005, -6.236868399999935], [106.86518880000006, -6.236820299999977], [106.86495990000009, -6.236796899999945], [106.864731, -6.236797799999977], [106.86442580000005, -6.236859399999958], [106.86404440000007, -6.237077299999953], [106.86379260000007, -6.237259], [106.86362480000008, -6.237452099999928], [106.86345690000007, -6.237693399999955], [106.86331960000007, -6.238019], [106.86328240000006, -6.238118799999938], [106.86314410000006, -6.238489199999947], [106.86301440000005, -6.238899299999957], [106.86290760000009, -6.239321299999972], [106.86283130000004, -6.239574499999947], [106.86278550000009, -6.239782899999966], [106.86270370000005, -6.24006], [106.86267870000006, -6.240144799999939], [106.86261010000004, -6.240466199999958], [106.862549, -6.24074029999997], [106.86250320000005, -6.24100169999997], [106.862488, -6.241269199999977], [106.86246510000007, -6.241664], [106.86248030000007, -6.241978199999949], [106.86247270000007, -6.242185599999971], [106.862488, -6.242534199999966], [106.862488, -6.242858499999954], [106.86249560000005, -6.243099299999926], [106.86249560000005, -6.243113799999946], [106.86249560000005, -6.243133099999966], [106.86249560000005, -6.243318599999952], [106.86250320000005, -6.243622399999936], [106.86250320000005, -6.243831199999931], [106.862488, -6.244040499999926], [106.86245750000006, -6.244155899999953], [106.86238880000008, -6.244407199999955], [106.86224380000004, -6.244784399999958], [106.862137, -6.245119199999976], [106.86203780000005, -6.245391899999959], [106.86199210000007, -6.245642699999962], [106.86198450000006, -6.245904499999938], [106.86198450000006, -6.246113799999932], [106.86209130000009, -6.246448099999952], [106.86210510000006, -6.246492899999964], [106.86216030000008, -6.246705899999938], [106.86208960000005, -6.246712299999956], [106.86227470000006, -6.246960599999966], [106.862404, -6.247224399999936], [106.86254140000005, -6.247421299999928], [106.86270920000004, -6.247617799999944], [106.86283130000004, -6.247847099999944], [106.86303730000009, -6.248174699999936], [106.86328910000009, -6.24848609999998], [106.86351030000009, -6.24876409999996], [106.86367050000007, -6.248936199999946], [106.86386890000006, -6.249140799999964], [106.86396810000008, -6.249255199999936], [106.86403680000006, -6.249337299999979], [106.864052, -6.249419299999943], [106.86402150000004, -6.249518], [106.86388420000009, -6.249625299999934], [106.86351890000009, -6.249779399999966], [106.86337280000004, -6.249822799999947], [106.86242390000007, -6.250307199999952], [106.86230490000008, -6.25035239999994], [106.86227360000004, -6.250384], [106.86221130000007, -6.250415799999928], [106.86220880000008, -6.250449299999957], [106.86219040000009, -6.250467799999967], [106.86215230000005, -6.250659499999927], [106.86215230000005, -6.250851199999943], [106.86219040000009, -6.251157299999932], [106.86220870000005, -6.251204299999927], [106.86221420000004, -6.251245599999947], [106.86225950000005, -6.251335599999948], [106.86245750000006, -6.251846399999977], [106.86270920000004, -6.25249679999996], [106.86284660000007, -6.253032699999949], [106.86284660000007, -6.253185799999926], [106.86268510000008, -6.253499599999941], [106.862668, -6.253522499999974], [106.86249620000007, -6.25368949999995], [106.86226340000007, -6.253801899999928], [106.86186780000008, -6.253944], [106.86182880000007, -6.253954399999941], [106.86155520000005, -6.254005199999938], [106.86153010000004, -6.254015399999957], [106.86127270000009, -6.254051299999958], [106.86116730000003, -6.254006599999968], [106.86104620000003, -6.253819599999929], [106.86096420000007, -6.25331129999995], [106.86090920000004, -6.252896599999929], [106.86081370000005, -6.25236149999995], [106.86079820000003, -6.252297799999951], [106.86075610000006, -6.252024699999936], [106.86067670000006, -6.251797299999964], [106.86066440000008, -6.251746399999945], [106.86052880000005, -6.251238199999932], [106.86040770000005, -6.251024499999971], [106.86018020000006, -6.250985199999946], [106.85990780000009, -6.251012599999967], [106.85990860000004, -6.251050699999951], [106.85948960000007, -6.251167299999963], [106.85908530000006, -6.251398599999959], [106.85816370000003, -6.252340299999958], [106.85794630000004, -6.252669199999957], [106.85773490000008, -6.253223], [106.85758640000006, -6.25391], [106.85755180000007, -6.25443869999998], [106.85756980000008, -6.254851499999972], [106.85757160000009, -6.254894299999933], [106.85763610000004, -6.25509459999995], [106.857682, -6.255185599999947], [106.85778090000008, -6.255272399999967], [106.85820030000008, -6.255156099999965], [106.85883350000006, -6.25477079999996], [106.85920970000006, -6.254505699999925], [106.85946430000007, -6.254377199999965], [106.85971020000005, -6.254385499999955], [106.86023910000006, -6.254556799999932], [106.86048140000008, -6.254745499999956], [106.86071030000005, -6.255185599999947], [106.86072480000007, -6.255402699999934], [106.860658, -6.255542599999956], [106.86065230000008, -6.255554299999972], [106.86059830000005, -6.255667399999936], [106.86034420000004, -6.255950899999959], [106.85994740000007, -6.256222799999932], [106.85958120000004, -6.256453599999929], [106.85942640000007, -6.256546599999979], [106.85937220000005, -6.256665199999929], [106.85931410000006, -6.256818799999962], [106.85934590000005, -6.256947899999943], [106.85946670000004, -6.257067199999938], [106.859829, -6.257073699999978], [106.86025720000004, -6.257090499999947], [106.86040310000004, -6.257144599999947], [106.86047630000007, -6.257235499999979], [106.86050420000004, -6.257390399999963], [106.86050430000006, -6.257686199999966], [106.86038990000009, -6.258182099999942], [106.86038820000005, -6.258194399999979], [106.86037460000006, -6.258292299999937], [106.86022970000005, -6.258719499999927], [106.86009230000008, -6.259287399999948], [106.86000130000008, -6.259664399999963], [106.85987650000004, -6.260181499999931], [106.85979650000007, -6.260746899999958], [106.85960830000005, -6.26162249999993], [106.85944640000008, -6.262188099999946], [106.85931110000007, -6.262580499999956], [106.85920280000005, -6.262845199999958], [106.85898470000006, -6.262991799999952], [106.85877250000004, -6.263025299999981], [106.85845970000008, -6.263006699999949], [106.85810870000006, -6.262910399999953], [106.85774250000009, -6.262872699999946], [106.857094, -6.262836], [106.85655230000003, -6.262759699999947], [106.85601830000007, -6.262508], [106.85574360000004, -6.262177], [106.85563730000007, -6.262068799999952], [106.85551470000007, -6.261943899999949], [106.85543080000008, -6.261807499999975], [106.85516380000007, -6.261828], [106.85461450000008, -6.261966699999959], [106.85432450000008, -6.262162699999976], [106.85430160000004, -6.262299599999949], [106.85429930000004, -6.262317099999962], [106.85428640000003, -6.26241639999995], [106.85433980000005, -6.262513699999943], [106.85461450000008, -6.262766399999975], [106.85553760000005, -6.26317309999996], [106.85630050000009, -6.263502199999948], [106.85696430000007, -6.263694799999939], [106.85712030000008, -6.263782299999946], [106.85712990000007, -6.263918899999965], [106.85711220000007, -6.264064799999971], [106.85703060000009, -6.264165399999968], [106.856827, -6.264300399999968], [106.85651420000005, -6.26436], [106.856148, -6.264400499999965], [106.85501120000004, -6.26454119999994], [106.85446950000005, -6.264679499999943], [106.85417190000004, -6.264778199999967], [106.85408040000004, -6.264817299999947], [106.85404220000004, -6.264875899999936], [106.85399650000005, -6.264935099999946], [106.85397340000009, -6.265087599999958], [106.85401970000004, -6.265278799999976], [106.85423010000005, -6.265513], [106.85462970000003, -6.26581049999993], [106.85523240000003, -6.266101399999968], [106.85535450000003, -6.266217799999936], [106.85540790000005, -6.266471399999944], [106.85543980000006, -6.266770699999938], [106.85545370000006, -6.266900599999929], [106.85557230000006, -6.267513399999928], [106.85557450000005, -6.267524599999945], [106.85557720000008, -6.267537], [106.85559860000006, -6.267629199999931], [106.85562560000005, -6.267735899999934], [106.85580460000006, -6.268444599999953], [106.85591910000005, -6.268860399999937], [106.85605640000006, -6.269126], [106.85635390000004, -6.269724399999973], [106.85650650000008, -6.270156899999961], [106.856476, -6.27034], [106.85644550000006, -6.270440099999973], [106.85639210000005, -6.27050689999993], [106.85630820000006, -6.270523599999933], [106.856209, -6.270540799999935], [106.85602590000008, -6.270524599999931], [106.85587330000004, -6.270458799999972], [106.85570540000003, -6.270359599999949], [106.85549180000004, -6.270060599999965], [106.85539270000004, -6.269827899999939], [106.85525530000007, -6.269645299999979], [106.85517140000007, -6.269628599999976], [106.85498830000006, -6.269662399999959], [106.85485860000006, -6.269879399999979], [106.85485780000005, -6.26990619999998], [106.85484330000008, -6.270412499999964], [106.854904, -6.270538], [106.85499590000006, -6.270728199999951], [106.85539270000004, -6.27101], [106.85598010000007, -6.271390499999939], [106.85600250000005, -6.271404199999949], [106.856331, -6.271606], [106.85658280000007, -6.271854899999937], [106.85675070000008, -6.272137199999975], [106.85678120000006, -6.272436699999957], [106.85672010000008, -6.272686499999963], [106.85655230000003, -6.272720399999969], [106.85591910000005, -6.272689399999933], [106.85556770000005, -6.272626899999977], [106.85536980000006, -6.272591599999942], [106.85510270000009, -6.272542499999929], [106.85479750000007, -6.272360399999968], [106.85454040000008, -6.272170699999947], [106.85441610000004, -6.272079], [106.85416430000004, -6.271963199999959], [106.85382860000004, -6.27191449999998], [106.85358450000007, -6.271981799999935], [106.85341630000005, -6.272138599999948], [106.85340140000005, -6.272448599999962], [106.85347, -6.272798099999932], [106.85347, -6.273031299999957], [106.85334030000007, -6.273264899999958], [106.85313430000008, -6.273365499999954], [106.85289020000005, -6.273382699999956], [106.85242480000005, -6.273301199999935], [106.852139, -6.273251], [106.85186790000006, -6.273203399999943], [106.85153980000007, -6.273304499999938], [106.85136880000005, -6.273413399999981], [106.85130330000004, -6.273455199999944], [106.85127280000006, -6.273788], [106.85140250000006, -6.274249599999962], [106.85141670000007, -6.274273], [106.85166950000007, -6.274686899999949], [106.85194420000005, -6.275039699999979], [106.85192890000008, -6.275223299999936], [106.85186020000003, -6.27571869999997], [106.85164660000004, -6.276172199999962], [106.85150930000009, -6.2763], [106.85121170000008, -6.276513099999931], [106.850815, -6.276698199999942], [106.85060680000004, -6.276736599999936], [106.85050220000005, -6.276755899999955], [106.85018180000009, -6.276757299999929], [106.84977240000006, -6.276619599999947], [106.849724, -6.276603299999977], [106.84949510000007, -6.276561299999969], [106.84921280000003, -6.276590899999974], [106.84899160000003, -6.276733], [106.84879320000005, -6.27710159999998], [106.84876860000008, -6.277137699999969], [106.84861010000009, -6.277371], [106.84839650000004, -6.277668499999947], [106.84828660000005, -6.277760299999954], [106.84776030000006, -6.278199599999937], [106.84773270000005, -6.278222599999935], [106.847255, -6.278496699999948], [106.84713320000009, -6.278566499999954], [106.84677290000008, -6.278783699999963], [106.84672410000007, -6.278872299999932], [106.84665840000008, -6.278991599999927], [106.84661120000004, -6.279024199999981], [106.84659260000006, -6.279068299999949], [106.84658830000006, -6.279078499999969], [106.84660980000007, -6.279163099999948], [106.84661620000008, -6.279282099999932], [106.84664310000005, -6.279418499999963], [106.84678120000007, -6.279548699999964], [106.84681540000008, -6.279580899999928], [106.84706130000006, -6.279727499999979], [106.84746570000004, -6.279924899999969], [106.84761610000004, -6.280038499999932], [106.847642, -6.28004], [106.84782430000007, -6.280050299999971], [106.84845750000005, -6.279867199999956], [106.84850840000007, -6.279850099999976], [106.84889240000007, -6.279721299999949], [106.849251, -6.279665499999965], [106.84940410000007, -6.279648799999961], [106.84976220000004, -6.27960969999998], [106.85000970000004, -6.279554399999938], [106.85022790000005, -6.279565299999945], [106.85031750000007, -6.279672499999947], [106.85034380000008, -6.279704], [106.85034990000008, -6.27975129999993], [106.85031470000007, -6.279852099999971], [106.85002, -6.280143199999941], [106.84962730000007, -6.280354699999975], [106.84949280000006, -6.280495], [106.84942040000004, -6.280562799999927], [106.84935030000008, -6.280628399999955], [106.84900680000004, -6.280950099999927], [106.84879370000004, -6.281221699999946], [106.84868250000005, -6.281377299999974], [106.84836510000008, -6.281821499999978], [106.84810660000005, -6.282183199999963], [106.84772510000005, -6.282672499999933], [106.84770480000009, -6.282698499999981], [106.84768250000008, -6.282727], [106.84752670000006, -6.282926599999939], [106.84746160000009, -6.283037199999967], [106.84745930000008, -6.283144], [106.84743520000006, -6.283234199999981], [106.84752270000007, -6.283371899999963], [106.84754960000004, -6.28341439999997], [106.84765640000006, -6.283486399999958], [106.84782190000004, -6.283497199999942], [106.84790120000008, -6.283516399999939], [106.84791680000006, -6.283520199999941], [106.84800630000007, -6.283509199999969], [106.84804950000006, -6.283512099999939], [106.84809110000003, -6.283514799999978], [106.84818290000004, -6.283520799999962], [106.84856430000008, -6.283429199999944], [106.84864830000004, -6.283465], [106.84873980000003, -6.283573199999978], [106.84876270000007, -6.283681399999978], [106.84871180000005, -6.283766699999944], [106.848633, -6.28389889999994], [106.84832780000005, -6.284298], [106.84824860000003, -6.28435369999994], [106.84786240000005, -6.284625099999971], [106.84758780000004, -6.284951299999932], [106.84735890000007, -6.285368], [106.84734150000008, -6.285628799999927], [106.847336, -6.285711799999945], [106.84735890000007, -6.285892499999932], [106.84745040000007, -6.286173399999939], [106.84750380000008, -6.286342699999977], [106.84750380000008, -6.286492899999928], [106.84752670000006, -6.286699799999951], [106.84775560000008, -6.28715], [106.84776590000007, -6.287168899999926], [106.84799980000008, -6.287600099999963], [106.848488, -6.288068399999929], [106.84912890000004, -6.288479799999948], [106.84947220000004, -6.288516099999981], [106.849785, -6.288458399999968], [106.84992240000008, -6.288289099999929], [106.84995570000007, -6.28824549999996], [106.85005210000008, -6.288119399999971], [106.85012830000005, -6.287987299999941], [106.85016650000006, -6.287931], [106.85019350000005, -6.287925399999949], [106.85034960000007, -6.287892899999974], [106.85059380000007, -6.287985799999944], [106.85103540000006, -6.288294699999938], [106.85104670000004, -6.288302499999929], [106.85115830000007, -6.288453599999968], [106.85108890000004, -6.288888899999961], [106.85108410000004, -6.288919199999953], [106.85106240000005, -6.289020599999958], [106.85096, -6.289394399999935], [106.85081930000007, -6.289587599999948], [106.850754, -6.289677199999971], [106.85060140000007, -6.28984689999993], [106.85030380000006, -6.289979499999959], [106.84998340000004, -6.29007439999998], [106.84954850000008, -6.290207399999929], [106.84953420000005, -6.290215299999943], [106.84938020000004, -6.290300199999933], [106.84934250000003, -6.290320899999926], [106.84928910000008, -6.290471599999933], [106.84930440000005, -6.290603199999964], [106.84941770000006, -6.290975], [106.84944170000006, -6.291053799999929], [106.84967060000008, -6.291504399999951], [106.84996350000006, -6.292095399999937], [106.84996820000003, -6.292104799999947], [106.85021990000007, -6.292498599999931], [106.85032670000004, -6.292611199999953], [106.85036490000005, -6.292686], [106.85070820000004, -6.292910599999971], [106.85102860000006, -6.292928299999971], [106.85123460000005, -6.292852], [106.85131930000006, -6.29273], [106.85134560000006, -6.292692099999954], [106.85141770000007, -6.292588299999977], [106.85153220000007, -6.292212099999972], [106.85160850000005, -6.291591199999971], [106.85166190000007, -6.291252699999973], [106.851755, -6.291155799999956], [106.85180680000008, -6.291102], [106.85192030000007, -6.291053599999941], [106.85206910000005, -6.291039299999966], [106.85241240000005, -6.291011599999933], [106.85250480000008, -6.29096839999994], [106.85262830000005, -6.290910699999927], [106.85284440000004, -6.290854], [106.85301730000003, -6.290730799999949], [106.853348, -6.290495], [106.85383630000007, -6.29026749999997], [106.85394330000008, -6.290279699999928], [106.854063, -6.290293299999973], [106.85422180000006, -6.290311299999928], [106.85425670000006, -6.290346599999964], [106.85436270000008, -6.290454], [106.854439, -6.290829199999962], [106.85437030000008, -6.29114919999995], [106.85384390000007, -6.292166299999963], [106.85345810000007, -6.292602799999941], [106.85339370000008, -6.292675599999939], [106.85318130000007, -6.292942399999959], [106.85294360000006, -6.293241099999932], [106.85250870000004, -6.293835199999933], [106.852379, -6.294025499999975], [106.85236420000007, -6.294111399999963], [106.85235610000007, -6.29415849999998], [106.852318, -6.294272499999977], [106.85230270000005, -6.294386399999951], [106.85227980000008, -6.294538099999954], [106.85230270000005, -6.294652], [106.85234090000006, -6.294784599999957], [106.85243250000008, -6.294784099999958], [106.85249350000004, -6.294727399999942], [106.85261650000007, -6.294559699999979], [106.85264710000007, -6.294523499999968], [106.852691, -6.294471299999941], [106.85284220000005, -6.294316399999957], [106.85294110000007, -6.294214899999929], [106.85315720000006, -6.293984899999941], [106.85347760000008, -6.293793699999981], [106.85370650000004, -6.293717], [106.85396590000005, -6.29379229999995], [106.85414140000006, -6.294019299999945], [106.854294, -6.29426529999995], [106.854294, -6.2943], [106.854294, -6.295176099999935], [106.85426350000006, -6.295897499999967], [106.85424060000008, -6.295954299999948], [106.85420250000004, -6.296011499999963], [106.85411920000007, -6.296140399999956], [106.85405870000005, -6.296161599999948], [106.85394310000004, -6.296202199999925], [106.85376760000008, -6.296165], [106.85323350000004, -6.29595809999995], [106.85313620000005, -6.295932199999925], [106.85224930000004, -6.295695799999976], [106.85194250000006, -6.295680899999979], [106.85152450000004, -6.29566049999994], [106.85108970000005, -6.295737799999927], [106.85085340000006, -6.295800499999928], [106.85065480000009, -6.295853199999954], [106.850487, -6.296005799999932], [106.85040770000006, -6.296163599999943], [106.85037250000005, -6.296233699999959], [106.85031150000003, -6.29646159999993], [106.85063950000006, -6.296916099999976], [106.85145590000008, -6.297444399999961], [106.85191370000007, -6.297670899999957], [106.85195940000006, -6.297737199999972], [106.85214250000007, -6.298030399999959], [106.85212730000006, -6.298258299999929], [106.85214250000007, -6.298979299999928], [106.85203570000004, -6.299131399999965], [106.85195940000006, -6.299226799999929], [106.85180680000008, -6.299284], [106.85169240000005, -6.299360299999933], [106.85148640000006, -6.299379899999963], [106.85110490000005, -6.299078], [106.85091420000003, -6.298945499999945], [106.85035730000004, -6.298795699999971], [106.849869, -6.298816699999975], [106.84967820000008, -6.298873899999933], [106.84960190000004, -6.299045099999944], [106.84962480000007, -6.29915909999994], [106.849755, -6.299676499999975], [106.84977740000005, -6.299765699999966], [106.84989180000008, -6.299917299999947], [106.85009780000007, -6.300068], [106.85032670000004, -6.300257299999942], [106.85057850000004, -6.300446099999931], [106.85121940000005, -6.300875699999949], [106.851494, -6.301039299999957], [106.85162370000006, -6.301093599999945], [106.85165860000006, -6.301089499999932], [106.851784, -6.301074599999936], [106.85182750000007, -6.301031899999941], [106.85195180000005, -6.30091], [106.85215020000004, -6.300507599999946], [106.85231040000008, -6.30006839999993], [106.85247820000006, -6.299922], [106.85280630000005, -6.29982949999993], [106.85282580000006, -6.29982549999994], [106.85311180000008, -6.299767499999973], [106.85317250000008, -6.29975509999997], [106.853554, -6.299808599999949], [106.85398880000008, -6.29960589999996], [106.85446950000005, -6.299458099999981], [106.85462970000003, -6.299457599999926], [106.85481280000005, -6.299657899999943], [106.85488910000004, -6.299894799999947], [106.85500350000007, -6.300807499999962], [106.85498430000007, -6.301083699999936], [106.85496540000008, -6.301355399999977], [106.85482040000005, -6.301776], [106.85460680000006, -6.302142199999935], [106.854439, -6.302343399999927], [106.85442370000004, -6.302526], [106.85445470000008, -6.302605699999958], [106.85473650000006, -6.303328599999929], [106.85484330000008, -6.303474499999936], [106.85486850000007, -6.303488799999968], [106.85557570000009, -6.303891699999951], [106.856827, -6.304508299999952], [106.85742970000007, -6.30472519999995], [106.85813920000004, -6.305069499999945], [106.858452, -6.305379], [106.85849020000006, -6.305506299999934], [106.85849020000006, -6.305624199999954], [106.85849020000006, -6.305637399999966], [106.85849020000006, -6.30572559999996], [106.858452, -6.305780499999969], [106.85833, -6.305908699999975], [106.85787220000009, -6.30609329999993], [106.85761280000008, -6.306167199999948], [106.85741440000004, -6.306259199999943], [106.85739920000009, -6.306423299999949], [106.85743730000007, -6.306737], [106.85765860000004, -6.30751609999993], [106.85768150000007, -6.307689299999936], [106.85768150000007, -6.307797499999936], [106.85761280000008, -6.308014399999934], [106.85746780000005, -6.308339699999976], [106.85722370000008, -6.308535599999971], [106.85715720000007, -6.308694899999978], [106.85715030000006, -6.308711499999959], [106.85707870000005, -6.308882799999935], [106.85690330000006, -6.309381499999972], [106.85685240000004, -6.309577199999978], [106.85683050000006, -6.309661299999959], [106.85677360000005, -6.309880299999975], [106.85686510000005, -6.31037809999998], [106.85697190000008, -6.310486399999945], [106.85704060000006, -6.310594099999946], [106.85721610000007, -6.310680399999967], [106.85766620000004, -6.310613699999976], [106.85792560000004, -6.310634199999981], [106.85816970000008, -6.310741899999925], [106.85832230000005, -6.310914599999933], [106.85832230000005, -6.311088099999949], [106.85829940000008, -6.311142], [106.85828730000009, -6.31117949999998], [106.85825360000007, -6.311283199999934], [106.85767380000004, -6.311913499999946], [106.85754690000005, -6.312027299999954], [106.85687270000005, -6.312631199999942], [106.85635390000004, -6.313044599999955], [106.85592670000005, -6.313479499999971], [106.85559860000006, -6.313762299999951], [106.85514090000004, -6.313828499999943], [106.85488150000003, -6.31382949999994], [106.85479750000007, -6.313699799999938], [106.854706, -6.313592], [106.854645, -6.313202399999966], [106.854706, -6.312877199999946], [106.854706, -6.312682199999927], [106.85462210000009, -6.312400899999943], [106.85444660000007, -6.312184799999955], [106.85389490000006, -6.311788399999955], [106.85357680000004, -6.311559699999975], [106.85322590000004, -6.311344199999951], [106.85292070000008, -6.31104229999994], [106.85270710000009, -6.310934599999939], [106.85262320000004, -6.310978499999976], [106.85236380000003, -6.311065699999972], [106.852346, -6.311096099999929], [106.85224930000004, -6.311261199999933], [106.85216540000005, -6.311738], [106.85217720000009, -6.312038399999949], [106.852178, -6.312058499999978], [106.85217870000008, -6.312077599999952], [106.85218830000008, -6.312322699999925], [106.85217860000006, -6.312364099999968], [106.85217870000008, -6.312381699999946], [106.85211030000005, -6.312754], [106.85190220000004, -6.31305709999998], [106.85168220000008, -6.313302], [106.85146330000003, -6.313826], [106.85123940000005, -6.314369099999965], [106.85123290000007, -6.314385], [106.851177, -6.314763099999936], [106.85117840000004, -6.314776], [106.85128860000003, -6.315119399999958], [106.85149780000006, -6.315422699999942], [106.85152720000008, -6.315453599999955], [106.85162280000009, -6.315637699999968], [106.8517, -6.315771199999972], [106.85170250000004, -6.315791299999944], [106.85172610000006, -6.315836599999955], [106.85172660000006, -6.315987799999959], [106.85157680000003, -6.316325499999948], [106.85132180000005, -6.316524099999981], [106.85031240000006, -6.316969499999971], [106.84972080000006, -6.317285599999934], [106.84950490000006, -6.317443799999978], [106.84946460000003, -6.317478699999981], [106.84935780000006, -6.317714299999977], [106.84935780000006, -6.317934399999956], [106.84937510000009, -6.318112299999939], [106.84937550000006, -6.318212499999959], [106.84939590000005, -6.318328899999926], [106.84937690000004, -6.318605], [106.84926130000008, -6.318787099999952], [106.84912730000008, -6.318824599999971], [106.84905020000008, -6.318854099999953], [106.84903060000005, -6.318851699999925], [106.84892460000003, -6.31888129999993], [106.84867980000007, -6.318672899999967], [106.84835370000008, -6.318453099999942], [106.848285, -6.318390699999952], [106.848221, -6.318350799999962], [106.84789810000007, -6.318316299999935], [106.84786510000004, -6.31831539999996], [106.84748150000007, -6.318293499999925], [106.84710950000004, -6.31825989999993], [106.84687670000005, -6.318156099999953], [106.84679480000005, -6.317993599999966], [106.84685230000008, -6.317819], [106.84701450000006, -6.31766719999996], [106.84745590000006, -6.317630799999961], [106.84770250000008, -6.317594699999972], [106.84795040000006, -6.31753759999998], [106.84819350000004, -6.317444499999965], [106.84832580000005, -6.317357699999945], [106.84847680000007, -6.317138799999952], [106.84852230000007, -6.31704469999994], [106.84874540000004, -6.316526799999963], [106.84881020000006, -6.316297], [106.84882640000006, -6.316236099999969], [106.84889220000008, -6.315946099999962], [106.84891340000007, -6.315745199999981], [106.84888820000003, -6.315630499999941], [106.848839, -6.315455499999928], [106.84865380000008, -6.315299599999946], [106.84851650000007, -6.315220199999942], [106.84848950000008, -6.315195699999947], [106.84835070000008, -6.31511409999996], [106.84802220000006, -6.315172599999926], [106.84791450000006, -6.315203299999951], [106.84777270000006, -6.315254599999946], [106.847397, -6.315406399999972], [106.84733960000005, -6.315458799999931], [106.84728850000005, -6.315508], [106.84726930000005, -6.315522899999962], [106.84708350000005, -6.315692399999932], [106.84703220000006, -6.315752599999939], [106.84695870000007, -6.315838], [106.84682860000004, -6.31600839999993], [106.84681480000006, -6.316029299999968], [106.84674660000007, -6.316198099999951], [106.84673170000008, -6.316241199999979], [106.84666920000006, -6.316422], [106.84661540000008, -6.316503399999931], [106.84656530000007, -6.316564399999947], [106.84642050000008, -6.316766299999927], [106.84637630000009, -6.316852199999971], [106.84633720000005, -6.316937699999926], [106.84615710000008, -6.317046699999935], [106.84597210000004, -6.317033799999933], [106.84580060000008, -6.317002799999955], [106.84569410000006, -6.316948399999944], [106.84557680000006, -6.316899399999954], [106.84547970000006, -6.316864099999975], [106.84530810000007, -6.31679239999994], [106.84513180000005, -6.31671179999995], [106.84500670000006, -6.316651499999978], [106.84496650000006, -6.316633799999977], [106.84491770000005, -6.316621299999952], [106.84484120000008, -6.316605599999946], [106.84471910000008, -6.316581799999938], [106.84455130000003, -6.316558399999963], [106.844475, -6.316570799999965], [106.84436050000005, -6.316607], [106.84433560000008, -6.316618099999971], [106.84427240000008, -6.316648699999973], [106.84421910000003, -6.316718499999979], [106.84420890000007, -6.316712699999925], [106.84416980000009, -6.316835899999944], [106.84415450000006, -6.317003799999952], [106.84416980000009, -6.317267499999957], [106.84410880000007, -6.317579799999976], [106.844002, -6.318155799999943], [106.84395620000004, -6.318311699999981], [106.84383410000004, -6.318456199999957], [106.84360520000007, -6.318529199999944], [106.84352130000008, -6.31850529999997], [106.84329240000005, -6.318386099999941], [106.84289570000004, -6.318171499999949], [106.842705, -6.318088599999953], [106.84246850000005, -6.318017], [106.84165970000004, -6.318128199999933], [106.84075180000008, -6.318358899999964], [106.84028650000005, -6.318480499999964], [106.83999650000004, -6.318625499999939], [106.83956930000005, -6.318939199999932], [106.83921070000008, -6.319396099999949], [106.83873, -6.320078899999942], [106.83856220000007, -6.32026819999993], [106.838463, -6.320457], [106.83835620000008, -6.320624899999927], [106.83829520000006, -6.320731099999932], [106.83829520000006, -6.320834699999978], [106.83827230000009, -6.320981099999926], [106.83829520000006, -6.321086], [106.83850880000006, -6.321441199999981], [106.83884450000005, -6.321649599999944], [106.83921830000008, -6.321711099999959], [106.83988970000007, -6.321540899999945], [106.840584, -6.321308199999976], [106.84087390000008, -6.321370199999933], [106.840935, -6.321495599999935], [106.84095780000007, -6.321558], [106.84095780000007, -6.321683899999925], [106.84081290000006, -6.32183079999993], [106.84011860000004, -6.322064], [106.84005750000006, -6.322168899999951], [106.83995840000006, -6.322546099999954], [106.83999650000004, -6.322671899999932], [106.84004230000005, -6.322776399999952], [106.84029410000005, -6.322963699999946], [106.84124010000005, -6.323379599999953], [106.84153, -6.323629899999958], [106.84170010000008, -6.323858299999927], [106.84193440000007, -6.324173], [106.84254470000008, -6.324967], [106.84290330000005, -6.325573], [106.84310930000004, -6.326263499999925], [106.84309410000009, -6.326724099999979], [106.84305590000008, -6.326891899999964], [106.842911, -6.327141799999936], [106.84275070000007, -6.327358299999958], [106.84254470000008, -6.327537099999972], [106.842354, -6.327639599999941], [106.84217850000005, -6.327716399999929], [106.842087, -6.327716899999928], [106.84203360000004, -6.327704], [106.84185810000008, -6.327577599999927], [106.84170550000005, -6.327044499999943], [106.84163680000006, -6.326828499999976], [106.84157580000004, -6.326739799999928], [106.84146140000007, -6.32667639999994], [106.84130880000004, -6.32668979999994], [106.84115620000006, -6.326881], [106.84114170000004, -6.326918299999932], [106.84075180000008, -6.327924799999948], [106.840523, -6.328561299999933], [106.84030170000005, -6.329006699999979], [106.84024830000004, -6.329121199999975], [106.840233, -6.329210299999943], [106.84022540000007, -6.329299499999934], [106.84024070000004, -6.329413899999963], [106.84041620000005, -6.329654699999935], [106.84130880000004, -6.330414399999938], [106.84140310000004, -6.330493699999977], [106.84182, -6.330844399999933], [106.84207170000008, -6.330996099999936], [106.84243030000005, -6.331058599999949], [106.84279650000008, -6.331133399999942], [106.84315510000005, -6.331271699999945], [106.84329880000007, -6.331410199999937], [106.84339920000008, -6.331596899999965], [106.84339920000008, -6.331747099999973], [106.84332290000003, -6.331807599999934], [106.84308640000006, -6.331988899999942], [106.84245320000008, -6.332126699999947], [106.84178940000004, -6.332264], [106.840996, -6.332222], [106.840645, -6.332162899999958], [106.84042380000005, -6.332163899999955], [106.84019490000009, -6.332179599999961], [106.84011860000004, -6.332224899999972], [106.83997360000006, -6.332390799999928], [106.83985160000009, -6.332842399999947], [106.83976, -6.333564799999976], [106.83976770000004, -6.333820399999979], [106.83976770000004, -6.334030699999971], [106.83975240000007, -6.334196099999929], [106.83973970000005, -6.334387799999945], [106.83970660000006, -6.334888], [106.83972190000009, -6.335204199999964], [106.83973710000004, -6.335324299999968], [106.83978290000005, -6.335459299999968], [106.83987450000006, -6.335639499999957], [106.83999650000004, -6.335774499999957], [106.84008810000006, -6.335879399999953], [106.84017960000006, -6.335954199999946], [106.84019070000005, -6.335966299999939], [106.84037520000004, -6.336462], [106.84033990000006, -6.336765599999978], [106.84028650000005, -6.336871199999962], [106.84027450000008, -6.337000899999964], [106.84025590000005, -6.337202099999956], [106.84030170000005, -6.337623599999972], [106.84035510000007, -6.337926399999958], [106.84037040000004, -6.338213], [106.84035510000007, -6.338388499999951], [106.84030930000006, -6.338532], [106.84019490000009, -6.338883], [106.83986680000004, -6.33942559999997], [106.83960740000003, -6.339713599999925], [106.83938620000004, -6.340016899999966], [106.83929460000007, -6.340160899999944], [106.83927930000004, -6.340256199999942], [106.83924890000009, -6.340352099999961], [106.83923360000006, -6.340447899999958], [106.83927930000004, -6.340575199999932], [106.83928590000005, -6.340592299999969], [106.83930990000005, -6.340654399999949], [106.83943960000005, -6.340797499999951], [106.83956930000005, -6.340828899999963], [106.83977530000004, -6.340844199999935], [106.83991940000004, -6.340843799999959], [106.83993550000008, -6.340843699999937], [106.840233, -6.340810799999929], [106.84047720000007, -6.34085749999997], [106.84065270000008, -6.341000099999974], [106.84081680000008, -6.341271499999948], [106.84087390000008, -6.341365899999971], [106.84095780000007, -6.341796], [106.84094050000004, -6.341977099999951], [106.84094260000006, -6.341987199999949], [106.84222430000005, -6.342088799999942], [106.84256, -6.342076299999974], [106.84264390000004, -6.342063899999971], [106.84326190000007, -6.342013899999927], [106.84339920000008, -6.342012], [106.84549730000003, -6.341950499999939], [106.84554310000004, -6.34195619999997], [106.84593980000005, -6.342046799999935], [106.84608480000009, -6.342052499999966], [106.84609240000009, -6.342003399999953], [106.84610770000006, -6.341924199999937], [106.84611530000006, -6.341893699999957], [106.84616870000008, -6.341741599999978], [106.846245, -6.341273399999977], [106.84629080000008, -6.340911399999925], [106.84645860000006, -6.340428399999951], [106.84647390000003, -6.340378299999941], [106.84648920000006, -6.34035259999996], [106.84664170000008, -6.339815699999974], [106.84671040000006, -6.339246799999955], [106.84684010000007, -6.338793799999962], [106.84687820000005, -6.338661199999933], [106.84682480000004, -6.338512499999979], [106.84678670000005, -6.338406099999929], [106.84683250000006, -6.338242099999945], [106.84699270000004, -6.33803039999998], [106.84720630000004, -6.337868699999945], [106.84745810000004, -6.337762399999974], [106.84764880000006, -6.337716099999966], [106.84812950000008, -6.337819199999956], [106.84821250000005, -6.337825099999975], [106.84850330000006, -6.337845799999968], [106.84878560000004, -6.337782899999979], [106.84891530000004, -6.337711799999965], [106.84902970000007, -6.337578299999961], [106.84901450000007, -6.337394299999971], [106.84899920000004, -6.337017599999967], [106.848984, -6.336812599999973], [106.84901450000007, -6.336607], [106.84906790000008, -6.336464899999953], [106.84918230000005, -6.336327599999947], [106.84939590000005, -6.33614069999993], [106.84942650000005, -6.336128299999928], [106.849457, -6.336128699999961], [106.85005970000009, -6.336137299999962], [106.85043350000007, -6.336165], [106.85045640000004, -6.336213199999975], [106.85044880000004, -6.336313299999972], [106.85038010000005, -6.336432], [106.85025810000008, -6.336636599999963], [106.85030380000006, -6.336699099999976], [106.85046410000007, -6.336820699999976], [106.85063190000005, -6.336822499999926], [106.850815, -6.336793], [106.85146350000008, -6.336605099999929], [106.851555, -6.336623199999963], [106.85158560000008, -6.336681399999975], [106.85157790000005, -6.336804499999971], [106.851555, -6.337088199999926], [106.85161610000006, -6.337196399999925], [106.85173050000009, -6.33730079999998], [106.85209670000006, -6.337588399999959], [106.85215780000004, -6.337735199999941], [106.852173, -6.33798029999997], [106.85214250000007, -6.338164399999926], [106.85202810000004, -6.338385199999948], [106.851845, -6.338629799999978], [106.85167710000007, -6.338763799999981], [106.85139480000004, -6.338915899999961], [106.85118880000005, -6.338965899999948], [106.85089130000006, -6.338976], [106.85073110000008, -6.338950699999941], [106.85064720000008, -6.33893779999994], [106.85050220000005, -6.33897879999995], [106.85041830000006, -6.339058399999942], [106.85035730000004, -6.339194299999974], [106.85028860000006, -6.339431299999944], [106.85021230000007, -6.339613], [106.85013620000007, -6.339761399999929], [106.84998340000004, -6.34005929999995], [106.84998810000008, -6.340138599999932], [106.849991, -6.340187599999979], [106.85003680000005, -6.340287199999977], [106.85017410000006, -6.340406899999948], [106.85041830000006, -6.340631499999972], [106.85063190000005, -6.340936199999931], [106.85072350000007, -6.341033], [106.85091420000003, -6.341122699999971], [106.85118120000004, -6.341181799999958], [106.85147110000008, -6.34125279999995], [106.85160850000005, -6.341358699999944], [106.85169240000005, -6.341479799999945], [106.85169240000005, -6.34159139999997], [106.85166950000007, -6.341855099999975], [106.85165420000004, -6.342002899999954], [106.85166190000007, -6.342042499999934], [106.85176870000004, -6.342329599999971], [106.85192130000007, -6.342702399999951], [106.85199630000005, -6.342804599999965], [106.85202810000004, -6.342847899999981], [106.85215020000004, -6.342940399999975], [106.85228750000005, -6.342988499999933], [106.85250110000004, -6.342995199999962], [106.85267660000005, -6.34295659999998], [106.85285970000007, -6.34286979999996], [106.85300460000008, -6.342833599999949], [106.85314960000005, -6.342876499999932], [106.85327930000005, -6.342945199999974], [106.85337080000005, -6.342929399999946], [106.85368370000003, -6.342857899999956], [106.85381340000004, -6.342879799999935], [106.85391250000004, -6.34295039999995], [106.85393540000007, -6.343027599999971], [106.853966, -6.343344299999956], [106.85402910000005, -6.343476], [106.85404990000006, -6.343519299999969], [106.85412610000009, -6.343585099999927], [106.85430160000004, -6.343631799999969], [106.85449240000008, -6.343712399999959], [106.85461450000008, -6.343823], [106.85471360000008, -6.343978899999968], [106.854727, -6.344032299999981], [106.85477460000004, -6.344222599999966], [106.85478230000007, -6.344559699999934], [106.85472130000005, -6.34464939999998], [106.854439, -6.344929799999932], [106.85418950000007, -6.345199099999945], [106.85407280000004, -6.345386499999961], [106.85408020000006, -6.345462299999951], [106.85409570000007, -6.345557199999973], [106.85413380000006, -6.34588679999996], [106.85415670000003, -6.346091299999955], [106.85419680000007, -6.34649909999996], [106.85420250000004, -6.346556699999951], [106.85446950000005, -6.346851399999935], [106.85453050000007, -6.346897699999943], [106.85478990000007, -6.347088399999961], [106.85514090000004, -6.347193299999958], [106.85520190000005, -6.347214299999962], [106.855385, -6.347255299999972], [106.85559860000006, -6.346927699999981], [106.85569780000009, -6.346790799999951], [106.85574360000004, -6.346824699999956], [106.85584280000006, -6.346876699999939], [106.85607930000003, -6.346963], [106.85655230000003, -6.347138899999948], [106.85661060000007, -6.347158099999945], [106.85665910000006, -6.347175199999981], [106.85664390000005, -6.34720429999993], [106.85658280000007, -6.347440799999958], [106.85651610000008, -6.347631199999967], [106.85648370000007, -6.347723499999972], [106.85630820000006, -6.348136], [106.85617080000009, -6.34856039999994], [106.856148, -6.348908499999936], [106.85617080000009, -6.348959499999978], [106.85625480000004, -6.34899], [106.85656, -6.349067699999978], [106.856682, -6.349156], [106.85673540000005, -6.349270899999965], [106.856743, -6.34943009999995], [106.856682, -6.349652299999946], [106.85650650000008, -6.350026199999945], [106.85635390000004, -6.350306599999954], [106.85617080000009, -6.35053019999998], [106.85610980000007, -6.350648], [106.85607930000003, -6.350823899999966], [106.85610980000007, -6.351017], [106.85615560000008, -6.35133129999997], [106.85612510000004, -6.351530599999933], [106.85605640000006, -6.351579199999946], [106.85588090000005, -6.351681799999938], [106.85574360000004, -6.351824799999974], [106.85572070000006, -6.351898699999936], [106.85575890000007, -6.352021699999966], [106.85582750000003, -6.352069899999947], [106.85562150000004, -6.35229309999994], [106.85561390000004, -6.352387], [106.856888, -6.352686399999925], [106.85719320000004, -6.352757], [106.85755180000007, -6.352826099999959], [106.85758230000005, -6.352829499999928], [106.85775010000003, -6.352853799999934], [106.85813920000004, -6.35296059999996], [106.85827650000004, -6.352996399999938], [106.85884110000006, -6.353144199999974], [106.85935990000007, -6.353314499999954], [106.85939050000007, -6.353331599999933], [106.85953540000008, -6.353386], [106.85971850000004, -6.353459899999962], [106.85987870000008, -6.353545699999927], [106.86002370000006, -6.35361869999997], [106.86021440000007, -6.353717399999937], [106.86024490000005, -6.353737399999943], [106.86068750000004, -6.354689199999939], [106.86071030000005, -6.354732499999955], [106.86080950000007, -6.35492759999994], [106.86088580000006, -6.355050099999971], [106.86106130000007, -6.355272299999967], [106.86124440000003, -6.355612299999962], [106.86161060000006, -6.356144], [106.86149610000007, -6.356221199999936], [106.861397, -6.356287499999951], [106.86142220000005, -6.356320499999981], [106.86162580000007, -6.356574599999931], [106.86170210000006, -6.356662799999981], [106.86175550000007, -6.356729599999937], [106.86209890000003, -6.357170199999928], [106.86219810000006, -6.357275099999981], [106.86221330000006, -6.357338], [106.862816, -6.356988499999943], [106.86344930000007, -6.356571199999962], [106.86375450000008, -6.356023799999946], [106.86407490000005, -6.355752499999937], [106.86459370000006, -6.355918], [106.86515830000008, -6.355820699999981], [106.86635610000008, -6.355126399999961], [106.86663840000006, -6.354964299999949], [106.86689010000003, -6.354796499999964], [106.86707320000005, -6.354666799999961], [106.86717240000007, -6.354618599999981], [106.86743180000008, -6.354450299999939], [106.867592, -6.354355899999973], [106.86761490000004, -6.354334899999969], [106.868973, -6.353827099999933], [106.86907960000008, -6.353745599999968], [106.87011740000008, -6.352953], [106.87025470000003, -6.352916299999947], [106.87064380000004, -6.35276609999994], [106.87083450000006, -6.352740299999937], [106.87101760000007, -6.352782299999944], [106.871216, -6.352892499999939], [106.87136860000004, -6.353053599999953], [106.871483, -6.353227199999935], [106.87158980000004, -6.353506599999946], [106.87160510000007, -6.353597699999966], [106.871668, -6.353670799999975], [106.87187980000004, -6.35381179999996], [106.87206290000006, -6.353929599999958], [106.87213150000008, -6.354083599999967], [106.87217730000003, -6.354274299999929], [106.87223070000005, -6.354365899999948], [106.87225360000008, -6.354380699999979], [106.87232210000008, -6.354423199999928], [106.87235280000004, -6.354442199999937], [106.87240620000006, -6.354508], [106.87242150000009, -6.35461289999995], [106.87237570000008, -6.354799799999967], [106.87237570000008, -6.354974299999981], [106.87240620000006, -6.355075899999974], [106.87247860000008, -6.355117099999973], [106.87255880000004, -6.355162699999937], [106.872658, -6.355122199999926], [106.87289450000009, -6.354978599999981], [106.87299360000009, -6.355010099999959], [106.87303940000004, -6.355087799999978], [106.87316910000004, -6.355522199999939], [106.87321490000005, -6.35565859999997], [106.87329880000004, -6.355703399999925], [106.87362690000003, -6.355897], [106.87377950000007, -6.356062899999927], [106.87384050000009, -6.356188799999927], [106.87390150000004, -6.356351899999936], [106.87388630000004, -6.356466299999965], [106.87381760000005, -6.356558399999926], [106.87376330000006, -6.356586], [106.87371080000008, -6.356612699999971], [106.87348960000008, -6.356726699999967], [106.87337510000003, -6.356843099999935], [106.87326830000006, -6.357011899999975], [106.87316910000004, -6.357142], [106.87311980000004, -6.357199499999979], [106.872986, -6.357355199999972], [106.87294790000004, -6.357498199999952], [106.87287160000005, -6.357636499999956], [106.87277240000009, -6.35769229999994], [106.87232230000006, -6.357831099999942], [106.87216210000008, -6.357880099999932], [106.87204, -6.357910199999935], [106.87198660000007, -6.357999399999926], [106.87198030000008, -6.358104799999978], [106.87201710000005, -6.358261699999957], [106.87213920000005, -6.358547299999941], [106.87229940000009, -6.358748499999933], [106.87226120000008, -6.358855799999958], [106.87209340000004, -6.359080899999981], [106.87190260000006, -6.359263], [106.87182660000008, -6.359337299999936], [106.87158980000004, -6.359587699999963], [106.87144490000009, -6.359840399999939], [106.87147540000007, -6.360035499999981], [106.87167380000005, -6.36017279999993], [106.87192550000009, -6.360365399999978], [106.87232990000007, -6.360725499999944], [106.87241380000006, -6.360825099999943], [106.87249010000005, -6.36101629999996], [106.87258930000007, -6.36123189999995], [106.87267320000007, -6.36130049999997], [106.87274950000005, -6.361290499999939], [106.87291740000006, -6.361199899999974], [106.873192, -6.361104499999954], [106.87352770000007, -6.360965799999974], [106.87364210000004, -6.360946199999944], [106.87373370000006, -6.36099059999998], [106.87388630000004, -6.361140299999931], [106.87410760000006, -6.361335799999949], [106.87430880000005, -6.361398], [106.87438220000007, -6.36142069999994], [106.87457960000006, -6.361524899999949], [106.87477890000008, -6.36163], [106.87500020000004, -6.361634799999933], [106.87544270000006, -6.36161519999996], [106.87591570000006, -6.361594199999956], [106.87597670000008, -6.361623299999962], [106.87615990000006, -6.361720099999957], [106.87639640000003, -6.36182789999998], [106.87661760000009, -6.361892299999965], [106.876671, -6.36184129999998], [106.87669390000008, -6.361753], [106.87673970000009, -6.361634299999935], [106.87680070000005, -6.361591899999951], [106.87693040000005, -6.36159], [106.87709060000009, -6.361571899999944], [106.87722030000003, -6.361497899999961], [106.87736530000006, -6.361351099999979], [106.87739580000004, -6.361102199999948], [106.87744920000006, -6.360969599999976], [106.87752550000005, -6.360946199999944], [106.87760950000006, -6.360981], [106.87791460000005, -6.36114079999993], [106.878029, -6.361117399999955], [106.87828080000008, -6.36105589999994], [106.87851730000006, -6.361040199999934], [106.87872330000005, -6.36102539999996], [106.87883010000007, -6.361035399999935], [106.87891410000009, -6.361113599999953], [106.878998, -6.361240499999951], [106.87901330000005, -6.361389699999961], [106.87899040000008, -6.361649599999964], [106.87895220000007, -6.361726799999929], [106.87886830000008, -6.361765899999966], [106.87869280000007, -6.361773599999935], [106.87841810000003, -6.361793599999942], [106.87834950000007, -6.361860299999933], [106.87832660000004, -6.361980499999959], [106.87834190000007, -6.362133099999937], [106.87837240000005, -6.362403899999947], [106.87828080000008, -6.362474], [106.87812830000007, -6.36260649999997], [106.87792990000008, -6.362879799999973], [106.87792220000006, -6.363013299999977], [106.877968, -6.363197799999966], [106.87811340000007, -6.363483899999949], [106.878361, -6.363971099999958], [106.87846390000004, -6.363996099999952], [106.878586, -6.363982699999951], [106.87881260000006, -6.363926099999958], [106.87886830000008, -6.363912199999959], [106.87899040000008, -6.36399659999995], [106.87913530000009, -6.364175799999941], [106.87940230000004, -6.364479099999926], [106.879616, -6.364636], [106.87979910000007, -6.364680799999974], [106.87985250000008, -6.364653199999964], [106.87990590000004, -6.364548699999943], [106.88005850000008, -6.364240199999927], [106.88013480000006, -6.364221599999951], [106.88024920000004, -6.364266499999928], [106.88039420000007, -6.36437989999996], [106.88065360000007, -6.364637899999934], [106.880707, -6.364847199999929], [106.88073750000007, -6.365000299999963], [106.88071460000003, -6.365499099999965], [106.88064590000005, -6.365862899999968], [106.88064990000004, -6.365984699999956], [106.88065360000007, -6.366098399999942], [106.88072980000004, -6.366281099999981], [106.88096640000003, -6.366546699999958], [106.88108080000006, -6.366613399999949], [106.88116470000006, -6.366592499999967], [106.88119530000006, -6.366585799999939], [106.88175220000005, -6.366305399999931], [106.88188570000005, -6.366333], [106.88204970000004, -6.366366899999946], [106.88211840000008, -6.366333099999963], [106.88217940000004, -6.366211899999939], [106.88217940000004, -6.366091799999936], [106.88215660000009, -6.365937299999928], [106.88214130000006, -6.365829], [106.88208030000004, -6.365466699999956], [106.88209550000005, -6.365182899999979], [106.88217180000004, -6.36497259999993], [106.88224810000008, -6.364890199999934], [106.88233970000005, -6.364878199999964], [106.88243880000005, -6.36491639999997], [106.88276690000004, -6.365097599999956], [106.88282030000005, -6.365060399999948], [106.88285850000005, -6.36497259999993], [106.88292710000007, -6.36482959999995], [106.88301110000003, -6.364781], [106.88307970000005, -6.364791399999945], [106.88340010000007, -6.364916899999969], [106.883629, -6.36510329999993], [106.88363670000007, -6.365189099999952], [106.88359090000006, -6.365299299999947], [106.88345350000009, -6.365439899999956], [106.883362, -6.365563899999927], [106.88331620000008, -6.365655499999946], [106.88325520000006, -6.365776599999947], [106.88323230000009, -6.365834799999959], [106.883217, -6.365873399999941], [106.88327040000007, -6.366024099999947], [106.88330860000008, -6.366085099999964], [106.88341540000005, -6.366288699999927], [106.88357560000009, -6.366384599999947], [106.88371290000003, -6.366475099999946], [106.88374350000004, -6.366552899999931], [106.88375870000004, -6.366582], [106.88378930000005, -6.366767899999957], [106.88375110000004, -6.367018799999926], [106.88372820000006, -6.367350199999976], [106.88369030000007, -6.367663799999946], [106.88366720000005, -6.367855099999929], [106.88349930000004, -6.367931899999974], [106.88346120000006, -6.367948599999977], [106.88330090000005, -6.368095899999958], [106.88313310000007, -6.368311], [106.88304920000007, -6.368504099999939], [106.88285080000009, -6.369148799999948], [106.88278980000007, -6.369346699999937], [106.88269820000005, -6.369637099999977], [106.88267960000007, -6.369784399999958], [106.88266770000007, -6.369878299999925], [106.88273640000006, -6.369930299999965], [106.88297290000008, -6.370015199999955], [106.88329720000007, -6.370131099999981], [106.88330860000008, -6.370136299999956], [106.88338490000007, -6.370188799999937], [106.88348940000009, -6.370231199999978], [106.88354510000005, -6.370115299999952], [106.88357560000009, -6.370087699999942], [106.88365190000007, -6.370003299999951], [106.88368250000008, -6.369977], [106.88394940000006, -6.369789599999933], [106.88398, -6.369768699999952], [106.884102, -6.369688599999961], [106.884247, -6.369697199999962], [106.88472, -6.369742499999973], [106.88497180000007, -6.369766299999981], [106.88566610000004, -6.369732], [106.886017, -6.369694799999934], [106.88632980000006, -6.369674299999929], [106.88677230000008, -6.369646599999953], [106.88706990000009, -6.369677099999933], [106.88719960000009, -6.369690499999933], [106.88758110000003, -6.36971], [106.88774130000007, -6.369716199999971], [106.88791680000008, -6.368660499999976], [106.88796250000007, -6.368309099999976], [106.88864140000004, -6.36840049999995], [106.88870260000004, -6.368408699999975], [106.88886280000008, -6.367996799999958], [106.88911460000008, -6.367465099999947], [106.889168, -6.367507499999931], [106.88925190000003, -6.36767969999994], [106.88929, -6.367891399999962], [106.88937390000007, -6.368136], [106.88945030000008, -6.368286699999942], [106.88953420000007, -6.368458799999928], [106.88974780000007, -6.368692899999928], [106.88991560000005, -6.368811199999925], [106.89029710000005, -6.368949499999928], [106.89050310000005, -6.369021], [106.89103720000008, -6.369208399999934], [106.891762, -6.369466399999965], [106.89237230000003, -6.369688599999961], [106.89263170000004, -6.369778199999928], [106.89294450000006, -6.369881699999951], [106.89318870000005, -6.369946099999936], [106.89328020000005, -6.369951299999968], [106.893738, -6.370331299999975], [106.89391340000009, -6.370472499999948], [106.89401260000005, -6.370525399999963], [106.89434830000005, -6.370782899999938], [106.89436240000003, -6.370829799999967], [106.89575980000006, -6.370730899999955], [106.89601150000004, -6.370442899999944], [106.89617940000005, -6.370225499999947], [106.89647690000004, -6.370108699999946], [106.896866, -6.369631799999979], [106.89728560000009, -6.369121599999971], [106.89759080000005, -6.368752499999971], [106.89844530000005, -6.369090599999936], [106.89850640000009, -6.369114899999943], [106.89897940000009, -6.36931519999996], [106.90014490000004, -6.369687899999974], [106.90036790000005, -6.369759199999976], [106.90086490000004, -6.369610699999953], [106.901169, -6.369519799999978], [106.90197010000009, -6.368856], [106.90234390000006, -6.36800489999996], [106.902402, -6.367615299999954], [106.902527, -6.366776499999958], [106.90255760000008, -6.36611709999994], [106.90272540000007, -6.365573899999958], [106.90298480000007, -6.365139099999965], [106.90340880000008, -6.364507899999978], [106.903496, -6.364378], [106.90363330000008, -6.364174899999966], [106.90373250000005, -6.364045699999963], [106.90386980000005, -6.363858799999946], [106.90395370000005, -6.363704299999938], [106.90406820000004, -6.363565499999936], [106.90415170000006, -6.363444699999945], [106.90421310000005, -6.363355699999943], [106.90435040000006, -6.363210699999968], [106.90449540000009, -6.363065799999958], [106.90466330000004, -6.362868899999967], [106.90482350000008, -6.362681899999927], [106.904915, -6.362572299999954], [106.90497610000006, -6.362414399999977], [106.90503710000007, -6.362262799999939], [106.90511340000006, -6.362050099999976], [106.90517440000008, -6.361927599999945], [106.90528120000005, -6.361708699999951], [106.90536520000006, -6.361566599999946], [106.905472, -6.361434499999973], [106.90560170000003, -6.361237599999981], [106.905678, -6.361157], [106.90585340000007, -6.361005399999954], [106.90593740000008, -6.36095389999997], [106.90631120000006, -6.36087329999998], [106.90663170000005, -6.360801299999935], [106.90687580000008, -6.360839399999975], [106.90707410000005, -6.360916199999963], [106.90763110000006, -6.361206599999946], [106.90773860000007, -6.361291699999981], [106.90840170000007, -6.361817], [106.908705, -6.36213749999996], [106.90872970000004, -6.362163599999974], [106.90885180000004, -6.36234479999996], [106.908951, -6.362473099999931], [106.90913410000007, -6.362553699999978], [106.90919510000003, -6.362580399999956], [106.90944720000005, -6.362690699999973], [106.90957660000004, -6.362747199999944], [106.90973680000008, -6.362841699999933], [106.90997330000005, -6.363049099999955], [106.91008780000004, -6.363210699999968], [106.91016410000009, -6.363449599999967], [106.91021690000008, -6.363564099999962], [106.91023270000005, -6.363598399999944], [106.91043870000004, -6.363757199999952], [106.91101090000006, -6.364007499999957], [106.91136270000004, -6.36415889999995], [106.91189590000005, -6.364279799999963], [106.91204090000008, -6.364312199999972], [106.91215530000005, -6.364338499999974], [106.91236130000004, -6.36438279999993], [106.91245430000004, -6.364402799999937], [106.91253680000005, -6.364420499999937], [106.91287250000005, -6.364543499999968], [106.91302510000008, -6.364630299999931], [106.91307850000004, -6.364658899999938], [106.91327680000006, -6.364891099999966], [106.91345230000007, -6.365096199999925], [106.91353950000007, -6.365167399999962], [106.91368120000004, -6.365283099999942], [106.91384140000008, -6.365363699999932], [106.91411610000006, -6.365464299999928], [106.914345, -6.36554579999995], [106.91437840000003, -6.36546089999996], [106.91445180000005, -6.365274499999941], [106.91451280000007, -6.364884], [106.91453570000004, -6.36467319999997], [106.91486190000006, -6.364192699999933], [106.91493720000005, -6.364133599999946], [106.91503040000003, -6.364070599999934], [106.91500110000004, -6.364011799999957], [106.91503160000008, -6.363912599999935], [106.91492480000005, -6.363532099999929], [106.914879, -6.363373799999977], [106.91489430000007, -6.363288], [106.91501640000007, -6.363188299999933], [106.91513840000005, -6.363145], [106.91545890000003, -6.363201199999935], [106.91568010000009, -6.363234099999943], [106.91585560000004, -6.36322789999997], [106.91599290000005, -6.363173599999925], [106.91613020000005, -6.363026199999979], [106.91620660000007, -6.362888899999973], [106.91622180000007, -6.362806899999953], [106.91613790000008, -6.362667199999976], [106.91600820000008, -6.362563699999953], [106.915764, -6.362486899999965], [106.91558090000007, -6.362429199999951], [106.91501640000007, -6.362030599999969], [106.91480270000005, -6.361834599999952], [106.91463490000007, -6.361621399999933], [106.91457380000008, -6.361469299999953], [106.91457380000008, -6.361356299999954], [106.91465780000004, -6.361221399999977], [106.91501640000007, -6.361091699999974], [106.91519180000006, -6.361035899999933], [106.91533680000003, -6.360910899999965], [106.91539150000006, -6.360825499999976], [106.91540990000004, -6.360812199999941], [106.915415, -6.360788799999966], [106.91542070000008, -6.360779799999932], [106.91544360000006, -6.360682099999963], [106.91546650000004, -6.360608199999945], [106.91545120000006, -6.360523299999954], [106.91537490000007, -6.360423599999933], [106.91535210000006, -6.360413], [106.91526310000006, -6.360329299999933], [106.91508380000005, -6.360378299999979], [106.91491590000004, -6.360473], [106.91484090000006, -6.360467], [106.91469590000008, -6.360401199999956], [106.914572, -6.360348699999975], [106.91453140000004, -6.360325099999955], [106.91435820000004, -6.360180699999944], [106.91425390000006, -6.359960099999967], [106.914336, -6.359766399999955], [106.91452910000004, -6.359608899999955], [106.91468020000008, -6.359485699999937], [106.91453440000004, -6.359296], [106.91440430000006, -6.359177199999976], [106.91433730000006, -6.359074199999952], [106.91420760000005, -6.358967799999959], [106.91417630000007, -6.358955099999946], [106.91416040000007, -6.358938299999977], [106.91413190000009, -6.358936899999946], [106.91404740000007, -6.358902499999942], [106.91371940000005, -6.358888199999967], [106.91363540000003, -6.358873899999935], [106.91360490000005, -6.358816199999978], [106.91363540000003, -6.358696499999951], [106.913727, -6.358599699999957], [106.91388720000003, -6.358516799999961], [106.91455860000008, -6.35843239999997], [106.91473410000003, -6.358416599999941], [106.91477990000004, -6.358391799999936], [106.91479510000005, -6.358174899999938], [106.91474170000004, -6.357874], [106.91471120000006, -6.357682799999964], [106.91474170000004, -6.357591699999944], [106.91493240000005, -6.357441], [106.91500110000004, -6.35738669999995], [106.91504690000005, -6.357356099999947], [106.91518420000006, -6.357056199999931], [106.91528340000008, -6.35685159999997], [106.91562350000004, -6.356555499999956], [106.915683, -6.356516599999964], [106.91574110000005, -6.356479199999967], [106.91598420000008, -6.356443299999967], [106.91607410000006, -6.356439], [106.91612260000005, -6.356442], [106.91632620000007, -6.356476], [106.91655290000006, -6.356564699999979], [106.91658840000008, -6.356581099999971], [106.916632, -6.356608399999971], [106.916694, -6.356614799999932], [106.91674060000008, -6.356630899999971], [106.916794, -6.356633699999975], [106.91681030000007, -6.356634199999974], [106.91684410000005, -6.356642299999976], [106.91686510000005, -6.356636], [106.91688550000003, -6.356636599999945], [106.91700540000005, -6.356593499999974], [106.91704660000005, -6.356581], [106.91706410000006, -6.356553599999927], [106.91709920000005, -6.356515499999944], [106.91709990000004, -6.356497199999978], [106.91714010000004, -6.356434], [106.91710040000004, -6.356303299999979], [106.91709750000007, -6.356290499999943], [106.91706980000004, -6.356089], [106.91696570000005, -6.355930499999943], [106.91689040000006, -6.35585569999995], [106.91687030000008, -6.355828299999928], [106.91668720000007, -6.355716299999926], [106.91602340000009, -6.355358199999955], [106.91587230000005, -6.35528469999997], [106.91550610000007, -6.355100199999981], [106.91549490000006, -6.355027], [106.91546620000008, -6.355003699999941], [106.91546290000008, -6.354991199999972], [106.91548990000007, -6.354897], [106.91552750000005, -6.354800799999964], [106.91563160000004, -6.354711], [106.91570850000005, -6.35465279999994], [106.91571820000007, -6.354647199999931], [106.91597760000008, -6.35425], [106.91616840000006, -6.353973], [106.91626760000008, -6.353819899999962], [106.91658040000004, -6.353689299999928], [106.91665430000006, -6.353651799999966], [106.91673620000006, -6.353617699999973], [106.91690790000007, -6.353368499999931], [106.91727250000008, -6.353028699999925], [106.91729620000007, -6.352991199999963], [106.91731280000005, -6.35297259999993], [106.91732050000007, -6.352952599999981], [106.91732030000009, -6.352898], [106.91732030000009, -6.352883499999962], [106.91727750000007, -6.352855199999965], [106.91725940000003, -6.352833299999929], [106.91722980000009, -6.352823699999931], [106.91719570000004, -6.352801099999965], [106.91693240000006, -6.352725599999928], [106.91681430000006, -6.352656399999944], [106.91680060000004, -6.352648399999964], [106.91678070000006, -6.352629199999967], [106.91676010000003, -6.352045199999964], [106.91676350000006, -6.351852], [106.91675590000006, -6.351770899999963], [106.91675010000006, -6.351759899999934], [106.91647370000004, -6.351684899999952], [106.91647330000006, -6.351588199999981], [106.91654180000006, -6.351442899999938], [106.91664990000004, -6.351350699999955], [106.91675590000006, -6.351277899999957], [106.91695770000007, -6.351001599999961], [106.91705060000004, -6.350888599999962], [106.91727130000004, -6.35085319999996], [106.91745770000006, -6.35083179999998], [106.91763, -6.350775899999974], [106.91774010000006, -6.350671899999952], [106.917758, -6.35061479999996], [106.91778580000005, -6.350549299999955], [106.91778810000005, -6.350488699999971], [106.91780110000008, -6.350381599999935], [106.91778010000007, -6.350285], [106.91774770000006, -6.350202599999932], [106.91736720000006, -6.349822099999926], [106.91718070000007, -6.349588099999949], [106.91709160000005, -6.349474499999928], [106.91699340000008, -6.34934839999994], [106.91694110000009, -6.34927289999996], [106.91683810000006, -6.349203399999965], [106.91675590000006, -6.349142099999938], [106.91662190000005, -6.349099699999954], [106.91623580000004, -6.348950899999977], [106.91613210000008, -6.348916699999961], [106.91611530000006, -6.348834299999965], [106.91612350000008, -6.348791399999925], [106.91618640000007, -6.348681699999929], [106.91633750000005, -6.348474], [106.91645430000005, -6.348356299999978], [106.91649640000009, -6.348317699999939], [106.91656660000007, -6.34828239999996], [106.91669480000007, -6.348224399999935], [106.91683220000004, -6.348212799999942], [106.91694660000007, -6.348203699999942], [106.91703810000007, -6.348184699999933], [106.91717550000004, -6.34804349999996], [106.91720380000004, -6.347995], [106.91724680000004, -6.347945699999968], [106.91721180000008, -6.347872499999937], [106.91673890000004, -6.346884], [106.91661440000007, -6.346808499999952], [106.91625, -6.346848899999941], [106.91622550000005, -6.346848], [106.91598240000008, -6.346518799999956], [106.91593190000003, -6.346412199999975], [106.91592130000004, -6.346339499999942], [106.91592080000004, -6.346298199999978], [106.91592940000004, -6.346280399999955], [106.91598230000005, -6.34623229999994], [106.91614250000003, -6.346203699999933], [106.916199, -6.346207199999981], [106.91642590000004, -6.34622909999996], [106.916559, -6.346232099999952], [106.91665670000003, -6.346239199999957], [106.91678940000008, -6.346234599999946], [106.91694360000008, -6.346234099999947], [106.916968, -6.346228499999938], [106.91699240000008, -6.346227699999929], [106.91710680000006, -6.346201], [106.91712980000005, -6.346191899999951], [106.917152, -6.346155799999963], [106.91718310000005, -6.346124699999962], [106.91722120000009, -6.346045599999968], [106.91705340000004, -6.345865299999957], [106.91703160000009, -6.345832599999937], [106.91702450000008, -6.34581849999995], [106.91699710000006, -6.345764199999962], [106.91698990000003, -6.345705], [106.91698670000005, -6.345611599999927], [106.91699620000009, -6.345522499999959], [106.91703480000007, -6.345355499999926], [106.91706870000007, -6.345219699999973], [106.91707060000005, -6.345200899999952], [106.91707770000005, -6.34517], [106.91711280000004, -6.344910399999947], [106.91714490000004, -6.344702799999936], [106.91716620000005, -6.344515099999967], [106.91723660000008, -6.343993], [106.91729750000007, -6.343852099999935], [106.91735860000006, -6.34378769999995], [106.91775530000007, -6.343839199999934], [106.91784970000003, -6.343849099999943], [106.91803, -6.343867899999964], [106.91809860000006, -6.343875499999967], [106.91851060000005, -6.34371619999996], [106.91877, -6.343613199999936], [106.91878910000008, -6.343614399999979], [106.91884, -6.343594799999948], [106.91893830000004, -6.343565499999954], [106.91915250000005, -6.343637899999976], [106.91916570000006, -6.343638799999951], [106.91923360000004, -6.343628099999933], [106.919303, -6.343610399999932], [106.91942450000005, -6.343604199999959], [106.91944140000004, -6.343492599999934], [106.91930410000003, -6.343079599999953], [106.91925070000008, -6.342964699999925], [106.91877760000006, -6.342846499999951], [106.91864790000005, -6.342788299999938], [106.91861740000007, -6.342771099999936], [106.91864370000008, -6.342719399999964], [106.91863010000009, -6.342714199999932], [106.91854230000007, -6.342563799999937], [106.91851060000005, -6.342514599999959], [106.918503, -6.342447799999945], [106.91854590000008, -6.342370199999948], [106.91856810000007, -6.342242899999974], [106.91865760000007, -6.342021799999941], [106.91874710000008, -6.34176169999995], [106.91880050000009, -6.341628599999979], [106.91886920000007, -6.341571399999964], [106.91902180000005, -6.341569499999935], [106.91925070000008, -6.341596199999969], [106.91947190000008, -6.34158709999997], [106.91960920000008, -6.341549499999928], [106.91963210000006, -6.341374899999948], [106.91957110000004, -6.341113199999938], [106.91927350000009, -6.340417499999944], [106.91911330000005, -6.34015949999997], [106.91895310000007, -6.339991599999962], [106.91886490000007, -6.339942899999926], [106.91848860000005, -6.339944299999956], [106.918316, -6.339772899999957], [106.91830570000008, -6.339752399999952], [106.91828170000008, -6.339727], [106.91822070000006, -6.339590099999953], [106.91821310000006, -6.339328399999943], [106.91822770000005, -6.339170799999977], [106.91838860000007, -6.339073399999961], [106.91859270000003, -6.339018899999928], [106.91871810000004, -6.338968199999954], [106.91875480000004, -6.338949699999944], [106.91880550000008, -6.338932799999952], [106.91886110000007, -6.338910399999975], [106.91916160000005, -6.338769399999933], [106.91945140000007, -6.338660799999957], [106.91948530000008, -6.338659799999959], [106.91950240000006, -6.33862739999995], [106.91947950000008, -6.338468599999942], [106.91922780000004, -6.338082899999961], [106.91912860000008, -6.337826799999959], [106.91908280000007, -6.337446299999954], [106.91908280000007, -6.33727609999994], [106.91912860000008, -6.33715159999997], [106.91943380000004, -6.336862699999926], [106.919533, -6.336769199999935], [106.91954820000007, -6.336570299999948], [106.91957870000005, -6.336069699999939], [106.91958640000007, -6.335797399999933], [106.91951010000008, -6.335465499999941], [106.91946120000006, -6.335293199999967], [106.91942610000007, -6.335169399999927], [106.91947950000008, -6.334817], [106.91963210000006, -6.334231], [106.91970080000004, -6.333816599999977], [106.91973130000008, -6.333686899999975], [106.91983810000005, -6.333570099999974], [106.91991440000004, -6.333525699999939], [106.92011280000008, -6.333407499999964], [106.92015710000004, -6.333369699999935], [106.92025770000004, -6.333284], [106.92027520000005, -6.333268799999928], [106.92059340000009, -6.332992599999955], [106.92069260000005, -6.33287009999998], [106.92075370000003, -6.332256399999949], [106.92088340000004, -6.331506299999944], [106.92094440000005, -6.330972299999928], [106.92094440000005, -6.330862599999932], [106.920943, -6.330847799999958], [106.92093680000005, -6.330777699999942], [106.92088340000004, -6.330655599999943], [106.92081260000003, -6.330594399999939], [106.92069260000005, -6.330490699999928], [106.92058580000008, -6.33040479999994], [106.92044090000007, -6.329808299999968], [106.92029590000004, -6.329473599999972], [106.92025770000004, -6.329326699999967], [106.92026540000006, -6.329191299999934], [106.92033410000005, -6.329063499999961], [106.92035690000006, -6.329005799999948], [106.92040270000007, -6.328868499999942], [106.92018910000007, -6.328601899999967], [106.92004410000004, -6.328488399999969], [106.91990390000007, -6.32843209999993], [106.91984570000005, -6.328408799999977], [106.91973890000008, -6.328417299999956], [106.91972850000008, -6.328416], [106.91934220000007, -6.328448799999933], [106.91877760000006, -6.328706299999965], [106.91871660000004, -6.328698699999961], [106.91854110000008, -6.328632899999945], [106.91837330000004, -6.328552299999956], [106.91825120000004, -6.328411599999981], [106.91821310000006, -6.328209899999933], [106.91819020000008, -6.327962], [106.91815970000005, -6.327909], [106.91826650000007, -6.327614399999959], [106.918297, -6.327193799999975], [106.91833510000004, -6.327079899999944], [106.91847250000006, -6.326946799999973], [106.91889970000005, -6.326623099999949], [106.91901420000005, -6.326505199999929], [106.91909810000004, -6.326251599999978], [106.91913620000008, -6.326027], [106.91902180000005, -6.325817599999937], [106.91894550000006, -6.325686499999961], [106.91894550000006, -6.325511499999948], [106.91903710000008, -6.32530509999998], [106.91912860000008, -6.325187299999925], [106.91921250000007, -6.325126699999942], [106.91940330000006, -6.325105299999962], [106.91966270000006, -6.325107599999967], [106.92015090000007, -6.325080499999956], [106.92037980000003, -6.325062799999955], [106.92050950000004, -6.325015599999972], [106.92073840000006, -6.324757199999965], [106.92090620000005, -6.324554499999977], [106.920952, -6.324474899999927], [106.92124950000004, -6.324364699999933], [106.92147850000003, -6.324209799999949], [106.92154710000005, -6.323634199999958], [106.92163890000006, -6.323267299999941], [106.92165390000008, -6.323207399999944], [106.92169210000009, -6.32296759999997], [106.92167680000006, -6.322895599999981], [106.92151660000007, -6.32277449999998], [106.92134110000006, -6.322625199999948], [106.92125720000007, -6.322506], [106.92123430000004, -6.322183199999927], [106.92121130000004, -6.321982199999979], [106.92120380000006, -6.321917099999951], [106.92115040000004, -6.321779299999946], [106.92099780000007, -6.321625299999937], [106.92063920000004, -6.321469899999954], [106.92051590000005, -6.321383899999944], [106.92045610000008, -6.321293899999944], [106.92042560000004, -6.32109939999998], [106.92048580000005, -6.320729899999947], [106.92077650000004, -6.320352599999978], [106.92087570000007, -6.320188099999939], [106.92086050000006, -6.319861899999978], [106.92085280000003, -6.31973469999997], [106.92089860000004, -6.319645899999955], [106.921097, -6.319453799999962], [106.92117330000008, -6.319316399999934], [106.92091390000007, -6.318841499999962], [106.92076890000004, -6.318588299999931], [106.92072310000009, -6.318434299999979], [106.92072310000009, -6.318261699999937], [106.92076890000004, -6.318138199999964], [106.92091390000007, -6.318005599999935], [106.92100540000007, -6.317965099999981], [106.92114270000008, -6.318011799999965], [106.921303, -6.318081], [106.92140980000005, -6.318091899999956], [106.92166920000005, -6.317907399999967], [106.92181320000009, -6.317805199999952], [106.92201250000005, -6.317663699999969], [106.92207350000007, -6.317602699999952], [106.92199720000008, -6.317296599999963], [106.92194380000007, -6.317051], [106.92195150000003, -6.316933699999936], [106.92201250000005, -6.316792499999963], [106.92213460000005, -6.316606099999944], [106.92221090000004, -6.316500299999973], [106.92223380000007, -6.316332399999965], [106.92221850000004, -6.316294699999958], [106.922043, -6.315975299999934], [106.92195150000003, -6.315818899999954], [106.92192860000006, -6.315668699999947], [106.92201250000005, -6.315516499999944], [106.92219560000007, -6.315359699999931], [106.92259230000008, -6.314593899999977], [106.92276020000008, -6.314316399999939], [106.922806, -6.314239599999951], [106.92279070000006, -6.314166099999966], [106.92272970000005, -6.314136099999928], [106.9226, -6.314129899999955], [106.92252370000006, -6.314138], [106.92244740000007, -6.314095599999973], [106.92233290000007, -6.313944899999967], [106.92230240000004, -6.313843299999974], [106.92244740000007, -6.31357289999994], [106.92250840000008, -6.313446599999963], [106.92252370000006, -6.313355499999943], [106.92248550000005, -6.313302599999929], [106.92235580000005, -6.313295899999957], [106.922249, -6.31335839999997], [106.92214980000006, -6.313450899999964], [106.92208120000004, -6.313468499999942], [106.92201250000005, -6.313315899999964], [106.92197440000007, -6.313179599999955], [106.92186750000008, -6.313056099999926], [106.92180650000006, -6.313000299999942], [106.92180650000006, -6.31293729999993], [106.92192090000009, -6.312749899999972], [106.92207350000007, -6.312563], [106.92211930000008, -6.312479599999961], [106.92209640000004, -6.312412799999947], [106.92195910000004, -6.31231269999995], [106.92178360000008, -6.312248799999963], [106.92153190000005, -6.312240199999962], [106.92128770000005, -6.312267799999972], [106.92100540000007, -6.312341299999957], [106.92087570000007, -6.312356099999931], [106.92076130000004, -6.312295499999948], [106.92062390000007, -6.312161], [106.92049420000006, -6.311960799999952], [106.92025010000003, -6.31170469999995], [106.92016620000004, -6.311591699999951], [106.920128, -6.311414299999967], [106.92014330000006, -6.311322299999972], [106.92018150000007, -6.311274099999935], [106.92030350000005, -6.311292699999967], [106.92047140000005, -6.31133559999995], [106.92084190000008, -6.311140899999941], [106.92108170000006, -6.310975199999973], [106.92147080000007, -6.310948399999972], [106.92153190000005, -6.310939799999971], [106.92153950000005, -6.310891699999956], [106.92143270000008, -6.310797799999932], [106.92125720000007, -6.310702899999967], [106.92108940000008, -6.310635599999955], [106.92100540000007, -6.310566499999936], [106.92095970000008, -6.310453], [106.92098260000006, -6.310328599999934], [106.92114270000008, -6.309754399999974], [106.92117330000008, -6.309399699999972], [106.92117330000008, -6.309275699999944], [106.92117330000008, -6.30923329999996], [106.92089860000004, -6.308765899999969], [106.92066970000008, -6.308398799999964], [106.92062390000007, -6.308298199999967], [106.92066970000008, -6.30822569999998], [106.92071550000009, -6.308135599999957], [106.92092910000008, -6.307977299999948], [106.92100120000003, -6.307930299999953], [106.92110460000004, -6.307862799999953], [106.92114270000008, -6.307806099999937], [106.92098260000006, -6.307503299999951], [106.92090620000005, -6.307367399999976], [106.92090620000005, -6.307287799999926], [106.92095970000008, -6.307246299999974], [106.92112750000007, -6.307294], [106.921425, -6.307444199999964], [106.92148610000004, -6.307459899999969], [106.92153950000005, -6.307332599999938], [106.92154930000004, -6.307206099999974], [106.92155470000006, -6.307136599999978], [106.92153950000005, -6.306987399999969], [106.92152420000008, -6.306769899999949], [106.92151660000007, -6.306441399999926], [106.92156240000008, -6.306072799999981], [106.92157380000003, -6.306015499999944], [106.92159290000006, -6.305919699999947], [106.92143270000008, -6.305604499999959], [106.92139450000008, -6.305522499999938], [106.92143270000008, -6.305412399999966], [106.92159360000005, -6.305268099999978], [106.92163690000007, -6.305221599999925], [106.92170730000004, -6.305145799999934], [106.92173790000004, -6.304976], [106.92173790000004, -6.304881199999954], [106.92154710000005, -6.304738099999952], [106.92144030000009, -6.30465229999993], [106.92140210000008, -6.30458509999994], [106.92147850000003, -6.304474], [106.92163110000007, -6.304310399999963], [106.92164140000006, -6.30412629999995], [106.92164630000008, -6.304040499999928], [106.92163110000007, -6.303803499999958], [106.92174250000005, -6.303589199999976], [106.921811, -6.30345049999994], [106.92182940000004, -6.303387199999975], [106.92175310000005, -6.303349599999933], [106.921509, -6.303327599999932], [106.92137930000007, -6.303282799999977], [106.92133350000006, -6.303193599999929], [106.92125720000007, -6.30296519999996], [106.92112750000007, -6.302610499999957], [106.921084, -6.302404199999955], [106.92103590000005, -6.302176499999973], [106.92099020000006, -6.302029699999935], [106.92088340000004, -6.301899], [106.92079180000007, -6.301863799999978], [106.92063160000004, -6.301860899999951], [106.92056290000005, -6.301824699999941], [106.92052480000007, -6.30176119999993], [106.92052480000007, -6.301598099999978], [106.92057050000005, -6.30149659999995], [106.92082230000005, -6.301467], [106.92092910000008, -6.301457], [106.92100540000007, -6.301416899999936], [106.92103590000005, -6.301319199999966], [106.92100540000007, -6.300979699999971], [106.92085160000005, -6.3005], [106.92065450000007, -6.300198099999932], [106.92050190000003, -6.300089399999933], [106.92042560000004, -6.300036499999976], [106.92033410000005, -6.300036499999976], [106.91989150000006, -6.300353099999938], [106.91962450000005, -6.300658799999951], [106.91951010000008, -6.300752699999975], [106.91941850000006, -6.300783699999954], [106.91925830000008, -6.300688799999932], [106.91915910000006, -6.300621099999944], [106.91899130000007, -6.300599599999941], [106.91892260000009, -6.300593899999967], [106.91888450000005, -6.300544299999956], [106.91901420000005, -6.300330199999962], [106.91914390000005, -6.300143299999945], [106.91920490000007, -6.299998799999969], [106.91919720000004, -6.299705599999925], [106.91921250000007, -6.299308899999971], [106.91922010000008, -6.299148199999934], [106.91918750000008, -6.299081899999976], [106.91897230000006, -6.299055099999975], [106.91866190000007, -6.299126699999931], [106.91857160000006, -6.299191599999972], [106.91834280000006, -6.299368499999957], [106.91827410000008, -6.29946], [106.91825890000007, -6.299615], [106.91825120000004, -6.299702299999979], [106.91821310000006, -6.299741399999959], [106.91819230000004, -6.299736199999927], [106.91815230000009, -6.299759299999948], [106.918023, -6.299763399999961], [106.91789370000004, -6.299682599999926], [106.91776840000006, -6.299525], [106.91776840000006, -6.299274499999967], [106.91776290000007, -6.298957399999949], [106.91777050000007, -6.298234099999945], [106.91777040000005, -6.298117499999933], [106.91770190000005, -6.297984699999972], [106.91762710000006, -6.297953199999938], [106.91734330000008, -6.298109099999976], [106.91722120000009, -6.298175399999934], [106.91709160000005, -6.298186399999963], [106.91699240000008, -6.298153499999955], [106.91680930000007, -6.298009], [106.916547, -6.29779659999997], [106.91630570000007, -6.297737199999972], [106.91606920000004, -6.297632799999974], [106.91571060000007, -6.297329], [106.91550460000008, -6.297193599999957], [106.91527570000005, -6.29708729999993], [106.91489180000008, -6.297059699999977], [106.91480330000007, -6.297072899999932], [106.91465010000007, -6.297216499999934], [106.91451280000007, -6.297893099999953], [106.914467, -6.298002299999951], [106.91437550000006, -6.298082399999942], [106.9142, -6.298117199999979], [106.91384910000005, -6.298118199999976], [106.91370410000007, -6.298152], [106.91362780000009, -6.298201199999937], [106.913582, -6.298296], [106.91368880000005, -6.298483], [106.913727, -6.298572099999944], [106.91371940000005, -6.298674199999937], [106.91361260000008, -6.29880529999997], [106.91353730000009, -6.29885319999994], [106.91348290000008, -6.298887799999932], [106.91333790000004, -6.29892069999994], [106.91316240000003, -6.298901199999932], [106.91301740000006, -6.298843], [106.912903, -6.29875], [106.91283850000008, -6.298675199999934], [106.91275040000005, -6.298573099999942], [106.91249650000009, -6.29836789999996], [106.91233840000007, -6.298295499999938], [106.91223160000004, -6.298297], [106.91199510000007, -6.298313199999939], [106.91188830000004, -6.298308], [106.91182720000006, -6.298256499999979], [106.91178150000007, -6.298124399999949], [106.911751, -6.297805899999958], [106.91170520000009, -6.29732329999996], [106.91170520000009, -6.297306899999967], [106.91170520000009, -6.297290399999952], [106.91172040000004, -6.297156399999949], [106.91182720000006, -6.296795], [106.91186540000007, -6.296594199999959], [106.911873, -6.296446399999979], [106.91184250000003, -6.296383899999967], [106.911339, -6.296311], [106.91120160000008, -6.296277099999941], [106.91115, -6.296232799999927], [106.91113890000008, -6.296223299999951], [106.91111770000003, -6.296205099999952], [106.91111010000009, -6.296175099999971], [106.91110450000008, -6.296148599999981], [106.91109270000004, -6.296122899999943], [106.91107280000006, -6.295957], [106.91114280000005, -6.295861199999933], [106.911366, -6.295682699999929], [106.9114, -6.29564629999993], [106.91151, -6.295523799999955], [106.91166350000009, -6.295286699999963], [106.91169190000005, -6.295267899999942], [106.91171280000003, -6.295236199999977], [106.91178390000005, -6.295207199999936], [106.911822, -6.295182], [106.91188740000007, -6.295164899999975], [106.91208670000009, -6.295083599999941], [106.91223920000004, -6.295032099999958], [106.91235370000004, -6.294907599999931], [106.91238550000008, -6.294846599999971], [106.91238320000008, -6.294799799999964], [106.91237770000004, -6.294688099999973], [106.91232050000008, -6.294556599999964], [106.91216130000004, -6.294463699999937], [106.91189580000008, -6.294430499999976], [106.91178960000008, -6.294443799999954], [106.91165690000008, -6.294563299999936], [106.91146280000004, -6.294653099999948], [106.91123420000008, -6.294566399999951], [106.91099980000007, -6.294536699999981], [106.91064880000005, -6.294255899999939], [106.91053270000003, -6.294164399999943], [106.91040660000004, -6.294219599999963], [106.91026480000005, -6.29430629999996], [106.91019380000006, -6.294266899999968], [106.91020170000007, -6.294148599999971], [106.91022530000004, -6.29392009999998], [106.91022650000008, -6.293887499999926], [106.91022510000005, -6.293834799999956], [106.91023260000009, -6.293709799999931], [106.91023320000005, -6.293691499999966], [106.91023690000009, -6.293638], [106.91025560000008, -6.293327399999953], [106.91025930000006, -6.293313799999964], [106.91026480000005, -6.29323439999996], [106.91035150000005, -6.292934899999977], [106.91050910000007, -6.292800899999975], [106.91083220000007, -6.292824499999938], [106.91110160000005, -6.292938], [106.91124740000004, -6.292724199999952], [106.91134650000004, -6.292571], [106.91135970000005, -6.292547799999966], [106.91143230000006, -6.292419499999937], [106.91167980000006, -6.29197929999998], [106.911556, -6.29167579999995], [106.91150220000009, -6.29160289999993], [106.91132370000008, -6.291422], [106.91127030000007, -6.291454399999964], [106.91115590000004, -6.29167659999996], [106.91111770000003, -6.291818699999965], [106.91120930000005, -6.292022299999928], [106.91123980000003, -6.292112399999951], [106.91122450000006, -6.292193], [106.91118870000008, -6.292223599999943], [106.91122630000007, -6.292296499999964], [106.91110810000004, -6.292359499999975], [106.91093470000004, -6.292320099999927], [106.91064880000005, -6.292156499999976], [106.91046970000008, -6.291989099999967], [106.91039090000004, -6.291784199999938], [106.91035150000005, -6.291587099999958], [106.91040660000004, -6.291421599999978], [106.91054060000005, -6.291327], [106.910714, -6.29127189999997], [106.91084510000007, -6.291224099999965], [106.91089650000004, -6.291198299999962], [106.91161510000006, -6.290565499999957], [106.911809, -6.29031139999995], [106.91180580000008, -6.290250599999979], [106.91176850000005, -6.290212899999972], [106.91167470000005, -6.290225599999928], [106.91164380000004, -6.29022249999997], [106.91163, -6.290224799999976], [106.91155720000006, -6.290273199999945], [106.91137910000003, -6.290314799999976], [106.91115060000004, -6.290543299999968], [106.91108720000005, -6.29064139999997], [106.91097280000008, -6.290753], [106.91091790000007, -6.290776], [106.910834, -6.29085989999993], [106.91055, -6.290804299999934], [106.91047020000008, -6.290618199999926], [106.91046360000007, -6.29042759999993], [106.91058710000004, -6.28987189999998], [106.91046360000007, -6.289933699999949], [106.91014, -6.290257199999928], [106.909836, -6.290667599999949], [106.90980550000006, -6.290697699999953], [106.90972160000007, -6.290783], [106.90969320000005, -6.29079669999993], [106.90958120000005, -6.290939599999945], [106.90934060000006, -6.290873199999965], [106.909324, -6.290765299999975], [106.90937380000008, -6.290616], [106.90943160000006, -6.290502599999968], [106.90949270000004, -6.290282299999944], [106.90958420000004, -6.290170199999977], [106.90979780000004, -6.289977599999929], [106.90985120000005, -6.28986029999993], [106.90992750000004, -6.28975829999996], [106.91006490000007, -6.289419199999941], [106.91008010000007, -6.289242799999954], [106.91005720000004, -6.289143599999932], [106.91004960000004, -6.289084499999944], [106.910001, -6.289002799999935], [106.90973880000007, -6.289006599999936], [106.90965580000005, -6.288865499999929], [106.90959060000006, -6.288700299999959], [106.90959910000004, -6.288575299999934], [106.90977720000006, -6.288372099999947], [106.91001250000005, -6.288103499999977], [106.91005360000008, -6.287728399999935], [106.90997310000006, -6.287567499999966], [106.90998030000009, -6.287455399999942], [106.91020380000003, -6.287279399999932], [106.91027850000006, -6.287210099999925], [106.910454, -6.287007899999935], [106.91045650000007, -6.286988899999926], [106.91032780000006, -6.286866199999963], [106.90973880000007, -6.286700199999927], [106.90966190000006, -6.286616899999956], [106.909569, -6.286585399999979], [106.90954610000006, -6.286576299999979], [106.90947740000007, -6.286532899999941], [106.90949270000004, -6.286471399999925], [106.90963760000005, -6.286367499999926], [106.90988180000005, -6.286208699999975], [106.90997330000005, -6.286104299999977], [106.90999840000006, -6.286055], [106.90995450000008, -6.28594529999998], [106.90953810000008, -6.285835499999962], [106.90904190000003, -6.28570469999994], [106.90891750000009, -6.285596899999973], [106.90861370000005, -6.284386599999948], [106.90861120000005, -6.284376599999973], [106.90871470000008, -6.28436819999996], [106.90875970000008, -6.284360099999958], [106.908684, -6.283987099999933], [106.90860770000006, -6.283635199999935], [106.90860390000006, -6.283621599999947], [106.90850850000004, -6.283178899999939], [106.90851610000004, -6.28301149999993], [106.908539, -6.282878], [106.90849320000007, -6.282791199999963], [106.90810410000006, -6.28262529999995], [106.90800490000004, -6.282580899999971], [106.90797640000005, -6.282501699999955], [106.90799730000003, -6.282324799999969], [106.90801260000006, -6.282273399999951], [106.90802780000007, -6.282236599999976], [106.90814990000007, -6.282177], [106.90825670000004, -6.282146], [106.90843980000005, -6.281961], [106.90869160000005, -6.281771699999979], [106.90874380000008, -6.281671899999935], [106.90883660000009, -6.28130589999995], [106.90899650000006, -6.280894499999931], [106.90904250000006, -6.280776099999969], [106.90908830000006, -6.280629199999964], [106.90908070000006, -6.280512899999962], [106.90902730000005, -6.280420399999969], [106.908806, -6.280331199999978], [106.90873740000006, -6.280278799999962], [106.90864580000004, -6.280006499999956], [106.90867630000008, -6.279856299999949], [106.90872210000003, -6.279722299999946], [106.90870690000008, -6.279574], [106.90860770000006, -6.279142899999954], [106.90862480000004, -6.278996799999959], [106.90866870000008, -6.278780499999925], [106.90886710000007, -6.278177299999925], [106.90882130000006, -6.277889799999969], [106.908806, -6.277741], [106.90884420000003, -6.277562699999976], [106.90897390000003, -6.277352399999927], [106.90910350000007, -6.277084899999977], [106.90917220000006, -6.276939], [106.90922080000007, -6.276637099999959], [106.90928670000005, -6.276255699999979], [106.90934010000007, -6.276093499999945], [106.90937060000005, -6.275982499999941], [106.90929430000006, -6.275813699999958], [106.90924850000005, -6.275712599999963], [106.90930810000003, -6.275368899999933], [106.90937170000007, -6.275042199999973], [106.90931440000008, -6.274945899999977], [106.90930960000009, -6.274932], [106.90921060000005, -6.274765399999978], [106.90916910000004, -6.274442399999941], [106.90917220000006, -6.274346899999955], [106.909189, -6.274251199999981], [106.90925750000008, -6.273928399999932], [106.90938450000004, -6.273695399999951], [106.909569, -6.273541499999965], [106.90958080000007, -6.273530099999959], [106.90963520000008, -6.273486199999979], [106.90963770000008, -6.273475399999938], [106.90964520000006, -6.273468099999945], [106.90964520000006, -6.273442099999954], [106.90967140000004, -6.273326899999972], [106.90964110000004, -6.273219499999925], [106.90963760000005, -6.273131899999953], [106.90966030000004, -6.273075899999981], [106.90985360000008, -6.272958899999935], [106.90995060000006, -6.272888299999977], [106.90996570000004, -6.272879699999976], [106.91007320000006, -6.272799], [106.91004840000005, -6.272725299999934], [106.91004240000007, -6.272707399999945], [106.91001140000009, -6.272615499999972], [106.90989380000008, -6.272447599999964], [106.90988180000005, -6.27242], [106.90985120000005, -6.272354699999937], [106.90982070000007, -6.272276499999975], [106.90973680000008, -6.272217299999966], [106.90963760000005, -6.272204], [106.90953080000008, -6.272258799999975], [106.90945270000009, -6.272379099999966], [106.90942320000005, -6.272397299999966], [106.90933960000007, -6.272541899999965], [106.90933110000009, -6.272549599999934], [106.90918370000009, -6.272655699999973], [106.90907310000006, -6.272696599999961], [106.90885180000004, -6.272737099999972], [106.90873060000007, -6.272754899999939], [106.90870260000008, -6.272755], [106.90853080000005, -6.272620899999936], [106.90846880000004, -6.272400699999935], [106.90852920000003, -6.272180099999957], [106.90861410000008, -6.271983899999952], [106.90856190000005, -6.271859199999938], [106.90850080000007, -6.271809599999926], [106.90842460000005, -6.271824399999957], [106.90831590000005, -6.271906199999933], [106.90823470000004, -6.271960799999931], [106.90805660000007, -6.271994499999948], [106.90789810000007, -6.271988], [106.90782950000005, -6.271984199999963], [106.90769210000008, -6.271975099999963], [106.90752430000003, -6.272022799999945], [106.90747040000008, -6.27204949999998], [106.90739080000009, -6.272074099999941], [106.90718320000008, -6.272197299999959], [106.90715510000007, -6.27220669999997], [106.90708940000007, -6.272214899999938], [106.90695890000006, -6.272146099999929], [106.90685240000005, -6.272063799999955], [106.906693, -6.271978699999977], [106.90666220000008, -6.271797799999945], [106.90666220000008, -6.271707599999957], [106.90663170000005, -6.271604599999932], [106.90659310000007, -6.271566399999926], [106.90658120000006, -6.271538299999975], [106.906563, -6.271550499999933], [106.90650190000008, -6.271546], [106.90620440000004, -6.271779099999947], [106.90616350000005, -6.271805699999959], [106.90612340000007, -6.271814799999959], [106.90609760000007, -6.271809599999926], [106.90609250000006, -6.271723699999939], [106.90609220000005, -6.271661799999947], [106.90608970000005, -6.271608799999967], [106.90605510000006, -6.271540199999947], [106.90584350000006, -6.271427699999947], [106.90576950000008, -6.271373299999937], [106.90568240000005, -6.27128579999993], [106.90565790000005, -6.271225699999945], [106.90561690000004, -6.271112499999958], [106.90560010000007, -6.270973899999944], [106.90558640000006, -6.270861199999956], [106.90564740000008, -6.270689599999969], [106.90560620000008, -6.270568399999945], [106.90558640000006, -6.270510299999955], [106.90562460000007, -6.270338099999947], [106.90566270000005, -6.270219399999974], [106.90563980000007, -6.270170699999937], [106.90550250000007, -6.270181699999966], [106.90544140000009, -6.27020959999993], [106.90535760000006, -6.270248], [106.90522020000009, -6.270331899999974], [106.905121, -6.270341499999972], [106.90495320000008, -6.27027419999996], [106.90477770000007, -6.270187899999939], [106.90463270000004, -6.270166499999959], [106.90446490000005, -6.270226599999944], [106.90430470000007, -6.270326699999941], [106.90425890000006, -6.270325699999944], [106.90422840000008, -6.270235099999979], [106.90427420000009, -6.270141699999954], [106.90441150000004, -6.269937099999936], [106.904503, -6.269785], [106.90466330000004, -6.269690099999934], [106.90475480000003, -6.269642399999952], [106.90480820000005, -6.269517], [106.904854, -6.269321], [106.90488450000004, -6.269257599999946], [106.90502180000004, -6.269197099999928], [106.90508290000008, -6.269171299999925], [106.90548720000004, -6.268917199999976], [106.90556820000006, -6.268852299999935], [106.90551380000005, -6.268682699999943], [106.90549490000006, -6.268627699999968], [106.90549110000006, -6.268612], [106.90544150000005, -6.268468399999961], [106.90548720000004, -6.268138499999964], [106.90551770000008, -6.268048299999975], [106.90554060000005, -6.267975899999954], [106.90561760000008, -6.267835399999967], [106.90564740000008, -6.267780799999969], [106.90568560000008, -6.267637799999932], [106.90567030000005, -6.267576299999973], [106.90560170000003, -6.267543899999964], [106.90548720000004, -6.267572499999972], [106.90543570000006, -6.267609199999981], [106.90535760000006, -6.267665], [106.90528890000007, -6.267790899999966], [106.90525070000007, -6.267860499999927], [106.90512860000007, -6.267882399999962], [106.90497610000006, -6.267833799999948], [106.90489980000007, -6.267773699999964], [106.90487690000003, -6.267628299999956], [106.90487690000003, -6.267538099999967], [106.90503710000007, -6.267398899999932], [106.90516680000007, -6.267288299999962], [106.905205, -6.267220099999975], [106.90515150000004, -6.267150499999957], [106.905102, -6.267110199999934], [106.90503710000007, -6.267100399999947], [106.90500660000004, -6.266821], [106.90502180000004, -6.266633099999979], [106.90503650000005, -6.266586199999949], [106.90506, -6.266511], [106.90510580000006, -6.26640279999998], [106.90510580000006, -6.266343699999936], [106.90471670000005, -6.266335099999935], [106.90463270000004, -6.266329799999937], [106.90459460000005, -6.266287399999953], [106.90459460000005, -6.265977], [106.90467090000004, -6.265867799999967], [106.90476240000004, -6.265732299999968], [106.90489210000004, -6.265546899999947], [106.90492270000004, -6.265464399999928], [106.90486160000006, -6.265335599999958], [106.90475610000004, -6.265175099999965], [106.90473190000006, -6.265138199999967], [106.90470140000008, -6.264768699999934], [106.90471670000005, -6.264655699999935], [106.90476240000004, -6.26461269999993], [106.90506760000005, -6.264587], [106.90522020000009, -6.264581799999974], [106.90527480000009, -6.264529599999946], [106.90518970000005, -6.264356199999952], [106.90508290000008, -6.264161199999933], [106.90504470000008, -6.263804499999935], [106.90500660000004, -6.263506499999949], [106.90500660000004, -6.26341009999993], [106.90506, -6.263355299999944], [106.90544150000005, -6.263361], [106.90550250000007, -6.263357199999973], [106.90550250000007, -6.263234199999943], [106.90541090000005, -6.26303009999998], [106.90530150000006, -6.262955499999975], [106.90496840000009, -6.262728299999935], [106.90483110000008, -6.262635799999941], [106.90475480000003, -6.262533299999973], [106.90471670000005, -6.26239019999997], [106.904688, -6.262313399999925], [106.90462510000003, -6.262263899999937], [106.90457940000005, -6.262250499999936], [106.90441150000004, -6.262201399999981], [106.90435810000008, -6.262161299999946], [106.90435040000006, -6.262069299999951], [106.90444960000008, -6.261911], [106.90454120000004, -6.261787499999969], [106.90453840000004, -6.261730899999975], [106.90453360000004, -6.261634899999933], [106.90457170000008, -6.261565699999949], [106.904648, -6.261402199999964], [106.90477770000007, -6.261129], [106.90484640000005, -6.261009299999955], [106.90485710000007, -6.26100109999993], [106.90494560000008, -6.260933499999965], [106.90525070000007, -6.260804699999937], [106.90534990000003, -6.260721799999942], [106.90533990000006, -6.260489599999971], [106.90533470000008, -6.260368399999948], [106.90532950000005, -6.260275399999955], [106.90531940000005, -6.260093799999936], [106.90540330000005, -6.260104299999966], [106.90624260000004, -6.259670299999925], [106.90664690000006, -6.259504399999969], [106.90699790000008, -6.25934419999993], [106.90745560000005, -6.259126299999934], [106.907715, -6.25901609999994], [106.90798210000008, -6.258884], [106.90807360000008, -6.258841099999927], [106.90826530000004, -6.258755299999962], [106.90858480000009, -6.258616], [106.90876790000004, -6.25853879999994], [106.90910350000007, -6.258371899999929], [106.90934010000007, -6.258264599999961], [106.90972920000007, -6.258085799999947], [106.90992750000004, -6.257999499999926], [106.90995040000007, -6.257956099999944], [106.90994280000007, -6.257797299999936], [106.90996880000006, -6.257750199999975], [106.91005720000004, -6.257720099999972], [106.91001150000005, -6.257364799999948], [106.90994280000007, -6.256971399999941], [106.90991990000003, -6.256738799999937], [106.90987410000008, -6.256408299999975], [106.90982840000004, -6.256138399999941], [106.90976730000006, -6.255589599999951], [106.90973680000008, -6.255546199999969], [106.91001150000005, -6.255574799999977], [106.91019470000003, -6.25560779999995], [106.91033950000008, -6.255633899999964], [106.91047690000005, -6.25569779999995], [106.910515, -6.255714499999954], [106.910927, -6.256099799999959], [106.91107190000008, -6.256352], [106.91133140000005, -6.256734399999971], [106.91162130000004, -6.257002899999975], [106.91223920000004, -6.257374299999981], [106.91255970000009, -6.257547899999963], [106.91302510000008, -6.257827799999973], [106.91373460000005, -6.258035699999937], [106.91462720000004, -6.258200199999976], [106.91514610000007, -6.258288899999968], [106.91556570000006, -6.258364299999926], [106.91572590000004, -6.258374299999957], [106.91580220000009, -6.258238899999981], [106.915909, -6.258081], [106.91597, -6.257955099999947], [106.91606920000004, -6.257706199999973], [106.91609210000007, -6.257455899999968], [106.91609970000007, -6.25735149999997], [106.91609210000007, -6.257205099999965], [106.91627520000009, -6.256472199999962], [106.91643540000007, -6.256403499999976], [106.91649640000009, -6.256344899999931], [106.916507, -6.256199199999969], [106.91651170000006, -6.256133099999943], [106.91655750000007, -6.255331099999978], [106.916588, -6.254869499999927], [106.916588, -6.254818499999942], [106.91661850000008, -6.254086599999937], [106.91621420000007, -6.254062699999963], [106.91621420000007, -6.253548199999955], [106.916237, -6.252874399999939], [106.91624470000005, -6.252508699999964], [106.91638960000006, -6.252570699999978], [106.91649640000009, -6.252589299999954], [106.91723650000006, -6.252620299999933], [106.91730520000004, -6.252615499999933], [106.91735090000009, -6.252356099999929], [106.91737380000006, -6.252317499999947], [106.91755690000008, -6.252312199999949], [106.91759510000009, -6.252297499999941], [106.91760270000009, -6.252286799999979], [106.91761040000006, -6.252276], [106.91774010000006, -6.251941699999975], [106.91778580000005, -6.251804399999969], [106.91798420000003, -6.251789199999962], [106.91803760000005, -6.251775799999962], [106.91808340000006, -6.251613199999952], [106.91812920000007, -6.251565], [106.91837330000004, -6.251494899999955], [106.91844430000003, -6.25146929999994], [106.91907520000007, -6.251241299999947], [106.91919720000004, -6.251173599999959], [106.91920490000007, -6.25111869999995], [106.919182, -6.250725799999941], [106.91918960000004, -6.250564699999927], [106.91950240000006, -6.250507899999945], [106.91957110000004, -6.250478299999941], [106.91958350000004, -6.250472799999955], [106.91980760000007, -6.250373399999944], [106.91991440000004, -6.25034009999996], [106.92009450000006, -6.250355499999955], [106.92031880000008, -6.250376299999971], [106.92043320000005, -6.250386299999946], [106.92061630000006, -6.250420199999951], [106.92098260000006, -6.25050269999997], [106.92102830000005, -6.250509799999975], [106.920952, -6.250774499999977], [106.92099020000006, -6.250807799999961], [106.921303, -6.250912699999958], [106.92134110000006, -6.250993799999947], [106.92138690000007, -6.251127299999951], [106.92147850000003, -6.251201199999969], [106.92160820000004, -6.251242199999979], [106.92169970000003, -6.251299], [106.92173790000004, -6.251390499999957], [106.92174550000004, -6.251611299999979], [106.92172260000007, -6.251688099999967], [106.92164630000008, -6.251719599999944], [106.92144030000009, -6.251768699999957], [106.92143270000008, -6.251829199999975], [106.92152420000008, -6.252052399999968], [106.921644, -6.252307199999962], [106.92179120000009, -6.252620299999933], [106.92180650000006, -6.252759099999935], [106.92176840000008, -6.252845799999932], [106.92163870000007, -6.253038], [106.92166150000008, -6.253202499999929], [106.92174550000004, -6.253289799999948], [106.92184470000007, -6.253399], [106.92186480000004, -6.253558799999951], [106.92187520000004, -6.253641199999947], [106.92195910000004, -6.25381909999993], [106.92202010000005, -6.253936899999928], [106.92211170000007, -6.25388339999995], [106.92282890000007, -6.253886799999975], [106.92329420000004, -6.253870599999971], [106.923897, -6.253850099999966], [106.92462170000005, -6.253722299999936], [106.924698, -6.253697], [106.92516780000005, -6.253759], [106.92718520000005, -6.254025], [106.92760650000008, -6.254366599999969], [106.92793930000005, -6.254636299999959], [106.92806260000003, -6.254599199999973], [106.92821520000007, -6.254501399999981], [106.92831860000007, -6.254422099999942], [106.92844270000006, -6.254357499999969], [106.92846580000008, -6.254317499999956], [106.92854830000005, -6.254174499999976], [106.92863480000005, -6.25406229999993], [106.92870050000005, -6.25398169999994], [106.92881850000003, -6.253863699999954], [106.92881850000003, -6.253836799999931], [106.92888660000006, -6.253753299999971], [106.92912310000008, -6.253433799999925], [106.92944250000005, -6.253188899999941], [106.92957440000004, -6.253200399999969], [106.92975920000003, -6.253243199999929], [106.93008110000005, -6.253325699999948], [106.93064330000004, -6.253469699999926], [106.930867, -6.253642399999933], [106.93113160000007, -6.253633799999932], [106.93130710000008, -6.253654299999937], [106.931368, -6.253671699999927], [106.93171910000007, -6.253772], [106.931864, -6.253793499999972], [106.93238790000004, -6.253825], [106.93293020000004, -6.253922099999954], [106.93349470000004, -6.253953099999933], [106.93396520000005, -6.253840699999955], [106.93409240000005, -6.253841099999931], [106.93410230000006, -6.253808], [106.93417370000009, -6.253790899999956], [106.93470780000007, -6.253542], [106.93522660000008, -6.253280199999949], [106.93582170000008, -6.253086199999927], [106.935898, -6.25309429999993], [106.93655410000008, -6.253167699999949], [106.93677540000004, -6.253183399999955], [106.93689740000008, -6.253192], [106.93701950000008, -6.253200599999957], [106.937462, -6.253243], [106.93779770000003, -6.253274499999975], [106.93802660000006, -6.253296], [106.93826310000009, -6.253315], [106.93843860000004, -6.25332839999993], [106.93882, -6.253340799999933], [106.93932360000008, -6.253374699999938], [106.93990340000005, -6.253416099999981], [106.94079610000006, -6.253480499999966], [106.94097920000007, -6.253232599999933], [106.94110120000005, -6.253167699999949], [106.94133010000007, -6.253059], [106.941353, -6.252957], [106.94145220000007, -6.252795299999946], [106.94150210000004, -6.252706799999942], [106.94152850000006, -6.252659899999969], [106.94167340000007, -6.252648], [106.942238, -6.25265939999997], [106.94249740000004, -6.252643699999965], [106.94265, -6.252629299999967], [106.94275680000004, -6.252591699999925], [106.94305440000005, -6.252436199999977], [106.94322980000004, -6.252385199999935], [106.943535, -6.252356099999929], [106.94388760000004, -6.252337799999964], [106.943866, -6.252256699999975], [106.94382930000006, -6.252118399999972], [106.94373540000004, -6.251540499999976], [106.94372490000006, -6.251469699999973], [106.94368960000008, -6.251231899999937], [106.94368960000008, -6.25076839999997], [106.94368960000008, -6.250534799999969], [106.94372010000006, -6.250167899999951], [106.94373540000004, -6.250050299999941], [106.943743, -6.249946399999942], [106.94375820000005, -6.249708], [106.94382140000005, -6.249713099999951], [106.94382490000004, -6.249657699999943], [106.94380580000006, -6.248575699999947], [106.94379440000006, -6.24793539999996], [106.94378480000006, -6.247183099999972], [106.94377150000008, -6.246149599999967], [106.94377520000006, -6.245915499999967], [106.94378620000003, -6.245223399999929], [106.943788, -6.245114399999977], [106.94379330000004, -6.244023099999936], [106.94379350000008, -6.243976299999929], [106.94375080000003, -6.242727199999933], [106.943741, -6.242439799999943], [106.94369320000004, -6.241849], [106.94366660000009, -6.241520299999934], [106.94363420000008, -6.241119899999944], [106.943646, -6.241064399999971], [106.94367230000006, -6.240940699999953], [106.94364950000005, -6.240705599999956], [106.94361890000005, -6.240620199999967], [106.94356550000003, -6.240450499999952], [106.94357920000004, -6.23961259999993], [106.94358080000006, -6.239516799999933], [106.94357320000006, -6.239030899999932], [106.94358840000007, -6.238962699999945], [106.94362660000007, -6.23890549999993], [106.943596, -6.238709], [106.94355810000008, -6.238643499999966], [106.94322980000004, -6.23868189999996], [106.94288650000004, -6.238706699999966], [106.94277970000007, -6.238689499999964], [106.942299, -6.238750099999947], [106.94184130000008, -6.238790599999959], [106.94175740000009, -6.238814899999966], [106.94172680000008, -6.23854689999996], [106.94175740000009, -6.238182199999926], [106.94181270000007, -6.238105699999949], [106.94184890000008, -6.238053899999954], [106.942116, -6.237853099999938], [106.94240590000004, -6.237682899999925], [106.94254320000005, -6.237605599999938], [106.94259050000005, -6.237578], [106.94265770000004, -6.237538899999947], [106.94287130000004, -6.237419699999975], [106.94299140000004, -6.237352699999974], [106.94362660000007, -6.236998599999936], [106.94384780000007, -6.236877099999958], [106.94398520000004, -6.23682169999995], [106.94438950000006, -6.236665799999969], [106.94461080000008, -6.236638599999935], [106.94483970000005, -6.23665479999994], [106.94520590000008, -6.23676839999996], [106.94549090000004, -6.236821299999974], [106.945511, -6.236733], [106.94555680000008, -6.236234299999978], [106.94556640000008, -6.236178199999927], [106.9456, -6.235982299999932], [106.94561950000008, -6.23586819999997], [106.94567890000008, -6.235521399999925], [106.94581620000008, -6.234978299999966], [106.94605860000007, -6.23393539999995], [106.94607150000007, -6.233879799999954], [106.94607560000009, -6.233862], [106.94617080000006, -6.233559699999944], [106.94629650000007, -6.233160599999962], [106.94632740000009, -6.233054699999968], [106.94650290000004, -6.232437199999936], [106.94654860000009, -6.232179199999962], [106.94664410000007, -6.231574099999932], [106.94666310000008, -6.23145349999993], [106.94684490000009, -6.230718499999966], [106.94686910000007, -6.230620899999963], [106.94688860000008, -6.230533799999932], [106.94697590000004, -6.23014459999996], [106.94702670000004, -6.229857699999968], [106.94705220000009, -6.229713499999946], [106.94705980000003, -6.229533799999956], [106.94700020000005, -6.229239499999949], [106.94698350000004, -6.229157099999952], [106.946953, -6.228976299999943], [106.94685380000004, -6.228729299999941], [106.94681570000006, -6.228382699999941], [106.94681720000005, -6.228363799999954], [106.94685380000004, -6.227920599999948], [106.94693770000003, -6.227573899999925], [106.946954, -6.227490799999941], [106.94703690000006, -6.227066599999944], [106.94706030000003, -6.226958099999933], [106.94717470000006, -6.226428], [106.94723530000005, -6.226147199999957], [106.94750230000005, -6.225452], [106.94759770000007, -6.225141399999927], [106.94760150000008, -6.22512729999994], [106.947632, -6.225051], [106.94764720000006, -6.225008399999979], [106.94788380000006, -6.224344299999927], [106.94799820000009, -6.223978599999953], [106.94812790000009, -6.223641499999928], [106.94831930000004, -6.223072699999932], [106.94834920000005, -6.222983899999974], [106.94853840000007, -6.222451299999932], [106.94862380000006, -6.222211], [106.94880690000008, -6.221879099999967], [106.94894430000005, -6.221773199999973], [106.94915790000005, -6.221614899999963], [106.94919990000005, -6.221547599999951], [106.94925710000007, -6.221456099999955], [106.94969190000006, -6.220570699999939], [106.94992080000009, -6.22036559999998], [106.95010390000004, -6.22024689999995], [106.95013530000006, -6.220192], [106.95025770000007, -6.219977699999959], [106.950287, -6.219926399999963], [106.95056030000006, -6.219526099999939], [106.95059980000008, -6.219468199999937], [106.95082870000005, -6.219086799999957], [106.95089740000009, -6.219091499999934], [106.95126360000006, -6.219169199999953], [106.95147170000007, -6.219169699999952], [106.951523, -6.219132499999944], [106.95153060000007, -6.219074299999932], [106.95162980000003, -6.219085799999959], [106.95236980000004, -6.21917209999998], [106.95244280000009, -6.219180499999936], [106.95257580000003, -6.219195899999931], [106.95263690000007, -6.219200199999932], [106.95278950000005, -6.219220199999938], [106.95303270000005, -6.219251], [106.953087, -6.219257899999945], [106.95322430000004, -6.219267499999944], [106.95357530000007, -6.219294199999979], [106.95410940000005, -6.219333699999936], [106.95448130000005, -6.219391499999972], [106.95464340000007, -6.219416699999954], [106.95477920000008, -6.219430599999953], [106.95495620000008, -6.219448599999964], [106.95515310000008, -6.219464199999948], [106.95550550000007, -6.219492], [106.95571910000007, -6.219507299999975], [106.95574060000007, -6.21951], [106.955766, -6.219511199999943], [106.95583360000006, -6.219394699999953], [106.95585650000004, -6.219238799999971], [106.95590230000005, -6.218865], [106.95590990000005, -6.218809199999953], [106.95595570000006, -6.218488299999933], [106.95597090000007, -6.218374299999937], [106.95602430000008, -6.218162099999972], [106.95603960000005, -6.218092], [106.95608540000006, -6.217982399999926], [106.956158, -6.217934899999932], [106.95625420000005, -6.217916899999977], [106.95638290000005, -6.217915599999969], [106.95669570000007, -6.218056799999943], [106.95676040000006, -6.218084], [106.95682560000006, -6.218119899999976], [106.95718310000007, -6.218056799999943], [106.95736970000007, -6.217849399999977], [106.95747, -6.217797699999949], [106.95770880000003, -6.217678299999932], [106.957714, -6.21766619999994], [106.95775620000006, -6.217614699999956], [106.957802, -6.217466899999977], [106.95783060000008, -6.217396599999972], [106.95802510000004, -6.21694679999996], [106.95804520000007, -6.216900299999963], [106.95823440000004, -6.216500799999949], [106.95829790000005, -6.215959399999974], [106.95831860000004, -6.215176099999951], [106.95832250000007, -6.215111399999955], [106.95834560000009, -6.214729699999964], [106.95841230000008, -6.21451339999993], [106.95851150000004, -6.214064699999938], [106.95852680000007, -6.213997499999948], [106.95856620000006, -6.213819299999955], [106.95889170000004, -6.213181899999938], [106.95899420000006, -6.212981199999945], [106.95904560000008, -6.212894099999971], [106.95912190000007, -6.212897899999973], [106.95914850000008, -6.212899299999947], [106.95960120000007, -6.213073399999928], [106.96014010000005, -6.212973599999941], [106.96023570000006, -6.212977799999976], [106.96046330000007, -6.213010299999951], [106.96066880000006, -6.212994499999979], [106.96067830000004, -6.213015199999973], [106.96069350000005, -6.213172099999952], [106.96069350000005, -6.213198299999931], [106.960663, -6.213614499999949], [106.96065540000006, -6.213827199999969], [106.96068590000004, -6.214095199999974], [106.96071510000007, -6.214260199999956], [106.96071560000007, -6.214440199999956], [106.96098450000005, -6.214457399999958], [106.96236, -6.214504], [106.96236490000007, -6.214484699999957], [106.96239490000005, -6.214485699999955], [106.96237540000004, -6.214444], [106.96252850000008, -6.213848799999937], [106.96266350000008, -6.213452599999925], [106.96273820000005, -6.213272199999949], [106.96274110000007, -6.213225099999931], [106.96274550000004, -6.213151899999957], [106.96277640000005, -6.212646099999972], [106.96280150000007, -6.211878299999967], [106.96280980000006, -6.21169059999994], [106.96283680000005, -6.211464099999944], [106.96324140000007, -6.210756899999978], [106.96339040000004, -6.210551499999951], [106.96344010000007, -6.210490799999945], [106.96364610000006, -6.210228499999971], [106.96383680000008, -6.209981499999969], [106.96400470000003, -6.209714499999961], [106.96416280000005, -6.20943909999994], [106.96508770000008, -6.207861299999934], [106.96533980000004, -6.207642599999929], [106.96546950000004, -6.207529199999954], [106.965706, -6.207378], [106.966057, -6.207009899999946], [106.96618420000004, -6.206929499999944], [106.96619980000008, -6.206919699999958], [106.96624010000005, -6.206721899999934], [106.966263, -6.206578799999932], [106.96631640000004, -6.206337099999928], [106.96631640000004, -6.206280299999946], [106.96617140000006, -6.206210699999929], [106.96601880000009, -6.206084799999928], [106.96586630000007, -6.20590169999997], [106.96581280000004, -6.205823], [106.96582810000007, -6.205721499999981], [106.96604170000006, -6.205566], [106.96616380000006, -6.205480199999954], [106.96625540000008, -6.205351], [106.96628590000006, -6.205263699999932], [106.96621720000007, -6.205234099999927], [106.96607220000004, -6.205227], [106.96582810000007, -6.205117299999927], [106.965706, -6.205014799999958], [106.96568310000004, -6.204791199999931], [106.96592730000003, -6.204581299999973], [106.96607220000004, -6.20438919999998], [106.96614090000008, -6.204280499999925], [106.96611040000005, -6.204075399999965], [106.96608750000007, -6.20386179999997], [106.96611040000005, -6.203711099999964], [106.96616380000006, -6.203614799999968], [106.96629350000006, -6.203530899999976], [106.96646130000005, -6.203176099999951], [106.96651480000008, -6.203030199999944], [106.96641560000006, -6.202942899999925], [106.96629370000005, -6.202904399999966], [106.96617910000003, -6.20289], [106.96623250000005, -6.202674499999944], [106.96633160000005, -6.202475699999979], [106.966408, -6.202350199999955], [106.96643080000007, -6.202235799999926], [106.96640030000003, -6.202119], [106.96624010000005, -6.201922], [106.96614850000009, -6.201770899999929], [106.96608750000007, -6.201584899999943], [106.96607990000007, -6.201295899999934], [106.96607220000004, -6.201222], [106.96580520000003, -6.201081399999964], [106.96574420000007, -6.201041799999928], [106.96581280000004, -6.20074569999997], [106.96589680000005, -6.200644099999977], [106.96617140000006, -6.200514399999975], [106.96624010000005, -6.200471499999935], [106.96630110000007, -6.200292199999978], [106.96639270000009, -6.199854], [106.96645370000005, -6.199747599999966], [106.966591, -6.199639399999967], [106.96668260000007, -6.199560299999973], [106.96705650000007, -6.199226499999952], [106.96723950000006, -6.198930399999938], [106.96730060000004, -6.19878639999996], [106.967415, -6.198304699999937], [106.96755240000005, -6.19786849999997], [106.96756, -6.197811699999932], [106.96719380000008, -6.19764859999998], [106.96695730000005, -6.197547099999952], [106.96672070000005, -6.197466499999962], [106.96659870000008, -6.197431699999981], [106.96650710000006, -6.196244799999931], [106.966544, -6.196118599999977], [106.966488, -6.195695799999953], [106.96665860000007, -6.195699799999943], [106.96671450000008, -6.195442199999945], [106.96668990000006, -6.195388899999955], [106.96668990000006, -6.195267799999954], [106.96676340000005, -6.19521629999997], [106.96684960000005, -6.19481849999994], [106.967148, -6.19473469999997], [106.96743790000005, -6.19472559999997], [106.96780410000008, -6.194740399999944], [106.96836110000004, -6.194856199999947], [106.96880360000006, -6.194831], [106.96915450000006, -6.194916299999932], [106.96958180000007, -6.19495349999994], [106.96945970000007, -6.194377499999973], [106.96949020000005, -6.194210099999964], [106.96944440000004, -6.194050899999979], [106.96935290000005, -6.193762399999969], [106.96935290000005, -6.193732299999965], [106.96936810000005, -6.193062399999974], [106.96939870000006, -6.192776299999935], [106.969475, -6.192383899999925], [106.96961990000005, -6.191657199999952], [106.96966570000006, -6.191518899999949], [106.96967330000007, -6.191470699999968], [106.969742, -6.191255699999942], [106.96974960000006, -6.191228499999966], [106.96994030000008, -6.190796899999953], [106.97001660000006, -6.190546599999948], [106.97026840000007, -6.189863299999956], [106.97028370000004, -6.18982509999995], [106.97033710000005, -6.189676399999939], [106.97049730000003, -6.189373599999954], [106.97060410000006, -6.189133699999957], [106.97087110000007, -6.188672599999961], [106.97098560000006, -6.188596799999971], [106.97104660000008, -6.188553899999931], [106.97111530000006, -6.18850759999998], [106.97114580000004, -6.187951699999928], [106.97122210000003, -6.187788099999977], [106.97126790000004, -6.18763359999997], [106.97127550000005, -6.187375599999939], [106.97122970000004, -6.18706229999998], [106.97121450000009, -6.186830599999951], [106.971245, -6.186456799999974], [106.97132890000006, -6.18601], [106.97143570000009, -6.184307199999978], [106.97176380000008, -6.180959299999927], [106.97180960000009, -6.177489899999955], [106.971718, -6.175244], [106.97173320000007, -6.174542], [106.97162650000007, -6.172236599999962], [106.97154250000006, -6.170802199999969], [106.97121620000007, -6.168413899999962], [106.97121450000009, -6.168401299999971], [106.97109950000004, -6.166320699999972], [106.97106190000005, -6.165638499999943], [106.97096270000009, -6.162380299999938], [106.97126790000004, -6.159826899999928], [106.97150440000007, -6.157794099999933], [106.97153040000006, -6.157572099999925], [106.97169510000003, -6.156169499999976], [106.97189350000008, -6.15461449999998]]]}}, {"type": "Feature", "properties": {"shapeName": "Kota Jakarta Utara", "shapeISO": "", "shapeID": "22746128B85966169947265", "shapeGroup": "IDN", "shapeType": "ADM2"}, "geometry": {"type": "MultiPolygon", "coordinates": [[[[106.87676710000005, -6.100300399999981], [106.87738580000007, -6.10011], [106.87819480000007, -6.098967899999934], [106.87838520000008, -6.095303499999943], [106.87833760000007, -6.094684899999947], [106.87700510000008, -6.094542099999956], [106.87595810000005, -6.100538299999926], [106.87676710000005, -6.100300399999981]]], [[[106.96876680000008, -6.092243899999971], [106.96766250000007, -6.092590899999948], [106.96604450000007, -6.093733099999952], [106.96518790000005, -6.093733099999952], [106.96452170000003, -6.093447599999934], [106.96316110000004, -6.092162599999938], [106.96301, -6.09222], [106.96265, -6.09231], [106.96239, -6.09241], [106.96224, -6.09244], [106.96193, -6.09248], [106.96181, -6.09247], [106.96188310000008, -6.092185899999947], [106.96162530000004, -6.092264299999954], [106.96144440000006, -6.092187499999966], [106.96108310000005, -6.092163], [106.96072270000008, -6.09239679999996], [106.96046490000003, -6.092475199999967], [106.96000120000008, -6.092683499999964], [106.95956310000008, -6.092814199999964], [106.959152, -6.093306499999926], [106.95904660000008, -6.093828899999949], [106.95399590000005, -6.094475799999941], [106.95367130000005, -6.096017399999937], [106.95024490000009, -6.096017399999937], [106.94948350000004, -6.096588399999973], [106.947104, -6.096874], [106.94481970000004, -6.097540199999969], [106.94301130000008, -6.097920899999963], [106.94057970000006, -6.09808529999998], [106.94046660000004, -6.098116699999935], [106.94033920000004, -6.098151899999948], [106.93980860000005, -6.096685799999932], [106.93963190000005, -6.096248299999957], [106.93928110000007, -6.096096199999977], [106.93838340000008, -6.096011799999928], [106.93704580000008, -6.096313099999975], [106.93689, -6.09629], [106.93648, -6.09631], [106.93573, -6.09645], [106.93563, -6.09646], [106.93548, -6.09643], [106.93535, -6.09641], [106.93481, -6.09648], [106.93439710000007, -6.096547599999951], [106.93419570000003, -6.096588699999927], [106.93396730000006, -6.09662979999996], [106.93376580000006, -6.096657499999935], [106.93344350000007, -6.096739399999933], [106.93310820000005, -6.096928899999966], [106.93247720000005, -6.097133], [106.93208790000006, -6.097242], [106.93175210000004, -6.097323899999935], [106.93152360000005, -6.097311299999944], [106.93129010000007, -6.097361399999954], [106.93126840000008, -6.097366], [106.93101330000007, -6.09742069999993], [106.93063710000007, -6.097475899999949], [106.930355, -6.09750379999997], [106.93011430000007, -6.097502299999974], [106.929772, -6.09753059999997], [106.92943870000005, -6.097558899999967], [106.92925850000006, -6.097559499999932], [106.92895220000008, -6.097587699999963], [106.92863690000007, -6.09760689999996], [106.92847330000006, -6.097633899999948], [106.92835770000005, -6.097653], [106.92815970000004, -6.097725799999978], [106.92791650000004, -6.097753799999964], [106.92752050000007, -6.097899499999926], [106.92671920000004, -6.098082799999929], [106.926413, -6.098138], [106.92639, -6.09832], [106.92643190000007, -6.098390499999937], [106.92639, -6.09849], [106.92659, -6.09851], [106.92658160000008, -6.099709699999948], [106.92638280000006, -6.099779699999942], [106.92620290000008, -6.099861499999975], [106.926068, -6.099952199999962], [106.926005, -6.099970499999927], [106.925933, -6.10000679999996], [106.92581610000008, -6.100061399999959], [106.925744, -6.100061599999947], [106.92561790000008, -6.10007109999998], [106.92546480000004, -6.100098699999933], [106.92529370000005, -6.100135399999942], [106.92514060000008, -6.100172], [106.92499640000005, -6.100154499999974], [106.92490620000007, -6.10014579999995], [106.92477110000004, -6.10016429999996], [106.92468230000009, -6.100177099999939], [106.92432080000003, -6.100229099999979], [106.92390650000004, -6.100284699999975], [106.92318630000005, -6.100503699999933], [106.92261910000008, -6.100632], [106.92195260000005, -6.100715599999944], [106.921493, -6.100726299999963], [106.92088050000007, -6.10079159999998], [106.92081640000004, -6.100512199999969], [106.92058210000005, -6.100522], [106.92033930000008, -6.100667199999975], [106.92015090000007, -6.100884399999927], [106.92000730000007, -6.101056299999925], [106.91992710000005, -6.101318099999958], [106.91983820000007, -6.101661199999967], [106.91977, -6.10206], [106.91971480000007, -6.102410299999974], [106.91968840000004, -6.10259979999995], [106.91966210000004, -6.102798399999926], [106.91968120000007, -6.103114], [106.91969950000004, -6.103228699999931], [106.91972730000003, -6.103402499999959], [106.91993490000004, -6.103501], [106.92005210000008, -6.103509599999938], [106.92023250000005, -6.103554], [106.92058380000009, -6.103516699999943], [106.92119640000004, -6.103469399999938], [106.92134070000009, -6.103505], [106.92154810000005, -6.103540299999963], [106.92147720000008, -6.10388329999995], [106.92137830000007, -6.103928799999949], [106.921153, -6.103929599999958], [106.92092790000004, -6.103975499999933], [106.92075680000005, -6.104021199999977], [106.92054970000004, -6.104076], [106.92035180000005, -6.104176], [106.92020760000008, -6.10416749999996], [106.919872, -6.104299499999968], [106.91982, -6.10432], [106.91965, -6.10434], [106.91926, -6.10436], [106.91919, -6.10436], [106.91904, -6.10435], [106.91891040000007, -6.104298399999948], [106.91887370000006, -6.104100099999926], [106.91889880000008, -6.103558799999973], [106.91891150000004, -6.103292], [106.91893230000005, -6.102855099999942], [106.91901130000008, -6.102250499999968], [106.91908, -6.10189], [106.91904, -6.10165], [106.91905240000006, -6.101140899999962], [106.918763, -6.10085319999996], [106.91875950000008, -6.099852], [106.91875840000006, -6.099563399999965], [106.91876580000007, -6.099112399999967], [106.917993, -6.099064899999973], [106.91626920000004, -6.098958899999957], [106.91621570000007, -6.099130499999944], [106.91617110000004, -6.099247899999966], [106.91625250000004, -6.099355799999955], [106.91649, -6.09942], [106.91665, -6.09951], [106.9166, -6.09958], [106.91647850000004, -6.099553499999956], [106.91635, -6.09951], [106.91628, -6.0995], [106.91622, -6.09956], [106.91605, -6.09974], [106.91593, -6.09978], [106.91556010000005, -6.09974619999997], [106.91532610000007, -6.099837199999968], [106.91526420000008, -6.100189199999932], [106.91522870000006, -6.100324599999965], [106.91521, -6.10051], [106.91514, -6.1005], [106.91504, -6.10042], [106.91496720000004, -6.100289499999974], [106.91477, -6.1002], [106.91466040000006, -6.100173299999938], [106.91452470000007, -6.100011399999971], [106.91454160000006, -6.099695699999927], [106.91462, -6.09957], [106.91458, -6.09952], [106.91449, -6.09955], [106.91384710000005, -6.099526799999978], [106.91336670000004, -6.098734699999966], [106.91167220000005, -6.098632499999951], [106.91166350000009, -6.098722699999939], [106.91230360000009, -6.098810599999979], [106.91235820000009, -6.098945699999945], [106.91270970000005, -6.098962499999971], [106.91304320000006, -6.098988399999939], [106.91314250000005, -6.099033199999951], [106.91314290000008, -6.099150399999928], [106.91316150000006, -6.099312699999928], [106.91319780000003, -6.099393799999973], [106.91303590000007, -6.099475499999926], [106.91277440000005, -6.099431299999935], [106.912594, -6.099386899999956], [106.91231, -6.09933], [106.91131350000006, -6.09912989999998], [106.91133, -6.09898], [106.91121370000008, -6.098922699999946], [106.91088020000007, -6.098923899999932], [106.90998810000008, -6.098918099999935], [106.90926730000007, -6.098938699999962], [106.90907850000008, -6.099083699999937], [106.908791, -6.099319199999968], [106.90853, -6.09952], [106.90819, -6.0997], [106.90811, -6.09978], [106.90808, -6.09985], [106.90788310000005, -6.099962799999957], [106.90787740000007, -6.100901], [106.90831, -6.100899399999946], [106.90832180000007, -6.101693099999977], [106.90888060000009, -6.101727199999971], [106.90892450000007, -6.101393299999927], [106.90919490000005, -6.101419399999941], [106.90940220000005, -6.101418699999954], [106.90941210000005, -6.101671199999942], [106.90974550000004, -6.101661], [106.91035, -6.10168], [106.91036950000006, -6.102825799999948], [106.91038, -6.10344], [106.90920910000006, -6.103407], [106.90921940000004, -6.103777], [106.90804, -6.10377], [106.90775, -6.10377], [106.90760550000005, -6.103800799999931], [106.90751630000005, -6.104071899999951], [106.90720080000006, -6.104091], [106.90713070000004, -6.104659899999945], [106.907149, -6.104741], [106.90714040000006, -6.104867399999932], [106.90720390000007, -6.104966499999932], [106.90729430000005, -6.105029299999956], [106.9073, -6.10533], [106.9073, -6.10546], [106.90726, -6.10573], [106.90726, -6.1059], [106.90720920000007, -6.106473699999981], [106.90716490000005, -6.106762599999968], [106.90712070000006, -6.10703929999994], [106.90710610000008, -6.107175099999949], [106.90706680000005, -6.107431599999927], [106.90704730000004, -6.107582499999978], [106.90702770000007, -6.107718299999931], [106.90698, -6.108], [106.90692970000003, -6.108402299999966], [106.90689540000005, -6.108663799999931], [106.90692520000005, -6.108699], [106.90669590000005, -6.108691599999929], [106.90669080000004, -6.108597399999951], [106.90669480000008, -6.108445199999949], [106.90668550000004, -6.108346799999936], [106.90668070000004, -6.108252799999946], [106.90665790000008, -6.108141099999955], [106.90659050000005, -6.108033899999953], [106.906532, -6.10792669999995], [106.90646020000008, -6.107846399999971], [106.90638850000005, -6.107802], [106.90615120000007, -6.107686499999943], [106.90607070000004, -6.107682299999965], [106.90602, -6.10778], [106.90573110000008, -6.107732699999929], [106.90556970000006, -6.107590099999925], [106.90539030000008, -6.107438599999966], [106.90540310000006, -6.107259499999941], [106.905291, -6.107143599999972], [106.90515630000004, -6.107000899999946], [106.905151, -6.106745899999964], [106.90515440000007, -6.106450499999937], [106.90517160000007, -6.106253599999945], [106.90518, -6.106101399999943], [106.905184, -6.105980599999953], [106.90543880000007, -6.105975199999932], [106.90545250000008, -6.106064699999934], [106.90556880000008, -6.106064199999935], [106.90556820000006, -6.105916599999944], [106.90555880000005, -6.105769], [106.90542470000008, -6.105765], [106.90543390000005, -6.105854399999942], [106.90530430000007, -6.105850399999952], [106.90518290000006, -6.105654], [106.90518690000005, -6.105528599999957], [106.90520310000005, -6.105063199999961], [106.90521470000004, -6.104553099999976], [106.90523160000004, -6.104266699999926], [106.90524850000008, -6.103975799999944], [106.90525690000004, -6.103832499999953], [106.90525190000005, -6.103693799999974], [106.90552910000008, -6.103701799999953], [106.90552940000003, -6.103786799999966], [106.90565010000006, -6.103781899999944], [106.90564920000008, -6.103535799999975], [106.90552410000004, -6.10354069999994], [106.90552440000005, -6.103625799999975], [106.90528290000009, -6.103599799999927], [106.90528150000006, -6.103197099999932], [106.90529350000008, -6.102794299999971], [106.90531790000006, -6.102127499999938], [106.90533050000005, -6.10189029999998], [106.90534670000005, -6.101420399999938], [106.90535470000003, -6.101147399999945], [106.90536310000005, -6.101004199999977], [106.90543020000007, -6.100999499999944], [106.90555990000007, -6.101012499999968], [106.90573420000004, -6.101020799999958], [106.90573350000005, -6.100815], [106.90562620000009, -6.100824299999942], [106.90562650000004, -6.100887], [106.90548340000004, -6.100891899999965], [106.90535830000005, -6.100887899999975], [106.90536960000009, -6.100292699999954], [106.90537190000003, -6.099702099999945], [106.90538730000009, -6.098999499999934], [106.905377, -6.098587899999927], [106.905748, -6.098595499999931], [106.90576980000009, -6.098443299999929], [106.905658, -6.09843479999995], [106.90564940000007, -6.098506399999962], [106.90501, -6.098477299999956], [106.90505720000004, -6.097913399999925], [106.90542830000004, -6.097925499999974], [106.90544930000004, -6.097563], [106.90537780000005, -6.097567699999956], [106.905374, -6.097751199999948], [106.90526670000008, -6.097751499999958], [106.905267, -6.097832099999948], [106.905115, -6.097828099999958], [106.90495410000005, -6.09782869999998], [106.904811, -6.097820299999967], [106.90467240000004, -6.097807299999943], [106.90448460000005, -6.097799099999975], [106.90377, -6.09778], [106.90345, -6.09776], [106.90304, -6.09774], [106.90164, -6.0977], [106.90018, -6.09764], [106.89915, -6.09759], [106.89851150000004, -6.097569599999929], [106.89793030000004, -6.097553699999935], [106.89763520000008, -6.097536899999966], [106.89732230000004, -6.097529], [106.89724180000007, -6.097533799999951], [106.89709870000007, -6.097516399999961], [106.89700480000005, -6.097516699999971], [106.89686620000003, -6.097508199999936], [106.89630740000007, -6.097492299999942], [106.89582450000006, -6.097467199999926], [106.89546680000007, -6.097455], [106.89514940000004, -6.097442699999931], [106.89489910000009, -6.097443599999963], [106.89467110000004, -6.097444399999972], [106.89446990000005, -6.09744059999997], [106.894376, -6.097440899999981], [106.89408450000008, -6.097435], [106.89373870000009, -6.097415299999966], [106.893309, -6.097395799999958], [106.89320250000009, -6.09738], [106.89309630000008, -6.097371899999928], [106.89301560000007, -6.097365399999944], [106.89281650000004, -6.097366099999931], [106.89277390000007, -6.097363599999937], [106.89261760000005, -6.097351599999968], [106.89260620000005, -6.097597099999973], [106.89260730000007, -6.097904], [106.89260810000007, -6.098124899999959], [106.89259860000004, -6.098910599999954], [106.89256320000004, -6.099328], [106.89257910000003, -6.100346799999954], [106.89242840000009, -6.102851399999963], [106.89239820000006, -6.104705], [106.89234320000008, -6.106521799999939], [106.892333, -6.106826499999954], [106.89233210000003, -6.106853299999955], [106.89197640000003, -6.10683], [106.89197560000008, -6.106609], [106.89170440000004, -6.106597699999952], [106.891436, -6.106586399999969], [106.89142420000007, -6.106721499999935], [106.89130680000005, -6.106717099999969], [106.89086, -6.106700399999966], [106.89082320000006, -6.106699], [106.89081240000007, -6.106754399999943], [106.89069, -6.10674], [106.89082, -6.10294], [106.89088, -6.10046], [106.890861, -6.099526799999978], [106.89089440000004, -6.097306199999935], [106.88832510000009, -6.097253199999955], [106.88818, -6.10019], [106.88797, -6.10655], [106.88668, -6.10651], [106.88691, -6.10043], [106.88692, -6.10017], [106.88686, -6.10001], [106.88697, -6.09729], [106.88599, -6.09619], [106.88445, -6.09613], [106.88415, -6.09644], [106.88399, -6.10031], [106.88377, -6.10644], [106.88222, -6.10637], [106.88242, -6.10074], [106.88262, -6.09674], [106.88263, -6.09662], [106.88260350000007, -6.095693099999949], [106.88262160000005, -6.094949399999962], [106.88244520000006, -6.094681499999979], [106.88221810000005, -6.094641], [106.88219650000008, -6.094372499999963], [106.882082, -6.094063099999971], [106.88208050000009, -6.093629299999975], [106.88170870000005, -6.093527399999971], [106.88172, -6.09411], [106.88139, -6.09409], [106.88138, -6.09383], [106.88116, -6.0938], [106.88105, -6.09504], [106.88116, -6.09507], [106.88114, -6.09533], [106.88105, -6.09677], [106.88081, -6.0968], [106.88078, -6.09699], [106.88042, -6.09699], [106.8804, -6.09677], [106.88034, -6.09672], [106.88039, -6.09545], [106.88029, -6.09544], [106.88023, -6.0967], [106.88008, -6.09672], [106.88005, -6.09696], [106.88017, -6.09698], [106.88009, -6.0983], [106.88001, -6.09831], [106.87996, -6.09847], [106.87984, -6.09854], [106.87949, -6.09854], [106.87964, -6.09431], [106.87952, -6.09429], [106.87947, -6.09502], [106.87915, -6.09502], [106.87905, -6.095], [106.87895, -6.09703], [106.87888, -6.09894], [106.87877, -6.10057], [106.87872, -6.10138], [106.87907, -6.10197], [106.87934450000006, -6.102025199999957], [106.879489, -6.102045299999929], [106.87972640000004, -6.102065099999948], [106.87991, -6.10207], [106.8802, -6.10211], [106.88016920000007, -6.102296499999966], [106.880146, -6.102390799999966], [106.87989910000005, -6.102415199999939], [106.87960490000006, -6.102369099999976], [106.87933440000006, -6.102370099999973], [106.87896980000005, -6.102359599999943], [106.87867570000009, -6.102348799999959], [106.878665, -6.10263139999995], [106.87868940000004, -6.102902], [106.87867860000006, -6.103161099999966], [106.87869120000005, -6.103408199999933], [106.87872, -6.10383], [106.87859, -6.10384], [106.87859, -6.10412], [106.87869, -6.10416], [106.87868, -6.10577], [106.87862, -6.10583], [106.87862, -6.10625], [106.87865, -6.10632], [106.87862, -6.10756], [106.87857, -6.10893], [106.87851, -6.10991], [106.87839190000005, -6.109960399999977], [106.87821690000004, -6.110053899999969], [106.87796980000007, -6.110209699999928], [106.87749, -6.11043], [106.87732, -6.11018], [106.87734, -6.11003], [106.87742, -6.11004], [106.87763530000007, -6.108992199999932], [106.87769660000004, -6.108816399999967], [106.87770580000006, -6.108496199999934], [106.87780750000007, -6.108072399999969], [106.87798, -6.10733], [106.87797970000008, -6.107142299999964], [106.87805120000007, -6.106935499999963], [106.87715, -6.10679], [106.87678, -6.10867], [106.87663, -6.10867], [106.8766, -6.10899], [106.87667, -6.10903], [106.87653, -6.10993], [106.87637, -6.11063], [106.87634, -6.11076], [106.87624, -6.11073], [106.87614, -6.1107], [106.87606, -6.11071], [106.87591, -6.11089], [106.87585, -6.11102], [106.87581, -6.11114], [106.87571, -6.11127], [106.87564, -6.11136], [106.87556, -6.11133], [106.87556, -6.11126], [106.87562, -6.11112], [106.87575, -6.11085], [106.87588, -6.11058], [106.87603, -6.11005], [106.87618, -6.10912], [106.87619, -6.10902], [106.87629, -6.10868], [106.87637, -6.10838], [106.87654, -6.1075], [106.87664, -6.10695], [106.87667, -6.10669], [106.87683, -6.10673], [106.87742, -6.10522], [106.87748580000004, -6.102776499999948], [106.87770520000004, -6.101598199999955], [106.876672, -6.101537699999938], [106.87497210000004, -6.102798], [106.874816, -6.103155799999968], [106.87463, -6.10454], [106.87446, -6.10558], [106.87443, -6.10579], [106.87429, -6.1058], [106.87426, -6.10591], [106.87439, -6.10594], [106.87435, -6.10612], [106.87435, -6.1063], [106.87433, -6.10643], [106.87429, -6.1068], [106.87423, -6.10743], [106.87416, -6.10755], [106.87402, -6.10772], [106.87395, -6.10781], [106.87382, -6.1078], [106.87325, -6.11062], [106.87263, -6.1137], [106.87222, -6.1137], [106.8722, -6.11392], [106.87238, -6.11394], [106.87227760000007, -6.114185199999952], [106.872484, -6.114184499999965], [106.87259760000006, -6.114204699999959], [106.87277310000007, -6.114235099999973], [106.87281490000004, -6.114389899999935], [106.87249610000003, -6.114711099999965], [106.87212, -6.11504], [106.87198, -6.11486], [106.87209390000004, -6.114753899999926], [106.87205210000008, -6.114599099999964], [106.87156820000007, -6.114910599999973], [106.87145, -6.11507], [106.87103, -6.11499], [106.87057, -6.11528], [106.87026, -6.11471], [106.87089, -6.11433], [106.87136, -6.11263], [106.8717, -6.11152], [106.87154, -6.11147], [106.87159, -6.11129], [106.87172, -6.11132], [106.87173, -6.1112], [106.87133, -6.11111], [106.87144, -6.11071], [106.8717, -6.11075], [106.87173, -6.11066], [106.87173, -6.11049], [106.87137, -6.11037], [106.8702, -6.11099], [106.87005, -6.11106], [106.869904, -6.111084699999935], [106.86967740000006, -6.11120939999995], [106.86944, -6.11133], [106.86871, -6.11176], [106.8682, -6.11208], [106.868, -6.11218], [106.86783, -6.11202], [106.86754, -6.11217], [106.86768, -6.1124], [106.86742, -6.1125], [106.867319, -6.112508599999956], [106.86725730000006, -6.112560499999972], [106.86716470000005, -6.112653799999975], [106.86706170000008, -6.112705799999958], [106.86692770000008, -6.112747499999955], [106.86674240000008, -6.112872099999947], [106.86657, -6.113], [106.86636, -6.1131], [106.86596, -6.11332], [106.86577390000008, -6.113278299999934], [106.86552670000003, -6.113392699999963], [106.86540310000004, -6.113475799999947], [106.86533120000007, -6.113569], [106.86536, -6.11371], [106.86521890000006, -6.113899899999979], [106.86529230000008, -6.114240499999937], [106.86524220000007, -6.114674399999956], [106.86534720000009, -6.11519039999996], [106.86532710000006, -6.115355799999975], [106.86527610000007, -6.115510899999947], [106.86532830000004, -6.115686299999936], [106.86528770000007, -6.115893], [106.86532960000005, -6.116058099999975], [106.86531980000007, -6.116233699999952], [106.86531, -6.116368], [106.86544440000006, -6.116450099999952], [106.865548, -6.116553], [106.86555, -6.1167], [106.86552, -6.1168], [106.86556, -6.11711], [106.86562, -6.11718], [106.8657, -6.11747], [106.86571, -6.11772], [106.86566750000009, -6.118298099999947], [106.86587, -6.11898], [106.86588, -6.1191], [106.8659, -6.11919], [106.86586710000006, -6.119319799999971], [106.86585730000007, -6.119454099999928], [106.86615080000007, -6.119867599999964], [106.86526010000006, -6.120455599999957], [106.86358430000007, -6.12115289999997], [106.86352140000008, -6.121040599999958], [106.86340920000004, -6.121066], [106.86320970000008, -6.121154199999978], [106.86296040000008, -6.12128], [106.86246490000008, -6.121488699999929], [106.86295, -6.12127], [106.86291, -6.12111], [106.86298, -6.12106], [106.8644, -6.1204], [106.86472, -6.12018], [106.86472, -6.12005], [106.86475, -6.11959], [106.86477, -6.11905], [106.86481, -6.11838], [106.86479, -6.11832], [106.8648, -6.11773], [106.86478, -6.11737], [106.86475, -6.11693], [106.86476, -6.11674], [106.86477, -6.11647], [106.86477, -6.11613], [106.86471, -6.11556], [106.8647, -6.11471], [106.86468, -6.11431], [106.86466, -6.11417], [106.86463, -6.11366], [106.86467, -6.11342], [106.86483, -6.11255], [106.86485, -6.11247], [106.86494, -6.11235], [106.86565, -6.11195], [106.86624, -6.11163], [106.86671, -6.11138], [106.86695, -6.11125], [106.86807, -6.11066], [106.86887, -6.11024], [106.86924, -6.11004], [106.86961, -6.10985], [106.86994, -6.10968], [106.87044, -6.10939], [106.87093, -6.10912], [106.87128, -6.1089], [106.87148, -6.10881], [106.87206, -6.10844], [106.8721, -6.10827], [106.872077, -6.108031899999958], [106.87208060000006, -6.107851899999957], [106.87211330000008, -6.107659399999932], [106.87222, -6.10704], [106.87232750000004, -6.106746499999929], [106.87238150000007, -6.106641699999955], [106.87240120000007, -6.106618], [106.87274320000006, -6.104866499999957], [106.87282930000003, -6.104380899999967], [106.87275420000009, -6.104418799999962], [106.872604, -6.104515499999934], [106.87231210000004, -6.104721599999948], [106.87187850000004, -6.105024299999968], [106.87145310000005, -6.105318699999941], [106.87125310000005, -6.105495099999928], [106.87107870000006, -6.105817899999977], [106.87088740000007, -6.106094699999971], [106.87023750000009, -6.106741199999931], [106.86929560000004, -6.107539499999973], [106.86867450000005, -6.10801859999998], [106.86852860000005, -6.108127899999943], [106.86817620000005, -6.108393799999931], [106.86770720000004, -6.10872489999997], [106.86764090000008, -6.108892399999945], [106.86760780000009, -6.108988799999963], [106.86750780000006, -6.109102099999973], [106.8674, -6.10919], [106.86696120000005, -6.109376], [106.86664, -6.10955], [106.8663, -6.10976], [106.86604, -6.10991], [106.86580570000007, -6.110053599999958], [106.86563, -6.11029], [106.865264, -6.110553299999935], [106.86488040000006, -6.11081409999997], [106.86458850000008, -6.111007599999937], [106.86388, -6.1116], [106.86358840000008, -6.111918899999978], [106.86339270000008, -6.112141399999928], [106.86339310000005, -6.112262699999974], [106.86343180000006, -6.11255129999995], [106.86346, -6.11277], [106.86327, -6.11324], [106.86327, -6.11336], [106.86327, -6.11342], [106.86332280000005, -6.113689699999952], [106.86339080000005, -6.113994899999966], [106.86299, -6.11405], [106.86273090000009, -6.114152], [106.86260170000008, -6.114282099999969], [106.86244380000005, -6.11448379999996], [106.86207590000004, -6.114535], [106.86180420000005, -6.114523399999939], [106.861499, -6.114503499999955], [106.86128580000008, -6.114512599999955], [106.86125980000008, -6.11424489999996], [106.86123850000007, -6.11411529999998], [106.86121730000008, -6.114023299999928], [106.86119170000006, -6.113877], [106.86115330000007, -6.113672099999974], [106.86110630000007, -6.113354299999969], [106.86130260000004, -6.113332699999944], [106.86131060000008, -6.113219699999945], [106.86122670000009, -6.113136299999951], [106.86120510000006, -6.112935499999935], [106.86114190000006, -6.112780899999962], [106.86112060000005, -6.112676399999941], [106.86106570000004, -6.112492499999973], [106.86106120000005, -6.112400499999978], [106.86102730000005, -6.11229179999998], [106.86102280000006, -6.112174699999969], [106.86101840000003, -6.112107799999933], [106.86100140000008, -6.112032499999941], [106.86097580000006, -6.111898699999927], [106.86096290000006, -6.111773199999959], [106.86094570000006, -6.111643599999979], [106.86092840000003, -6.111484699999949], [106.86089440000006, -6.111313199999927], [106.86088150000006, -6.111208699999963], [106.86086450000005, -6.11113759999995], [106.860856, -6.111079099999927], [106.86084730000005, -6.110999599999957], [106.86083030000009, -6.110899199999949], [106.86082580000004, -6.110811399999932], [106.86081710000008, -6.110723599999972], [106.86080860000004, -6.110685899999964], [106.86079150000006, -6.110564699999941], [106.86079850000004, -6.110167199999978], [106.86010960000004, -6.110420599999941], [106.85935810000007, -6.110657499999945], [106.85921180000008, -6.11068309999996], [106.85904890000006, -6.110700399999928], [106.85891940000005, -6.110730099999955], [106.85879830000005, -6.110768199999939], [106.85868140000008, -6.110793699999931], [106.85855190000007, -6.110836], [106.85846830000008, -6.11083629999996], [106.85825950000009, -6.110887199999979], [106.85806310000004, -6.11091719999996], [106.85788770000005, -6.110947099999976], [106.85764540000008, -6.110998099999961], [106.85772670000006, -6.113464799999974], [106.85835490000005, -6.113721799999951], [106.85868320000009, -6.11390739999996], [106.858826, -6.114435599999979], [106.85872650000005, -6.115183699999932], [106.85849260000003, -6.115451099999973], [106.85778, -6.116068599999949], [106.85737140000003, -6.116388], [106.85717960000005, -6.116514199999926], [106.856996, -6.116619399999934], [106.85679990000006, -6.116733099999976], [106.85644940000009, -6.116905799999927], [106.85616550000009, -6.117003], [106.85598560000005, -6.116949299999931], [106.85587660000004, -6.116874299999949], [106.8557, -6.11687], [106.85531, -6.11701], [106.85519, -6.11709], [106.8551, -6.11711], [106.85494, -6.11717], [106.85487, -6.11725], [106.8545, -6.1178], [106.85418, -6.11812], [106.854, -6.11829], [106.85384, -6.11837], [106.85191, -6.11897], [106.84927, -6.1198], [106.84903, -6.11986], [106.84894650000007, -6.119246899999951], [106.84863240000004, -6.119318199999952], [106.84870480000006, -6.11987929999998], [106.848718, -6.119982099999959], [106.84861430000007, -6.120070799999951], [106.84856, -6.12014], [106.84837, -6.12019], [106.84731890000006, -6.120496099999968], [106.84707040000006, -6.120330699999954], [106.84690690000008, -6.120221799999968], [106.84666220000008, -6.119189799999958], [106.846291, -6.119304], [106.84650440000007, -6.12010429999998], [106.84633640000004, -6.120149799999979], [106.846019, -6.120242899999937], [106.84570590000004, -6.120340299999953], [106.84553470000009, -6.120412], [106.844921, -6.120619099999942], [106.84474, -6.12068], [106.84430010000005, -6.120813299999952], [106.844325, -6.12092679999995], [106.84409580000005, -6.120964], [106.84393, -6.12101], [106.84377, -6.1211], [106.84369, -6.12121], [106.84360250000009, -6.121326499999952], [106.84351520000007, -6.12149], [106.84339530000005, -6.121854399999961], [106.84324620000007, -6.122260799999935], [106.84314310000008, -6.122683699999925], [106.84304350000008, -6.122897499999965], [106.84305650000005, -6.123014599999976], [106.8433, -6.1231], [106.84336, -6.12344], [106.84335, -6.1235], [106.84326, -6.12354], [106.84303, -6.12359], [106.84244840000008, -6.123677699999973], [106.84226030000008, -6.123657399999956], [106.84189620000006, -6.123529], [106.84164, -6.12351], [106.84158630000007, -6.123524599999939], [106.84125550000005, -6.123746399999959], [106.84104410000003, -6.123741099999961], [106.84091, -6.12372], [106.84071290000009, -6.123839199999964], [106.840506, -6.123827899999981], [106.84032030000009, -6.123817799999927], [106.83974930000005, -6.123568], [106.83954940000007, -6.123253899999952], [106.83943520000008, -6.122939799999926], [106.83939950000007, -6.122754199999974], [106.83934950000008, -6.122675699999945], [106.839336, -6.122594499999934], [106.83940150000006, -6.122571], [106.83950660000005, -6.12259], [106.83956370000004, -6.122518599999978], [106.83963850000004, -6.122252099999969], [106.83969290000005, -6.122222799999975], [106.83988930000004, -6.122205399999928], [106.84004820000007, -6.122209], [106.84026, -6.12221], [106.84051, -6.12228], [106.84088, -6.12241], [106.84131, -6.12265], [106.84146, -6.12271], [106.84174, -6.12274], [106.84201030000008, -6.122691799999927], [106.84247610000006, -6.122604299999978], [106.842726, -6.122390099999961], [106.84301150000005, -6.121990399999959], [106.84306860000004, -6.121583499999929], [106.84288210000005, -6.121368099999927], [106.84269710000007, -6.121154599999954], [106.84264, -6.12109], [106.84254, -6.12104], [106.84213, -6.12094], [106.84158, -6.1209], [106.84043, -6.12089], [106.83993, -6.12091], [106.83964, -6.12088], [106.83941, -6.12084], [106.8391, -6.12088], [106.83884, -6.12086], [106.83862, -6.12086], [106.83861, -6.12109], [106.83862, -6.12122], [106.83858, -6.12132], [106.83848290000009, -6.121364299999925], [106.83814310000008, -6.121519199999966], [106.83548760000008, -6.121476399999949], [106.83530920000004, -6.121604899999966], [106.83459540000007, -6.121640599999978], [106.83452820000008, -6.121558499999935], [106.83452330000006, -6.121366], [106.83409140000003, -6.121371899999929], [106.83407180000006, -6.12075219999997], [106.83278060000004, -6.120750699999974], [106.83210320000006, -6.120823199999961], [106.83140240000006, -6.120913299999927], [106.83110460000006, -6.120955299999935], [106.83084180000009, -6.120985399999938], [106.83067840000007, -6.121015199999931], [106.83054, -6.121], [106.83029, -6.12094], [106.83008790000008, -6.120906099999956], [106.82991080000005, -6.120362899999975], [106.82986940000006, -6.120222699999943], [106.82948, -6.12015], [106.8294, -6.12014], [106.82935, -6.11998], [106.82928, -6.1195], [106.82925, -6.11919], [106.82932, -6.1188], [106.82933, -6.11873], [106.82909, -6.11851], [106.829058, -6.118494], [106.82830290000004, -6.118610399999966], [106.82815620000008, -6.11729], [106.82813150000004, -6.117068499999959], [106.82756050000006, -6.116326099999981], [106.82353440000009, -6.115755], [106.82041780000009, -6.115319499999941], [106.81881, -6.11509], [106.81852, -6.11504], [106.81818, -6.11498], [106.8172, -6.1149], [106.81708, -6.11566], [106.81702, -6.11606], [106.817, -6.1163], [106.81697, -6.1165], [106.8169, -6.11705], [106.81669, -6.11864], [106.81652370000006, -6.119560499999977], [106.81647250000009, -6.119910299999958], [106.81635170000004, -6.119883699999946], [106.81602210000005, -6.119807699999967], [106.81574150000006, -6.119738499999926], [106.81558950000004, -6.119709799999953], [106.81533, -6.11963], [106.81518, -6.11959], [106.81492, -6.11953], [106.81451360000005, -6.119444499999929], [106.81441490000009, -6.119631899999945], [106.81422910000003, -6.119971699999951], [106.81405480000006, -6.120247099999972], [106.81379930000008, -6.120709899999952], [106.81368, -6.12077], [106.81348, -6.12075], [106.81326, -6.12072], [106.81302790000007, -6.120648199999948], [106.81285590000005, -6.119888599999967], [106.812564, -6.119936399999972], [106.81246980000009, -6.119946599999935], [106.812342, -6.119960499999934], [106.812318, -6.119767599999932], [106.81228810000005, -6.119539699999962], [106.81221080000006, -6.119159899999943], [106.81209990000008, -6.119171899999969], [106.812024, -6.119183899999939], [106.81192470000008, -6.119190099999969], [106.81249, -6.12255], [106.8118, -6.12266], [106.81139, -6.1205], [106.80957, -6.12023], [106.80901, -6.11691], [106.80828, -6.11632], [106.80798, -6.11608], [106.8078, -6.11608], [106.80774970000004, -6.115808499999957], [106.80766810000006, -6.115552599999944], [106.80758640000005, -6.115296699999931], [106.80751820000006, -6.11505429999994], [106.80745040000005, -6.11489279999995], [106.80740940000004, -6.114717599999949], [106.80736840000009, -6.11454249999997], [106.80734090000004, -6.114380799999935], [106.80728640000007, -6.114192299999957], [106.807259, -6.114057499999944], [106.80723170000005, -6.113963299999966], [106.80721770000008, -6.113801499999965], [106.80719040000008, -6.113680299999942], [106.80717650000008, -6.113559], [106.80716270000005, -6.113451199999929], [106.80713520000006, -6.113289499999951], [106.80710770000007, -6.113127799999972], [106.80708030000005, -6.11297959999996], [106.80703920000008, -6.112777499999936], [106.80699830000003, -6.112629399999946], [106.80697080000004, -6.112454199999945], [106.80691610000008, -6.112211699999932], [106.80687490000008, -6.111982699999942], [106.80683370000008, -6.111740099999963], [106.806806, -6.111524499999973], [106.80675150000008, -6.111322499999972], [106.80672380000004, -6.111120299999925], [106.80668260000004, -6.110864299999946], [106.80665460000006, -6.110567799999956], [106.80659980000007, -6.110284899999954], [106.8062, -6.10789], [106.80608, -6.10744], [106.80606, -6.10733], [106.80574, -6.10555], [106.805448, -6.104181599999947], [106.80531080000009, -6.103427099999976], [106.80510470000007, -6.102227899999946], [106.80487190000008, -6.101069199999927], [106.80472050000009, -6.100112499999966], [106.80463, -6.09976], [106.80458, -6.09958], [106.80454, -6.09936], [106.8044, -6.09855], [106.80414, -6.09715], [106.80405, -6.09661], [106.80395, -6.09605], [106.80388, -6.09559], [106.80379, -6.09513], [106.80369, -6.09464], [106.80367, -6.09456], [106.80363, -6.09451], [106.8033, -6.09454], [106.80305, -6.09461], [106.80426, -6.10147], [106.804321, -6.101462099999935], [106.80434870000005, -6.101691099999925], [106.80440340000007, -6.101947099999961], [106.80414, -6.10202], [106.80399, -6.10205], [106.80398, -6.10196], [106.80387, -6.10198], [106.80389, -6.10207], [106.80347, -6.10214], [106.80346, -6.10204], [106.80337, -6.10207], [106.80339, -6.10216], [106.80286, -6.10226], [106.80241, -6.10233], [106.80226320000008, -6.102331799999945], [106.80222160000005, -6.101981399999943], [106.80234, -6.10196], [106.80195, -6.09984], [106.80084, -6.10003], [106.8005, -6.098], [106.80048, -6.09782], [106.80025, -6.09652], [106.79995, -6.09658], [106.79926, -6.09669], [106.79926, -6.09675], [106.79869, -6.09683], [106.79877, -6.09744], [106.79886, -6.098], [106.79914, -6.09978], [106.79916, -6.09991], [106.79929, -6.10062], [106.79953, -6.10197], [106.79985, -6.10374], [106.80006, -6.10514], [106.8002, -6.10589], [106.80051, -6.10766], [106.80059, -6.10815], [106.8006, -6.10831], [106.80055, -6.10842], [106.80027, -6.10856], [106.8, -6.10864], [106.79932140000005, -6.108745399999975], [106.79895790000006, -6.108787099999972], [106.79864820000006, -6.108815099999958], [106.79850010000007, -6.10884249999998], [106.79837890000005, -6.108829499999956], [106.798204, -6.108897499999955], [106.79806930000007, -6.108897899999931], [106.79679, -6.10891], [106.7964, -6.108929499999931], [106.79626840000009, -6.108957299999929], [106.79626850000005, -6.10900369999996], [106.79625220000008, -6.109060099999965], [106.79625580000004, -6.109162799999979], [106.79628930000007, -6.109285299999954], [106.79634490000007, -6.10951369999998], [106.79630150000008, -6.109515499999929], [106.79622510000007, -6.109385], [106.79617910000007, -6.109245399999963], [106.79616660000005, -6.109126899999978], [106.79616290000007, -6.108938499999965], [106.79611730000005, -6.108923399999981], [106.79604730000005, -6.10888719999997], [106.796047, -6.108783799999969], [106.79603440000005, -6.108641], [106.79599720000004, -6.108407099999965], [106.79596770000006, -6.107781099999954], [106.79591810000005, -6.107456099999979], [106.795883, -6.106966899999975], [106.79584230000006, -6.106578], [106.795826, -6.106237699999951], [106.79578850000007, -6.105930799999953], [106.79576250000008, -6.105429399999935], [106.79583490000005, -6.105277199999932], [106.79600130000006, -6.105097299999954], [106.79598570000007, -6.104972799999928], [106.79603980000007, -6.104802399999926], [106.79612130000004, -6.104653199999973], [106.796145, -6.104492099999959], [106.79623, -6.104464399999927], [106.79641810000004, -6.104439499999955], [106.79647260000007, -6.104381499999931], [106.79647250000005, -6.104360299999939], [106.79648750000007, -6.10429339999996], [106.79646310000004, -6.104269099999954], [106.79647510000007, -6.104223499999932], [106.79650820000006, -6.104144399999939], [106.79655670000005, -6.104101599999979], [106.79667810000007, -6.104092099999946], [106.79669570000004, -6.103912699999967], [106.796677, -6.103763899999933], [106.79652810000005, -6.103718799999967], [106.79652450000003, -6.103545599999961], [106.79656030000007, -6.10336609999996], [106.79682, -6.10285], [106.79686, -6.1026], [106.79684, -6.10222], [106.79676, -6.10174], [106.79659, -6.10108], [106.79649, -6.10066], [106.79677690000005, -6.098974699999928], [106.79713160000006, -6.09509509999998], [106.796794, -6.094304199999954], [106.79652750000008, -6.094075699999962], [106.79618490000007, -6.093961499999978], [106.79586130000007, -6.093961499999978], [106.79436820000006, -6.092965], [106.79300590000008, -6.092800299999965], [106.79186380000004, -6.093028799999956], [106.79127370000003, -6.093466599999942], [106.79090920000004, -6.093941499999971], [106.79074260000004, -6.095393], [106.79029050000008, -6.100770599999976], [106.78998120000006, -6.100818199999935], [106.78998120000006, -6.102888299999961], [106.79005260000008, -6.104078], [106.79040950000007, -6.104292199999975], [106.79050690000008, -6.106551199999956], [106.79056970000005, -6.10668389999995], [106.79046690000007, -6.106735799999967], [106.79031270000007, -6.106847599999981], [106.79030780000005, -6.106994099999952], [106.79031630000009, -6.10727879999996], [106.79032680000006, -6.107805299999939], [106.79034380000007, -6.108044], [106.78986, -6.10805], [106.78903, -6.10806], [106.78885570000006, -6.10806], [106.78838, -6.10806], [106.78711830000009, -6.108095399999968], [106.78711330000004, -6.108214799999928], [106.78712240000004, -6.108516], [106.78712350000006, -6.108857799999953], [106.78687690000004, -6.108869499999969], [106.78685270000005, -6.108104399999945], [106.78677140000008, -6.108110099999976], [106.78567960000004, -6.108132699999942], [106.78556980000008, -6.111142099999938], [106.78534480000008, -6.111151], [106.78514150000007, -6.111138099999948], [106.78514370000005, -6.110991599999977], [106.78515130000005, -6.110847799999931], [106.78517520000008, -6.110684899999967], [106.78516560000008, -6.110248099999978], [106.78517550000004, -6.109960399999977], [106.78517750000009, -6.109756899999979], [106.78517730000004, -6.10967549999998], [106.78517690000007, -6.109558899999968], [106.78447760000006, -6.109582899999964], [106.78444990000008, -6.10859], [106.78325, -6.10862], [106.78249, -6.10859], [106.78084, -6.10788], [106.78045, -6.10773], [106.78015, -6.10761], [106.7795, -6.10733], [106.77785, -6.1066], [106.77777, -6.10658], [106.77719630000007, -6.106337499999938], [106.77693740000007, -6.106146599999931], [106.77647110000004, -6.10599979999995], [106.776277, -6.10656739999996], [106.77624560000004, -6.106652299999951], [106.77620870000004, -6.106726599999945], [106.77610370000008, -6.10697609999994], [106.77604050000008, -6.107077], [106.77596140000009, -6.107183199999952], [106.77590890000005, -6.10730529999995], [106.77587740000007, -6.107384899999943], [106.77585130000006, -6.107496199999957], [106.775783, -6.107655399999942], [106.77568810000008, -6.107798799999955], [106.77565160000006, -6.107942], [106.77560950000009, -6.108032299999934], [106.77553560000007, -6.108101399999953], [106.77548290000004, -6.108181099999968], [106.77543560000004, -6.108271299999956], [106.77532, -6.10846], [106.7752, -6.10855], [106.77514, -6.10868], [106.77512, -6.10875], [106.77509, -6.1088], [106.77498790000004, -6.108988199999942], [106.77474, -6.10966], [106.7747, -6.10975], [106.77448860000004, -6.11010269999997], [106.77432420000008, -6.110002599999973], [106.77443420000009, -6.109647099999961], [106.77452320000003, -6.109350099999972], [106.77463, -6.10905], [106.77465430000007, -6.108962799999972], [106.77468, -6.10886], [106.77470130000006, -6.108756], [106.774722, -6.108634], [106.77474290000004, -6.10854919999997], [106.77480080000004, -6.108421799999974], [106.77496820000005, -6.107827699999973], [106.77467, -6.10767], [106.77472880000005, -6.107484], [106.77477, -6.10733], [106.77489140000006, -6.106996], [106.77545, -6.10696], [106.77561, -6.10659], [106.7757, -6.10635], [106.77596, -6.1056], [106.77644, -6.10416], [106.77668250000005, -6.103634099999965], [106.77643060000008, -6.103773899999965], [106.77615320000007, -6.103825299999926], [106.77583810000004, -6.103927399999975], [106.77554780000008, -6.103903099999968], [106.77515650000004, -6.103853799999968], [106.77481590000008, -6.103880199999935], [106.77464090000007, -6.104360699999972], [106.77451530000008, -6.104563199999973], [106.774478, -6.104714899999976], [106.77428840000005, -6.104627099999959], [106.77420050000006, -6.104753699999947], [106.774087, -6.10475409999998], [106.77403670000007, -6.104817399999945], [106.77399920000005, -6.104905899999949], [106.77380970000007, -6.104843399999936], [106.77370880000007, -6.104843699999947], [106.77335530000005, -6.104781699999933], [106.77293850000007, -6.104669499999943], [106.77282550000007, -6.104846599999973], [106.77276270000004, -6.104935199999943], [106.77254820000007, -6.104936], [106.77251080000008, -6.105062399999952], [106.772372, -6.105062799999928], [106.77203, -6.10499], [106.77197820000004, -6.104956299999969], [106.77220660000006, -6.104458699999952], [106.77129770000005, -6.104145099999926], [106.77139680000005, -6.103954599999952], [106.77165990000009, -6.103372799999931], [106.77145780000006, -6.103310299999976], [106.77121960000005, -6.103791], [106.77035060000009, -6.103435599999955], [106.76889910000006, -6.102579], [106.768566, -6.102126899999973], [106.767995, -6.101555799999971], [106.76768560000005, -6.101079899999945], [106.76754290000008, -6.100556399999959], [106.76718590000007, -6.100461299999949], [106.766829, -6.100556399999959], [106.76618660000008, -6.100080499999933], [106.76568690000005, -6.099604599999964], [106.76511580000005, -6.099438099999929], [106.76492540000004, -6.099604599999964], [106.76475890000006, -6.100342299999966], [106.76480650000008, -6.100675399999943], [106.76456850000005, -6.101222699999937], [106.764402, -6.10174619999998], [106.76424780000008, -6.102482499999951], [106.76325530000008, -6.103248899999926], [106.76296580000007, -6.10329349999995], [106.76235420000006, -6.103606299999967], [106.76227, -6.10361], [106.76175330000007, -6.103639799999939], [106.76073760000008, -6.103982899999949], [106.75914340000008, -6.10405419999995], [106.75687530000005, -6.103832399999931], [106.75627, -6.10378], [106.75509450000004, -6.103459599999951], [106.75402750000006, -6.102935899999977], [106.75255220000008, -6.102055499999949], [106.75129110000006, -6.100913399999968], [106.75102940000005, -6.100770599999976], [106.75052970000007, -6.100056699999925], [106.75031560000008, -6.099461899999937], [106.75000620000009, -6.099438099999929], [106.749393, -6.100129699999968], [106.748412, -6.100151899999958], [106.74774270000006, -6.099824099999978], [106.74755320000008, -6.09981879999998], [106.74721140000008, -6.099848399999928], [106.74685070000004, -6.099897099999964], [106.74659490000005, -6.100069], [106.74649120000004, -6.100297499999954], [106.74643530000009, -6.100611299999969], [106.74639820000004, -6.100896599999942], [106.746361, -6.101134299999956], [106.74598490000005, -6.100556399999959], [106.745509, -6.100675399999943], [106.74531870000004, -6.100960899999961], [106.74525150000005, -6.101594099999943], [106.74508040000006, -6.10154719999997], [106.74504320000005, -6.101784899999927], [106.74499620000006, -6.10193709999993], [106.74179710000004, -6.101294099999961], [106.73998870000008, -6.100699199999951], [106.73818030000007, -6.099414299999978], [106.73794240000007, -6.099509499999954], [106.73746650000004, -6.100223299999925], [106.73603880000007, -6.099200099999962], [106.73578220000007, -6.099761099999967], [106.73564490000007, -6.099553199999946], [106.73532090000003, -6.099202499999933], [106.73509240000004, -6.099022699999978], [106.73483590000006, -6.098985499999969], [106.734571, -6.099271499999929], [106.73449470000008, -6.099157699999978], [106.73454160000006, -6.098976899999968], [106.73435110000008, -6.098806499999966], [106.73426420000004, -6.098350499999981], [106.73415950000003, -6.098284299999932], [106.73396010000005, -6.098275399999977], [106.73382720000006, -6.098304399999961], [106.73322, -6.09773], [106.73296270000009, -6.098155099999929], [106.73196250000007, -6.097179299999937], [106.731849, -6.097331799999949], [106.73155380000009, -6.097066599999948], [106.731363, -6.096782], [106.73135280000008, -6.096554], [106.73110520000006, -6.096355199999948], [106.73079110000003, -6.096118599999954], [106.73041010000009, -6.095730099999969], [106.73009720000005, -6.09587369999997], [106.73021010000008, -6.095559599999945], [106.73009570000005, -6.095398399999965], [106.72993370000006, -6.095227899999941], [106.72971360000008, -6.095002], [106.72938250000004, -6.095096599999977], [106.72934380000004, -6.09487809999996], [106.72937170000006, -6.094678399999964], [106.72922310000007, -6.094514699999934], [106.72892520000005, -6.094603799999959], [106.728744, -6.094366699999966], [106.72854430000007, -6.094291299999952], [106.72831610000009, -6.094187499999975], [106.72814460000006, -6.093988499999966], [106.72802060000004, -6.093836799999963], [106.72792520000007, -6.093685], [106.72780050000006, -6.093286199999966], [106.72749460000006, -6.092659899999944], [106.72706550000004, -6.092091], [106.72631290000004, -6.091314], [106.72649150000007, -6.090743099999941], [106.72668980000009, -6.090409799999975], [106.72685030000008, -6.090133699999967], [106.72696350000007, -6.089886199999967], [106.72694370000005, -6.089639099999943], [106.72677240000007, -6.089516099999969], [106.72648830000009, -6.089745199999925], [106.72636520000003, -6.08986909999993], [106.72618420000003, -6.089679599999954], [106.72607060000007, -6.089775], [106.72589910000005, -6.089595], [106.72568, -6.089377099999979], [106.72540350000008, -6.089035799999976], [106.725223, -6.089196299999969], [106.72507890000009, -6.089362299999948], [106.72489330000008, -6.089528499999972], [106.72465820000008, -6.089184499999931], [106.72445120000003, -6.089323599999943], [106.72417780000006, -6.089519799999948], [106.72383970000004, -6.089775399999951], [106.72381250000007, -6.090093599999932], [106.72341370000004, -6.090348099999972], [106.72352750000005, -6.090508399999976], [106.72310240000007, -6.090935699999932], [106.72271310000008, -6.091252099999963], [106.72233330000006, -6.091892199999961], [106.72220790000006, -6.09193259999995], [106.72207340000006, -6.091794599999957], [106.72193180000005, -6.091684099999952], [106.72176890000009, -6.091634099999965], [106.72080790000007, -6.091329099999939], [106.72053830000004, -6.091508499999975], [106.72020710000004, -6.091739399999938], [106.719681, -6.092161399999952], [106.71902290000008, -6.092573499999958], [106.71858820000006, -6.091865499999926], [106.717766, -6.092293799999936], [106.717026, -6.092601299999956], [106.71651480000008, -6.092898399999967], [106.71548480000007, -6.093279799999948], [106.71497370000009, -6.093577399999958], [106.71480080000003, -6.093641499999933], [106.71442080000008, -6.093782499999975], [106.71437090000006, -6.093801], [106.71429960000006, -6.093828799999926], [106.71423680000004, -6.093853199999955], [106.71412110000006, -6.093728], [106.71373450000004, -6.093319299999962], [106.71365020000007, -6.093366299999957], [106.71290080000006, -6.094195499999955], [106.71271, -6.094406699999979], [106.712426, -6.094761299999959], [106.71267160000008, -6.095012699999927], [106.71268820000006, -6.095248699999956], [106.71226570000005, -6.095666399999971], [106.71201290000005, -6.095747], [106.71156860000008, -6.095888599999967], [106.71137910000004, -6.09595], [106.71163550000006, -6.096162399999969], [106.71174150000007, -6.096250299999951], [106.71186850000004, -6.096355499999959], [106.71205790000005, -6.096508699999958], [106.71234910000004, -6.096744499999943], [106.71264670000005, -6.097047799999928], [106.71271540000004, -6.097120299999972], [106.71293660000003, -6.097409699999957], [106.71309680000007, -6.097601], [106.71332570000004, -6.097951], [106.71364610000006, -6.098324299999945], [106.71383690000005, -6.098534599999937], [106.71407340000007, -6.098742499999958], [106.71413440000003, -6.098791099999971], [106.71424120000006, -6.098865499999931], [106.71445490000008, -6.099116799999933], [106.71448540000006, -6.099284199999943], [106.71452350000004, -6.099493], [106.71454640000007, -6.099557], [106.71488210000007, -6.100390399999981], [106.71491260000005, -6.100433899999928], [106.71494310000008, -6.100420499999927], [106.71508810000006, -6.10070369999994], [106.71514150000007, -6.100809099999935], [106.71543140000006, -6.10134979999998], [106.71568320000006, -6.101828099999977], [106.71584340000004, -6.102161899999942], [106.71600360000008, -6.102463299999954], [106.71630120000003, -6.103019199999949], [106.71652240000009, -6.103452699999934], [106.71695160000007, -6.104213899999934], [106.71717090000004, -6.104602799999952], [106.71730060000004, -6.104754899999932], [106.71741510000004, -6.104897499999936], [106.71756770000007, -6.105076299999951], [106.717766, -6.105269], [106.71789570000004, -6.105344799999955], [106.71804070000007, -6.105488299999934], [106.71810930000004, -6.105551799999944], [106.71840690000005, -6.105940799999928], [106.71874260000004, -6.106379499999946], [106.71895620000004, -6.106657499999926], [106.71917740000004, -6.106905899999958], [106.71946070000007, -6.107333], [106.719475, -6.107354599999951], [106.71949030000007, -6.107380899999953], [106.719681, -6.107726099999979], [106.71975730000008, -6.107834799999978], [106.71994040000004, -6.108087099999977], [106.72036, -6.108564399999977], [106.72040580000004, -6.108625899999936], [106.721451, -6.110077399999966], [106.72164170000008, -6.110334399999942], [106.721802, -6.110508], [106.72246570000004, -6.111347199999955], [106.72251150000005, -6.111401599999965], [106.72267970000007, -6.111620099999925], [106.72276330000005, -6.111728699999958], [106.72305320000004, -6.112073], [106.72332780000005, -6.112401], [106.72412890000004, -6.113483499999973], [106.72443410000005, -6.113847299999975], [106.72463250000004, -6.114071899999942], [106.72508260000006, -6.114539199999967], [106.72512070000005, -6.114578699999981], [106.725342, -6.11482529999995], [106.72545640000004, -6.115007399999968], [106.72547930000007, -6.115042699999947], [106.72606680000007, -6.115789899999925], [106.72629570000004, -6.116089299999942], [106.72652450000004, -6.116437899999937], [106.72657030000005, -6.116504199999952], [106.72678480000008, -6.116775699999948], [106.72695180000005, -6.116987299999948], [106.72741720000005, -6.11758089999995], [106.72854640000008, -6.118677599999955], [106.72880570000007, -6.118898399999978], [106.72900410000005, -6.11907059999993], [106.72925590000006, -6.119331799999941], [106.72941610000004, -6.119494499999973], [106.72978230000007, -6.11977909999996], [106.72983570000008, -6.119832499999973], [106.73000360000009, -6.120006099999955], [106.73001880000004, -6.120021799999961], [106.73027820000004, -6.120305599999938], [106.73056050000008, -6.120571599999948], [106.73091370000009, -6.120904799999948], [106.73114040000007, -6.121118599999932], [106.73121660000004, -6.12118769999995], [106.73130820000006, -6.121314499999926], [106.73158840000008, -6.121552099999974], [106.73188040000008, -6.121795199999951], [106.731949, -6.121855299999936], [106.73209920000005, -6.121986199999981], [106.73222310000006, -6.122109399999943], [106.73245160000005, -6.122317799999962], [106.73268980000006, -6.122564099999977], [106.73288030000003, -6.122744099999977], [106.733033, -6.122971699999937], [106.733252, -6.123161099999948], [106.73355630000003, -6.123293199999978], [106.73379390000008, -6.123349499999961], [106.73401270000005, -6.123472299999946], [106.73439360000003, -6.123784699999931], [106.73445260000005, -6.123828], [106.73457440000004, -6.123917199999937], [106.73508850000007, -6.124314699999957], [106.735574, -6.124693399999956], [106.73562090000007, -6.124729099999968], [106.73585960000008, -6.124911099999963], [106.73604990000007, -6.125034], [106.73628250000007, -6.125215499999968], [106.73632830000008, -6.125252299999943], [106.73661820000007, -6.125457799999936], [106.73696920000003, -6.125725299999942], [106.73717520000008, -6.125885], [106.73740470000007, -6.126052499999957], [106.73752610000008, -6.126141099999927], [106.737568, -6.126170099999968], [106.73766110000008, -6.126234499999953], [106.737772, -6.126311399999963], [106.73828830000008, -6.12666889999997], [106.73847220000005, -6.126796299999967], [106.73861720000008, -6.126895499999932], [106.73911420000007, -6.127176099999929], [106.73989620000003, -6.127617499999928], [106.74003620000008, -6.127696499999956], [106.74077630000005, -6.12804559999995], [106.74110430000007, -6.128195299999959], [106.741379, -6.128334499999937], [106.74140950000009, -6.128347899999937], [106.74144, -6.128358399999968], [106.74148740000004, -6.128378299999952], [106.74160390000009, -6.12842749999993], [106.74171470000005, -6.128473799999938], [106.74221890000007, -6.128715399999976], [106.74306510000008, -6.129120799999953], [106.74385090000004, -6.129463699999974], [106.74413320000008, -6.129606199999955], [106.74419420000004, -6.12964489999996], [106.74475880000006, -6.130022099999962], [106.74486560000008, -6.130092599999955], [106.74515550000007, -6.130283399999939], [106.74565140000004, -6.13064479999997], [106.74575060000006, -6.130718199999933], [106.74649830000004, -6.131265199999973], [106.74671190000004, -6.131407299999978], [106.74691790000008, -6.131503099999975], [106.74703240000008, -6.131552199999931], [106.74721020000004, -6.131660499999953], [106.74767670000006, -6.132010699999967], [106.74810220000006, -6.132387699999981], [106.74811480000005, -6.132398899999941], [106.74832920000006, -6.132551199999966], [106.74836750000009, -6.13258559999997], [106.74845170000003, -6.132646699999952], [106.74856590000007, -6.132729599999948], [106.74887870000003, -6.132899799999961], [106.74896260000008, -6.132960799999978], [106.74917160000007, -6.13325089999995], [106.74931010000006, -6.133388599999932], [106.749486, -6.13356349999998], [106.74979810000008, -6.133819099999926], [106.74980970000007, -6.133828599999958], [106.75018090000003, -6.134065], [106.75026760000009, -6.134111399999938], [106.75067550000006, -6.134329499999978], [106.75069010000004, -6.134334], [106.75085470000005, -6.134427099999925], [106.75123620000005, -6.134551099999953], [106.75139740000009, -6.134578499999975], [106.75142690000007, -6.134583499999962], [106.751877, -6.134721299999967], [106.752241, -6.13482659999994], [106.75232010000008, -6.134865899999966], [106.75233430000009, -6.134872499999972], [106.75240580000008, -6.134905899999978], [106.75247980000006, -6.134947299999965], [106.75254080000008, -6.134986399999946], [106.75255240000007, -6.134992899999929], [106.75268210000007, -6.135065399999974], [106.75283830000006, -6.135155199999929], [106.75289170000008, -6.135187199999962], [106.753052, -6.135282099999927], [106.75378440000009, -6.135590599999944], [106.75389880000006, -6.13564109999993], [106.75446340000008, -6.135883799999931], [106.75451680000003, -6.135906699999964], [106.75589770000005, -6.136469399999953], [106.75614950000005, -6.136526599999968], [106.75654620000006, -6.136663], [106.756943, -6.136803699999973], [106.75790430000006, -6.137140799999941], [106.75843070000008, -6.137324399999954], [106.75864430000007, -6.137401099999977], [106.75917840000005, -6.13757709999993], [106.76002520000009, -6.137868399999945], [106.76020070000004, -6.13791139999995], [106.76072710000005, -6.138096399999938], [106.76107050000007, -6.138212199999941], [106.76181050000008, -6.138471599999946], [106.76196310000006, -6.138523099999929], [106.76265740000008, -6.138759199999981], [106.763077, -6.138882699999954], [106.76330590000003, -6.138971399999946], [106.76373310000008, -6.139125399999955], [106.763756, -6.13913249999996], [106.76404590000004, -6.139219299999979], [106.76483170000006, -6.139498699999933], [106.76545730000004, -6.139735299999927], [106.76570910000004, -6.139815399999975], [106.76612110000008, -6.139965099999927], [106.76615160000006, -6.13997459999996], [106.76667810000004, -6.140163], [106.76699850000006, -6.140265], [106.76801320000004, -6.140603599999963], [106.76821260000008, -6.14068409999993], [106.76822680000004, -6.140689899999927], [106.76837940000007, -6.140710399999932], [106.768738, -6.140798099999927], [106.76906610000009, -6.140872], [106.76916520000009, -6.140878699999973], [106.76989770000006, -6.140994099999944], [106.770241, -6.141043199999956], [106.77030960000008, -6.141050899999925], [106.77069110000008, -6.141110899999944], [106.77074450000003, -6.141128599999945], [106.77079030000004, -6.14114], [106.77095810000009, -6.141177199999959], [106.77104970000005, -6.141177699999957], [106.77124040000007, -6.141210099999967], [106.77172110000004, -6.141302099999962], [106.77212540000005, -6.141376499999978], [106.77218650000003, -6.141383699999949], [106.77249170000005, -6.141431399999931], [106.77265190000008, -6.141469], [106.77274340000008, -6.141485699999976], [106.77279680000004, -6.141485199999977], [106.77310960000005, -6.141472799999974], [106.77385730000009, -6.141404199999954], [106.77394260000005, -6.141398299999935], [106.77468120000009, -6.141347399999972], [106.77475, -6.141342699999939], [106.77488730000005, -6.14141369999993], [106.77504750000008, -6.141516699999954], [106.77521430000007, -6.141597599999955], [106.77545950000007, -6.141716499999973], [106.77552810000009, -6.141840499999944], [106.77550440000005, -6.141901099999927], [106.77536250000009, -6.142086], [106.77535910000006, -6.142107799999962], [106.77531040000008, -6.142418799999973], [106.77531730000004, -6.142648299999962], [106.77532530000008, -6.142911], [106.77534820000005, -6.143419799999947], [106.77534370000006, -6.143566799999974], [106.77533910000005, -6.143714099999954], [106.77531550000003, -6.143975299999966], [106.77526340000009, -6.144294699999932], [106.77524080000006, -6.144355799999971], [106.77514490000004, -6.144614399999966], [106.77506620000008, -6.144934], [106.77508560000007, -6.145231699999954], [106.77524530000005, -6.145218099999965], [106.77565020000009, -6.144940399999939], [106.776047, -6.144691], [106.77645130000008, -6.144455499999935], [106.77688620000004, -6.14417839999993], [106.77710740000003, -6.14410879999997], [106.77765680000005, -6.144024399999978], [106.77793220000007, -6.143987099999947], [106.77807640000009, -6.143967699999962], [106.778557, -6.143966199999966], [106.77867230000004, -6.143960799999945], [106.77924370000005, -6.143933799999957], [106.779648, -6.143885699999942], [106.78031530000004, -6.143836], [106.780533, -6.14381979999996], [106.780617, -6.143813199999954], [106.78112810000005, -6.143771199999946], [106.78159350000004, -6.143722599999933], [106.78190630000006, -6.143706399999928], [106.78244040000004, -6.143642], [106.78321860000005, -6.143576699999926], [106.78381290000004, -6.143549], [106.78393570000009, -6.143543299999976], [106.78466050000009, -6.143478399999935], [106.78549980000008, -6.143381599999941], [106.78623220000009, -6.143332499999929], [106.78733850000003, -6.143235299999958], [106.78754790000005, -6.143228099999931], [106.78785730000004, -6.143217599999957], [106.78800980000005, -6.143139399999939], [106.78805850000003, -6.143102399999975], [106.78815480000009, -6.143029299999966], [106.78852860000006, -6.142840899999953], [106.78854450000006, -6.142831699999931], [106.78896350000008, -6.142589599999951], [106.78917030000008, -6.142500499999926], [106.78956140000008, -6.142412], [106.78962550000006, -6.142397699999947], [106.79001070000004, -6.142329899999936], [106.79040950000007, -6.14235519999994], [106.79042490000006, -6.142358099999967], [106.790703, -6.142411299999935], [106.79113030000008, -6.142558599999973], [106.79160330000008, -6.142700699999978], [106.79201530000006, -6.142791799999941], [106.79217550000004, -6.142806599999972], [106.79240440000007, -6.142785099999969], [106.79290790000005, -6.142736], [106.79308340000006, -6.142725], [106.793386, -6.142696099999966], [106.79347250000006, -6.142687899999942], [106.79388450000005, -6.142650199999935], [106.79431940000006, -6.142617799999925], [106.79489920000009, -6.142563899999971], [106.79561640000009, -6.142504699999961], [106.79611990000006, -6.142461799999978], [106.79664630000008, -6.142417], [106.79688280000005, -6.142394599999932], [106.79710410000007, -6.142372199999954], [106.79733260000006, -6.142342599999949], [106.79744740000007, -6.142327799999975], [106.79785170000008, -6.142272499999933], [106.798134, -6.142222899999979], [106.79865280000007, -6.142097], [106.79899620000003, -6.142036499999961], [106.79927840000005, -6.14199739999998], [106.79977440000005, -6.141958299999942], [106.79997270000007, -6.141935899999964], [106.80020160000004, -6.141924399999937], [106.80036080000008, -6.141874199999961], [106.80037710000005, -6.141869099999951], [106.80052210000008, -6.141887199999928], [106.80051440000005, -6.141821899999968], [106.80051440000005, -6.141788499999961], [106.80050680000005, -6.141678899999931], [106.80049920000005, -6.141622599999948], [106.8004, -6.139858799999956], [106.80039240000008, -6.13965989999997], [106.80036180000008, -6.138977599999976], [106.80031610000009, -6.138061099999959], [106.800255, -6.137055], [106.80022450000007, -6.136681599999974], [106.80022450000007, -6.136601499999927], [106.80022450000007, -6.136590599999977], [106.80022450000007, -6.136511399999961], [106.80022450000007, -6.136482799999953], [106.80021690000007, -6.135601599999973], [106.80024740000005, -6.135266799999954], [106.80036180000008, -6.134900099999925], [106.80068220000004, -6.134215899999958], [106.80084250000004, -6.133993199999964], [106.80114, -6.133650799999941], [106.801903, -6.133124899999927], [106.80195090000007, -6.133086799999944], [106.80265060000005, -6.13284729999998], [106.803116, -6.132729599999948], [106.80432150000007, -6.132415799999933], [106.805237, -6.132189799999935], [106.805649, -6.132083499999965], [106.80577870000008, -6.132046799999955], [106.80590080000007, -6.132011], [106.80597710000006, -6.131985699999973], [106.80622120000004, -6.131936099999962], [106.80629490000007, -6.13191889999996], [106.80630510000009, -6.131916599999954], [106.80637380000007, -6.131898899999953], [106.80641190000006, -6.131888899999979], [106.80668660000003, -6.131826], [106.80698410000008, -6.131732499999941], [106.80702990000009, -6.131718199999966], [106.80706040000007, -6.131708699999933], [106.80782340000007, -6.131522699999948], [106.80818190000008, -6.13141829999995], [106.80899830000004, -6.13120269999996], [106.809273, -6.131130299999938], [106.80947890000004, -6.131084499999929], [106.80954, -6.131069699999955], [106.809601, -6.131054], [106.80991380000006, -6.130961899999932], [106.81031820000004, -6.130876599999965], [106.81037920000006, -6.130861299999935], [106.81044030000004, -6.130844199999956], [106.81051660000008, -6.130825099999981], [106.81054710000006, -6.130818899999952], [106.81184410000009, -6.130462199999954], [106.81189750000004, -6.130449299999952], [106.81197380000003, -6.130431699999974], [106.81256890000009, -6.130270499999938], [106.81318690000006, -6.130124199999955], [106.81354540000007, -6.130080799999973], [106.81376670000009, -6.130078399999945], [106.81428550000004, -6.130102199999953], [106.81472040000006, -6.130182299999944], [106.81481950000006, -6.130195699999945], [106.81494160000005, -6.130221899999981], [106.81497840000009, -6.130229899999961], [106.81503310000005, -6.13024189999993], [106.815056, -6.130377799999962], [106.815346, -6.13151739999995], [106.81554430000006, -6.132309], [106.81573630000008, -6.132963], [106.81579610000006, -6.133166799999969], [106.81603260000009, -6.133958399999926], [106.81624620000008, -6.134716599999933], [106.81628, -6.134826099999941], [106.81642930000004, -6.135310199999935], [106.81662770000008, -6.136135199999956], [106.81669640000007, -6.136432199999945], [106.81671550000004, -6.136750499999948], [106.81671920000008, -6.136811799999975], [106.81674550000008, -6.137063599999976], [106.81719, -6.136913599999957], [106.81762170000007, -6.136823699999979], [106.818181, -6.136703799999964], [106.81855080000008, -6.136615399999926], [106.81868130000004, -6.136584199999959], [106.81921110000008, -6.136464499999931], [106.819584, -6.136394399999972], [106.81982930000004, -6.136354299999937], [106.81985540000005, -6.136354199999971], [106.82005520000007, -6.136353499999927], [106.82046780000007, -6.136420899999962], [106.820802, -6.136537699999963], [106.82101850000004, -6.136694199999965], [106.82124430000005, -6.136880099999928], [106.821274, -6.136870899999963], [106.82141130000008, -6.136842299999955], [106.82237260000005, -6.13669109999995], [106.822838, -6.136621099999957], [106.82308980000005, -6.136592399999927], [106.82336450000008, -6.136566199999947], [106.82491320000008, -6.136346899999978], [106.82514210000005, -6.136321099999975], [106.82553120000006, -6.136243899999954], [106.82559950000007, -6.136237899999969], [106.82579820000007, -6.136217599999952], [106.82598350000006, -6.136186499999951], [106.82616440000004, -6.136156099999937], [106.82626360000006, -6.136146599999961], [106.82671380000005, -6.136077899999975], [106.82721730000009, -6.135974899999951], [106.82726310000004, -6.135967299999947], [106.828026, -6.135845699999948], [106.82807180000003, -6.135840499999972], [106.82843040000006, -6.135748399999954], [106.82862870000008, -6.13569549999994], [106.82872790000005, -6.135668799999962], [106.82876610000005, -6.13565449999993], [106.828972, -6.135617799999977], [106.82922380000008, -6.135590599999944], [106.82947560000008, -6.135562499999935], [106.83005540000005, -6.13547], [106.83013170000004, -6.135449499999936], [106.83057420000006, -6.135343599999942], [106.83066580000008, -6.135321199999964], [106.83066970000004, -6.13537539999993], [106.83067340000008, -6.135427499999935], [106.83067340000008, -6.135967299999947], [106.83065050000005, -6.137748299999942], [106.83064290000004, -6.138098799999966], [106.83065050000005, -6.139001399999927], [106.83072680000004, -6.139540199999942], [106.83072680000004, -6.139566499999944], [106.83080310000008, -6.13974], [106.83117690000006, -6.140411], [106.83148980000004, -6.140779599999973], [106.83164440000007, -6.140889199999947], [106.83167370000007, -6.14091], [106.83213060000008, -6.141234], [106.83246630000008, -6.141377], [106.83281730000004, -6.141517699999952], [106.83287830000006, -6.141517199999953], [106.83290880000004, -6.141527699999926], [106.83304620000007, -6.141573], [106.83317590000007, -6.141615899999977], [106.83323690000009, -6.141636399999925], [106.83338180000004, -6.141671699999961], [106.83348870000003, -6.141717], [106.83396930000004, -6.141961599999945], [106.83426690000005, -6.142102299999976], [106.83482380000004, -6.142444699999942], [106.83520530000004, -6.142758399999934], [106.83567070000004, -6.143171799999948], [106.83590720000007, -6.14346269999993], [106.83634970000008, -6.144093099999964], [106.83676170000007, -6.144942299999968], [106.83691430000005, -6.145417799999962], [106.837044, -6.145890299999962], [106.83711260000007, -6.146111099999928], [106.83711160000007, -6.14607639999997], [106.83710770000005, -6.145941499999935], [106.83708970000004, -6.14533], [106.83711260000007, -6.145053899999937], [106.83727280000005, -6.144493199999943], [106.83742020000005, -6.144097699999975], [106.83770770000007, -6.143326299999956], [106.83805870000003, -6.142496599999959], [106.83818840000004, -6.142186199999969], [106.83828750000004, -6.141914899999961], [106.83831810000004, -6.141863399999977], [106.83834860000007, -6.141809499999965], [106.83835620000008, -6.14178469999996], [106.83839270000004, -6.141804199999967], [106.83850880000006, -6.141866299999947], [106.83863210000004, -6.141933799999947], [106.83882920000008, -6.142041699999936], [106.83988210000007, -6.142617299999927], [106.83992780000005, -6.14264019999996], [106.84035510000007, -6.142886699999963], [106.84111180000008, -6.143295499999965], [106.84146330000004, -6.143485399999975], [106.841942, -6.143744099999935], [106.84205650000007, -6.143810299999927], [106.84206810000006, -6.143817299999967], [106.84211970000007, -6.143847899999969], [106.84309410000009, -6.144426399999929], [106.84312010000008, -6.144441599999936], [106.843384, -6.144595199999969], [106.84388750000005, -6.144876499999953], [106.84392570000006, -6.144900899999925], [106.84402280000006, -6.144964399999935], [106.84405530000004, -6.14498569999995], [106.84355180000006, -6.145694799999944], [106.84328480000005, -6.146060099999943], [106.84314750000004, -6.146342799999957], [106.84310930000004, -6.14652209999997], [106.84312460000007, -6.146686599999953], [106.84319320000009, -6.146779599999945], [106.84334580000007, -6.14697179999996], [106.84345260000003, -6.147187299999928], [106.84339160000007, -6.147287399999925], [106.84287280000007, -6.147896799999955], [106.84236170000008, -6.148447099999942], [106.84227010000006, -6.148661199999935], [106.84226540000009, -6.148673899999949], [106.84197250000005, -6.149468499999955], [106.84178940000004, -6.14991619999995], [106.84154530000006, -6.150338199999965], [106.84133170000007, -6.150685399999929], [106.84119440000006, -6.151069699999937], [106.84123150000005, -6.151323899999966], [106.84124770000005, -6.151435], [106.84130120000003, -6.151922799999966], [106.84133930000007, -6.152095399999951], [106.84206410000007, -6.152623199999937], [106.84259050000009, -6.152931299999977], [106.84281180000005, -6.153092], [106.84347550000007, -6.153571199999931], [106.84356520000006, -6.153651], [106.84465810000006, -6.154035599999929], [106.84487930000006, -6.153861599999971], [106.84504720000007, -6.153770499999951], [106.84569570000008, -6.153520599999979], [106.84605430000005, -6.153447699999958], [106.84661880000004, -6.153350899999964], [106.847069, -6.153273199999944], [106.84713770000008, -6.153265099999942], [106.84762590000008, -6.15319919999996], [106.84886190000009, -6.153017099999943], [106.84889240000007, -6.15301519999997], [106.84971640000003, -6.152875], [106.84988420000008, -6.15285549999993], [106.85011310000004, -6.152807299999949], [106.85035730000004, -6.152771099999939], [106.85038620000006, -6.152767199999971], [106.85064720000008, -6.152732], [106.85082260000007, -6.152711], [106.85104390000004, -6.152670899999976], [106.85176870000004, -6.152555099999972], [106.85179920000007, -6.152552199999946], [106.852463, -6.152387199999964], [106.85260030000006, -6.152377699999931], [106.85311150000007, -6.152310899999975], [106.85340140000005, -6.152259899999933], [106.85356920000004, -6.152241299999957], [106.85427110000006, -6.15216259999994], [106.85447710000005, -6.152095399999951], [106.85488150000003, -6.15201], [106.85510030000006, -6.15198179999993], [106.85525820000004, -6.15196149999997], [106.85627, -6.151831199999947], [106.85653710000008, -6.15185409999998], [106.85668120000008, -6.151824099999942], [106.85749790000006, -6.152267399999971], [106.85849570000005, -6.152809099999956], [106.858521, -6.152804899999978], [106.85921680000007, -6.152691399999981], [106.859823, -6.152616099999932], [106.860481, -6.152394], [106.86091810000005, -6.151795899999968], [106.86095020000005, -6.150934699999937], [106.86116030000005, -6.150890899999979], [106.86119860000008, -6.151221799999973], [106.86116050000004, -6.151586099999975], [106.86108420000005, -6.151967099999979], [106.860985, -6.152331899999979], [106.86087820000006, -6.152649], [106.86076370000006, -6.15294369999998], [106.86061880000005, -6.153267899999946], [106.86044330000004, -6.153577399999961], [106.86029830000007, -6.153754799999945], [106.86017630000003, -6.153843499999937], [106.86138410000007, -6.154538099999968], [106.86201060000008, -6.154898499999945], [106.86209890000003, -6.154949299999942], [106.86214460000008, -6.154965499999946], [106.86235060000007, -6.155041299999937], [106.863228, -6.155531], [106.86376210000009, -6.155832799999928], [106.86419480000006, -6.156067699999937], [106.86489890000007, -6.156449899999927], [106.86529560000008, -6.156654399999979], [106.865349, -6.156682099999955], [106.86579910000006, -6.156919099999925], [106.86602040000008, -6.157051599999932], [106.86637030000009, -6.157241499999941], [106.86653850000005, -6.157332799999949], [106.86685960000005, -6.157547499999964], [106.86780560000005, -6.158041599999933], [106.86782290000008, -6.158050299999957], [106.86806510000008, -6.158173599999941], [106.86832450000009, -6.158337199999949], [106.86885850000004, -6.158679099999972], [106.86887720000004, -6.158689799999934], [106.86920180000004, -6.158876499999963], [106.86953750000004, -6.159045299999946], [106.869858, -6.159214099999929], [106.87011770000004, -6.159370699999954], [106.87020890000008, -6.159425799999951], [106.87044540000005, -6.159559299999955], [106.87064380000004, -6.159660899999949], [106.870888, -6.15979109999995], [106.87243670000004, -6.160677], [106.87275710000006, -6.16087779999998], [106.87310040000006, -6.161084699999947], [106.87426780000004, -6.16178709999997], [106.87500020000004, -6.162233899999933], [106.87509170000004, -6.162289199999975], [106.87529010000009, -6.162446599999953], [106.87536150000005, -6.162492699999973], [106.87569290000005, -6.162707], [106.87602250000003, -6.162920099999951], [106.87638870000006, -6.163163699999927], [106.876877, -6.163494199999946], [106.87700670000004, -6.163537099999928], [106.87750260000007, -6.16347079999997], [106.878258, -6.163305399999956], [106.87851730000006, -6.163231899999971], [106.87888360000005, -6.163133799999969], [106.87946340000008, -6.162968699999965], [106.87986310000008, -6.162873099999956], [106.87998980000003, -6.162842799999964], [106.880169, -6.1628], [106.880205, -6.162791399999946], [106.88027530000005, -6.162774499999955], [106.88051620000005, -6.162717], [106.88058980000005, -6.162702499999966], [106.88073890000004, -6.162673199999972], [106.88087340000004, -6.162630599999943], [106.88090840000007, -6.162619499999948], [106.88105370000005, -6.162598], [106.88119950000004, -6.162548799999968], [106.88132750000005, -6.162500199999954], [106.881432, -6.16247889999994], [106.88128970000008, -6.162684299999967], [106.88118030000004, -6.162794599999927], [106.88111470000007, -6.162880599999937], [106.88104910000004, -6.163013399999954], [106.88085920000009, -6.163397699999962], [106.88057470000007, -6.16390569999993], [106.87990590000004, -6.164900699999976], [106.87972390000004, -6.165116499999954], [106.87956340000005, -6.165321399999925], [106.87944610000005, -6.16558], [106.87924310000005, -6.165914199999975], [106.87906550000008, -6.166128899999933], [106.87904130000004, -6.166149599999926], [106.87890040000008, -6.166270299999951], [106.87867270000004, -6.166440199999954], [106.87866990000003, -6.166451], [106.87880730000006, -6.166463399999941], [106.87924980000008, -6.16648349999997], [106.87964650000004, -6.166538299999957], [106.88066880000008, -6.166886899999952], [106.88083670000009, -6.166982699999949], [106.88111130000004, -6.167143399999929], [106.88113420000008, -6.167177699999968], [106.88133260000006, -6.167292699999962], [106.88227860000006, -6.167853399999956], [106.88233970000005, -6.167889699999932], [106.88307370000007, -6.168352], [106.88333910000006, -6.168519099999969], [106.88378160000008, -6.168769399999974], [106.88403340000008, -6.168911499999979], [106.884514, -6.169209499999965], [106.88490310000009, -6.169447499999933], [106.88529220000004, -6.169706899999937], [106.88552110000006, -6.169853299999943], [106.88572710000005, -6.169984899999974], [106.88578490000003, -6.170020799999975], [106.88719210000005, -6.170893899999953], [106.88720860000006, -6.170904599999972], [106.88724540000004, -6.170929499999943], [106.88729110000008, -6.170957599999952], [106.88760390000004, -6.171135499999934], [106.88794730000006, -6.171333899999979], [106.88858050000005, -6.171751099999938], [106.88868730000007, -6.171821199999954], [106.88919090000007, -6.172084899999959], [106.88951890000004, -6.172260299999948], [106.88991920000007, -6.172518199999956], [106.89064040000005, -6.172982699999977], [106.89095320000007, -6.173162499999933], [106.89123550000005, -6.173327099999938], [106.89130680000005, -6.173394], [106.89149490000005, -6.173570699999971], [106.89165520000006, -6.173734199999956], [106.89214340000007, -6.174235899999928], [106.892327, -6.174399699999981], [106.89244860000008, -6.174508199999934], [106.89312760000007, -6.175116599999967], [106.89323320000005, -6.17520479999996], [106.89346330000006, -6.175410799999952], [106.89376090000007, -6.175684499999932], [106.894272, -6.176156599999956], [106.89428, -6.17616419999996], [106.89434070000004, -6.176222399999972], [106.89508080000007, -6.176913299999967], [106.89546980000006, -6.177252399999929], [106.89568350000008, -6.177444], [106.89614120000005, -6.177817399999981], [106.89643120000005, -6.177996199999939], [106.89663710000008, -6.178068199999927], [106.89700330000005, -6.178102099999933], [106.89707970000006, -6.178099199999963], [106.89717880000006, -6.17809589999996], [106.89740010000008, -6.178089199999931], [106.89749920000008, -6.178088299999956], [106.89751220000005, -6.178088399999979], [106.89787310000008, -6.178091099999961], [106.89868220000005, -6.178172299999972], [106.89878450000003, -6.178182599999957], [106.89897940000009, -6.178230799999938], [106.899113, -6.178286199999945], [106.89918540000008, -6.178316199999927], [106.89923150000004, -6.178321699999969], [106.89928390000006, -6.178328399999941], [106.89938370000004, -6.17834], [106.89956680000006, -6.178362], [106.90000280000004, -6.178356899999926], [106.90024470000009, -6.178354099999979], [106.90133970000005, -6.178534599999978], [106.90136360000008, -6.178538599999968], [106.90161120000005, -6.178631899999971], [106.90177610000006, -6.178678499999933], [106.90200010000007, -6.178760099999977], [106.90247170000004, -6.178970499999934], [106.902955, -6.179157299999929], [106.90362680000004, -6.179402299999936], [106.903684, -6.179426099999944], [106.90385240000006, -6.179495699999961], [106.904149, -6.17960069999998], [106.90436950000009, -6.179691099999957], [106.90446370000006, -6.179729099999975], [106.90515920000007, -6.180019499999958], [106.90522780000003, -6.180046599999969], [106.90571610000006, -6.180253599999958], [106.90654770000003, -6.18060689999993], [106.90661640000008, -6.180636499999935], [106.90755480000007, -6.181027], [106.90875620000008, -6.181707499999959], [106.90888230000007, -6.181779], [106.90911880000004, -6.181909599999926], [106.91007730000007, -6.182482499999935], [106.91014120000006, -6.182428899999934], [106.91029370000007, -6.182311099999936], [106.91054550000007, -6.182289699999956], [106.91066760000007, -6.182279699999981], [106.91091170000004, -6.182317299999966], [106.91103380000004, -6.182349699999975], [106.91114680000004, -6.182404599999927], [106.91122450000006, -6.182442299999934], [106.9114, -6.182520899999929], [106.91151450000007, -6.182568599999968], [106.91177390000007, -6.182679299999961], [106.91184250000003, -6.182706899999971], [106.91205620000005, -6.182777499999929], [106.91214770000005, -6.182766499999957], [106.91259020000007, -6.182714099999941], [106.91286490000005, -6.18262969999995], [106.91326160000006, -6.182501899999977], [106.91398640000006, -6.182474699999943], [106.91403830000007, -6.182476299999962], [106.91407790000005, -6.18247759999997], [106.91429150000005, -6.182484199999976], [106.91474930000004, -6.182537599999932], [106.91496290000003, -6.182562899999937], [106.91608450000007, -6.182658299999957], [106.91675590000006, -6.182698799999969], [106.91724410000006, -6.182728399999974], [106.91793840000008, -6.182774599999959], [106.91854870000009, -6.182815199999936], [106.91870130000007, -6.182825699999967], [106.91947950000008, -6.182895299999927], [106.92048660000006, -6.182984399999953], [106.920601, -6.182993], [106.92079180000007, -6.183004899999958], [106.92097490000003, -6.183016799999962], [106.92231, -6.183105499999954], [106.922455, -6.183112199999925], [106.92216510000009, -6.182072199999936], [106.92212690000008, -6.181857199999968], [106.92207350000007, -6.181567799999925], [106.92202010000005, -6.181523399999946], [106.92196670000004, -6.181503799999973], [106.92191330000009, -6.181485299999963], [106.92186750000008, -6.181133299999942], [106.92169970000003, -6.180767099999969], [106.92166920000005, -6.180690399999946], [106.92163110000007, -6.180580199999952], [106.92182180000009, -6.180208299999947], [106.921898, -6.180035199999963], [106.92193620000006, -6.179818699999942], [106.92194380000007, -6.179617499999949], [106.92186750000008, -6.179359], [106.92176840000008, -6.179064799999935], [106.92189040000005, -6.178466399999934], [106.92190570000008, -6.178321], [106.92188280000005, -6.178235099999938], [106.92144790000003, -6.176896599999964], [106.921364, -6.176096499999971], [106.92131760000007, -6.17567269999995], [106.92131060000008, -6.175608699999941], [106.92108940000008, -6.174384199999963], [106.92099020000006, -6.173829199999943], [106.92097490000003, -6.173576], [106.92097490000003, -6.173468199999945], [106.920952, -6.173441], [106.92084520000009, -6.173334199999942], [106.920746, -6.173246], [106.92067740000005, -6.172990899999945], [106.92058580000008, -6.172373399999969], [106.92052480000007, -6.171934699999952], [106.92045610000008, -6.171230399999956], [106.92041030000007, -6.170686299999943], [106.92039510000006, -6.170461299999943], [106.92037980000003, -6.170090799999969], [106.92036450000006, -6.169804599999964], [106.92061630000006, -6.168631199999936], [106.92069260000005, -6.168343599999957], [106.92068780000005, -6.168209699999977], [106.92069820000006, -6.168190399999958], [106.92073960000005, -6.168114299999957], [106.92086150000006, -6.16789], [106.92099020000006, -6.167640799999958], [106.92101390000005, -6.167385], [106.92100980000004, -6.167359799999929], [106.92097190000004, -6.167127799999946], [106.92094010000005, -6.166870499999959], [106.92111230000006, -6.166139], [106.92122380000006, -6.165665099999956], [106.92130070000007, -6.165122], [106.921304, -6.165098599999965], [106.92152680000004, -6.16411979999998], [106.92159680000009, -6.163584199999946], [106.92170620000007, -6.162912899999981], [106.92176810000007, -6.16259539999993], [106.92189080000009, -6.162368399999934], [106.92198960000007, -6.162259199999937], [106.92229470000007, -6.162138], [106.92468820000005, -6.16118739999996], [106.92548940000006, -6.161020699999938], [106.92611070000004, -6.160871], [106.92674840000006, -6.16073769999997], [106.92722280000004, -6.160678699999949], [106.92818760000006, -6.160495], [106.92853880000007, -6.160383399999944], [106.92861480000005, -6.160499099999981], [106.92899970000008, -6.160536199999967], [106.92942340000008, -6.160666699999979], [106.929561, -6.160726699999941], [106.93011, -6.160548699999936], [106.930555, -6.160481], [106.93098920000006, -6.160485], [106.93146730000007, -6.160455699999943], [106.93133920000008, -6.159988599999963], [106.93122250000005, -6.159636899999953], [106.93102890000006, -6.159285499999953], [106.93105830000007, -6.159280599999931], [106.93142990000007, -6.159218099999975], [106.931754, -6.159161899999958], [106.93201760000005, -6.159111399999972], [106.93214430000006, -6.159182499999929], [106.93255640000007, -6.159137], [106.93284210000007, -6.159113899999966], [106.93319380000008, -6.159085199999936], [106.93327650000003, -6.159078399999942], [106.93348190000006, -6.159061599999973], [106.93370040000008, -6.159044], [106.93369110000003, -6.158787399999937], [106.93367680000006, -6.158345699999927], [106.93402140000006, -6.158319199999937], [106.93429050000009, -6.158314], [106.934753, -6.15834179999996], [106.93506160000004, -6.158373899999958], [106.93538080000008, -6.158484099999953], [106.93539450000009, -6.15848879999993], [106.93555240000006, -6.158545099999969], [106.93569020000007, -6.158287899999948], [106.935803, -6.158085599999936], [106.93604520000008, -6.157659699999954], [106.93621170000006, -6.157377799999949], [106.93627920000006, -6.157263399999977], [106.936567, -6.156643899999949], [106.93683010000007, -6.156175899999937], [106.93713890000004, -6.155543699999953], [106.93731020000007, -6.155261199999927], [106.93739790000006, -6.155084199999976], [106.93755230000005, -6.154772299999934], [106.93769830000008, -6.154460399999948], [106.93794910000008, -6.154064], [106.93824940000007, -6.153423499999974], [106.93830210000004, -6.15333789999994], [106.93838690000007, -6.153200399999946], [106.93870530000004, -6.152570099999934], [106.93892220000004, -6.15224829999994], [106.93893940000004, -6.152228699999966], [106.93911380000009, -6.152029299999981], [106.93924180000005, -6.151939], [106.93939540000008, -6.151835699999936], [106.93949780000008, -6.151771199999928], [106.93963840000004, -6.151642299999935], [106.93979210000003, -6.151564699999938], [106.93997110000004, -6.151422799999978], [106.94001090000006, -6.152638799999977], [106.94007130000006, -6.154488199999946], [106.94010940000004, -6.154923099999962], [106.94015520000005, -6.155268699999965], [106.94030020000008, -6.15526159999996], [106.94036880000004, -6.155259699999931], [106.94099440000008, -6.155234399999927], [106.94113940000005, -6.155159599999934], [106.94120040000007, -6.155183399999942], [106.94132250000007, -6.155175799999938], [106.94194050000004, -6.155137599999932], [106.94293990000006, -6.155085199999974], [106.94330620000005, -6.155060399999968], [106.94397750000007, -6.155036099999961], [106.944153, -6.155038], [106.94419460000006, -6.155062099999952], [106.94421990000006, -6.155076799999961], [106.94423690000008, -6.155086599999947], [106.94428270000009, -6.155244], [106.94428960000005, -6.155426299999931], [106.94430560000006, -6.155846199999928], [106.94432850000004, -6.156220499999961], [106.94438190000005, -6.156825599999934], [106.94438190000005, -6.156857099999968], [106.94441240000003, -6.156922899999927], [106.94446240000008, -6.15710619999993], [106.94468710000007, -6.15793089999994], [106.94467180000004, -6.157986299999948], [106.94466090000009, -6.158018499999969], [106.94464890000006, -6.158054], [106.94464890000006, -6.158086299999979], [106.94464890000006, -6.158184099999971], [106.94464890000006, -6.158246299999973], [106.94464890000006, -6.15891229999994], [106.94465510000003, -6.159682199999963], [106.94465650000006, -6.159858799999938], [106.94461840000008, -6.160700899999938], [106.944613, -6.160751399999981], [106.94455740000006, -6.161273599999959], [106.94451920000006, -6.161798099999942], [106.94450430000006, -6.161944499999947], [106.944401, -6.162956599999973], [106.94439710000006, -6.162994], [106.94465650000006, -6.163002099999972], [106.94478210000005, -6.16301], [106.94560120000006, -6.163061499999969], [106.94602220000007, -6.163087899999937], [106.94632650000005, -6.163108899999941], [106.94702270000005, -6.163129499999968], [106.94818110000006, -6.163163899999972], [106.94872430000004, -6.163180099999977], [106.94872210000005, -6.163155199999949], [106.94906430000009, -6.163199899999938], [106.94920520000005, -6.163218299999926], [106.94940970000005, -6.163225299999965], [106.94956220000006, -6.16323], [106.94986740000007, -6.163245299999971], [106.95026920000004, -6.163265499999966], [106.950425, -6.163273299999958], [106.95045680000004, -6.163274899999976], [106.950563, -6.16328029999994], [106.950859, -6.163322699999981], [106.951282, -6.163357], [106.95157760000006, -6.163381], [106.95157890000007, -6.163361599999973], [106.95160660000005, -6.162943699999971], [106.95162370000008, -6.162686299999962], [106.95188680000007, -6.162700499999971], [106.95215550000006, -6.162715], [106.952257, -6.162720499999978], [106.95226430000008, -6.16269079999995], [106.952305, -6.162525399999936], [106.95230450000008, -6.162391299999967], [106.95227930000004, -6.162159899999949], [106.95233940000008, -6.161940299999969], [106.95237550000007, -6.161818299999936], [106.95259480000004, -6.161878399999978], [106.95261830000004, -6.161772499999927], [106.95267870000004, -6.161500399999966], [106.95272650000004, -6.161268699999937], [106.95244620000005, -6.161196599999926], [106.95244540000004, -6.160977199999934], [106.95301540000008, -6.161068199999931], [106.95301780000005, -6.160849399999961], [106.95301830000005, -6.160802899999965], [106.95305650000006, -6.160699], [106.95313280000005, -6.160618399999976], [106.95315150000005, -6.160521899999935], [106.952821, -6.160464099999956], [106.95288010000007, -6.159988599999963], [106.95247010000008, -6.159971399999961], [106.95272990000007, -6.159248299999945], [106.95303470000005, -6.158399699999961], [106.95315950000008, -6.158322699999928], [106.95358530000004, -6.158060099999943], [106.95370680000008, -6.157985199999928], [106.95397850000006, -6.15781759999993], [106.95428870000006, -6.157626299999947], [106.95433010000005, -6.157600799999955], [106.955094, -6.157842399999936], [106.95511950000008, -6.157850499999938], [106.95613540000005, -6.158171699999968], [106.957561, -6.158746899999926], [106.95808580000005, -6.158958699999971], [106.95859290000004, -6.159534299999962], [106.95865970000006, -6.158090299999969], [106.95959740000006, -6.158086799999978], [106.95959450000004, -6.157312], [106.95964830000008, -6.156666799999925], [106.95968650000003, -6.156075599999951], [106.95972070000005, -6.155821399999979], [106.95973980000008, -6.155679799999973], [106.95974490000003, -6.155641599999967], [106.96044310000008, -6.155682699999943], [106.96065580000004, -6.155695199999968], [106.96074270000008, -6.155700299999978], [106.96078550000004, -6.15571239999997], [106.96124, -6.155840499999954], [106.96194880000007, -6.156040399999938], [106.96261010000006, -6.156226899999979], [106.96292130000006, -6.15634069999993], [106.96296110000009, -6.15633749999995], [106.963524, -6.156293], [106.96363520000006, -6.156267199999945], [106.96379260000003, -6.156266599999981], [106.96391850000003, -6.156266099999925], [106.96391820000008, -6.156201399999929], [106.96392840000004, -6.156199099999981], [106.96395890000008, -6.156119], [106.96394990000005, -6.15606379999997], [106.96394360000005, -6.156025], [106.96395890000008, -6.155940599999951], [106.96399780000007, -6.155894799999942], [106.96420540000008, -6.155868099999964], [106.96449390000004, -6.155830899999955], [106.96507250000008, -6.155624099999955], [106.96528410000008, -6.155561399999954], [106.965439, -6.155515299999934], [106.96706810000006, -6.154981299999974], [106.96715560000007, -6.154952599999945], [106.96810380000005, -6.15466639999994], [106.968525, -6.154539199999931], [106.96863570000005, -6.154505799999981], [106.96879960000007, -6.154510499999958], [106.96907610000005, -6.15451829999995], [106.96943910000005, -6.154528599999935], [106.96945970000007, -6.154529199999956], [106.96978010000004, -6.154479599999945], [106.96983350000005, -6.154448099999968], [106.97008530000005, -6.154300299999932], [106.97022260000006, -6.154297], [106.97061940000003, -6.154328499999963], [106.970833, -6.154349399999944], [106.97090150000008, -6.15433859999996], [106.97099320000007, -6.154324199999962], [106.97189350000008, -6.15461449999998], [106.97190110000008, -6.154519599999958], [106.97215290000008, -6.152977599999929], [106.97212240000005, -6.151304299999936], [106.97210710000007, -6.15105159999996], [106.97206130000006, -6.150571], [106.97185530000007, -6.150464599999964], [106.97181720000003, -6.150298199999952], [106.97176380000008, -6.150212899999929], [106.971787, -6.149831799999959], [106.97180070000007, -6.14952569999997], [106.97186690000007, -6.148775299999954], [106.97184580000004, -6.148385499999961], [106.97182030000005, -6.148163499999953], [106.97177960000005, -6.147833], [106.97176330000008, -6.147403699999927], [106.97175750000008, -6.14716679999998], [106.97175080000005, -6.146698], [106.97173490000006, -6.14638709999997], [106.97168010000007, -6.14612029999995], [106.97173850000007, -6.14598019999994], [106.97181810000006, -6.145993799999928], [106.97201690000009, -6.146034199999974], [106.97204340000008, -6.146045899999933], [106.97233160000008, -6.14613049999997], [106.97251840000007, -6.146189299999946], [106.97281340000006, -6.146282199999973], [106.97282430000007, -6.146285599999942], [106.972819, -6.146197499999971], [106.972749, -6.145044], [106.972675, -6.144970499999943], [106.97265640000006, -6.14493], [106.97249620000008, -6.144756399999949], [106.97227660000004, -6.144574699999964], [106.97216980000007, -6.144468599999925], [106.97143740000007, -6.141439299999945], [106.97071030000006, -6.139853799999969], [106.97045630000008, -6.129603599999939], [106.97044940000006, -6.12772659999996], [106.97031340000007, -6.127058799999929], [106.97034150000007, -6.127051899999969], [106.97047450000008, -6.126446199999975], [106.97045260000004, -6.126449599999944], [106.97081010000005, -6.125000099999966], [106.97084060000009, -6.124857], [106.97071850000003, -6.124308199999973], [106.97007, -6.122722299999964], [106.96999980000004, -6.122358499999962], [106.96965810000006, -6.120590299999947], [106.96964670000006, -6.119930499999953], [106.96960470000005, -6.117495599999927], [106.96994030000008, -6.114156799999932], [106.96996240000004, -6.112048099999981], [106.96992820000008, -6.111863699999958], [106.97013290000007, -6.111398099999974], [106.970442, -6.111242], [106.970482, -6.11103769999994], [106.970482, -6.111013499999956], [106.97043630000007, -6.110851399999945], [106.97037520000003, -6.110748399999977], [106.97036, -6.110477599999967], [106.97043630000007, -6.110180899999932], [106.97043360000004, -6.11016589999997], [106.97035230000006, -6.109710299999961], [106.97014630000007, -6.10903129999997], [106.97007770000005, -6.108499599999959], [106.97011580000009, -6.108298899999966], [106.97014630000007, -6.108150599999931], [106.97026840000007, -6.107906], [106.97040580000004, -6.10773949999998], [106.97035050000005, -6.107393899999977], [106.97027230000003, -6.107187499999952], [106.97029640000005, -6.106696699999929], [106.97024360000006, -6.106386899999961], [106.97034540000004, -6.105999099999963], [106.97026620000008, -6.105508699999973], [106.97026520000009, -6.105224599999929], [106.97029, -6.104966199999978], [106.97039180000007, -6.10457839999998], [106.970338, -6.103958699999964], [106.970258, -6.103751], [106.96963520000008, -6.102973599999928], [106.96911640000008, -6.101664699999958], [106.96904220000005, -6.101437199999964], [106.96900960000005, -6.101337], [106.96900960000005, -6.101042399999926], [106.96911640000008, -6.100698099999931], [106.96920790000007, -6.100356199999965], [106.96924610000008, -6.100116299999968], [106.96923850000007, -6.099988099999962], [106.96919270000006, -6.099927099999945], [106.96903250000008, -6.099937499999953], [106.96893330000006, -6.099960399999929], [106.96882650000003, -6.099884599999939], [106.96876540000005, -6.099796399999946], [106.96873490000007, -6.099471199999925], [106.96875020000004, -6.099075899999946], [106.96875620000009, -6.09892629999996], [106.96874510000004, -6.09879879999994], [106.96874410000004, -6.098540599999978], [106.96876830000008, -6.098075599999959], [106.968799, -6.097843199999943], [106.96883410000004, -6.096466199999952], [106.96883690000004, -6.095673199999965], [106.96857690000007, -6.095131799999933], [106.96862690000006, -6.094692499999951], [106.96883240000005, -6.09443349999998], [106.96875020000004, -6.093116499999951], [106.968723, -6.092755], [106.96876680000008, -6.092243899999971]]]]}}]}